[CMD] Using SMT solver: Z3
[CMD] Using verifier: NNEnum
[CMD] Parsed initial query: NCubeV.AST.Query(((-1.0*x1<0.0&((-1.0*rPos)+(0.004999999999999999*(rVel^2.0)))<=0.0&-1.0*x1<=0.0&1.0*x1<=100.0&-1.0*x2<=200.0&1.0*x2<=200.0&-1.0*x3<=100.0&1.0*x3<=100.0)->(-1.0*x3<=-100.0|(-1.0*x3<=100.0&1.0*x3<100.0&(1.0*x3<0.0|-1.0*x3<0.0)&((((-1.0*x3<0.0&1.0*x20.1*x3<0.0)|(1.0*x3<0.0&-1.0*x2-0.1*x3<0.0)|(-1.0*x3<0.0&-1.0*x2<0.0)|(1.0*x3<0.0&1.0*x2<0.0))&((-0.005000000000000001*rAccpost)+(-0.1*rVel)+(-1.0*rPos)+(5.0e-5*(rAccpost^2.0))+(0.004999999999999999*(rVel^2.0))+(0.001*rAccpost*rVel))<0.0)|(((-0.005000000000000001*rAccpost)+(-0.1*rVel)+(-1.0*rPos)+(5.0e-5*(rAccpost^2.0))+(0.004999999999999999*(rVel^2.0))+(0.001*rAccpost*rVel))<0.0&((-2.0*x3<0.0&((rVel^2.0)+(-2.0*rAccpost*rPos))<0.0)|(2.0*x3<0.0&((-1.0*(rVel^2.0))+(2.0*rAccpost*rPos))<0.0)))))|(1.0*x3<=0.0&-1.0*x3<=0.0&((-0.1*rVel)+(-1.0*rPos)+(0.004999999999999999*(rVel^2.0)))<0.0))), Set(NCubeV.AST.Variable[rAccpost, rVel, rPos]), 2, 1, Dict{NCubeV.AST.ApproxQuery, NCubeV.AST.Approximation}(), Vector{Float64}[])
[CMD] SMT Timeout: 10s
[CTRL] Iterating over conjunctions...
[APPROX] Trying to build approximation...
[APPROX] Generating expression for (rAccpost*rVel)...
Val Ranges: Dict(:x2 => [-200.0, 200.0], :x3 => [-100.00100708007812, 100.00100708007812], :x1 => [0.0, 100.0])
Using N=1, ϵ=0.0, rel_error_tol=0.005
[APPROX] Generating expression for (rAccpost^2.0)...
Val Ranges: Dict(:x2 => [-200.0, 200.0], :x3 => [-100.00100708007812, 100.00100708007812], :x1 => [0.0, 100.0])
Using N=1, ϵ=0.0, rel_error_tol=0.005
[APPROX] Generating expression for (rVel^2.0)...
Val Ranges: Dict(:x2 => [-200.0, 200.0], :x3 => [-100.00100708007812, 100.00100708007812], :x1 => [0.0, 100.0])
Using N=1, ϵ=0.0, rel_error_tol=0.005
[APPROX] Generating expression for (rAccpost*rPos)...
Val Ranges: Dict(:x2 => [-200.0, 200.0], :x3 => [-100.00100708007812, 100.00100708007812], :x1 => [0.0, 100.0])
Using N=1, ϵ=0.0, rel_error_tol=0.005
[APPROX] Skipping verification of approximation (switch on using NCubeV.Config.set_rigorous_approximations(true))
[APPROX] Skipping verification of approximation (switch on using NCubeV.Config.set_rigorous_approximations(true))
[APPROX] Skipping verification of approximation (switch on using NCubeV.Config.set_rigorous_approximations(true))
[APPROX] Skipping verification of approximation (switch on using NCubeV.Config.set_rigorous_approximations(true))
[APPROX] Skipping verification of approximation (switch on using NCubeV.Config.set_rigorous_approximations(true))
[APPROX] Skipping verification of approximation (switch on using NCubeV.Config.set_rigorous_approximations(true))
[APPROX] Skipping verification of approximation (switch on using NCubeV.Config.set_rigorous_approximations(true))
[APPROX] Skipping verification of approximation (switch on using NCubeV.Config.set_rigorous_approximations(true))
[APPROX] Approximation Bounds: Vector{Float64}[]
[APPROX] Approximations: Dict{NCubeV.AST.ApproxQuery, NCubeV.AST.Approximation}()
[APPROX] Approximation is ready
[SKELETON] Adding linear dependency constraint
Float32[-1.0, 0.0, 0.0]+0.0<0.0 -> -1.0*x1<=0.0
0.0
[SKELETON] Adding linear dependency constraint
-1.0*x3<=-100.0 -> Float32[0.0, 0.0, -1.0]+0.0<=100.00099999999999
-100.0
[SKELETON] Adding linear dependency constraint
-1.0*x3<=100.0 -> Float32[0.0, 0.0, -1.0]+0.0<=100.00099999999999
100.0
[SKELETON] Adding linear dependency constraint
Float32[0.0, 0.0, -1.0]+0.0<=-100.0 -> -1.0*x3<=100.0
100.0
[SKELETON] Adding linear dependency constraint
1.0*x3<100.0 -> Float32[0.0, 0.0, 1.0]+0.0<=100.00099999999999
100.0
[SKELETON] Adding linear dependency constraint
1.0*x3<0.0 -> Float32[0.0, 0.0, 1.0]+0.0<=100.00099999999999
0.0
[SKELETON] Adding linear dependency constraint
1.0*x3<0.0 -> Float32[0.0, 0.0, 1.0]+0.0<100.0
0.0
[SKELETON] Adding negated linear dependency constraint
!1.0*x3<0.0 | !Float32[0.0, 0.0, -1.0]+0.0<=-100.0
[SKELETON] Adding linear dependency constraint
-1.0*x3<0.0 -> Float32[0.0, 0.0, -1.0]+0.0<=100.00099999999999
0.0
[SKELETON] Adding linear dependency constraint
Float32[0.0, 0.0, -1.0]+0.0<=-100.0 -> -1.0*x3<0.0
0.0
[SKELETON] Adding linear dependency constraint
-1.0*x3<0.0 -> Float32[0.0, 0.0, -1.0]+0.0<=100.0
0.0
[SKELETON] Adding negated linear dependency constraint
!-1.0*x3<0.0 | !Float32[0.0, 0.0, 1.0]+0.0<0.0
[SKELETON] Adding linear dependency constraint
-1.0*x2<0.0 -> Float32[0.0, -1.0, 0.0]+0.0<=200.0
0.0
[SKELETON] Adding linear dependency constraint
1.0*x2<0.0 -> Float32[0.0, 1.0, 0.0]+0.0<=200.0
0.0
[SKELETON] Adding negated linear dependency constraint
!1.0*x2<0.0 | !Float32[0.0, -1.0, 0.0]+0.0<0.0
[SKELETON] Adding linear dependency constraint
-2.0*x3<0.0 -> Float32[0.0, 0.0, -1.0]+0.0<=100.00099999999999
0.0
[SKELETON] Adding linear dependency constraint
Float32[0.0, 0.0, -1.0]+0.0<=-100.0 -> -2.0*x3<0.0
0.0
[SKELETON] Adding linear dependency constraint
-2.0*x3<0.0 -> Float32[0.0, 0.0, -1.0]+0.0<=100.0
0.0
[SKELETON] Adding linear dependency constraint
Float32[0.0, 0.0, -1.0]+0.0<0.0 -> -2.0*x3<0.0
0.0
[SKELETON] Adding negated linear dependency constraint
!-2.0*x3<0.0 | !Float32[0.0, 0.0, 1.0]+0.0<0.0
[SKELETON] Adding linear dependency constraint
2.0*x3<0.0 -> Float32[0.0, 0.0, 1.0]+0.0<=100.00099999999999
0.0
[SKELETON] Adding linear dependency constraint
2.0*x3<0.0 -> Float32[0.0, 0.0, 1.0]+0.0<100.0
0.0
[SKELETON] Adding linear dependency constraint
Float32[0.0, 0.0, 1.0]+0.0<0.0 -> 2.0*x3<0.0
0.0
[SKELETON] Adding negated linear dependency constraint
!2.0*x3<0.0 | !Float32[0.0, 0.0, -1.0]+0.0<=-100.0
[SKELETON] Adding negated linear dependency constraint
!2.0*x3<0.0 | !Float32[0.0, 0.0, -1.0]+0.0<0.0
[SKELETON] Adding negated linear dependency constraint
!2.0*x3<0.0 | !Float32[0.0, 0.0, -1.0]+0.0<0.0
[SKELETON] Adding linear dependency constraint
1.0*x3<=0.0 -> Float32[0.0, 0.0, 1.0]+0.0<=100.00099999999999
0.0
[SKELETON] Adding linear dependency constraint
1.0*x3<=0.0 -> Float32[0.0, 0.0, 1.0]+0.0<100.0
0.0
[SKELETON] Adding linear dependency constraint
Float32[0.0, 0.0, 1.0]+0.0<0.0 -> 1.0*x3<=0.0
0.0
[SKELETON] Adding linear dependency constraint
Float32[0.0, 0.0, 1.0]+0.0<0.0 -> 1.0*x3<=0.0
0.0
[SKELETON] Adding negated linear dependency constraint
!1.0*x3<=0.0 | !Float32[0.0, 0.0, -1.0]+0.0<=-100.0
[SKELETON] Adding negated linear dependency constraint
!1.0*x3<=0.0 | !Float32[0.0, 0.0, -1.0]+0.0<0.0
[SKELETON] Adding negated linear dependency constraint
!1.0*x3<=0.0 | !Float32[0.0, 0.0, -1.0]+0.0<0.0
[SKELETON] Adding linear dependency constraint
-1.0*x3<=0.0 -> Float32[0.0, 0.0, -1.0]+0.0<=100.00099999999999
0.0
[SKELETON] Adding linear dependency constraint
Float32[0.0, 0.0, -1.0]+0.0<=-100.0 -> -1.0*x3<=0.0
0.0
[SKELETON] Adding linear dependency constraint
-1.0*x3<=0.0 -> Float32[0.0, 0.0, -1.0]+0.0<=100.0
0.0
[SKELETON] Adding linear dependency constraint
Float32[0.0, 0.0, -1.0]+0.0<0.0 -> -1.0*x3<=0.0
0.0
[SKELETON] Adding linear dependency constraint
Float32[0.0, 0.0, -1.0]+0.0<0.0 -> -1.0*x3<=0.0
0.0
[SKELETON] Adding negated linear dependency constraint
!-1.0*x3<=0.0 | !Float32[0.0, 0.0, 1.0]+0.0<0.0
[SKELETON] Adding negated linear dependency constraint
!-1.0*x3<=0.0 | !Float32[0.0, 0.0, 1.0]+0.0<0.0
[QUERY] Found all non-linear combinations. Count: 16
[QUERY] Found all non-linear combinations. Count: 16
[QUERY] Found all non-linear combinations. Count: 16
[QUERY] Found all non-linear combinations. Count: 16
[QUERY] Found all non-linear combinations. Count: 16
[QUERY] Found all non-linear combinations. Count: 16
[QUERY] Found all non-linear combinations. Count: 16
[QUERY] Found all non-linear combinations. Count: 16
[QUERY] Found all non-linear combinations. Count: 16
[QUERY] Found all non-linear combinations. Count: 16
[QUERY] Found all non-linear combinations. Count: 16
[QUERY] Found all non-linear combinations. Count: 8
[QUERY] Found all non-linear combinations. Count: 8
[QUERY] Found all non-linear combinations. Count: 8
[QUERY] Found all non-linear combinations. Count: 8
[QUERY] Found all non-linear combinations. Count: 16
[QUERY] Found all non-linear combinations. Count: 12
[QUERY] Found all non-linear combinations. Count: 12
[QUERY] Found all non-linear combinations. Count: 12
[QUERY] Found all non-linear combinations. Count: 12
[QUERY] Found all non-linear combinations. Count: 8
[QUERY] Found all non-linear combinations. Count: 8
[QUERY] Found all non-linear combinations. Count: 8
[QUERY] Found all non-linear combinations. Count: 8
[QUERY] Found all non-linear combinations. Count: 12
[QUERY] Found all non-linear combinations. Count: 12
[QUERY] Found all non-linear combinations. Count: 12
[QUERY] Found all non-linear combinations. Count: 12
[QUERY] Found all non-linear combinations. Count: 8
[QUERY] Found all non-linear combinations. Count: 8
[QUERY] Found all non-linear combinations. Count: 8
[QUERY] Found all non-linear combinations. Count: 8
[QUERY] Found all non-linear combinations. Count: 12
[QUERY] Found all non-linear combinations. Count: 12
[QUERY] Found all non-linear combinations. Count: 4
[QUERY] Found all non-linear combinations. Count: 4
[QUERY] Found all non-linear combinations. Count: 4
[QUERY] Found all non-linear combinations. Count: 4
[QUERY] Found all non-linear combinations. Count: 6
[QUERY] Found all non-linear combinations. Count: 6
[QUERY] Found all non-linear combinations. Count: 6
[QUERY] Found all non-linear combinations. Count: 6
[QUERY] Found all non-linear combinations. Count: 4
[QUERY] Found all non-linear combinations. Count: 4
[QUERY] Found all non-linear combinations. Count: 4
[QUERY] Found all non-linear combinations. Count: 4
[QUERY] Found all non-linear combinations. Count: 4
[QUERY] Found all non-linear combinations. Count: 4
[QUERY] Found all non-linear combinations. Count: 4
[QUERY] Found all non-linear combinations. Count: 4
[QUERY] Found all non-linear combinations. Count: 4
[QUERY] Found all non-linear combinations. Count: 2
[QUERY] Found all non-linear combinations. Count: 2
[QUERY] Found all non-linear combinations. Count: 2
[QUERY] Found all non-linear combinations. Count: 2
[QUERY] Found all non-linear combinations. Count: 2
[QUERY] Found all non-linear combinations. Count: 2
[QUERY] Found all non-linear combinations. Count: 2
[QUERY] Found all non-linear combinations. Count: 2
[QUERY] Found all non-linear combinations. Count: 2
[QUERY] Found all non-linear combinations. Count: 2
[QUERY] Found all non-linear combinations. Count: 4
[QUERY] Found all non-linear combinations. Count: 8
[QUERY] Found all non-linear combinations. Count: 6
[QUERY] Found all non-linear combinations. Count: 6
[QUERY] Found all non-linear combinations. Count: 6
[QUERY] Found all non-linear combinations. Count: 4
[QUERY] Found all non-linear combinations. Count: 4
[QUERY] Found all non-linear combinations. Count: 4
[QUERY] Found all non-linear combinations. Count: 4
[QUERY] Found all non-linear combinations. Count: 6
[QUERY] Found all non-linear combinations. Count: 6
[QUERY] Found all non-linear combinations. Count: 6
[QUERY] Found all non-linear combinations. Count: 8
[QUERY] Found all non-linear combinations. Count: 4
[QUERY] Found all non-linear combinations. Count: 8
[QUERY] Found all non-linear combinations. Count: 8
[QUERY] Found all non-linear combinations. Count: 4
[QUERY] Found all non-linear combinations. Count: 4
[QUERY] Found all non-linear combinations. Count: 4
[QUERY] Found all non-linear combinations. Count: 4
[QUERY] Found all non-linear combinations. Count: 4
[QUERY] Found all non-linear combinations. Count: 4
[QUERY] Found all non-linear combinations. Count: 4
[QUERY] Found all non-linear combinations. Count: 4
[QUERY] Found all non-linear combinations. Count: 2
[QUERY] Found all non-linear combinations. Count: 2
[QUERY] Found all non-linear combinations. Count: 2
[QUERY] Found all non-linear combinations. Count: 2
[QUERY] Found all non-linear combinations. Count: 2
[QUERY] Found all non-linear combinations. Count: 2
[QUERY] Found all non-linear combinations. Count: 2
[QUERY] Found all non-linear combinations. Count: 2
[QUERY] Found all non-linear combinations. Count: 4
[QUERY] Found all non-linear combinations. Count: 4
[QUERY] Found all non-linear combinations. Count: 2
[QUERY] Found all non-linear combinations. Count: 2
[QUERY] Found all non-linear combinations. Count: 2
[QUERY] Found all non-linear combinations. Count: 2
[QUERY] Found all non-linear combinations. Count: 4
[QUERY] Found all non-linear combinations. Count: 4
[QUERY] Found all non-linear combinations. Count: 4
[QUERY] Found all non-linear combinations. Count: 4
[QUERY] Found all non-linear combinations. Count: 4
[QUERY] Found all non-linear combinations. Count: 4
[QUERY] Found all non-linear combinations. Count: 4
[QUERY] Found all non-linear combinations. Count: 4
[QUERY] Found all non-linear combinations. Count: 4
[QUERY] Found all non-linear combinations. Count: 4
[QUERY] Found all non-linear combinations. Count: 4
[QUERY] Found all non-linear combinations. Count: 4
[QUERY] Found all non-linear combinations. Count: 4
[QUERY] Found all non-linear combinations. Count: 4
[QUERY] Found all non-linear combinations. Count: 4
[QUERY] Found all non-linear combinations. Count: 4
[QUERY] Found all non-linear combinations. Count: 4
[QUERY] Found all non-linear combinations. Count: 4
[QUERY] Found all non-linear combinations. Count: 4
[QUERY] Found all non-linear combinations. Count: 4
[QUERY] Found all non-linear combinations. Count: 8
[QUERY] Found all non-linear combinations. Count: 8
[QUERY] Found all non-linear combinations. Count: 4
[QUERY] Found all non-linear combinations. Count: 4
[QUERY] Found all non-linear combinations. Count: 4
[QUERY] Found all non-linear combinations. Count: 4
[QUERY] Found all non-linear combinations. Count: 4
[QUERY] Found all non-linear combinations. Count: 4
[QUERY] Found all non-linear combinations. Count: 4
[QUERY] Found all non-linear combinations. Count: 8
[QUERY] Found all non-linear combinations. Count: 8
[QUERY] Found all non-linear combinations. Count: 8
[QUERY] Found all non-linear combinations. Count: 8
[QUERY] Found all non-linear combinations. Count: 8
[QUERY] Found all non-linear combinations. Count: 8
[QUERY] Found all non-linear combinations. Count: 8
[QUERY] Found all non-linear combinations. Count: 8
[QUERY] Found all non-linear combinations. Count: 8
[QUERY] Found all non-linear combinations. Count: 8
[QUERY] Found all non-linear combinations. Count: 8
[QUERY] Found all non-linear combinations. Count: 8
[QUERY] Found all non-linear combinations. Count: 8
[QUERY] Found all non-linear combinations. Count: 8
[QUERY] Found all non-linear combinations. Count: 8
[QUERY] Found all non-linear combinations. Count: 8
[QUERY] Found all non-linear combinations. Count: 8
[QUERY] Found all non-linear combinations. Count: 8
[QUERY] Found all non-linear combinations. Count: 8
[QUERY] Found all non-linear combinations. Count: 8
[QUERY] Found all non-linear combinations. Count: 8
[QUERY] Found all non-linear combinations. Count: 8
[QUERY] Found all non-linear combinations. Count: 8
[QUERY] Found all non-linear combinations. Count: 8
[QUERY] Found all non-linear combinations. Count: 8
[QUERY] Found all non-linear combinations. Count: 8
[QUERY] Found all non-linear combinations. Count: 8
[QUERY] Found all non-linear combinations. Count: 8
[QUERY] Found all non-linear combinations. Count: 8
[QUERY] Found all non-linear combinations. Count: 8
[QUERY] Found all non-linear combinations. Count: 8
[QUERY] Found all non-linear combinations. Count: 8
[QUERY] Found all non-linear combinations. Count: 8
[QUERY] Found all non-linear combinations. Count: 8
[QUERY] Found all non-linear combinations. Count: 8
[QUERY] Found all non-linear combinations. Count: 8
[QUERY] Found all non-linear combinations. Count: 8
[QUERY] Found all non-linear combinations. Count: 8
[QUERY] Found all non-linear combinations. Count: 8
[QUERY] Found all non-linear combinations. Count: 8
[QUERY] Found all non-linear combinations. Count: 4
[QUERY] Found all non-linear combinations. Count: 4
[QUERY] Found all non-linear combinations. Count: 4
[QUERY] Found all non-linear combinations. Count: 4
[QUERY] Found all non-linear combinations. Count: 4
[QUERY] Found all non-linear combinations. Count: 4
[QUERY] Found all non-linear combinations. Count: 4
[QUERY] Found all non-linear combinations. Count: 4
[QUERY] Found all non-linear combinations. Count: 4
[QUERY] Found all non-linear combinations. Count: 4
[QUERY] Found all non-linear combinations. Count: 4
[QUERY] Found all non-linear combinations. Count: 4
[QUERY] Found all non-linear combinations. Count: 4
[QUERY] Found all non-linear combinations. Count: 4
[QUERY] Found all non-linear combinations. Count: 4
[QUERY] Found all non-linear combinations. Count: 4
[QUERY] Found all non-linear combinations. Count: 4
[QUERY] Found all non-linear combinations. Count: 4
[QUERY] Found all non-linear combinations. Count: 4
[QUERY] Returning nonlinear disjunction
[CTRL] Considering conjunction with 3 input constraints and a disjunction of size 187
[APPROX] Checking cache: NCubeV.Approx.ApproxCacheObject[]
[APPROX] Constructing Approximation
[APPROX] Resolving approximation
[CTRL] Initiating iterator over current linear queries
[APPROX] # Conjunctions over output: 187
[QUERY] Found all non-linear combinations. Count: 8
[QUERY] Found all non-linear combinations. Count: 4
[QUERY] Found all non-linear combinations. Count: 2
[QUERY] Found all non-linear combinations. Count: 6
[QUERY] Found all non-linear combinations. Count: 2
[QUERY] Found all non-linear combinations. Count: 2
[QUERY] Found all non-linear combinations. Count: 2
[QUERY] Found all non-linear combinations. Count: 2
[QUERY] Found all non-linear combinations. Count: 2
[QUERY] Found all non-linear combinations. Count: 2
[QUERY] Found all non-linear combinations. Count: 2
[QUERY] Found all non-linear combinations. Count: 1
[QUERY] Found all non-linear combinations. Count: 1
[QUERY] Found all non-linear combinations. Count: 4
[QUERY] Found all non-linear combinations. Count: 4
[QUERY] Found all non-linear combinations. Count: 4
[QUERY] Found all non-linear combinations. Count: 4
[QUERY] Found all non-linear combinations. Count: 4
[QUERY] Found all non-linear combinations. Count: 4
[QUERY] Found all non-linear combinations. Count: 4
[QUERY] Found all non-linear combinations. Count: 4
[QUERY] Found all non-linear combinations. Count: 4
[QUERY] Found all non-linear combinations. Count: 4
[QUERY] Found all non-linear combinations. Count: 4
[QUERY] Found all non-linear combinations. Count: 4
[QUERY] Found all non-linear combinations. Count: 4
[QUERY] Found all non-linear combinations. Count: 4
[QUERY] Found all non-linear combinations. Count: 4
[QUERY] Found all non-linear combinations. Count: 4
[QUERY] Found all non-linear combinations. Count: 4
[QUERY] Found all non-linear combinations. Count: 4
[QUERY] Found all non-linear combinations. Count: 4
[QUERY] Found all non-linear combinations. Count: 4
[QUERY] Found all non-linear combinations. Count: 4
[QUERY] Found all non-linear combinations. Count: 4
[QUERY] Found all non-linear combinations. Count: 4
[QUERY] Found all non-linear combinations. Count: 4
[QUERY] Found all non-linear combinations. Count: 2
[QUERY] Found all non-linear combinations. Count: 2
[QUERY] Found all non-linear combinations. Count: 2
[QUERY] Found all non-linear combinations. Count: 2
[QUERY] Found all non-linear combinations. Count: 4
[QUERY] Found all non-linear combinations. Count: 4
[QUERY] Found all non-linear combinations. Count: 4
[QUERY] Found all non-linear combinations. Count: 4
[QUERY] Found all non-linear combinations. Count: 4
[QUERY] Found all non-linear combinations. Count: 4
[QUERY] Found all non-linear combinations. Count: 4
[QUERY] Found all non-linear combinations. Count: 4
[QUERY] Found all non-linear combinations. Count: 4
[QUERY] Found all non-linear combinations. Count: 4
[QUERY] Found all non-linear combinations. Count: 4
[QUERY] Found all non-linear combinations. Count: 4
[QUERY] Found all non-linear combinations. Count: 4
[QUERY] Found all non-linear combinations. Count: 4
[QUERY] Found all non-linear combinations. Count: 4
[QUERY] Found all non-linear combinations. Count: 4
[QUERY] Found all non-linear combinations. Count: 4
[QUERY] Found all non-linear combinations. Count: 4
[QUERY] Found all non-linear combinations. Count: 2
[QUERY] Found all non-linear combinations. Count: 2
[QUERY] Found all non-linear combinations. Count: 1
[QUERY] Found all non-linear combinations. Count: 6
[QUERY] Found all non-linear combinations. Count: 3
[QUERY] Found all non-linear combinations. Count: 6
[QUERY] Found all non-linear combinations. Count: 6
[QUERY] Found all non-linear combinations. Count: 6
[QUERY] Found all non-linear combinations. Count: 8
[QUERY] Found all non-linear combinations. Count: 8
[QUERY] Found all non-linear combinations. Count: 8
[QUERY] Found all non-linear combinations. Count: 8
[QUERY] Found all non-linear combinations. Count: 8
[QUERY] Found all non-linear combinations. Count: 8
[QUERY] Found all non-linear combinations. Count: 8
[QUERY] Found all non-linear combinations. Count: 8
[QUERY] Found all non-linear combinations. Count: 8
[QUERY] Found all non-linear combinations. Count: 8
[QUERY] Found all non-linear combinations. Count: 8
[QUERY] Found all non-linear combinations. Count: 8
[QUERY] Found all non-linear combinations. Count: 8
[QUERY] Found all non-linear combinations. Count: 8
[QUERY] Found all non-linear combinations. Count: 8
[QUERY] Found all non-linear combinations. Count: 8
[QUERY] Found all non-linear combinations. Count: 8
[QUERY] Found all non-linear combinations. Count: 8
[QUERY] Found all non-linear combinations. Count: 8
[QUERY] Found all non-linear combinations. Count: 8
[QUERY] Found all non-linear combinations. Count: 8
[QUERY] Found all non-linear combinations. Count: 8
[QUERY] Found all non-linear combinations. Count: 8
[QUERY] Found all non-linear combinations. Count: 8
[QUERY] Found all non-linear combinations. Count: 8
[QUERY] Found all non-linear combinations. Count: 8
[QUERY] Found all non-linear combinations. Count: 8
[QUERY] Found all non-linear combinations. Count: 8
[QUERY] Found all non-linear combinations. Count: 8
[QUERY] Found all non-linear combinations. Count: 8
[QUERY] Found all non-linear combinations. Count: 8
[QUERY] Found all non-linear combinations. Count: 8
[QUERY] Found all non-linear combinations. Count: 8
[QUERY] Found all non-linear combinations. Count: 8
[QUERY] Found all non-linear combinations. Count: 8
[QUERY] Found all non-linear combinations. Count: 8
[QUERY] Found all non-linear combinations. Count: 8
[QUERY] Found all non-linear combinations. Count: 8
[QUERY] Found all non-linear combinations. Count: 8
[QUERY] Found all non-linear combinations. Count: 8
[QUERY] Found all non-linear combinations. Count: 8
[QUERY] Found all non-linear combinations. Count: 6
[QUERY] Found all non-linear combinations. Count: 6
[QUERY] Found all non-linear combinations. Count: 4
[QUERY] Found all non-linear combinations. Count: 4
[QUERY] Found all non-linear combinations. Count: 4
[QUERY] Found all non-linear combinations. Count: 4
[QUERY] Found all non-linear combinations. Count: 6
[QUERY] Found all non-linear combinations. Count: 6
[QUERY] Found all non-linear combinations. Count: 4
[QUERY] Found all non-linear combinations. Count: 4
[QUERY] Found all non-linear combinations. Count: 6
[QUERY] Found all non-linear combinations. Count: 4
[QUERY] Found all non-linear combinations. Count: 4
[QUERY] Returning nonlinear disjunction
[CTRL] Considering conjunction with 3 input constraints and a disjunction of size 121
[APPROX] Checking cache: NCubeV.Approx.ApproxCacheObject[]
[APPROX] Constructing Approximation
[APPROX] Resolving approximation
[CTRL] Initiating iterator over current linear queries
[APPROX] # Conjunctions over output: 121
[CTRL] Processing linear query no. 2
[NNENUM] Running nnenum now...
[NNENUM] lb: [31.703236423477783, 0.0]
[NNENUM] ub: [100.0, 0.0]
[NNENUM] Creating LP Star...
[NNENUM] Checking feasibility
[NNENUM] Generating output Spec...
[NNENUM] Spec list length:  121
[NNENUM] Enumeration in progress... 
(0.0 sec) Q: 0, Sets: 0/1  (0.0%) CEs: 0 ETA: - (expected 1 stars)   

Total Stars: 2 (2 exact, 0 approx)
Unfinished Stars: 0
Runtime: 0.1 sec
Completed work frac: 1.0
Num Stars Copied Between Processes: 0
Num Lps During Enumeration: 12
Total Num Lps: 12

Result: network is UNSAFE with confirmed counterexample in result.cinput and result.coutput
Input: [31.703235626220703, 0.0]
Output: [-1.1230583190917969]

[NNENUM] Result: 
<nnenum.result.Result object at 0x72398d6f2160>
[NNENUM] Enumeration finished.
unsafe
[NNENUM] Found counter-example stars: 2
[NNENUM] Filtering result using SMT solver...
checking star with SMT
checking star with SMT
[SMT] SMT filtered out 2 stars (out of 2; TO: 0).
[QUERY] Found all non-linear combinations. Count: 8
[QUERY] Found all non-linear combinations. Count: 4
[QUERY] Found all non-linear combinations. Count: 2
[QUERY] Found all non-linear combinations. Count: 4
[QUERY] Found all non-linear combinations. Count: 6
[QUERY] Found all non-linear combinations. Count: 2
[QUERY] Found all non-linear combinations. Count: 4
[QUERY] Found all non-linear combinations. Count: 12
[QUERY] Found all non-linear combinations. Count: 12
[QUERY] Found all non-linear combinations. Count: 12
[QUERY] Found all non-linear combinations. Count: 12
[QUERY] Found all non-linear combinations. Count: 12
[QUERY] Found all non-linear combinations. Count: 12
[QUERY] Found all non-linear combinations. Count: 8
[QUERY] Found all non-linear combinations. Count: 8
[QUERY] Found all non-linear combinations. Count: 8
[QUERY] Found all non-linear combinations. Count: 8
[QUERY] Found all non-linear combinations. Count: 8
[QUERY] Found all non-linear combinations. Count: 16
[QUERY] Found all non-linear combinations. Count: 16
[QUERY] Found all non-linear combinations. Count: 16
[QUERY] Found all non-linear combinations. Count: 16
[QUERY] Found all non-linear combinations. Count: 16
[QUERY] Found all non-linear combinations. Count: 16
[QUERY] Found all non-linear combinations. Count: 16
[QUERY] Found all non-linear combinations. Count: 16
[QUERY] Found all non-linear combinations. Count: 16
[QUERY] Found all non-linear combinations. Count: 16
[QUERY] Found all non-linear combinations. Count: 16
[QUERY] Found all non-linear combinations. Count: 16
[QUERY] Found all non-linear combinations. Count: 16
[QUERY] Found all non-linear combinations. Count: 16
[QUERY] Found all non-linear combinations. Count: 16
[QUERY] Found all non-linear combinations. Count: 16
[QUERY] Found all non-linear combinations. Count: 16
[QUERY] Found all non-linear combinations. Count: 16
[QUERY] Found all non-linear combinations. Count: 16
[QUERY] Found all non-linear combinations. Count: 16
[QUERY] Found all non-linear combinations. Count: 16
[QUERY] Found all non-linear combinations. Count: 16
[QUERY] Found all non-linear combinations. Count: 16
[QUERY] Found all non-linear combinations. Count: 16
[QUERY] Found all non-linear combinations. Count: 16
[QUERY] Found all non-linear combinations. Count: 16
[QUERY] Found all non-linear combinations. Count: 16
[QUERY] Found all non-linear combinations. Count: 16
[QUERY] Found all non-linear combinations. Count: 16
[QUERY] Found all non-linear combinations. Count: 16
[QUERY] Found all non-linear combinations. Count: 16
[QUERY] Found all non-linear combinations. Count: 16
[QUERY] Found all non-linear combinations. Count: 16
[QUERY] Found all non-linear combinations. Count: 16
[QUERY] Found all non-linear combinations. Count: 16
[QUERY] Found all non-linear combinations. Count: 16
[QUERY] Found all non-linear combinations. Count: 16
[QUERY] Found all non-linear combinations. Count: 16
[QUERY] Found all non-linear combinations. Count: 16
[QUERY] Found all non-linear combinations. Count: 16
[QUERY] Found all non-linear combinations. Count: 16
[QUERY] Found all non-linear combinations. Count: 8
[QUERY] Found all non-linear combinations. Count: 8
[QUERY] Found all non-linear combinations. Count: 8
[QUERY] Found all non-linear combinations. Count: 8
[QUERY] Found all non-linear combinations. Count: 8
[QUERY] Found all non-linear combinations. Count: 8
[QUERY] Found all non-linear combinations. Count: 8
[QUERY] Found all non-linear combinations. Count: 8
[QUERY] Found all non-linear combinations. Count: 16
[QUERY] Found all non-linear combinations. Count: 16
[QUERY] Found all non-linear combinations. Count: 8
[QUERY] Found all non-linear combinations. Count: 8
[QUERY] Found all non-linear combinations. Count: 8
[QUERY] Found all non-linear combinations. Count: 8
[QUERY] Found all non-linear combinations. Count: 8
[QUERY] Found all non-linear combinations. Count: 8
[QUERY] Found all non-linear combinations. Count: 8
[QUERY] Found all non-linear combinations. Count: 8
[QUERY] Found all non-linear combinations. Count: 8
[QUERY] Found all non-linear combinations. Count: 8
[QUERY] Found all non-linear combinations. Count: 8
[QUERY] Found all non-linear combinations. Count: 8
[QUERY] Found all non-linear combinations. Count: 8
[QUERY] Found all non-linear combinations. Count: 8
[QUERY] Found all non-linear combinations. Count: 8
[QUERY] Found all non-linear combinations. Count: 8
[QUERY] Found all non-linear combinations. Count: 8
[QUERY] Found all non-linear combinations. Count: 8
[QUERY] Found all non-linear combinations. Count: 8
[QUERY] Found all non-linear combinations. Count: 8
[QUERY] Found all non-linear combinations. Count: 8
[QUERY] Found all non-linear combinations. Count: 8
[QUERY] Found all non-linear combinations. Count: 4
[QUERY] Found all non-linear combinations. Count: 4
[QUERY] Found all non-linear combinations. Count: 4
[QUERY] Found all non-linear combinations. Count: 4
[QUERY] Found all non-linear combinations. Count: 4
[QUERY] Found all non-linear combinations. Count: 4
[QUERY] Found all non-linear combinations. Count: 4
[QUERY] Found all non-linear combinations. Count: 4
[QUERY] Found all non-linear combinations. Count: 8
[QUERY] Found all non-linear combinations. Count: 8
[QUERY] Found all non-linear combinations. Count: 8
[QUERY] Found all non-linear combinations. Count: 8
[QUERY] Found all non-linear combinations. Count: 8
[QUERY] Found all non-linear combinations. Count: 8
[QUERY] Found all non-linear combinations. Count: 8
[QUERY] Found all non-linear combinations. Count: 8
[QUERY] Found all non-linear combinations. Count: 8
[QUERY] Found all non-linear combinations. Count: 8
[QUERY] Found all non-linear combinations. Count: 8
[QUERY] Found all non-linear combinations. Count: 8
[QUERY] Found all non-linear combinations. Count: 8
[QUERY] Found all non-linear combinations. Count: 8
[QUERY] Found all non-linear combinations. Count: 8
[QUERY] Found all non-linear combinations. Count: 8
[QUERY] Found all non-linear combinations. Count: 8
[QUERY] Found all non-linear combinations. Count: 8
[QUERY] Found all non-linear combinations. Count: 8
[QUERY] Found all non-linear combinations. Count: 4
[QUERY] Found all non-linear combinations. Count: 4
[QUERY] Found all non-linear combinations. Count: 4
[QUERY] Found all non-linear combinations. Count: 4
[QUERY] Found all non-linear combinations. Count: 4
[QUERY] Found all non-linear combinations. Count: 4
[QUERY] Found all non-linear combinations. Count: 4
[QUERY] Found all non-linear combinations. Count: 4
[QUERY] Found all non-linear combinations. Count: 4
[QUERY] Found all non-linear combinations. Count: 4
[QUERY] Found all non-linear combinations. Count: 4
[QUERY] Found all non-linear combinations. Count: 4
[QUERY] Found all non-linear combinations. Count: 4
[QUERY] Found all non-linear combinations. Count: 4
[QUERY] Found all non-linear combinations. Count: 4
[QUERY] Found all non-linear combinations. Count: 4
[QUERY] Found all non-linear combinations. Count: 4
[QUERY] Found all non-linear combinations. Count: 4
[QUERY] Found all non-linear combinations. Count: 8
[QUERY] Found all non-linear combinations. Count: 8
[QUERY] Found all non-linear combinations. Count: 8
[QUERY] Found all non-linear combinations. Count: 8
[QUERY] Found all non-linear combinations. Count: 8
[QUERY] Found all non-linear combinations. Count: 8
[QUERY] Found all non-linear combinations. Count: 8
[QUERY] Found all non-linear combinations. Count: 8
[QUERY] Found all non-linear combinations. Count: 8
[QUERY] Found all non-linear combinations. Count: 8
[QUERY] Found all non-linear combinations. Count: 8
[QUERY] Found all non-linear combinations. Count: 8
[QUERY] Found all non-linear combinations. Count: 8
[QUERY] Found all non-linear combinations. Count: 8
[QUERY] Found all non-linear combinations. Count: 8
[QUERY] Found all non-linear combinations. Count: 8
[QUERY] Found all non-linear combinations. Count: 8
[QUERY] Found all non-linear combinations. Count: 8
[QUERY] Found all non-linear combinations. Count: 8
[QUERY] Found all non-linear combinations. Count: 8
[QUERY] Found all non-linear combinations. Count: 8
[QUERY] Found all non-linear combinations. Count: 8
[QUERY] Found all non-linear combinations. Count: 8
[QUERY] Found all non-linear combinations. Count: 8
[QUERY] Found all non-linear combinations. Count: 8
[QUERY] Found all non-linear combinations. Count: 8
[QUERY] Found all non-linear combinations. Count: 8
[QUERY] Found all non-linear combinations. Count: 8
[QUERY] Found all non-linear combinations. Count: 8
[QUERY] Found all non-linear combinations. Count: 8
[QUERY] Found all non-linear combinations. Count: 6
[QUERY] Found all non-linear combinations. Count: 6
[QUERY] Found all non-linear combinations. Count: 4
[QUERY] Found all non-linear combinations. Count: 4
[QUERY] Found all non-linear combinations. Count: 4
[QUERY] Found all non-linear combinations. Count: 4
[QUERY] Found all non-linear combinations. Count: 4
[QUERY] Found all non-linear combinations. Count: 6
[QUERY] Found all non-linear combinations. Count: 6
[QUERY] Found all non-linear combinations. Count: 6
[QUERY] Found all non-linear combinations. Count: 8
[QUERY] Found all non-linear combinations. Count: 8
[QUERY] Found all non-linear combinations. Count: 8
[QUERY] Found all non-linear combinations. Count: 8
[QUERY] Found all non-linear combinations. Count: 4
[QUERY] Found all non-linear combinations. Count: 4
[QUERY] Found all non-linear combinations. Count: 4
[QUERY] Found all non-linear combinations. Count: 4
[QUERY] Found all non-linear combinations. Count: 4
[QUERY] Found all non-linear combinations. Count: 4
[QUERY] Found all non-linear combinations. Count: 4
[QUERY] Found all non-linear combinations. Count: 4
[QUERY] Found all non-linear combinations. Count: 8
[QUERY] Found all non-linear combinations. Count: 8
[QUERY] Found all non-linear combinations. Count: 8
[QUERY] Found all non-linear combinations. Count: 8
[QUERY] Found all non-linear combinations. Count: 8
[QUERY] Found all non-linear combinations. Count: 8
[QUERY] Found all non-linear combinations. Count: 8
[QUERY] Found all non-linear combinations. Count: 8
[QUERY] Found all non-linear combinations. Count: 8
[QUERY] Found all non-linear combinations. Count: 8
[QUERY] Found all non-linear combinations. Count: 8
[QUERY] Found all non-linear combinations. Count: 8
[QUERY] Found all non-linear combinations. Count: 8
[QUERY] Found all non-linear combinations. Count: 8
[QUERY] Found all non-linear combinations. Count: 8
[QUERY] Found all non-linear combinations. Count: 4
[QUERY] Found all non-linear combinations. Count: 4
[QUERY] Found all non-linear combinations. Count: 4
[QUERY] Found all non-linear combinations. Count: 4
[QUERY] Found all non-linear combinations. Count: 4
[QUERY] Found all non-linear combinations. Count: 2
[QUERY] Found all non-linear combinations. Count: 2
[QUERY] Found all non-linear combinations. Count: 2
[QUERY] Found all non-linear combinations. Count: 2
[QUERY] Found all non-linear combinations. Count: 2
[QUERY] Found all non-linear combinations. Count: 2
[QUERY] Found all non-linear combinations. Count: 2
[QUERY] Found all non-linear combinations. Count: 2
[QUERY] Found all non-linear combinations. Count: 4
[QUERY] Found all non-linear combinations. Count: 4
[QUERY] Found all non-linear combinations. Count: 4
[QUERY] Found all non-linear combinations. Count: 8
[QUERY] Found all non-linear combinations. Count: 8
[QUERY] Found all non-linear combinations. Count: 8
[QUERY] Found all non-linear combinations. Count: 8
[QUERY] Found all non-linear combinations. Count: 4
[QUERY] Found all non-linear combinations. Count: 4
[QUERY] Found all non-linear combinations. Count: 2
[QUERY] Found all non-linear combinations. Count: 2
[QUERY] Found all non-linear combinations. Count: 2
[QUERY] Found all non-linear combinations. Count: 2
[QUERY] Found all non-linear combinations. Count: 2
[QUERY] Found all non-linear combinations. Count: 2
[QUERY] Found all non-linear combinations. Count: 2
[QUERY] Found all non-linear combinations. Count: 2
[QUERY] Found all non-linear combinations. Count: 2
[QUERY] Found all non-linear combinations. Count: 2
[QUERY] Found all non-linear combinations. Count: 4
[QUERY] Found all non-linear combinations. Count: 4
[QUERY] Found all non-linear combinations. Count: 4
[QUERY] Found all non-linear combinations. Count: 4
[QUERY] Found all non-linear combinations. Count: 4
[QUERY] Found all non-linear combinations. Count: 4
[QUERY] Found all non-linear combinations. Count: 4
[QUERY] Found all non-linear combinations. Count: 4
[QUERY] Found all non-linear combinations. Count: 4
[QUERY] Found all non-linear combinations. Count: 4
[QUERY] Found all non-linear combinations. Count: 2
[QUERY] Found all non-linear combinations. Count: 2
[QUERY] Found all non-linear combinations. Count: 2
[QUERY] Found all non-linear combinations. Count: 2
[QUERY] Found all non-linear combinations. Count: 2
[QUERY] Found all non-linear combinations. Count: 2
[QUERY] Found all non-linear combinations. Count: 2
[QUERY] Found all non-linear combinations. Count: 2
[QUERY] Found all non-linear combinations. Count: 4
[QUERY] Found all non-linear combinations. Count: 4
[QUERY] Found all non-linear combinations. Count: 4
[QUERY] Found all non-linear combinations. Count: 4
[QUERY] Found all non-linear combinations. Count: 4
[QUERY] Found all non-linear combinations. Count: 4
[QUERY] Found all non-linear combinations. Count: 4
[QUERY] Found all non-linear combinations. Count: 4
[QUERY] Found all non-linear combinations. Count: 4
[QUERY] Found all non-linear combinations. Count: 4
[QUERY] Found all non-linear combinations. Count: 4
[QUERY] Found all non-linear combinations. Count: 4
[QUERY] Found all non-linear combinations. Count: 4
[QUERY] Found all non-linear combinations. Count: 4
[QUERY] Found all non-linear combinations. Count: 4
[QUERY] Found all non-linear combinations. Count: 4
[QUERY] Found all non-linear combinations. Count: 4
[QUERY] Found all non-linear combinations. Count: 4
[QUERY] Found all non-linear combinations. Count: 4
[QUERY] Found all non-linear combinations. Count: 4
[QUERY] Found all non-linear combinations. Count: 4
[QUERY] Found all non-linear combinations. Count: 4
[QUERY] Found all non-linear combinations. Count: 4
[QUERY] Found all non-linear combinations. Count: 4
[QUERY] Found all non-linear combinations. Count: 4
[QUERY] Found all non-linear combinations. Count: 4
[QUERY] Found all non-linear combinations. Count: 4
[QUERY] Found all non-linear combinations. Count: 4
[QUERY] Found all non-linear combinations. Count: 4
[QUERY] Found all non-linear combinations. Count: 4
[QUERY] Found all non-linear combinations. Count: 4
[QUERY] Returning nonlinear disjunction
[CTRL] Considering conjunction with 3 input constraints and a disjunction of size 284
[APPROX] Checking cache: NCubeV.Approx.ApproxCacheObject[]
[APPROX] Constructing Approximation
[APPROX] Resolving approximation
[CTRL] Initiating iterator over current linear queries
[APPROX] # Conjunctions over output: 284
[CTRL] Processing linear query no. 3
[NNENUM] Running nnenum now...
[NNENUM] lb: [31.703236423477783, 0.0]
[NNENUM] ub: [100.0, 200.0]
[NNENUM] Creating LP Star...
[NNENUM] Checking feasibility
[NNENUM] Generating output Spec...
[NNENUM] Spec list length:  284
[NNENUM] Enumeration in progress... 
(0.0 sec) Q: 0, Sets: 0/1  (0.0%) CEs: 0 ETA: - (expected 1 stars)   
(0.2 sec) Q: 0, Sets: 2/7  (50.0%) CEs: 2 ETA: 0.2 sec (expected 4 stars)   
(0.4 sec) Q: 0, Sets: 8/10  (68.75%) CEs: 9 ETA: 0.2 sec (expected 12 stars)   

Total Stars: 12 (12 exact, 0 approx)
Unfinished Stars: 0
Runtime: 0.5 sec
Completed work frac: 1.0
Num Stars Copied Between Processes: 0
Num Lps During Enumeration: 209
Total Num Lps: 209

Result: network is UNSAFE with confirmed counterexample in result.cinput and result.coutput
Input: [31.703235626220703, 35.22581481933594]
Output: [-14.449790954589844]

[NNENUM] Result: 
<nnenum.result.Result object at 0x72398cfe1430>
[NNENUM] Enumeration finished.
unsafe
[NNENUM] Found counter-example stars: 12
[NNENUM] Filtering result using SMT solver...
checking star with SMT
checking star with SMT
checking star with SMT
checking star with SMT
checking star with SMT
checking star with SMT
checking star with SMT
checking star with SMT
checking star with SMT
checking star with SMT
checking star with SMT
checking star with SMT
[SMT] SMT filtered out 12 stars (out of 12; TO: 0).
[CTRL] Saving current state of verification...
────────────────────────────────────────────────────────────────────────────────────────────────
                                                       Time                    Allocations      
                                              ───────────────────────   ────────────────────────
              Tot / % measured:                     492s /   6.6%           25.2GiB /  10.6%    

Section                               ncalls     time    %tot     avg     alloc    %tot      avg
────────────────────────────────────────────────────────────────────────────────────────────────
get_approx_query                           1    32.3s  100.0%   32.3s   2.67GiB  100.0%  2.67GiB
  OVERT                                    4    21.0s   65.1%   5.25s   1.56GiB   58.5%   400MiB
query_iteration                            0   0.00ns    0.0%    NaNh     0.00B    0.0%        -
  next_query                               3     336s  1041.7%    112s   15.9GiB  596.2%  5.31GiB
    query_construction                   592     197s  610.4%   333ms   9.93GiB  371.5%  17.2MiB
      feasibility_cache_check          3.31k    614ms    1.9%   186μs    103KiB    0.0%    32.0B
      atom_recovery                    3.31k    371ms    1.1%   112μs   31.2MiB    1.1%  9.65KiB
        atom_computation               3.31k    273ms    0.8%  82.5μs   29.2MiB    1.1%  9.05KiB
        bound_computation              3.31k   79.6ms    0.2%  24.0μs   1.41MiB    0.1%     448B
      PicoSAT_solve                    3.90k    364ms    1.1%  93.4μs    122KiB    0.0%    32.0B
      feasibility_cache_add            3.31k   15.4ms    0.0%  4.64μs   1.40MiB    0.1%     444B
      SMTprep                          3.31k   14.6ms    0.0%  4.42μs    103KiB    0.0%    32.0B
    check_infeasibility                  986     138s  426.5%   140ms   5.88GiB  220.0%  6.10MiB
      check_infeasibility_linear         986    72.2s  223.7%  73.2ms   2.79GiB  104.5%  2.90MiB
        LP_create_model                1.39k    1.57s    4.9%  1.13ms   77.3MiB    2.8%  57.0KiB
        LP_populate_constraints        1.39k    532ms    1.6%   383μs    129MiB    4.7%  94.8KiB
        LP_check                       1.39k    251ms    0.8%   181μs   30.0MiB    1.1%  22.1KiB
        LP_add_constraints             1.39k    100ms    0.3%  71.7μs   51.0MiB    1.9%  37.6KiB
        feasibility_cache_check        1.97k   47.3ms    0.1%  24.0μs   61.6KiB    0.0%    32.0B
        SMTprep                        1.39k   7.52ms    0.0%  5.41μs   43.4KiB    0.0%    32.0B
        feasibility_cache_add            957   3.74ms    0.0%  3.91μs    231KiB    0.0%     247B
      check_infeasibility_nonlinear      986    65.4s  202.8%  66.4ms   3.08GiB  115.5%  3.20MiB
        feasibility_cache_check        1.18k    136ms    0.4%   115μs   37.0KiB    0.0%    32.0B
        feasibility_cache_add          1.10k   4.96ms    0.0%  4.50μs    423KiB    0.0%     393B
        SMTprep                        1.10k   4.58ms    0.0%  4.15μs   34.5KiB    0.0%    32.0B
    approx_resolution                    986    460ms    1.4%   466μs   65.3MiB    2.4%  67.8KiB
    atom_recovery                        986    140ms    0.4%   142μs   9.68MiB    0.4%  10.0KiB
      atom_computation                   986    101ms    0.3%   103μs   9.07MiB    0.3%  9.41KiB
      bound_computation                  986   32.7ms    0.1%  33.2μs    471KiB    0.0%     489B
    PicoSAT_solve                        989    127ms    0.4%   128μs   30.9KiB    0.0%    32.0B
    bound_atoms                          986   44.7ms    0.1%  45.4μs   7.01MiB    0.3%  7.28KiB
    check_infeasibility_prep           1.97k   10.2ms    0.0%  5.19μs   4.00MiB    0.1%  2.08KiB
  olnnv_query_processing                   1    7.26s   22.5%   7.26s    404MiB   14.8%   404MiB
    nnv                                    2    65.6s  203.2%   32.8s   2.27GiB   84.9%  1.13GiB
      star_filter                          2    63.1s  195.7%   31.6s   2.12GiB   79.5%  1.06GiB
    status_backup                          1    9.23s   28.6%   9.23s    389MiB   14.2%   389MiB
  boolean_skeleton                         1    2.29s    7.1%   2.29s    103MiB    3.8%   103MiB
  olnnv_query_gen                          3    877ms    2.7%   292ms   57.2MiB    2.1%  19.1MiB
  legacy_approx                            3    280ms    0.9%  93.3ms   16.2MiB    0.6%  5.40MiB
  smt_filter_creation                      3   6.33μs    0.0%  2.11μs     96.0B    0.0%    32.0B
────────────────────────────────────────────────────────────────────────────────────────────────[QUERY] Found all non-linear combinations.
 Count: 8
[QUERY] Found all non-linear combinations. Count: 4
[QUERY] Found all non-linear combinations. Count: 2
[QUERY] Found all non-linear combinations. Count: 6
[QUERY] Found all non-linear combinations. Count: 6
[QUERY] Found all non-linear combinations. Count: 2
[QUERY] Found all non-linear combinations. Count: 4
[QUERY] Found all non-linear combinations. Count: 4
[QUERY] Found all non-linear combinations. Count: 6
[QUERY] Found all non-linear combinations. Count: 2
[QUERY] Found all non-linear combinations. Count: 4
[QUERY] Found all non-linear combinations. Count: 4
[QUERY] Found all non-linear combinations. Count: 4
[QUERY] Found all non-linear combinations. Count: 4
[QUERY] Found all non-linear combinations. Count: 4
[QUERY] Found all non-linear combinations. Count: 4
[QUERY] Found all non-linear combinations. Count: 4
[QUERY] Found all non-linear combinations. Count: 4
[QUERY] Found all non-linear combinations. Count: 4
[QUERY] Found all non-linear combinations. Count: 4
[QUERY] Found all non-linear combinations. Count: 4
[QUERY] Found all non-linear combinations. Count: 4
[QUERY] Found all non-linear combinations. Count: 4
[QUERY] Found all non-linear combinations. Count: 4
[QUERY] Found all non-linear combinations. Count: 4
[QUERY] Found all non-linear combinations. Count: 4
[QUERY] Found all non-linear combinations. Count: 4
[QUERY] Found all non-linear combinations. Count: 4
[QUERY] Found all non-linear combinations. Count: 4
[QUERY] Found all non-linear combinations. Count: 4
[QUERY] Found all non-linear combinations. Count: 4
[QUERY] Found all non-linear combinations. Count: 4
[QUERY] Found all non-linear combinations. Count: 4
[QUERY] Found all non-linear combinations. Count: 4
[QUERY] Found all non-linear combinations. Count: 4
[QUERY] Found all non-linear combinations. Count: 4
[QUERY] Found all non-linear combinations. Count: 4
[QUERY] Found all non-linear combinations. Count: 4
[QUERY] Found all non-linear combinations. Count: 4
[QUERY] Found all non-linear combinations. Count: 4
[QUERY] Found all non-linear combinations. Count: 4
[QUERY] Found all non-linear combinations. Count: 4
[QUERY] Found all non-linear combinations. Count: 4
[QUERY] Found all non-linear combinations. Count: 4
[QUERY] Found all non-linear combinations. Count: 4
[QUERY] Found all non-linear combinations. Count: 4
[QUERY] Found all non-linear combinations. Count: 4
[QUERY] Found all non-linear combinations. Count: 4
[QUERY] Found all non-linear combinations. Count: 4
[QUERY] Found all non-linear combinations. Count: 4
[QUERY] Found all non-linear combinations. Count: 2
[QUERY] Found all non-linear combinations. Count: 2
[QUERY] Found all non-linear combinations. Count: 6
[QUERY] Found all non-linear combinations. Count: 2
[QUERY] Found all non-linear combinations. Count: 6
[QUERY] Found all non-linear combinations. Count: 6
[QUERY] Found all non-linear combinations. Count: 6
[QUERY] Found all non-linear combinations. Count: 6
[QUERY] Found all non-linear combinations. Count: 2
[QUERY] Found all non-linear combinations. Count: 2
[QUERY] Found all non-linear combinations. Count: 2
[QUERY] Found all non-linear combinations. Count: 2
[QUERY] Found all non-linear combinations. Count: 4
[QUERY] Found all non-linear combinations. Count: 8
[QUERY] Found all non-linear combinations. Count: 6
[QUERY] Found all non-linear combinations. Count: 6
[QUERY] Found all non-linear combinations. Count: 8
[QUERY] Found all non-linear combinations. Count: 8
[QUERY] Found all non-linear combinations. Count: 8
[QUERY] Found all non-linear combinations. Count: 8
[QUERY] Found all non-linear combinations. Count: 8
[QUERY] Found all non-linear combinations. Count: 8
[QUERY] Found all non-linear combinations. Count: 8
[QUERY] Found all non-linear combinations. Count: 8
[QUERY] Found all non-linear combinations. Count: 8
[QUERY] Found all non-linear combinations. Count: 8
[QUERY] Found all non-linear combinations. Count: 8
[QUERY] Found all non-linear combinations. Count: 8
[QUERY] Found all non-linear combinations. Count: 8
[QUERY] Found all non-linear combinations. Count: 8
[QUERY] Found all non-linear combinations. Count: 8
[QUERY] Found all non-linear combinations. Count: 8
[QUERY] Found all non-linear combinations. Count: 8
[QUERY] Found all non-linear combinations. Count: 8
[QUERY] Found all non-linear combinations. Count: 8
[QUERY] Found all non-linear combinations. Count: 8
[QUERY] Found all non-linear combinations. Count: 8
[QUERY] Found all non-linear combinations. Count: 8
[QUERY] Found all non-linear combinations. Count: 8
[QUERY] Found all non-linear combinations. Count: 8
[QUERY] Found all non-linear combinations. Count: 8
[QUERY] Found all non-linear combinations. Count: 8
[QUERY] Found all non-linear combinations. Count: 8
[QUERY] Found all non-linear combinations. Count: 8
[QUERY] Found all non-linear combinations. Count: 8
[QUERY] Found all non-linear combinations. Count: 8
[QUERY] Found all non-linear combinations. Count: 8
[QUERY] Found all non-linear combinations. Count: 8
[QUERY] Found all non-linear combinations. Count: 8
[QUERY] Found all non-linear combinations. Count: 8
[QUERY] Found all non-linear combinations. Count: 8
[QUERY] Found all non-linear combinations. Count: 8
[QUERY] Found all non-linear combinations. Count: 8
[QUERY] Found all non-linear combinations. Count: 8
[QUERY] Found all non-linear combinations. Count: 8
[QUERY] Found all non-linear combinations. Count: 8
[QUERY] Found all non-linear combinations. Count: 4
[QUERY] Found all non-linear combinations. Count: 4
[QUERY] Found all non-linear combinations. Count: 4
[QUERY] Found all non-linear combinations. Count: 4
[QUERY] Found all non-linear combinations. Count: 4
[QUERY] Found all non-linear combinations. Count: 4
[QUERY] Returning nonlinear disjunction
[CTRL] Considering conjunction with 3 input constraints and a disjunction of size 112
[APPROX] Checking cache: NCubeV.Approx.ApproxCacheObject[]
[APPROX] Constructing Approximation
[APPROX] Resolving approximation
[CTRL] Initiating iterator over current linear queries
[APPROX] # Conjunctions over output: 112
[CTRL] Processing linear query no. 4
[NNENUM] Running nnenum now...
[NNENUM] lb: [31.703236423477783, 0.0]
[NNENUM] ub: [100.0, 0.0]
[NNENUM] Creating LP Star...
[NNENUM] Checking feasibility
[NNENUM] Generating output Spec...
[NNENUM] Spec list length:  112
[NNENUM] Enumeration in progress... 
(0.0 sec) Q: 0, Sets: 0/1  (0.0%) CEs: 0 ETA: - (expected 1 stars)   

Total Stars: 2 (2 exact, 0 approx)
Unfinished Stars: 0
Runtime: 0.1 sec
Completed work frac: 1.0
Num Stars Copied Between Processes: 0
Num Lps During Enumeration: 12
Total Num Lps: 12

Result: network is UNSAFE with confirmed counterexample in result.cinput and result.coutput
Input: [31.703235626220703, 0.0]
Output: [-1.1230583190917969]

[NNENUM] Result: 
<nnenum.result.Result object at 0x72398cfec130>
[NNENUM] Enumeration finished.
unsafe
[NNENUM] Found counter-example stars: 2
[NNENUM] Filtering result using SMT solver...
checking star with SMT
checking star with SMT
[SMT] SMT filtered out 2 stars (out of 2; TO: 0).
[QUERY] Found all non-linear combinations. Count: 1
[QUERY] Found all non-linear combinations. Count: 1
[QUERY] Found all non-linear combinations. Count: 2
[QUERY] Found all non-linear combinations. Count: 4
[QUERY] Found all non-linear combinations. Count: 4
[QUERY] Found all non-linear combinations. Count: 4
[QUERY] Found all non-linear combinations. Count: 4
[QUERY] Found all non-linear combinations. Count: 4
[QUERY] Found all non-linear combinations. Count: 4
[QUERY] Found all non-linear combinations. Count: 1
[QUERY] Found all non-linear combinations. Count: 1
[QUERY] Found all non-linear combinations. Count: 1
[QUERY] Found all non-linear combinations. Count: 1
[QUERY] Found all non-linear combinations. Count: 1
[QUERY] Found all non-linear combinations. Count: 8
[QUERY] Found all non-linear combinations. Count: 2
[QUERY] Found all non-linear combinations. Count: 8
[QUERY] Found all non-linear combinations. Count: 8
[QUERY] Found all non-linear combinations. Count: 8
[QUERY] Found all non-linear combinations. Count: 8
[QUERY] Found all non-linear combinations. Count: 8
[QUERY] Found all non-linear combinations. Count: 4
[QUERY] Found all non-linear combinations. Count: 4
[QUERY] Found all non-linear combinations. Count: 1
[QUERY] Found all non-linear combinations. Count: 2
[QUERY] Found all non-linear combinations. Count: 2
[QUERY] Found all non-linear combinations. Count: 2
[QUERY] Found all non-linear combinations. Count: 2
[QUERY] Found all non-linear combinations. Count: 1
[QUERY] Found all non-linear combinations. Count: 1
[QUERY] Found all non-linear combinations. Count: 1
[QUERY] Found all non-linear combinations. Count: 1
[QUERY] Found all non-linear combinations. Count: 4
[QUERY] Found all non-linear combinations. Count: 4
[QUERY] Found all non-linear combinations. Count: 4
[QUERY] Found all non-linear combinations. Count: 8
[QUERY] Found all non-linear combinations. Count: 4
[QUERY] Found all non-linear combinations. Count: 1
[QUERY] Found all non-linear combinations. Count: 4
[QUERY] Found all non-linear combinations. Count: 1
[QUERY] Found all non-linear combinations. Count: 4
[QUERY] Found all non-linear combinations. Count: 4
[QUERY] Found all non-linear combinations. Count: 8
[QUERY] Found all non-linear combinations. Count: 4
[QUERY] Found all non-linear combinations. Count: 8
[QUERY] Found all non-linear combinations. Count: 8
[QUERY] Found all non-linear combinations. Count: 8
[QUERY] Found all non-linear combinations. Count: 8
[QUERY] Found all non-linear combinations. Count: 4
[QUERY] Found all non-linear combinations. Count: 4
[QUERY] Found all non-linear combinations. Count: 4
[QUERY] Found all non-linear combinations. Count: 4
[QUERY] Found all non-linear combinations. Count: 4
[QUERY] Found all non-linear combinations. Count: 4
[QUERY] Found all non-linear combinations. Count: 4
[QUERY] Found all non-linear combinations. Count: 8
[QUERY] Found all non-linear combinations. Count: 4
[QUERY] Found all non-linear combinations. Count: 4
[QUERY] Returning nonlinear disjunction
[CTRL] Considering conjunction with 3 input constraints and a disjunction of size 58
[APPROX] Checking cache: NCubeV.Approx.ApproxCacheObject[]
[APPROX] Constructing Approximation
[APPROX] Resolving approximation
[CTRL] Initiating iterator over current linear queries
[APPROX] # Conjunctions over output: 58
[CTRL] Processing linear query no. 5
[NNENUM] Running nnenum now...
[NNENUM] lb: [31.703236423477783, -134.49259155717084]
[NNENUM] ub: [100.0, -73.18705430608887]
[NNENUM] Creating LP Star...
[NNENUM] Checking feasibility
[NNENUM] Generating output Spec...
[NNENUM] Spec list length:  58
[NNENUM] Enumeration in progress... 
(0.0 sec) Q: 0, Sets: 0/1  (0.0%) CEs: 0 ETA: - (expected 1 stars)   

Total Stars: 3 (3 exact, 0 approx)
Unfinished Stars: 0
Runtime: 0.1 sec
Completed work frac: 1.0
Num Stars Copied Between Processes: 0
Num Lps During Enumeration: 48
Total Num Lps: 48

Result: network is UNSAFE with confirmed counterexample in result.cinput and result.coutput
Input: [31.703235626220703, -110.33487701416016]
Output: [47.2701416015625]

[NNENUM] Result: 
<nnenum.result.Result object at 0x72398d6f28b0>
[NNENUM] Enumeration finished.
unsafe
[NNENUM] Found counter-example stars: 3
[NNENUM] Filtering result using SMT solver...
checking star with SMT
checking star with SMT
checking star with SMT
[SMT] SMT filtered out 3 stars (out of 3; TO: 0).
[QUERY] Found all non-linear combinations. Count: 1
[QUERY] Found all non-linear combinations. Count: 2
[QUERY] Found all non-linear combinations. Count: 4
[QUERY] Found all non-linear combinations. Count: 2
[QUERY] Found all non-linear combinations. Count: 3
[QUERY] Found all non-linear combinations. Count: 1
[QUERY] Found all non-linear combinations. Count: 1
[QUERY] Found all non-linear combinations. Count: 2
[QUERY] Found all non-linear combinations. Count: 6
[QUERY] Found all non-linear combinations. Count: 2
[QUERY] Found all non-linear combinations. Count: 6
[QUERY] Found all non-linear combinations. Count: 6
[QUERY] Found all non-linear combinations. Count: 6
[QUERY] Found all non-linear combinations. Count: 6
[QUERY] Found all non-linear combinations. Count: 6
[QUERY] Found all non-linear combinations. Count: 2
[QUERY] Found all non-linear combinations. Count: 2
[QUERY] Found all non-linear combinations. Count: 2
[QUERY] Found all non-linear combinations. Count: 2
[QUERY] Found all non-linear combinations. Count: 2
[QUERY] Found all non-linear combinations. Count: 2
[QUERY] Found all non-linear combinations. Count: 2
[QUERY] Found all non-linear combinations. Count: 1
[QUERY] Found all non-linear combinations. Count: 1
[QUERY] Found all non-linear combinations. Count: 4
[QUERY] Found all non-linear combinations. Count: 4
[QUERY] Found all non-linear combinations. Count: 4
[QUERY] Found all non-linear combinations. Count: 4
[QUERY] Found all non-linear combinations. Count: 4
[QUERY] Found all non-linear combinations. Count: 4
[QUERY] Found all non-linear combinations. Count: 4
[QUERY] Found all non-linear combinations. Count: 4
[QUERY] Found all non-linear combinations. Count: 4
[QUERY] Found all non-linear combinations. Count: 4
[QUERY] Found all non-linear combinations. Count: 4
[QUERY] Found all non-linear combinations. Count: 4
[QUERY] Found all non-linear combinations. Count: 4
[QUERY] Found all non-linear combinations. Count: 4
[QUERY] Found all non-linear combinations. Count: 4
[QUERY] Found all non-linear combinations. Count: 4
[QUERY] Found all non-linear combinations. Count: 4
[QUERY] Found all non-linear combinations. Count: 4
[QUERY] Found all non-linear combinations. Count: 4
[QUERY] Found all non-linear combinations. Count: 4
[QUERY] Found all non-linear combinations. Count: 4
[QUERY] Found all non-linear combinations. Count: 4
[QUERY] Found all non-linear combinations. Count: 4
[QUERY] Found all non-linear combinations. Count: 4
[QUERY] Found all non-linear combinations. Count: 4
[QUERY] Found all non-linear combinations. Count: 4
[QUERY] Found all non-linear combinations. Count: 4
[QUERY] Found all non-linear combinations. Count: 4
[QUERY] Found all non-linear combinations. Count: 4
[QUERY] Found all non-linear combinations. Count: 4
[QUERY] Found all non-linear combinations. Count: 4
[QUERY] Found all non-linear combinations. Count: 4
[QUERY] Found all non-linear combinations. Count: 4
[QUERY] Found all non-linear combinations. Count: 4
[QUERY] Found all non-linear combinations. Count: 4
[QUERY] Found all non-linear combinations. Count: 4
[QUERY] Found all non-linear combinations. Count: 4
[QUERY] Found all non-linear combinations. Count: 4
[QUERY] Found all non-linear combinations. Count: 4
[QUERY] Found all non-linear combinations. Count: 4
[QUERY] Found all non-linear combinations. Count: 4
[QUERY] Found all non-linear combinations. Count: 8
[QUERY] Found all non-linear combinations. Count: 8
[QUERY] Found all non-linear combinations. Count: 4
[QUERY] Found all non-linear combinations. Count: 4
[QUERY] Found all non-linear combinations. Count: 4
[QUERY] Found all non-linear combinations. Count: 8
[QUERY] Found all non-linear combinations. Count: 8
[QUERY] Found all non-linear combinations. Count: 8
[QUERY] Found all non-linear combinations. Count: 8
[QUERY] Found all non-linear combinations. Count: 8
[QUERY] Found all non-linear combinations. Count: 8
[QUERY] Found all non-linear combinations. Count: 8
[QUERY] Found all non-linear combinations. Count: 8
[QUERY] Found all non-linear combinations. Count: 8
[QUERY] Found all non-linear combinations. Count: 8
[QUERY] Found all non-linear combinations. Count: 8
[QUERY] Found all non-linear combinations. Count: 8
[QUERY] Found all non-linear combinations. Count: 8
[QUERY] Found all non-linear combinations. Count: 8
[QUERY] Found all non-linear combinations. Count: 8
[QUERY] Found all non-linear combinations. Count: 8
[QUERY] Found all non-linear combinations. Count: 8
[QUERY] Found all non-linear combinations. Count: 8
[QUERY] Found all non-linear combinations. Count: 8
[QUERY] Found all non-linear combinations. Count: 8
[QUERY] Found all non-linear combinations. Count: 8
[QUERY] Found all non-linear combinations. Count: 8
[QUERY] Found all non-linear combinations. Count: 8
[QUERY] Found all non-linear combinations. Count: 8
[QUERY] Found all non-linear combinations. Count: 8
[QUERY] Found all non-linear combinations. Count: 8
[QUERY] Found all non-linear combinations. Count: 8
[QUERY] Found all non-linear combinations. Count: 8
[QUERY] Found all non-linear combinations. Count: 8
[QUERY] Found all non-linear combinations. Count: 8
[QUERY] Found all non-linear combinations. Count: 8
[QUERY] Found all non-linear combinations. Count: 8
[QUERY] Found all non-linear combinations. Count: 8
[QUERY] Found all non-linear combinations. Count: 8
[QUERY] Found all non-linear combinations. Count: 8
[QUERY] Found all non-linear combinations. Count: 8
[QUERY] Found all non-linear combinations. Count: 8
[QUERY] Found all non-linear combinations. Count: 8
[QUERY] Found all non-linear combinations. Count: 8
[QUERY] Found all non-linear combinations. Count: 8
[QUERY] Found all non-linear combinations. Count: 8
[QUERY] Found all non-linear combinations. Count: 4
[QUERY] Found all non-linear combinations. Count: 4
[QUERY] Found all non-linear combinations. Count: 4
[QUERY] Found all non-linear combinations. Count: 4
[QUERY] Found all non-linear combinations. Count: 4
[QUERY] Found all non-linear combinations. Count: 4
[QUERY] Found all non-linear combinations. Count: 4
[QUERY] Found all non-linear combinations. Count: 4
[QUERY] Found all non-linear combinations. Count: 4
[QUERY] Found all non-linear combinations. Count: 4
[QUERY] Found all non-linear combinations. Count: 4
[QUERY] Found all non-linear combinations. Count: 4
[QUERY] Found all non-linear combinations. Count: 4
[QUERY] Found all non-linear combinations. Count: 4
[QUERY] Found all non-linear combinations. Count: 4
[QUERY] Found all non-linear combinations. Count: 2
[QUERY] Found all non-linear combinations. Count: 2
[QUERY] Found all non-linear combinations. Count: 2
[QUERY] Found all non-linear combinations. Count: 2
[QUERY] Found all non-linear combinations. Count: 4
[QUERY] Returning nonlinear disjunction
[CTRL] Considering conjunction with 3 input constraints and a disjunction of size 131
[APPROX] Checking cache: NCubeV.Approx.ApproxCacheObject[]
[APPROX] Constructing Approximation
[APPROX] Resolving approximation
[CTRL] Initiating iterator over current linear queries
[APPROX] # Conjunctions over output: 131
[CTRL] Processing linear query no. 6
[NNENUM] Running nnenum now...
[NNENUM] lb: [31.703236423477783, 0.0]
[NNENUM] ub: [100.0, 200.0]
[NNENUM] Creating LP Star...
[NNENUM] Checking feasibility
[NNENUM] Generating output Spec...
[NNENUM] Spec list length:  131
[NNENUM] Enumeration in progress... 
(0.0 sec) Q: 0, Sets: 0/1  (0.0%) CEs: 0 ETA: - (expected 1 stars)   
(0.2 sec) Q: 0, Sets: 3/5  (25.0%) CEs: 3 ETA: 0.7 sec (expected 12 stars)   
(0.6 sec) Q: 0, Sets: 5/8  (31.25%) CEs: 5 ETA: 1.2 sec (expected 16 stars)    
(1.2 sec) Q: 0, Sets: 9/11  (62.5%) CEs: 9 ETA: 0.7 sec (expected 14 stars)   
(2.4 sec) Q: 0, Sets: 20/20  (100.0%) CEs: 19 ETA: 0.0 sec (expected 20 stars)    
Total Stars: 20 (20 exact, 0 approx)
Unfinished Stars: 0
Runtime: 2.4 sec
Completed work frac: 1.0
Num Stars Copied Between Processes: 0
Num Lps During Enumeration: 341
Total Num Lps: 341

Result: network is UNSAFE with confirmed counterexample in result.cinput and result.coutput
Input: [31.703235626220703, 0.0]
Output: [-1.1230583190917969]

[NNENUM] Result: 
<nnenum.result.Result object at 0x72398daf3160>
[NNENUM] Enumeration finished.
unsafe
[NNENUM] Found counter-example stars: 19
[NNENUM] Filtering result using SMT solver...
checking star with SMT
checking star with SMT
checking star with SMT
checking star with SMT
checking star with SMT
checking star with SMT
checking star with SMT
checking star with SMT
checking star with SMT
checking star with SMT
checking star with SMT
checking star with SMT
checking star with SMT
checking star with SMT
checking star with SMT
checking star with SMT
checking star with SMT
checking star with SMT
checking star with SMT
[SMT] SMT filtered out 19 stars (out of 19; TO: 0).
[CTRL] Saving current state of verification...
────────────────────────────────────────────────────────────────────────────────────────────────
                                                       Time                    Allocations      
                                              ───────────────────────   ────────────────────────
              Tot / % measured:                     732s /   4.4%           35.1GiB /   7.6%    

Section                               ncalls     time    %tot     avg     alloc    %tot      avg
────────────────────────────────────────────────────────────────────────────────────────────────
get_approx_query                           1    32.3s  100.0%   32.3s   2.67GiB  100.0%  2.67GiB
  OVERT                                    4    21.0s   65.1%   5.25s   1.56GiB   58.5%   400MiB
query_iteration                            0   0.00ns    0.0%    NaNh     0.00B    0.0%        -
  next_query                               6     525s  1626.4%   87.5s   24.2GiB  907.5%  4.04GiB
    query_construction                   893     269s  834.3%   301ms   13.6GiB  508.0%  15.6MiB
      feasibility_cache_check          4.52k    1.12s    3.5%   248μs    141KiB    0.0%    32.0B
      PicoSAT_solve                    5.41k    630ms    2.0%   117μs    169KiB    0.0%    32.0B
      atom_recovery                    4.52k    520ms    1.6%   115μs   42.5MiB    1.6%  9.64KiB
        atom_computation               4.52k    383ms    1.2%  84.9μs   39.8MiB    1.5%  9.03KiB
        bound_computation              4.52k    109ms    0.3%  24.1μs   1.93MiB    0.1%     448B
      feasibility_cache_add            4.52k   21.2ms    0.1%  4.70μs   1.90MiB    0.1%     441B
      SMTprep                          4.52k   20.4ms    0.1%  4.51μs    141KiB    0.0%    32.0B
    check_infeasibility                2.07k     252s  782.3%   122ms   10.4GiB  390.4%  5.17MiB
      check_infeasibility_linear       2.07k     156s  482.7%  75.3ms   5.87GiB  219.6%  2.91MiB
        LP_create_model                3.16k    4.11s   12.7%  1.30ms    176MiB    6.4%  57.0KiB
        LP_populate_constraints        3.16k    1.16s    3.6%   365μs    303MiB   11.1%  98.2KiB
        LP_check                       3.16k    1.09s    3.4%   346μs   69.7MiB    2.5%  22.6KiB
        LP_add_constraints             3.16k    212ms    0.7%  67.1μs    120MiB    4.4%  39.0KiB
        feasibility_cache_check        4.13k    174ms    0.5%  42.1μs    129KiB    0.0%    32.0B
        SMTprep                        3.16k   14.1ms    0.0%  4.45μs   98.8KiB    0.0%    32.0B
        feasibility_cache_add          1.89k   7.77ms    0.0%  4.12μs    435KiB    0.0%     236B
      check_infeasibility_nonlinear    2.07k    96.7s  299.6%  46.8ms   4.56GiB  170.8%  2.26MiB
        feasibility_cache_check        1.79k    292ms    0.9%   163μs   55.8KiB    0.0%    32.0B
        feasibility_cache_add          1.65k   7.70ms    0.0%  4.67μs    713KiB    0.0%     443B
        SMTprep                        1.65k   7.01ms    0.0%  4.25μs   51.5KiB    0.0%    32.0B
    approx_resolution                  2.07k    830ms    2.6%   401μs    134MiB    4.9%  66.3KiB
    PicoSAT_solve                      2.07k    272ms    0.8%   131μs   64.8KiB    0.0%    32.0B
    atom_recovery                      2.07k    267ms    0.8%   129μs   20.0MiB    0.7%  9.91KiB
      atom_computation                 2.07k    199ms    0.6%  96.1μs   18.7MiB    0.7%  9.29KiB
      bound_computation                2.07k   56.3ms    0.2%  27.2μs    944KiB    0.0%     468B
    bound_atoms                        2.07k   86.0ms    0.3%  41.6μs   14.7MiB    0.5%  7.29KiB
    check_infeasibility_prep           4.13k   22.5ms    0.1%  5.44μs   8.39MiB    0.3%  2.08KiB
  olnnv_query_processing                   4    81.6s  252.9%   20.4s   2.88GiB  107.8%   737MiB
    nnv                                    5     116s  360.6%   23.3s   3.86GiB  144.6%   791MiB
      star_filter                          5     111s  344.7%   22.2s   3.72GiB  139.2%   761MiB
    status_backup                          2    9.73s   30.2%   4.87s    389MiB   14.2%   195MiB
  boolean_skeleton                         1    2.29s    7.1%   2.29s    103MiB    3.8%   103MiB
  olnnv_query_gen                          6    949ms    2.9%   158ms   70.7MiB    2.6%  11.8MiB
  legacy_approx                            6    281ms    0.9%  46.8ms   16.2MiB    0.6%  2.70MiB
  smt_filter_creation                      6   12.9μs    0.0%  2.15μs      192B    0.0%    32.0B
────────────────────────────────────────────────────────────────────────────────────────────────[QUERY] Found all non-linear combinations. Count: 4
[QUERY] Found all non-linear combinations. Count: 2
[QUERY] Found all non-linear combinations. Count: 1
[QUERY] Found all non-linear combinations. Count: 2
[QUERY] Found all non-linear combinations. Count: 2
[QUERY] Found all non-linear combinations. Count: 1
[QUERY] Found all non-linear combinations. Count: 2
[QUERY] Found all non-linear combinations. Count: 4
[QUERY] Found all non-linear combinations. Count: 4
[QUERY] Found all non-linear combinations. Count: 4
[QUERY] Found all non-linear combinations. Count: 4
[QUERY] Found all non-linear combinations. Count: 4
[QUERY] Found all non-linear combinations. Count: 4
[QUERY] Found all non-linear combinations. Count: 4
[QUERY] Found all non-linear combinations. Count: 4
[QUERY] Found all non-linear combinations. Count: 4
[QUERY] Found all non-linear combinations. Count: 4
[QUERY] Found all non-linear combinations. Count: 8
[QUERY] Found all non-linear combinations. Count: 8
[QUERY] Found all non-linear combinations. Count: 8
[QUERY] Found all non-linear combinations. Count: 8
[QUERY] Found all non-linear combinations. Count: 8
[QUERY] Found all non-linear combinations. Count: 8
[QUERY] Found all non-linear combinations. Count: 8
[QUERY] Found all non-linear combinations. Count: 8
[QUERY] Found all non-linear combinations. Count: 8
[QUERY] Found all non-linear combinations. Count: 8
[QUERY] Found all non-linear combinations. Count: 4
[QUERY] Found all non-linear combinations. Count: 4
[QUERY] Found all non-linear combinations. Count: 4
[QUERY] Found all non-linear combinations. Count: 4
[QUERY] Found all non-linear combinations. Count: 6
[QUERY] Found all non-linear combinations. Count: 6
[QUERY] Found all non-linear combinations. Count: 6
[QUERY] Found all non-linear combinations. Count: 6
[QUERY] Found all non-linear combinations. Count: 8
[QUERY] Found all non-linear combinations. Count: 8
[QUERY] Found all non-linear combinations. Count: 8
[QUERY] Found all non-linear combinations. Count: 8
[QUERY] Found all non-linear combinations. Count: 8
[QUERY] Found all non-linear combinations. Count: 8
[QUERY] Found all non-linear combinations. Count: 8
[QUERY] Found all non-linear combinations. Count: 8
[QUERY] Found all non-linear combinations. Count: 8
[QUERY] Found all non-linear combinations. Count: 8
[QUERY] Found all non-linear combinations. Count: 8
[QUERY] Found all non-linear combinations. Count: 8
[QUERY] Found all non-linear combinations. Count: 8
[QUERY] Found all non-linear combinations. Count: 8
[QUERY] Found all non-linear combinations. Count: 8
[QUERY] Found all non-linear combinations. Count: 8
[QUERY] Found all non-linear combinations. Count: 8
[QUERY] Found all non-linear combinations. Count: 8
[QUERY] Found all non-linear combinations. Count: 8
[QUERY] Found all non-linear combinations. Count: 8
[QUERY] Found all non-linear combinations. Count: 8
[QUERY] Found all non-linear combinations. Count: 8
[QUERY] Found all non-linear combinations. Count: 8
[QUERY] Found all non-linear combinations. Count: 8
[QUERY] Found all non-linear combinations. Count: 8
[QUERY] Found all non-linear combinations. Count: 8
[QUERY] Found all non-linear combinations. Count: 8
[QUERY] Found all non-linear combinations. Count: 8
[QUERY] Found all non-linear combinations. Count: 8
[QUERY] Found all non-linear combinations. Count: 8
[QUERY] Found all non-linear combinations. Count: 4
[QUERY] Found all non-linear combinations. Count: 4
[QUERY] Found all non-linear combinations. Count: 4
[QUERY] Found all non-linear combinations. Count: 4
[QUERY] Found all non-linear combinations. Count: 4
[QUERY] Found all non-linear combinations. Count: 4
[QUERY] Found all non-linear combinations. Count: 4
[QUERY] Found all non-linear combinations. Count: 4
[QUERY] Found all non-linear combinations. Count: 4
[QUERY] Found all non-linear combinations. Count: 4
[QUERY] Found all non-linear combinations. Count: 4
[QUERY] Found all non-linear combinations. Count: 4
[QUERY] Found all non-linear combinations. Count: 4
[QUERY] Found all non-linear combinations. Count: 4
[QUERY] Found all non-linear combinations. Count: 4
[QUERY] Found all non-linear combinations. Count: 4
[QUERY] Found all non-linear combinations. Count: 4
[QUERY] Found all non-linear combinations. Count: 4
[QUERY] Found all non-linear combinations. Count: 4
[QUERY] Found all non-linear combinations. Count: 4
[QUERY] Found all non-linear combinations. Count: 4
[QUERY] Found all non-linear combinations. Count: 4
[QUERY] Found all non-linear combinations. Count: 4
[QUERY] Found all non-linear combinations. Count: 4
[QUERY] Found all non-linear combinations. Count: 4
[QUERY] Found all non-linear combinations. Count: 4
[QUERY] Found all non-linear combinations. Count: 4
[QUERY] Found all non-linear combinations. Count: 4
[QUERY] Found all non-linear combinations. Count: 4
[QUERY] Found all non-linear combinations. Count: 4
[QUERY] Found all non-linear combinations. Count: 4
[QUERY] Found all non-linear combinations. Count: 4
[QUERY] Found all non-linear combinations. Count: 4
[QUERY] Found all non-linear combinations. Count: 4
[QUERY] Found all non-linear combinations. Count: 4
[QUERY] Found all non-linear combinations. Count: 4
[QUERY] Found all non-linear combinations. Count: 4
[QUERY] Found all non-linear combinations. Count: 4
[QUERY] Found all non-linear combinations. Count: 4
[QUERY] Found all non-linear combinations. Count: 4
[QUERY] Found all non-linear combinations. Count: 2
[QUERY] Found all non-linear combinations. Count: 2
[QUERY] Found all non-linear combinations. Count: 2
[QUERY] Found all non-linear combinations. Count: 2
[QUERY] Found all non-linear combinations. Count: 4
[QUERY] Found all non-linear combinations. Count: 8
[QUERY] Found all non-linear combinations. Count: 8
[QUERY] Found all non-linear combinations. Count: 4
[QUERY] Found all non-linear combinations. Count: 2
[QUERY] Found all non-linear combinations. Count: 4
[QUERY] Returning nonlinear disjunction
[CTRL] Considering conjunction with 3 input constraints and a disjunction of size 115
[APPROX] Checking cache: NCubeV.Approx.ApproxCacheObject[]
[APPROX] Constructing Approximation
[APPROX] Resolving approximation
[CTRL] Initiating iterator over current linear queries
[APPROX] # Conjunctions over output: 115
[CTRL] Processing linear query no. 7
[NNENUM] Running nnenum now...
[NNENUM] lb: [31.703236423477783, 0.0]
[NNENUM] ub: [100.0, 0.0]
[NNENUM] Creating LP Star...
[NNENUM] Checking feasibility
[NNENUM] Generating output Spec...
[NNENUM] Spec list length:  115
[NNENUM] Enumeration in progress... 

[NNENUM] Result: 
<nnenum.result.Result object at 0x72398cfec5e0>
[NNENUM] Enumeration finished.
safe
[NNENUM] Filtering result using SMT solver...
[QUERY] Found all non-linear combinations. Count: 4
[QUERY] Found all non-linear combinations. Count: 4
[QUERY] Found all non-linear combinations. Count: 4
[QUERY] Found all non-linear combinations. Count: 4
[QUERY] Found all non-linear combinations. Count: 4
[QUERY] Found all non-linear combinations. Count: 4
[QUERY] Found all non-linear combinations. Count: 4
[QUERY] Found all non-linear combinations. Count: 2
[QUERY] Found all non-linear combinations. Count: 2
[QUERY] Found all non-linear combinations. Count: 2
[QUERY] Found all non-linear combinations. Count: 2
[QUERY] Found all non-linear combinations. Count: 2
[QUERY] Found all non-linear combinations. Count: 2
[QUERY] Found all non-linear combinations. Count: 2
[QUERY] Found all non-linear combinations. Count: 2
[QUERY] Found all non-linear combinations. Count: 4
[QUERY] Found all non-linear combinations. Count: 4
[QUERY] Found all non-linear combinations. Count: 4
[QUERY] Found all non-linear combinations. Count: 4
[QUERY] Found all non-linear combinations. Count: 4
[QUERY] Found all non-linear combinations. Count: 4
[QUERY] Found all non-linear combinations. Count: 4
[QUERY] Found all non-linear combinations. Count: 4
[QUERY] Found all non-linear combinations. Count: 4
[QUERY] Found all non-linear combinations. Count: 4
[QUERY] Found all non-linear combinations. Count: 4
[QUERY] Found all non-linear combinations. Count: 4
[QUERY] Found all non-linear combinations. Count: 4
[QUERY] Found all non-linear combinations. Count: 4
[QUERY] Found all non-linear combinations. Count: 2
[QUERY] Found all non-linear combinations. Count: 2
[QUERY] Found all non-linear combinations. Count: 2
[QUERY] Found all non-linear combinations. Count: 2
[QUERY] Found all non-linear combinations. Count: 2
[QUERY] Found all non-linear combinations. Count: 2
[QUERY] Found all non-linear combinations. Count: 2
[QUERY] Found all non-linear combinations. Count: 2
[QUERY] Found all non-linear combinations. Count: 2
[QUERY] Found all non-linear combinations. Count: 2
[QUERY] Found all non-linear combinations. Count: 4
[QUERY] Found all non-linear combinations. Count: 4
[QUERY] Found all non-linear combinations. Count: 4
[QUERY] Found all non-linear combinations. Count: 4
[QUERY] Found all non-linear combinations. Count: 4
[QUERY] Found all non-linear combinations. Count: 4
[QUERY] Found all non-linear combinations. Count: 4
[QUERY] Found all non-linear combinations. Count: 4
[QUERY] Found all non-linear combinations. Count: 4
[QUERY] Found all non-linear combinations. Count: 4
[QUERY] Found all non-linear combinations. Count: 4
[QUERY] Found all non-linear combinations. Count: 4
[QUERY] Found all non-linear combinations. Count: 4
[QUERY] Found all non-linear combinations. Count: 4
[QUERY] Found all non-linear combinations. Count: 4
[QUERY] Found all non-linear combinations. Count: 4
[QUERY] Found all non-linear combinations. Count: 4
[QUERY] Found all non-linear combinations. Count: 4
[QUERY] Found all non-linear combinations. Count: 4
[QUERY] Found all non-linear combinations. Count: 4
[QUERY] Found all non-linear combinations. Count: 4
[QUERY] Found all non-linear combinations. Count: 4
[QUERY] Found all non-linear combinations. Count: 4
[QUERY] Found all non-linear combinations. Count: 4
[QUERY] Found all non-linear combinations. Count: 2
[QUERY] Found all non-linear combinations. Count: 2
[QUERY] Found all non-linear combinations. Count: 2
[QUERY] Found all non-linear combinations. Count: 2
[QUERY] Found all non-linear combinations. Count: 4
[QUERY] Found all non-linear combinations. Count: 8
[QUERY] Found all non-linear combinations. Count: 16
[QUERY] Found all non-linear combinations. Count: 8
[QUERY] Found all non-linear combinations. Count: 8
[QUERY] Found all non-linear combinations. Count: 8
[QUERY] Found all non-linear combinations. Count: 12
[QUERY] Found all non-linear combinations. Count: 12
[QUERY] Found all non-linear combinations. Count: 12
[QUERY] Found all non-linear combinations. Count: 12
[QUERY] Found all non-linear combinations. Count: 6
[QUERY] Found all non-linear combinations. Count: 6
[QUERY] Found all non-linear combinations. Count: 6
[QUERY] Found all non-linear combinations. Count: 6
[QUERY] Found all non-linear combinations. Count: 8
[QUERY] Found all non-linear combinations. Count: 8
[QUERY] Found all non-linear combinations. Count: 8
[QUERY] Found all non-linear combinations. Count: 8
[QUERY] Found all non-linear combinations. Count: 8
[QUERY] Found all non-linear combinations. Count: 8
[QUERY] Found all non-linear combinations. Count: 8
[QUERY] Found all non-linear combinations. Count: 8
[QUERY] Found all non-linear combinations. Count: 8
[QUERY] Found all non-linear combinations. Count: 8
[QUERY] Found all non-linear combinations. Count: 8
[QUERY] Found all non-linear combinations. Count: 8
[QUERY] Found all non-linear combinations. Count: 4
[QUERY] Found all non-linear combinations. Count: 4
[QUERY] Found all non-linear combinations. Count: 4
[QUERY] Found all non-linear combinations. Count: 4
[QUERY] Found all non-linear combinations. Count: 4
[QUERY] Found all non-linear combinations. Count: 4
[QUERY] Found all non-linear combinations. Count: 4
[QUERY] Found all non-linear combinations. Count: 4
[QUERY] Found all non-linear combinations. Count: 8
[QUERY] Found all non-linear combinations. Count: 8
[QUERY] Found all non-linear combinations. Count: 8
[QUERY] Found all non-linear combinations. Count: 8
[QUERY] Found all non-linear combinations. Count: 8
[QUERY] Found all non-linear combinations. Count: 8
[QUERY] Found all non-linear combinations. Count: 8
[QUERY] Found all non-linear combinations. Count: 8
[QUERY] Found all non-linear combinations. Count: 8
[QUERY] Found all non-linear combinations. Count: 8
[QUERY] Found all non-linear combinations. Count: 8
[QUERY] Found all non-linear combinations. Count: 8
[QUERY] Found all non-linear combinations. Count: 8
[QUERY] Found all non-linear combinations. Count: 16
[QUERY] Found all non-linear combinations. Count: 8
[QUERY] Found all non-linear combinations. Count: 16
[QUERY] Found all non-linear combinations. Count: 8
[QUERY] Found all non-linear combinations. Count: 8
[QUERY] Found all non-linear combinations. Count: 8
[QUERY] Found all non-linear combinations. Count: 8
[QUERY] Found all non-linear combinations. Count: 8
[QUERY] Found all non-linear combinations. Count: 8
[QUERY] Found all non-linear combinations. Count: 8
[QUERY] Found all non-linear combinations. Count: 4
[QUERY] Found all non-linear combinations. Count: 4
[QUERY] Found all non-linear combinations. Count: 4
[QUERY] Found all non-linear combinations. Count: 4
[QUERY] Found all non-linear combinations. Count: 8
[QUERY] Found all non-linear combinations. Count: 8
[QUERY] Found all non-linear combinations. Count: 8
[QUERY] Found all non-linear combinations. Count: 8
[QUERY] Found all non-linear combinations. Count: 8
[QUERY] Found all non-linear combinations. Count: 8
[QUERY] Found all non-linear combinations. Count: 8
[QUERY] Found all non-linear combinations. Count: 8
[QUERY] Found all non-linear combinations. Count: 8
[QUERY] Found all non-linear combinations. Count: 8
[QUERY] Found all non-linear combinations. Count: 8
[QUERY] Found all non-linear combinations. Count: 8
[QUERY] Found all non-linear combinations. Count: 8
[QUERY] Found all non-linear combinations. Count: 8
[QUERY] Found all non-linear combinations. Count: 8
[QUERY] Found all non-linear combinations. Count: 8
[QUERY] Found all non-linear combinations. Count: 4
[QUERY] Found all non-linear combinations. Count: 4
[QUERY] Found all non-linear combinations. Count: 4
[QUERY] Found all non-linear combinations. Count: 4
[QUERY] Found all non-linear combinations. Count: 4
[QUERY] Found all non-linear combinations. Count: 4
[QUERY] Found all non-linear combinations. Count: 4
[QUERY] Found all non-linear combinations. Count: 4
[QUERY] Found all non-linear combinations. Count: 8
[QUERY] Found all non-linear combinations. Count: 8
[QUERY] Found all non-linear combinations. Count: 8
[QUERY] Found all non-linear combinations. Count: 8
[QUERY] Found all non-linear combinations. Count: 8
[QUERY] Found all non-linear combinations. Count: 8
[QUERY] Found all non-linear combinations. Count: 8
[QUERY] Found all non-linear combinations. Count: 8
[QUERY] Found all non-linear combinations. Count: 8
[QUERY] Found all non-linear combinations. Count: 8
[QUERY] Found all non-linear combinations. Count: 8
[QUERY] Found all non-linear combinations. Count: 8
[QUERY] Found all non-linear combinations. Count: 8
[QUERY] Found all non-linear combinations. Count: 8
[QUERY] Found all non-linear combinations. Count: 8
[QUERY] Found all non-linear combinations. Count: 8
[QUERY] Found all non-linear combinations. Count: 4
[QUERY] Found all non-linear combinations. Count: 4
[QUERY] Found all non-linear combinations. Count: 4
[QUERY] Found all non-linear combinations. Count: 4
[QUERY] Found all non-linear combinations. Count: 4
[QUERY] Found all non-linear combinations. Count: 4
[QUERY] Found all non-linear combinations. Count: 4
[QUERY] Found all non-linear combinations. Count: 4
[QUERY] Found all non-linear combinations. Count: 4
[QUERY] Found all non-linear combinations. Count: 4
[QUERY] Found all non-linear combinations. Count: 8
[QUERY] Found all non-linear combinations. Count: 16
[QUERY] Found all non-linear combinations. Count: 16
[QUERY] Found all non-linear combinations. Count: 16
[QUERY] Found all non-linear combinations. Count: 16
[QUERY] Found all non-linear combinations. Count: 16
[QUERY] Found all non-linear combinations. Count: 16
[QUERY] Found all non-linear combinations. Count: 16
[QUERY] Found all non-linear combinations. Count: 16
[QUERY] Found all non-linear combinations. Count: 16
[QUERY] Found all non-linear combinations. Count: 16
[QUERY] Found all non-linear combinations. Count: 16
[QUERY] Found all non-linear combinations. Count: 16
[QUERY] Found all non-linear combinations. Count: 16
[QUERY] Found all non-linear combinations. Count: 16
[QUERY] Found all non-linear combinations. Count: 16
[QUERY] Found all non-linear combinations. Count: 16
[QUERY] Found all non-linear combinations. Count: 16
[QUERY] Found all non-linear combinations. Count: 16
[QUERY] Found all non-linear combinations. Count: 16
[QUERY] Found all non-linear combinations. Count: 16
[QUERY] Found all non-linear combinations. Count: 16
[QUERY] Found all non-linear combinations. Count: 16
[QUERY] Found all non-linear combinations. Count: 16
[QUERY] Found all non-linear combinations. Count: 16
[QUERY] Found all non-linear combinations. Count: 16
[QUERY] Found all non-linear combinations. Count: 16
[QUERY] Found all non-linear combinations. Count: 16
[QUERY] Found all non-linear combinations. Count: 16
[QUERY] Found all non-linear combinations. Count: 16
[QUERY] Found all non-linear combinations. Count: 16
[QUERY] Found all non-linear combinations. Count: 16
[QUERY] Found all non-linear combinations. Count: 16
[QUERY] Found all non-linear combinations. Count: 16
[QUERY] Found all non-linear combinations. Count: 16
[QUERY] Found all non-linear combinations. Count: 8
[QUERY] Found all non-linear combinations. Count: 8
[QUERY] Found all non-linear combinations. Count: 8
[QUERY] Found all non-linear combinations. Count: 8
[QUERY] Found all non-linear combinations. Count: 8
[QUERY] Found all non-linear combinations. Count: 8
[QUERY] Found all non-linear combinations. Count: 8
[QUERY] Found all non-linear combinations. Count: 8
[QUERY] Found all non-linear combinations. Count: 16
[QUERY] Found all non-linear combinations. Count: 16
[QUERY] Found all non-linear combinations. Count: 16
[QUERY] Found all non-linear combinations. Count: 16
[QUERY] Found all non-linear combinations. Count: 16
[QUERY] Found all non-linear combinations. Count: 8
[QUERY] Found all non-linear combinations. Count: 8
[QUERY] Found all non-linear combinations. Count: 8
[QUERY] Found all non-linear combinations. Count: 8
[QUERY] Found all non-linear combinations. Count: 8
[QUERY] Found all non-linear combinations. Count: 8
[QUERY] Found all non-linear combinations. Count: 8
[QUERY] Found all non-linear combinations. Count: 8
[QUERY] Found all non-linear combinations. Count: 8
[QUERY] Found all non-linear combinations. Count: 8
[QUERY] Found all non-linear combinations. Count: 8
[QUERY] Found all non-linear combinations. Count: 8
[QUERY] Found all non-linear combinations. Count: 8
[QUERY] Found all non-linear combinations. Count: 8
[QUERY] Found all non-linear combinations. Count: 8
[QUERY] Found all non-linear combinations. Count: 8
[QUERY] Found all non-linear combinations. Count: 8
[QUERY] Found all non-linear combinations. Count: 8
[QUERY] Found all non-linear combinations. Count: 8
[QUERY] Found all non-linear combinations. Count: 8
[QUERY] Found all non-linear combinations. Count: 8
[QUERY] Found all non-linear combinations. Count: 8
[QUERY] Found all non-linear combinations. Count: 8
[QUERY] Found all non-linear combinations. Count: 8
[QUERY] Found all non-linear combinations. Count: 8
[QUERY] Found all non-linear combinations. Count: 8
[QUERY] Found all non-linear combinations. Count: 8
[QUERY] Found all non-linear combinations. Count: 8
[QUERY] Found all non-linear combinations. Count: 8
[QUERY] Found all non-linear combinations. Count: 8
[QUERY] Found all non-linear combinations. Count: 8
[QUERY] Found all non-linear combinations. Count: 8
[QUERY] Found all non-linear combinations. Count: 4
[QUERY] Found all non-linear combinations. Count: 4
[QUERY] Found all non-linear combinations. Count: 4
[QUERY] Found all non-linear combinations. Count: 4
[QUERY] Found all non-linear combinations. Count: 4
[QUERY] Found all non-linear combinations. Count: 4
[QUERY] Found all non-linear combinations. Count: 4
[QUERY] Found all non-linear combinations. Count: 4
[QUERY] Found all non-linear combinations. Count: 4
[QUERY] Found all non-linear combinations. Count: 4
[QUERY] Found all non-linear combinations. Count: 4
[QUERY] Found all non-linear combinations. Count: 4
[QUERY] Found all non-linear combinations. Count: 4
[QUERY] Found all non-linear combinations. Count: 4
[QUERY] Returning nonlinear disjunction
[CTRL] Considering conjunction with 3 input constraints and a disjunction of size 272
[APPROX] Checking cache: NCubeV.Approx.ApproxCacheObject[]
[APPROX] Constructing Approximation
[APPROX] Resolving approximation
[CTRL] Initiating iterator over current linear queries
[APPROX] # Conjunctions over output: 272
[QUERY] Found all non-linear combinations. Count: 8
[QUERY] Found all non-linear combinations. Count: 16
[QUERY] Found all non-linear combinations. Count: 8
[QUERY] Found all non-linear combinations. Count: 8
[QUERY] Found all non-linear combinations. Count: 8
[QUERY] Found all non-linear combinations. Count: 8
[QUERY] Found all non-linear combinations. Count: 16
[QUERY] Found all non-linear combinations. Count: 16
[QUERY] Found all non-linear combinations. Count: 16
[QUERY] Found all non-linear combinations. Count: 16
[QUERY] Found all non-linear combinations. Count: 16
[QUERY] Found all non-linear combinations. Count: 8
[QUERY] Found all non-linear combinations. Count: 8
[QUERY] Found all non-linear combinations. Count: 8
[QUERY] Found all non-linear combinations. Count: 8
[QUERY] Found all non-linear combinations. Count: 8
[QUERY] Found all non-linear combinations. Count: 8
[QUERY] Found all non-linear combinations. Count: 8
[QUERY] Found all non-linear combinations. Count: 8
[QUERY] Found all non-linear combinations. Count: 16
[QUERY] Found all non-linear combinations. Count: 16
[QUERY] Found all non-linear combinations. Count: 16
[QUERY] Found all non-linear combinations. Count: 16
[QUERY] Found all non-linear combinations. Count: 8
[QUERY] Found all non-linear combinations. Count: 8
[QUERY] Found all non-linear combinations. Count: 8
[QUERY] Found all non-linear combinations. Count: 8
[QUERY] Found all non-linear combinations. Count: 16
[QUERY] Found all non-linear combinations. Count: 16
[QUERY] Found all non-linear combinations. Count: 16
[QUERY] Found all non-linear combinations. Count: 16
[QUERY] Found all non-linear combinations. Count: 16
[QUERY] Found all non-linear combinations. Count: 16
[QUERY] Found all non-linear combinations. Count: 16
[QUERY] Found all non-linear combinations. Count: 16
[QUERY] Found all non-linear combinations. Count: 16
[QUERY] Found all non-linear combinations. Count: 16
[QUERY] Found all non-linear combinations. Count: 16
[QUERY] Found all non-linear combinations. Count: 16
[QUERY] Found all non-linear combinations. Count: 12
[QUERY] Found all non-linear combinations. Count: 8
[QUERY] Found all non-linear combinations. Count: 8
[QUERY] Found all non-linear combinations. Count: 8
[QUERY] Found all non-linear combinations. Count: 8
[QUERY] Found all non-linear combinations. Count: 12
[QUERY] Found all non-linear combinations. Count: 12
[QUERY] Found all non-linear combinations. Count: 12
[QUERY] Found all non-linear combinations. Count: 16
[QUERY] Found all non-linear combinations. Count: 16
[QUERY] Found all non-linear combinations. Count: 16
[QUERY] Found all non-linear combinations. Count: 16
[QUERY] Found all non-linear combinations. Count: 16
[QUERY] Found all non-linear combinations. Count: 16
[QUERY] Found all non-linear combinations. Count: 16
[QUERY] Found all non-linear combinations. Count: 8
[QUERY] Found all non-linear combinations. Count: 16
[QUERY] Found all non-linear combinations. Count: 16
[QUERY] Found all non-linear combinations. Count: 16
[QUERY] Found all non-linear combinations. Count: 16
[QUERY] Found all non-linear combinations. Count: 16
[QUERY] Found all non-linear combinations. Count: 16
[QUERY] Found all non-linear combinations. Count: 16
[QUERY] Found all non-linear combinations. Count: 16
[QUERY] Found all non-linear combinations. Count: 16
[QUERY] Found all non-linear combinations. Count: 16
[QUERY] Found all non-linear combinations. Count: 16
[QUERY] Found all non-linear combinations. Count: 16
[QUERY] Found all non-linear combinations. Count: 16
[QUERY] Found all non-linear combinations. Count: 16
[QUERY] Found all non-linear combinations. Count: 16
[QUERY] Found all non-linear combinations. Count: 16
[QUERY] Returning nonlinear disjunction
[CTRL] Considering conjunction with 3 input constraints and a disjunction of size 71
[APPROX] Checking cache: NCubeV.Approx.ApproxCacheObject[]
[APPROX] Constructing Approximation
[APPROX] Resolving approximation
[CTRL] Initiating iterator over current linear queries
[APPROX] # Conjunctions over output: 71
[CTRL] Processing linear query no. 8
[NNENUM] Running nnenum now...
[NNENUM] lb: [31.703236423477783, -73.18705430608887]
[NNENUM] ub: [100.0, 0.0]
[NNENUM] Creating LP Star...
[NNENUM] Checking feasibility
[NNENUM] Generating output Spec...
[NNENUM] Spec list length:  71
[NNENUM] Enumeration in progress... 
(0.0 sec) Q: 0, Sets: 0/1  (0.0%) CEs: 0 ETA: - (expected 1 stars)   
(0.1 sec) Q: 0, Sets: 1/4  (12.5%) CEs: 2 ETA: 0.9 sec (expected 8 stars)   
(0.3 sec) Q: 0, Sets: 5/10  (51.562%) CEs: 6 ETA: 0.3 sec (expected 10 stars)   
(0.8 sec) Q: 0, Sets: 14/18  (68.359%) CEs: 15 ETA: 0.4 sec (expected 20 stars)   
(1.0 sec) Q: 0, Sets: 19/21  (75.0%) CEs: 20 ETA: 0.3 sec (expected 25 stars)     
Total Stars: 21 (21 exact, 0 approx)
Unfinished Stars: 0
Runtime: 1.1 sec
Completed work frac: 1.0
Num Stars Copied Between Processes: 0
Num Lps During Enumeration: 420
Total Num Lps: 420

Result: network is UNSAFE with confirmed counterexample in result.cinput and result.coutput
Input: [31.703235626220703, -28.821125030517578]
Output: [12.477522850036621]

[NNENUM] Result: 
<nnenum.result.Result object at 0x72398da9eb20>
[NNENUM] Enumeration finished.
unsafe
[NNENUM] Found counter-example stars: 21
[NNENUM] Filtering result using SMT solver...
checking star with SMT
checking star with SMT
checking star with SMT
checking star with SMT
checking star with SMT
checking star with SMT
checking star with SMT
checking star with SMT
checking star with SMT
checking star with SMT
checking star with SMT
checking star with SMT
[SMT] Reusing original (linear) counter-example due to error in SMT model extraction
checking star with SMT
checking star with SMT
checking star with SMT
checking star with SMT
checking star with SMT
checking star with SMT
checking star with SMT
checking star with SMT
checking star with SMT
[SMT] SMT filtered out 20 stars (out of 21; TO: 0).
[CTRL] Saving current state of verification...
────────────────────────────────────────────────────────────────────────────────────────────────
                                                       Time                    Allocations      
                                              ───────────────────────   ────────────────────────
              Tot / % measured:                    1019s /   3.2%           50.0GiB /   5.3%    

Section                               ncalls     time    %tot     avg     alloc    %tot      avg
────────────────────────────────────────────────────────────────────────────────────────────────
get_approx_query                           1    32.3s  100.0%   32.3s   2.67GiB  100.0%  2.67GiB
  OVERT                                    4    21.0s   65.1%   5.25s   1.56GiB   58.5%   400MiB
query_iteration                            0   0.00ns    0.0%    NaNh     0.00B    0.0%        -
  next_query                               9     786s  2437.2%   87.4s   38.2GiB  1430.7%  4.25GiB
    query_construction                 1.35k     436s  1351.7%   323ms   23.0GiB  861.5%  17.4MiB
      feasibility_cache_check          7.64k    2.49s    7.7%   326μs    239KiB    0.0%    32.0B
      PicoSAT_solve                    8.99k    1.35s    4.2%   150μs    281KiB    0.0%    32.0B
      atom_recovery                    7.64k    818ms    2.5%   107μs   71.6MiB    2.6%  9.59KiB
        atom_computation               7.64k    603ms    1.9%  78.9μs   67.0MiB    2.5%  8.98KiB
        bound_computation              7.64k    170ms    0.5%  22.3μs   3.27MiB    0.1%     448B
      feasibility_cache_add            7.64k   34.5ms    0.1%  4.52μs   3.39MiB    0.1%     465B
      SMTprep                          7.64k   31.7ms    0.1%  4.14μs    239KiB    0.0%    32.0B
    check_infeasibility                2.92k     346s  1072.0%   118ms   14.9GiB  556.5%  5.22MiB
      check_infeasibility_linear       2.92k     207s  640.8%  70.8ms   8.09GiB  302.8%  2.84MiB
        LP_create_model                4.47k    5.74s   17.8%  1.29ms    248MiB    9.1%  57.0KiB
        LP_populate_constraints        4.47k    1.52s    4.7%   340μs    429MiB   15.7%  98.3KiB
        LP_check                       4.47k    1.29s    4.0%   288μs   98.5MiB    3.6%  22.6KiB
        feasibility_cache_check        5.84k    306ms    0.9%  52.5μs    182KiB    0.0%    32.0B
        LP_add_constraints             4.47k    275ms    0.9%  61.5μs    170MiB    6.2%  39.1KiB
        SMTprep                        4.47k   17.9ms    0.1%  4.01μs    140KiB    0.0%    32.0B
        feasibility_cache_add          2.78k   10.8ms    0.0%  3.90μs    661KiB    0.0%     244B
      check_infeasibility_nonlinear    2.92k     139s  431.2%  47.7ms   6.78GiB  253.7%  2.38MiB
        feasibility_cache_check        2.70k    552ms    1.7%   204μs   84.4KiB    0.0%    32.0B
        feasibility_cache_add          2.46k   11.0ms    0.0%  4.46μs   1.00MiB    0.0%     425B
        SMTprep                        2.46k   9.83ms    0.0%  3.99μs   77.0KiB    0.0%    32.0B
    approx_resolution                  2.92k    1.06s    3.3%   365μs    188MiB    6.9%  66.1KiB
    PicoSAT_solve                      2.93k    401ms    1.2%   137μs   91.5KiB    0.0%    32.0B
    atom_recovery                      2.92k    348ms    1.1%   119μs   28.0MiB    1.0%  9.81KiB
      atom_computation                 2.92k    259ms    0.8%  88.7μs   26.2MiB    1.0%  9.19KiB
      bound_computation                2.92k   72.2ms    0.2%  24.7μs   1.29MiB    0.0%     462B
    bound_atoms                        2.92k    114ms    0.4%  39.1μs   20.8MiB    0.8%  7.29KiB
    check_infeasibility_prep           5.84k   30.1ms    0.1%  5.16μs   11.9MiB    0.4%  2.08KiB
  olnnv_query_processing                   6     127s  392.4%   21.1s   4.27GiB  159.9%   729MiB
    nnv                                    7     141s  437.5%   20.2s   4.74GiB  177.5%   694MiB
      star_filter                          7     135s  417.2%   19.2s   4.58GiB  171.6%   671MiB
    status_backup                          3    11.0s   34.1%   3.67s    432MiB   15.8%   144MiB
  boolean_skeleton                         1    2.29s    7.1%   2.29s    103MiB    3.8%   103MiB
  olnnv_query_gen                          9    1.02s    3.2%   113ms   91.2MiB    3.3%  10.1MiB
  legacy_approx                            9    282ms    0.9%  31.3ms   16.2MiB    0.6%  1.80MiB
  smt_filter_creation                      9   17.4μs    0.0%  1.94μs      288B    0.0%    32.0B
────────────────────────────────────────────────────────────────────────────────────────────────[QUERY] Found all non-linear combinations. Count: 4
 Count: 4
[QUERY] Found all non-linear combinations. Count: 4
[QUERY] Found all non-linear combinations. Count: 8
[QUERY] Found all non-linear combinations. Count: 4
[QUERY] Found all non-linear combinations. Count: 4
[QUERY] Found all non-linear combinations. Count: 4
[QUERY] Found all non-linear combinations. Count: 4
[QUERY] Found all non-linear combinations. Count: 4
[QUERY] Found all non-linear combinations. Count: 4
[QUERY] Found all non-linear combinations. Count: 4
[QUERY] Found all non-linear combinations. Count: 8
[QUERY] Found all non-linear combinations. Count: 8
[QUERY] Found all non-linear combinations. Count: 8
[QUERY] Found all non-linear combinations. Count: 8
[QUERY] Found all non-linear combinations. Count: 8
[QUERY] Found all non-linear combinations. Count: 4
[QUERY] Found all non-linear combinations. Count: 4
[QUERY] Found all non-linear combinations. Count: 4
[QUERY] Found all non-linear combinations. Count: 8
[QUERY] Found all non-linear combinations. Count: 8
[QUERY] Found all non-linear combinations. Count: 8
[QUERY] Found all non-linear combinations. Count: 8
[QUERY] Found all non-linear combinations. Count: 8
[QUERY] Found all non-linear combinations. Count: 4
[QUERY] Found all non-linear combinations. Count: 1
[QUERY] Found all non-linear combinations. Count: 4
[QUERY] Found all non-linear combinations. Count: 1
[QUERY] Found all non-linear combinations. Count: 8
[QUERY] Found all non-linear combinations. Count: 4
[QUERY] Found all non-linear combinations. Count: 8
[QUERY] Found all non-linear combinations. Count: 4
[QUERY] Returning nonlinear disjunction
[CTRL] Considering conjunction with 3 input constraints and a disjunction of size 31
[APPROX] Checking cache: NCubeV.Approx.ApproxCacheObject[]
[APPROX] Constructing Approximation
[APPROX] Resolving approximation
[CTRL] Initiating iterator over current linear queries
[APPROX] # Conjunctions over output: 31
[CTRL] Processing linear query no. 9
[NNENUM] Running nnenum now...
[NNENUM] lb: [0.0, -134.49259155717084]
[NNENUM] ub: [16.376852110707294, -73.18705430608887]
[NNENUM] Creating LP Star...
[NNENUM] Checking feasibility
[NNENUM] Generating output Spec...
[NNENUM] Spec list length:  31
[NNENUM] Enumeration in progress... 
(0.0 sec) Q: 0, Sets: 0/1  (0.0%) CEs: 0 ETA: - (expected 1 stars)   

Total Stars: 6 (6 exact, 0 approx)
Unfinished Stars: 0
Runtime: 0.1 sec
Completed work frac: 1.0
Num Stars Copied Between Processes: 0
Num Lps During Enumeration: 64
Total Num Lps: 64

Result: network is UNSAFE with confirmed counterexample in result.cinput and result.coutput
Input: [0.0, -95.23809814453125]
Output: [46.87452697753906]

[NNENUM] Result: 
<nnenum.result.Result object at 0x72398d6f2fd0>
[NNENUM] Enumeration finished.
unsafe
[NNENUM] Found counter-example stars: 6
[NNENUM] Filtering result using SMT solver...
checking star with SMT
checking star with SMT
checking star with SMT
checking star with SMT
checking star with SMT
checking star with SMT
[SMT] SMT filtered out 6 stars (out of 6; TO: 0).
[QUERY] Found all non-linear combinations. Count: 16
[QUERY] Found all non-linear combinations. Count: 16
[QUERY] Found all non-linear combinations. Count: 16
[QUERY] Found all non-linear combinations. Count: 16
[QUERY] Found all non-linear combinations. Count: 16
[QUERY] Found all non-linear combinations. Count: 8
[QUERY] Found all non-linear combinations. Count: 8
[QUERY] Found all non-linear combinations. Count: 8
[QUERY] Found all non-linear combinations. Count: 8
[QUERY] Found all non-linear combinations. Count: 16
[QUERY] Found all non-linear combinations. Count: 8
[QUERY] Found all non-linear combinations. Count: 8
[QUERY] Found all non-linear combinations. Count: 16
[QUERY] Found all non-linear combinations. Count: 16
[QUERY] Found all non-linear combinations. Count: 16
[QUERY] Found all non-linear combinations. Count: 16
[QUERY] Found all non-linear combinations. Count: 8
[QUERY] Found all non-linear combinations. Count: 8
[QUERY] Found all non-linear combinations. Count: 8
[QUERY] Found all non-linear combinations. Count: 8
[QUERY] Found all non-linear combinations. Count: 8
[QUERY] Found all non-linear combinations. Count: 16
[QUERY] Found all non-linear combinations. Count: 16
[QUERY] Returning nonlinear disjunction
[CTRL] Considering conjunction with 3 input constraints and a disjunction of size 23
[APPROX] Checking cache: NCubeV.Approx.ApproxCacheObject[]
[APPROX] Constructing Approximation
[APPROX] Resolving approximation
[CTRL] Initiating iterator over current linear queries
[APPROX] # Conjunctions over output: 23
[CTRL] Processing linear query no. 10
[NNENUM] Running nnenum now...
[NNENUM] lb: [0.0, -134.49259155717084]
[NNENUM] ub: [16.376852110707294, -73.18705430608887]
[NNENUM] Creating LP Star...
[NNENUM] Checking feasibility
[NNENUM] Generating output Spec...
[NNENUM] Spec list length:  23
[NNENUM] Enumeration in progress... 
(0.0 sec) Q: 0, Sets: 0/1  (0.0%) CEs: 0 ETA: - (expected 1 stars)   

Total Stars: 6 (6 exact, 0 approx)
Unfinished Stars: 0
Runtime: 0.1 sec
Completed work frac: 1.0
Num Stars Copied Between Processes: 0
Num Lps During Enumeration: 64
Total Num Lps: 64

Result: network is UNSAFE with confirmed counterexample in result.cinput and result.coutput
Input: [0.0, -73.18705749511719]
Output: [36.211280822753906]

[NNENUM] Result: 
<nnenum.result.Result object at 0x72398daae160>
[NNENUM] Enumeration finished.
unsafe
[NNENUM] Found counter-example stars: 6
[NNENUM] Filtering result using SMT solver...
checking star with SMT
checking star with SMT
checking star with SMT
checking star with SMT
checking star with SMT
checking star with SMT
[SMT] SMT filtered out 6 stars (out of 6; TO: 0).
[QUERY] Found all non-linear combinations. Count: 2
[QUERY] Found all non-linear combinations. Count: 2
[QUERY] Found all non-linear combinations. Count: 4
[QUERY] Found all non-linear combinations. Count: 8
[QUERY] Found all non-linear combinations. Count: 4
[QUERY] Found all non-linear combinations. Count: 8
[QUERY] Found all non-linear combinations. Count: 8
[QUERY] Found all non-linear combinations. Count: 8
[QUERY] Found all non-linear combinations. Count: 8
[QUERY] Found all non-linear combinations. Count: 8
[QUERY] Found all non-linear combinations. Count: 8
[QUERY] Found all non-linear combinations. Count: 8
[QUERY] Found all non-linear combinations. Count: 8
[QUERY] Found all non-linear combinations. Count: 6
[QUERY] Found all non-linear combinations. Count: 6
[QUERY] Found all non-linear combinations. Count: 4
[QUERY] Found all non-linear combinations. Count: 4
[QUERY] Found all non-linear combinations. Count: 4
[QUERY] Found all non-linear combinations. Count: 4
[QUERY] Found all non-linear combinations. Count: 6
[QUERY] Found all non-linear combinations. Count: 6
[QUERY] Found all non-linear combinations. Count: 8
[QUERY] Found all non-linear combinations. Count: 8
[QUERY] Found all non-linear combinations. Count: 8
[QUERY] Found all non-linear combinations. Count: 8
[QUERY] Found all non-linear combinations. Count: 8
[QUERY] Found all non-linear combinations. Count: 8
[QUERY] Found all non-linear combinations. Count: 8
[QUERY] Found all non-linear combinations. Count: 8
[QUERY] Found all non-linear combinations. Count: 8
[QUERY] Found all non-linear combinations. Count: 8
[QUERY] Found all non-linear combinations. Count: 8
[QUERY] Found all non-linear combinations. Count: 8
[QUERY] Found all non-linear combinations. Count: 4
[QUERY] Found all non-linear combinations. Count: 4
[QUERY] Found all non-linear combinations. Count: 4
[QUERY] Found all non-linear combinations. Count: 4
[QUERY] Found all non-linear combinations. Count: 4
[QUERY] Found all non-linear combinations. Count: 4
[QUERY] Found all non-linear combinations. Count: 4
[QUERY] Found all non-linear combinations. Count: 4
[QUERY] Found all non-linear combinations. Count: 4
[QUERY] Found all non-linear combinations. Count: 8
[QUERY] Found all non-linear combinations. Count: 8
[QUERY] Found all non-linear combinations. Count: 8
[QUERY] Found all non-linear combinations. Count: 8
[QUERY] Found all non-linear combinations. Count: 8
[QUERY] Found all non-linear combinations. Count: 8
[QUERY] Found all non-linear combinations. Count: 8
[QUERY] Found all non-linear combinations. Count: 8
[QUERY] Found all non-linear combinations. Count: 8
[QUERY] Found all non-linear combinations. Count: 8
[QUERY] Found all non-linear combinations. Count: 8
[QUERY] Found all non-linear combinations. Count: 8
[QUERY] Found all non-linear combinations. Count: 8
[QUERY] Found all non-linear combinations. Count: 8
[QUERY] Found all non-linear combinations. Count: 8
[QUERY] Found all non-linear combinations. Count: 8
[QUERY] Found all non-linear combinations. Count: 8
[QUERY] Found all non-linear combinations. Count: 8
[QUERY] Found all non-linear combinations. Count: 8
[QUERY] Found all non-linear combinations. Count: 8
[QUERY] Found all non-linear combinations. Count: 8
[QUERY] Returning nonlinear disjunction
[CTRL] Considering conjunction with 3 input constraints and a disjunction of size 63
[APPROX] Checking cache: NCubeV.Approx.ApproxCacheObject[]
[APPROX] Constructing Approximation
[APPROX] Resolving approximation
[CTRL] Initiating iterator over current linear queries
[APPROX] # Conjunctions over output: 63
[CTRL] Processing linear query no. 11
[NNENUM] Running nnenum now...
[NNENUM] lb: [0.0, 0.0]
[NNENUM] ub: [16.376852110707294, 0.0]
[NNENUM] Creating LP Star...
[NNENUM] Checking feasibility
[NNENUM] Generating output Spec...
[NNENUM] Spec list length:  63
[NNENUM] Enumeration in progress... 
(0.0 sec) Q: 0, Sets: 0/1  (0.0%) CEs: 0 ETA: - (expected 1 stars)   
(0.1 sec) Q: 0, Sets: 5/8  (18.75%) CEs: 5 ETA: 0.6 sec (expected 27 stars)   
(0.3 sec) Q: 0, Sets: 15/18  (59.375%) CEs: 16 ETA: 0.2 sec (expected 25 stars)   
(0.8 sec) Q: 0, Sets: 32/34  (98.047%) CEs: 32 ETA: 0.0 sec (expected 33 stars)   

Total Stars: 34 (34 exact, 0 approx)
Unfinished Stars: 0
Runtime: 0.9 sec
Completed work frac: 1.0
Num Stars Copied Between Processes: 0
Num Lps During Enumeration: 438
Total Num Lps: 438

Result: network is UNSAFE with confirmed counterexample in result.cinput and result.coutput
Input: [0.0, 0.0]
Output: [2.7605559825897217]

[NNENUM] Result: 
<nnenum.result.Result object at 0x72398da96a30>
[NNENUM] Enumeration finished.
unsafe
[NNENUM] Found counter-example stars: 34
[NNENUM] Filtering result using SMT solver...
checking star with SMT
checking star with SMT
checking star with SMT
checking star with SMT
checking star with SMT
checking star with SMT
checking star with SMT
checking star with SMT
checking star with SMT
checking star with SMT
checking star with SMT
checking star with SMT
checking star with SMT
checking star with SMT
checking star with SMT
checking star with SMT
checking star with SMT
checking star with SMT
checking star with SMT
checking star with SMT
checking star with SMT
checking star with SMT
checking star with SMT
checking star with SMT
checking star with SMT
checking star with SMT
checking star with SMT
checking star with SMT
checking star with SMT
checking star with SMT
checking star with SMT
checking star with SMT
checking star with SMT
checking star with SMT
[SMT] SMT filtered out 34 stars (out of 34; TO: 0).
[CTRL] Saving current state of verification...
────────────────────────────────────────────────────────────────────────────────────────────────
                                                       Time                    Allocations      
                                              ───────────────────────   ────────────────────────
              Tot / % measured:                    1230s /   2.6%           59.2GiB /   4.5%    

Section                               ncalls     time    %tot     avg     alloc    %tot      avg
────────────────────────────────────────────────────────────────────────────────────────────────
get_approx_query                           1    32.3s  100.0%   32.3s   2.67GiB  100.0%  2.67GiB
  OVERT                                    4    21.0s   65.1%   5.25s   1.56GiB   58.5%   400MiB
query_iteration                            0   0.00ns    0.0%    NaNh     0.00B    0.0%        -
  next_query                              12     947s  2934.7%   78.9s   45.9GiB  1719.0%  3.83GiB
    query_construction                 1.47k     475s  1473.7%   324ms   25.3GiB  947.1%  17.7MiB
      feasibility_cache_check          8.40k    2.90s    9.0%   346μs    262KiB    0.0%    32.0B
      PicoSAT_solve                    9.87k    1.55s    4.8%   157μs    308KiB    0.0%    32.0B
      atom_recovery                    8.40k    888ms    2.8%   106μs   78.6MiB    2.9%  9.58KiB
        atom_computation               8.40k    655ms    2.0%  78.0μs   73.6MiB    2.7%  8.97KiB
        bound_computation              8.40k    185ms    0.6%  22.0μs   3.59MiB    0.1%     448B
      feasibility_cache_add            8.40k   37.7ms    0.1%  4.49μs   3.70MiB    0.1%     462B
      SMTprep                          8.40k   34.3ms    0.1%  4.09μs    262KiB    0.0%    32.0B
    check_infeasibility                4.43k     464s  1439.2%   105ms   20.1GiB  753.4%  4.65MiB
      check_infeasibility_linear       4.43k     315s  975.4%  71.0ms   12.7GiB  476.7%  2.94MiB
        LP_create_model                7.09k    8.08s   25.0%  1.14ms    395MiB   14.4%  57.0KiB
        LP_populate_constraints        7.09k    2.79s    8.7%   394μs    693MiB   25.3%   100KiB
        LP_check                       7.09k    1.66s    5.1%   234μs    158MiB    5.8%  22.8KiB
        feasibility_cache_check        8.86k    602ms    1.9%  68.0μs    277KiB    0.0%    32.0B
        LP_add_constraints             7.09k    402ms    1.2%  56.6μs    276MiB   10.1%  39.8KiB
        SMTprep                        7.09k   24.9ms    0.1%  3.51μs    222KiB    0.0%    32.0B
        feasibility_cache_add          3.91k   14.5ms    0.0%  3.70μs    900KiB    0.0%     236B
      check_infeasibility_nonlinear    4.43k     150s  463.7%  33.8ms   7.39GiB  276.7%  1.71MiB
        feasibility_cache_check        2.94k    639ms    2.0%   218μs   91.8KiB    0.0%    32.0B
        feasibility_cache_add          2.69k   11.9ms    0.0%  4.43μs   1.08MiB    0.0%     422B
        SMTprep                        2.69k   10.6ms    0.0%  3.93μs   84.2KiB    0.0%    32.0B
    approx_resolution                  4.43k    1.45s    4.5%   326μs    286MiB   10.5%  66.2KiB
    PicoSAT_solve                      4.44k    664ms    2.1%   149μs    139KiB    0.0%    32.0B
    atom_recovery                      4.43k    488ms    1.5%   110μs   42.4MiB    1.6%  9.81KiB
      atom_computation                 4.43k    364ms    1.1%  82.2μs   39.8MiB    1.5%  9.19KiB
      bound_computation                4.43k   98.9ms    0.3%  22.3μs   1.93MiB    0.1%     457B
    bound_atoms                        4.43k    159ms    0.5%  35.8μs   31.5MiB    1.2%  7.28KiB
    check_infeasibility_prep           8.86k   42.9ms    0.1%  4.84μs   18.0MiB    0.7%  2.08KiB
  olnnv_query_processing                   9     158s  489.0%   17.5s   5.38GiB  201.3%   612MiB
    nnv                                   10     190s  590.1%   19.0s   6.18GiB  231.3%   633MiB
      star_filter                         10     183s  566.1%   18.3s   6.02GiB  225.3%   616MiB
    status_backup                          4    12.1s   37.5%   3.03s    432MiB   15.8%   108MiB
  boolean_skeleton                         1    2.29s    7.1%   2.29s    103MiB    3.8%   103MiB
  olnnv_query_gen                         12    1.04s    3.2%  86.5ms   96.6MiB    3.5%  8.05MiB
  legacy_approx                           12    282ms    0.9%  23.5ms   16.2MiB    0.6%  1.35MiB
  smt_filter_creation                     12   24.6μs    0.0%  2.05μs      384B    0.0%    32.0B
────────────────────────────────────────────────────────────────────────────────────────────────[QUERY] Found all non-linear combinations. Count: 16
























