[CMD] Using SMT solver: Z3
[CMD] Parsed initial query: SNNT.AST.Query(((-1.0*x1<=0.0&1.0*x1<=100.0&-1.0*x2<=200.0&1.0*x2<=200.0&-1.0*x4<=101.0&1.0*x4<=101.08&-1.0*x3<=0.0&1.0*x3<=0.0&((-1.0*x1<0.0&((-1.0*rPos)+(0.005001000200040007*(rVel^2.0)))<0.0)|(-1.0*x1<0.0&-1.0*x2<0.0))&(-1.0*x2<-0.1|1.0*x2<-2.1|-1.0*x1<-0.08))->((-1.0*x3-1.0*x4<=-99.98&1.0*x31.0*x4<=100.98)|(-1.0*x3-1.0*x4<=101.0&1.0*x31.0*x4<100.98&(1.0*x31.0*x4<0.0|-1.0*x3-1.0*x4<0.0)&((((-1.0*x3-1.0*x4<0.0&1.0*x20.1*x30.1*x4<0.0)|(1.0*x31.0*x4<0.0&-1.0*x2-0.1*x3-0.1*x4<0.0)|(-1.0*x3-1.0*x4<0.0&-1.0*x2<0.0)|(1.0*x31.0*x4<0.0&1.0*x2<0.0))&(((-0.005000000000000001*rAccpostNN)+(-0.005000000000000001*err1)+(-0.1*rVel)+(-1.0*rPos)+(5.001000200040008e-5*(rAccpostNN^2.0))+(5.001000200040008e-5*(err1^2.0))+(0.005001000200040007*(rVel^2.0))+(0.00010002000400080016*rAccpostNN*err1)+(0.0010002000400080016*rAccpostNN*rVel)+(0.0010002000400080016*err1*rVel))<0.0|(-1.0*x1-0.1*x2-0.01*x3-0.01*x4<0.0&-1.0*x2-0.1*x3-0.1*x4<0.0)))|((((-0.005000000000000001*rAccpostNN)+(-0.005000000000000001*err1)+(-0.1*rVel)+(-1.0*rPos)+(5.001000200040008e-5*(rAccpostNN^2.0))+(5.001000200040008e-5*(err1^2.0))+(0.005001000200040007*(rVel^2.0))+(0.00010002000400080016*rAccpostNN*err1)+(0.0010002000400080016*rAccpostNN*rVel)+(0.0010002000400080016*err1*rVel))<0.0|(-1.0*x1-0.1*x2-0.01*x3-0.01*x4<0.0&-1.0*x2-0.1*x3-0.1*x4<0.0))&((-2.0*x3-2.0*x4<0.0&((-1.0*x3-1.0*x4<0.0&((-1.0*rAccpostNN*(rVel^2.0))+(2.0*rAccpostNN*(rVel^2.0))+(-1.0*err1*(rVel^2.0))+(2.0*err1*(rVel^2.0))+(-2.0*rPos*(rAccpostNN^2.0))+(-2.0*rPos*(err1^2.0))+(-4.0*rAccpostNN*err1*rPos))<0.0)|(1.0*x31.0*x4<0.0&((rAccpostNN*(rVel^2.0))+(err1*(rVel^2.0))+(-2.0*rAccpostNN*(rVel^2.0))+(-2.0*err1*(rVel^2.0))+(2.0*rPos*(rAccpostNN^2.0))+(2.0*rPos*(err1^2.0))+(4.0*rAccpostNN*err1*rPos))<0.0)))|(2.0*x32.0*x4<0.0&((-1.0*x3-1.0*x4<0.0&((rAccpostNN*(rVel^2.0))+(err1*(rVel^2.0))+(-2.0*rAccpostNN*(rVel^2.0))+(-2.0*err1*(rVel^2.0))+(2.0*rPos*(rAccpostNN^2.0))+(2.0*rPos*(err1^2.0))+(4.0*rAccpostNN*err1*rPos))<0.0)|(1.0*x31.0*x4<0.0&((-1.0*rAccpostNN*(rVel^2.0))+(2.0*rAccpostNN*(rVel^2.0))+(-1.0*err1*(rVel^2.0))+(2.0*err1*(rVel^2.0))+(-2.0*rPos*(rAccpostNN^2.0))+(-2.0*rPos*(err1^2.0))+(-4.0*rAccpostNN*err1*rPos))<0.0)))))))|(1.0*x31.0*x4<=0.0&-1.0*x3-1.0*x4<=0.0&(((-0.1*rVel)+(-1.0*rPos)+(0.005001000200040007*(rVel^2.0)))<0.0|(-1.0*x1-0.1*x2<0.0&-1.0*x2<0.0))))), Set(SNNT.AST.Variable[rVel, rAccpostNN, rPos, err1]), 3, 1, Dict{SNNT.AST.ApproxQuery, SNNT.AST.Approximation}(), Vector{Float64}[])
[CMD] SMT Timeout: 10s
[CTRL] Iterating over conjunctions...
[APPROX] Trying to build approximation...
[APPROX] Generating expression for (rAccpostNN*rVel)...
Val Ranges: Dict(:x2 => [-200.0, 200.0], :x3 => [-0.001500000013038516, 0.001500000013038516], :x4 => [-101.0, 101.08000183105469], :x1 => [0.0, 100.0])
Using N=1, ϵ=0.0, rel_error_tol=0.005
[APPROX] Generating expression for (err1^2.0)...
Val Ranges: Dict(:x2 => [-200.0, 200.0], :x3 => [-0.001500000013038516, 0.001500000013038516], :x4 => [-101.0, 101.08000183105469], :x1 => [0.0, 100.0])
Using N=1, ϵ=0.0, rel_error_tol=0.005
[APPROX] Generating expression for (rPos*(rAccpostNN^2.0))...
Val Ranges: Dict(:x2 => [-200.0, 200.0], :x3 => [-0.001500000013038516, 0.001500000013038516], :x4 => [-101.0, 101.08000183105469], :x1 => [0.0, 100.0])
Using N=1, ϵ=0.0, rel_error_tol=0.005
[APPROX] Generating expression for (rAccpostNN*err1)...
Val Ranges: Dict(:x2 => [-200.0, 200.0], :x3 => [-0.001500000013038516, 0.001500000013038516], :x4 => [-101.0, 101.08000183105469], :x1 => [0.0, 100.0])
Using N=1, ϵ=0.0, rel_error_tol=0.005
[APPROX] Generating expression for (err1*rVel)...
Val Ranges: Dict(:x2 => [-200.0, 200.0], :x3 => [-0.001500000013038516, 0.001500000013038516], :x4 => [-101.0, 101.08000183105469], :x1 => [0.0, 100.0])
Using N=1, ϵ=0.0, rel_error_tol=0.005
[APPROX] Generating expression for (rAccpostNN*err1*rPos)...
Val Ranges: Dict(:x2 => [-200.0, 200.0], :x3 => [-0.001500000013038516, 0.001500000013038516], :x4 => [-101.0, 101.08000183105469], :x1 => [0.0, 100.0])
Using N=1, ϵ=0.0, rel_error_tol=0.005
[APPROX] Generating expression for (rVel^2.0)...
Val Ranges: Dict(:x2 => [-200.0, 200.0], :x3 => [-0.001500000013038516, 0.001500000013038516], :x4 => [-101.0, 101.08000183105469], :x1 => [0.0, 100.0])
Using N=1, ϵ=0.0, rel_error_tol=0.005
[APPROX] Generating expression for (rAccpostNN*(rVel^2.0))...
Val Ranges: Dict(:x2 => [-200.0, 200.0], :x3 => [-0.001500000013038516, 0.001500000013038516], :x4 => [-101.0, 101.08000183105469], :x1 => [0.0, 100.0])
Using N=1, ϵ=0.0, rel_error_tol=0.005
[APPROX] Generating expression for (rAccpostNN^2.0)...
Val Ranges: Dict(:x2 => [-200.0, 200.0], :x3 => [-0.001500000013038516, 0.001500000013038516], :x4 => [-101.0, 101.08000183105469], :x1 => [0.0, 100.0])
Using N=1, ϵ=0.0, rel_error_tol=0.005
[APPROX] Generating expression for (err1*(rVel^2.0))...
Val Ranges: Dict(:x2 => [-200.0, 200.0], :x3 => [-0.001500000013038516, 0.001500000013038516], :x4 => [-101.0, 101.08000183105469], :x1 => [0.0, 100.0])
Using N=1, ϵ=0.0, rel_error_tol=0.005
[APPROX] Generating expression for (rPos*(err1^2.0))...
Val Ranges: Dict(:x2 => [-200.0, 200.0], :x3 => [-0.001500000013038516, 0.001500000013038516], :x4 => [-101.0, 101.08000183105469], :x1 => [0.0, 100.0])
Using N=1, ϵ=0.0, rel_error_tol=0.005
[APPROX] Skipping verification of approximation (switch on using SNNT.Config.set_rigorous_approximations(true))
[APPROX] Skipping verification of approximation (switch on using SNNT.Config.set_rigorous_approximations(true))
[APPROX] Skipping verification of approximation (switch on using SNNT.Config.set_rigorous_approximations(true))
[APPROX] Skipping verification of approximation (switch on using SNNT.Config.set_rigorous_approximations(true))
[APPROX] Skipping verification of approximation (switch on using SNNT.Config.set_rigorous_approximations(true))
[APPROX] Skipping verification of approximation (switch on using SNNT.Config.set_rigorous_approximations(true))
[APPROX] Skipping verification of approximation (switch on using SNNT.Config.set_rigorous_approximations(true))
[APPROX] Skipping verification of approximation (switch on using SNNT.Config.set_rigorous_approximations(true))
[APPROX] Skipping verification of approximation (switch on using SNNT.Config.set_rigorous_approximations(true))
[APPROX] Skipping verification of approximation (switch on using SNNT.Config.set_rigorous_approximations(true))
[APPROX] Skipping verification of approximation (switch on using SNNT.Config.set_rigorous_approximations(true))
[APPROX] Skipping verification of approximation (switch on using SNNT.Config.set_rigorous_approximations(true))
[APPROX] Skipping verification of approximation (switch on using SNNT.Config.set_rigorous_approximations(true))
[APPROX] Skipping verification of approximation (switch on using SNNT.Config.set_rigorous_approximations(true))
[APPROX] Skipping verification of approximation (switch on using SNNT.Config.set_rigorous_approximations(true))
[APPROX] Skipping verification of approximation (switch on using SNNT.Config.set_rigorous_approximations(true))
[APPROX] Skipping verification of approximation (switch on using SNNT.Config.set_rigorous_approximations(true))
[APPROX] Skipping verification of approximation (switch on using SNNT.Config.set_rigorous_approximations(true))
[APPROX] Skipping verification of approximation (switch on using SNNT.Config.set_rigorous_approximations(true))
[APPROX] Skipping verification of approximation (switch on using SNNT.Config.set_rigorous_approximations(true))
[APPROX] Skipping verification of approximation (switch on using SNNT.Config.set_rigorous_approximations(true))
[APPROX] Skipping verification of approximation (switch on using SNNT.Config.set_rigorous_approximations(true))
[APPROX] Approximation Bounds: Vector{Float64}[]
[APPROX] Approximations: Dict{SNNT.AST.ApproxQuery, SNNT.AST.Approximation}()
[APPROX] Approximation is ready
[SKELETON] Adding linear dependency constraint
-1.0*x1<0.0 -> Float32[-1.0, 0.0, 0.0, 0.0]+0.0<=0.0
0.0
[SKELETON] Adding linear dependency constraint
-1.0*x2<0.0 -> Float32[0.0, -1.0, 0.0, 0.0]+0.0<=200.0
0.0
[SKELETON] Adding linear dependency constraint
-1.0*x2<-0.1 -> Float32[0.0, -1.0, 0.0, 0.0]+0.0<=200.0
-0.09999999999999999999999999999999999999999999999999999999999999999999999999999914
[SKELETON] Adding linear dependency constraint
-1.0*x2<-0.1 -> Float32[0.0, -1.0, 0.0, 0.0]+0.0<0.0
-0.09999999999999999999999999999999999999999999999999999999999999999999999999999914
[SKELETON] Adding linear dependency constraint
1.0*x2<-2.1 -> Float32[0.0, 1.0, 0.0, 0.0]+0.0<=200.0
-2.099999999999999999999999999999999999999999999999999999999999999999999999999986
[SKELETON] Adding negated linear dependency constraint
!1.0*x2<-2.1 | !Float32[0.0, -1.0, 0.0, 0.0]+0.0<0.0
[SKELETON] Adding negated linear dependency constraint
!1.0*x2<-2.1 | !Float32[0.0, -1.0, 0.0, 0.0]+0.0<-0.1
[SKELETON] Adding linear dependency constraint
-1.0*x1<-0.08 -> Float32[-1.0, 0.0, 0.0, 0.0]+0.0<=0.0
-0.07999999999999999999999999999999999999999999999999999999999999999999999999999996
[SKELETON] Adding linear dependency constraint
-1.0*x1<-0.08 -> Float32[-1.0, 0.0, 0.0, 0.0]+0.0<0.0
-0.07999999999999999999999999999999999999999999999999999999999999999999999999999996
[SKELETON] Adding linear dependency constraint
Float32[0.0, 0.0, -0.71, -0.71]+0.0<=-70.69653598303103 -> -1.0*x3-1.0*x4<=101.0
71.41778489984129996448528057258975296776842970653587769542232676853199016233552
[SKELETON] Adding linear dependency constraint
1.0*x31.0*x4<100.98 -> Float32[0.0, 0.0, 0.71, 0.71]+0.0<=71.40364276421757
71.40364276421757182760294964667256241992394354648788484546514724306351515838805
[SKELETON] Adding linear dependency constraint
1.0*x31.0*x4<0.0 -> Float32[0.0, 0.0, 0.71, 0.71]+0.0<=71.40364276421757
0.0
[SKELETON] Adding linear dependency constraint
1.0*x31.0*x4<0.0 -> Float32[0.0, 0.0, 0.71, 0.71]+0.0<71.40364276421757
0.0
[SKELETON] Adding negated linear dependency constraint
!1.0*x31.0*x4<0.0 | !Float32[0.0, 0.0, -0.71, -0.71]+0.0<=-70.69653598303103
[SKELETON] Adding linear dependency constraint
Float32[0.0, 0.0, -0.71, -0.71]+0.0<=-70.69653598303103 -> -1.0*x3-1.0*x4<0.0
0.0
[SKELETON] Adding linear dependency constraint
-1.0*x3-1.0*x4<0.0 -> Float32[0.0, 0.0, -0.71, -0.71]+0.0<=71.4177848998413
0.0
[SKELETON] Adding negated linear dependency constraint
!-1.0*x3-1.0*x4<0.0 | !Float32[0.0, 0.0, 0.71, 0.71]+0.0<0.0
[SKELETON] Adding linear dependency constraint
1.0*x2<0.0 -> Float32[0.0, 1.0, 0.0, 0.0]+0.0<=200.0
0.0
[SKELETON] Adding linear dependency constraint
Float32[0.0, 1.0, 0.0, 0.0]+0.0<-2.1 -> 1.0*x2<0.0
0.0
[SKELETON] Adding negated linear dependency constraint
!1.0*x2<0.0 | !Float32[0.0, -1.0, 0.0, 0.0]+0.0<0.0
[SKELETON] Adding negated linear dependency constraint
!1.0*x2<0.0 | !Float32[0.0, -1.0, 0.0, 0.0]+0.0<-0.1
[SKELETON] Adding linear dependency constraint
Float32[0.0, 0.0, -0.71, -0.71]+0.0<=-70.69653598303103 -> -2.0*x3-2.0*x4<0.0
0.0
[SKELETON] Adding linear dependency constraint
-2.0*x3-2.0*x4<0.0 -> Float32[0.0, 0.0, -0.71, -0.71]+0.0<=71.4177848998413
0.0
[SKELETON] Adding linear dependency constraint
Float32[0.0, 0.0, -0.71, -0.71]+0.0<0.0 -> -2.0*x3-2.0*x4<0.0
0.0
[SKELETON] Adding negated linear dependency constraint
!-2.0*x3-2.0*x4<0.0 | !Float32[0.0, 0.0, 0.71, 0.71]+0.0<0.0
[SKELETON] Adding linear dependency constraint
2.0*x32.0*x4<0.0 -> Float32[0.0, 0.0, 0.71, 0.71]+0.0<=71.40364276421757
0.0
[SKELETON] Adding linear dependency constraint
2.0*x32.0*x4<0.0 -> Float32[0.0, 0.0, 0.71, 0.71]+0.0<71.40364276421757
0.0
[SKELETON] Adding linear dependency constraint
Float32[0.0, 0.0, 0.71, 0.71]+0.0<0.0 -> 2.0*x32.0*x4<0.0
0.0
[SKELETON] Adding negated linear dependency constraint
!2.0*x32.0*x4<0.0 | !Float32[0.0, 0.0, -0.71, -0.71]+0.0<=-70.69653598303103
[SKELETON] Adding negated linear dependency constraint
!2.0*x32.0*x4<0.0 | !Float32[0.0, 0.0, -0.71, -0.71]+0.0<0.0
[SKELETON] Adding negated linear dependency constraint
!2.0*x32.0*x4<0.0 | !Float32[0.0, 0.0, -0.71, -0.71]+0.0<0.0
[SKELETON] Adding linear dependency constraint
1.0*x31.0*x4<=0.0 -> Float32[0.0, 0.0, 0.71, 0.71]+0.0<=71.40364276421757
0.0
[SKELETON] Adding linear dependency constraint
1.0*x31.0*x4<=0.0 -> Float32[0.0, 0.0, 0.71, 0.71]+0.0<71.40364276421757
0.0
[SKELETON] Adding linear dependency constraint
Float32[0.0, 0.0, 0.71, 0.71]+0.0<0.0 -> 1.0*x31.0*x4<=0.0
0.0
[SKELETON] Adding linear dependency constraint
Float32[0.0, 0.0, 0.71, 0.71]+0.0<0.0 -> 1.0*x31.0*x4<=0.0
0.0
[SKELETON] Adding negated linear dependency constraint
!1.0*x31.0*x4<=0.0 | !Float32[0.0, 0.0, -0.71, -0.71]+0.0<=-70.69653598303103
[SKELETON] Adding negated linear dependency constraint
!1.0*x31.0*x4<=0.0 | !Float32[0.0, 0.0, -0.71, -0.71]+0.0<0.0
[SKELETON] Adding negated linear dependency constraint
!1.0*x31.0*x4<=0.0 | !Float32[0.0, 0.0, -0.71, -0.71]+0.0<0.0
[SKELETON] Adding linear dependency constraint
Float32[0.0, 0.0, -0.71, -0.71]+0.0<=-70.69653598303103 -> -1.0*x3-1.0*x4<=0.0
0.0
[SKELETON] Adding linear dependency constraint
-1.0*x3-1.0*x4<=0.0 -> Float32[0.0, 0.0, -0.71, -0.71]+0.0<=71.4177848998413
0.0
[SKELETON] Adding linear dependency constraint
Float32[0.0, 0.0, -0.71, -0.71]+0.0<0.0 -> -1.0*x3-1.0*x4<=0.0
0.0
[SKELETON] Adding linear dependency constraint
Float32[0.0, 0.0, -0.71, -0.71]+0.0<0.0 -> -1.0*x3-1.0*x4<=0.0
0.0
[SKELETON] Adding negated linear dependency constraint
!-1.0*x3-1.0*x4<=0.0 | !Float32[0.0, 0.0, 0.71, 0.71]+0.0<0.0
[SKELETON] Adding negated linear dependency constraint
!-1.0*x3-1.0*x4<=0.0 | !Float32[0.0, 0.0, 0.71, 0.71]+0.0<0.0
..[QUERY] Found all non-linear combinations. Count: 1
..[QUERY] Found all non-linear combinations. Count: 1
[QUERY] Found all non-linear combinations. Count: 2
[QUERY] Returning nonlinear disjunction
[CTRL] Considering conjunction with 2 input constraints and a disjunction of size 3
[APPROX] Checking cache: SNNT.Approx.ApproxCacheObject[]
[APPROX] Constructing Approximation
[APPROX] Resolving approximation
[CTRL] Initiating iterator over current linear queries
[APPROX] # Conjunctions over output: 3
[CTRL] Processing linear query no. 2
[NNENUM] Running nnenum now...
[NNENUM] lb: [31.703236423477783, -63.40647284695557, -0.0015]
[NNENUM] ub: [100.0, -17.837453728392095, 0.0]
[NNENUM] Creating LP Star...
[NNENUM] Checking feasibility
[NNENUM] Generating output Spec...
[NNENUM] Spec list length:  3
[NNENUM] Enumeration in progress... 
(0.0 sec) Q: 0, Sets: 0/1  (0.0%) CEs: 0 ETA: - (expected 1 stars)   
(0.2 sec) Q: 0, Sets: 13/18  (31.25%) CEs: 0 ETA: 0.3 sec (expected 42 stars)   
(0.3 sec) Q: 0, Sets: 22/28  (81.25%) CEs: 0 ETA: 0.1 sec (expected 27 stars)   (0.4 sec) Q: 0, Sets: 27/29  (84.375%) CEs: 0 ETA: 0.1 sec (expected 32 stars)   

Total Stars: 34 (5 exact, 29 approx)
Unfinished Stars: 0
Runtime: 0.4 sec
Completed work frac: 1.0
Num Stars Copied Between Processes: 0
Num Lps During Enumeration: 286
Total Num Lps: 286

Result: network is SAFE

[NNENUM] Result: 
<nnenum.result.Result object at 0x723c686bc880>
[NNENUM] Enumeration finished.
safe
[NNENUM] Found counter-example stars: 0
[NNENUM] Filtering result using SMT solver...
[SMT] SMT filtered out 0 stars (out of 0; TO: 0).
..[QUERY] Found all non-linear combinations. Count: 3
..[QUERY] Found all non-linear combinations. Count: 2
..[QUERY] Found all non-linear combinations. Count: 2
..[QUERY] Found all non-linear combinations. Count: 2
.[QUERY] Found all non-linear combinations. Count: 2
..[QUERY] Found all non-linear combinations. Count: 2
.[QUERY] Found all non-linear combinations. Count: 1
[QUERY] Found all non-linear combinations. Count: 1
.[QUERY] Found all non-linear combinations. Count: 1
[QUERY] Found all non-linear combinations. Count: 1
[QUERY] Found all non-linear combinations. Count: 1
[QUERY] Found all non-linear combinations. Count: 2
[QUERY] Returning nonlinear disjunction
[CTRL] Considering conjunction with 3 input constraints and a disjunction of size 12
[APPROX] Checking cache: SNNT.Approx.ApproxCacheObject[]
[APPROX] Constructing Approximation
[APPROX] Resolving approximation
[CTRL] Initiating iterator over current linear queries
[APPROX] # Conjunctions over output: 12
[CTRL] Processing linear query no. 3
[NNENUM] Running nnenum now...
[NNENUM] lb: [16.376852110707294, -63.40647284695557, -0.0015]
[NNENUM] ub: [31.703236423477783, -17.837453728392095, 0.0]
[NNENUM] Creating LP Star...
[NNENUM] Checking feasibility
[NNENUM] Generating output Spec...
[NNENUM] Spec list length:  12
[NNENUM] Enumeration in progress... 
(0.0 sec) Q: 0, Sets: 0/1  (0.0%) CEs: 0 ETA: - (expected 1 stars)   

Total Stars: 9 (1 exact, 8 approx)
Unfinished Stars: 0
Runtime: 0.1 sec
Completed work frac: 1.0
Num Stars Copied Between Processes: 0
Num Lps During Enumeration: 63
Total Num Lps: 63

Result: network is SAFE

[NNENUM] Result: 
<nnenum.result.Result object at 0x723c682d54c0>
[NNENUM] Enumeration finished.
safe
[NNENUM] Found counter-example stars: 0
[NNENUM] Filtering result using SMT solver...
[SMT] SMT filtered out 0 stars (out of 0; TO: 0).
.[QUERY] Found all non-linear combinations. Count: 1
[QUERY] Found all non-linear combinations. Count: 1
[QUERY] Returning nonlinear disjunction
[CTRL] Considering conjunction with 3 input constraints and a disjunction of size 2
[APPROX] Checking cache: SNNT.Approx.ApproxCacheObject[]
[APPROX] Constructing Approximation
[APPROX] Resolving approximation
[CTRL] Initiating iterator over current linear queries
[APPROX] # Conjunctions over output: 2
[CTRL] Processing linear query no. 4
[NNENUM] Running nnenum now...
[NNENUM] lb: [16.376852110707294, -63.40647284695557, -0.0015]
[NNENUM] ub: [31.703236423477783, -17.837453728392095, 0.0]
[NNENUM] Creating LP Star...
[NNENUM] Checking feasibility
[NNENUM] Generating output Spec...
[NNENUM] Spec list length:  2
[NNENUM] Enumeration in progress... 

[NNENUM] Result: 
<nnenum.result.Result object at 0x723c682c90d0>
[NNENUM] Enumeration finished.
safe
[NNENUM] Filtering result using SMT solver...
[SMT] SMT filtered out 0 stars (out of 0; TO: 0).
[QUERY] Found all non-linear combinations. Count: 1
[QUERY] Found all non-linear combinations. Count: 1
[QUERY] Found all non-linear combinations. Count: 1
[QUERY] Found all non-linear combinations. Count: 1
[QUERY] Found all non-linear combinations. Count: 2
.[QUERY] Found all non-linear combinations. Count: 2
.[QUERY] Found all non-linear combinations. Count: 2
.[QUERY] Found all non-linear combinations. Count: 2
.[QUERY] Found all non-linear combinations. Count: 2
.[QUERY] Found all non-linear combinations. Count: 2
.[QUERY] Found all non-linear combinations. Count: 1
.[QUERY] Found all non-linear combinations. Count: 3
[QUERY] Returning nonlinear disjunction
[CTRL] Considering conjunction with 3 input constraints and a disjunction of size 12
[APPROX] Checking cache: SNNT.Approx.ApproxCacheObject[]
[APPROX] Constructing Approximation
[APPROX] Resolving approximation
[CTRL] Initiating iterator over current linear queries
[APPROX] # Conjunctions over output: 12
[CTRL] Processing linear query no. 5
[NNENUM] Running nnenum now...
[NNENUM] lb: [0.0, -63.40647284695557, -0.0015]
[NNENUM] ub: [16.376852110707294, -17.837453728392095, 0.0]
[NNENUM] Creating LP Star...
[NNENUM] Checking feasibility
[NNENUM] Generating output Spec...
[NNENUM] Spec list length:  12
[NNENUM] Enumeration in progress... 

[NNENUM] Result: 
<nnenum.result.Result object at 0x723c68685130>
[NNENUM] Enumeration finished.
safe
[NNENUM] Filtering result using SMT solver...
[SMT] SMT filtered out 0 stars (out of 0; TO: 0).
.[QUERY] Found all non-linear combinations. Count: 2
.[QUERY] Found all non-linear combinations. Count: 1
[QUERY] Found all non-linear combinations. Count: 1
[QUERY] Found all non-linear combinations. Count: 1
[QUERY] Found all non-linear combinations. Count: 1
[QUERY] Found all non-linear combinations. Count: 1
[QUERY] Found all non-linear combinations. Count: 2
[QUERY] Found all non-linear combinations. Count: 2
[QUERY] Found all non-linear combinations. Count: 2
[QUERY] Found all non-linear combinations. Count: 2
[QUERY] Found all non-linear combinations. Count: 2
..[QUERY] Found all non-linear combinations. Count: 2
[QUERY] Returning nonlinear disjunction
[CTRL] Considering conjunction with 3 input constraints and a disjunction of size 12
[APPROX] Checking cache: SNNT.Approx.ApproxCacheObject[]
[APPROX] Constructing Approximation
[APPROX] Resolving approximation
[CTRL] Initiating iterator over current linear queries
[APPROX] # Conjunctions over output: 12
[CTRL] Processing linear query no. 6
[NNENUM] Running nnenum now...
[NNENUM] lb: [16.376852110707294, -73.18705430608887, -0.0015]
[NNENUM] ub: [31.703236423477783, -63.40647284695557, 0.0]
[NNENUM] Creating LP Star...
[NNENUM] Checking feasibility
[NNENUM] Generating output Spec...
[NNENUM] Spec list length:  12
[NNENUM] Enumeration in progress... 

[NNENUM] Result: 
<nnenum.result.Result object at 0x723c686b3190>
[NNENUM] Enumeration finished.
safe
[NNENUM] Filtering result using SMT solver...
[SMT] SMT filtered out 0 stars (out of 0; TO: 0).
[QUERY] Found all non-linear combinations. Count: 1
.[QUERY] Found all non-linear combinations. Count: 1
[QUERY] Found all non-linear combinations. Count: 1
[QUERY] Found all non-linear combinations. Count: 1
[QUERY] Returning nonlinear disjunction
[CTRL] Considering conjunction with 3 input constraints and a disjunction of size 4
[APPROX] Checking cache: SNNT.Approx.ApproxCacheObject[]
[APPROX] Constructing Approximation
[APPROX] Resolving approximation
[CTRL] Initiating iterator over current linear queries
[APPROX] # Conjunctions over output: 4
[CTRL] Processing linear query no. 7
[NNENUM] Running nnenum now...
[NNENUM] lb: [31.703236423477783, -73.18705430608887, -0.0015]
[NNENUM] ub: [100.0, -63.40647284695557, 0.0]
[NNENUM] Creating LP Star...
[NNENUM] Checking feasibility
[NNENUM] Generating output Spec...
[NNENUM] Spec list length:  4
[NNENUM] Enumeration in progress... 

[NNENUM] Result: 
<nnenum.result.Result object at 0x723c687dbc70>
[NNENUM] Enumeration finished.
safe
[NNENUM] Filtering result using SMT solver...
[SMT] SMT filtered out 0 stars (out of 0; TO: 0).
.[QUERY] Found all non-linear combinations. Count: 1
[QUERY] Found all non-linear combinations. Count: 1
[QUERY] Found all non-linear combinations. Count: 1
[QUERY] Found all non-linear combinations. Count: 1
[QUERY] Found all non-linear combinations. Count: 2
[QUERY] Found all non-linear combinations. Count: 2
[QUERY] Found all non-linear combinations. Count: 2
[QUERY] Found all non-linear combinations. Count: 2
[QUERY] Found all non-linear combinations. Count: 2
[QUERY] Found all non-linear combinations. Count: 2
[QUERY] Found all non-linear combinations. Count: 3
[QUERY] Returning nonlinear disjunction
[CTRL] Considering conjunction with 3 input constraints and a disjunction of size 11
[APPROX] Checking cache: SNNT.Approx.ApproxCacheObject[]
[APPROX] Constructing Approximation
[APPROX] Resolving approximation
[CTRL] Initiating iterator over current linear queries
[APPROX] # Conjunctions over output: 11
[CTRL] Processing linear query no. 8
[NNENUM] Running nnenum now...
[NNENUM] lb: [31.703236423477783, -73.18705430608887, -0.0015]
[NNENUM] ub: [100.0, -63.40647284695557, 0.0]
[NNENUM] Creating LP Star...
[NNENUM] Checking feasibility
[NNENUM] Generating output Spec...
[NNENUM] Spec list length:  11
[NNENUM] Enumeration in progress... 

[NNENUM] Result: 
<nnenum.result.Result object at 0x723c682c92e0>
[NNENUM] Enumeration finished.
safe
[NNENUM] Filtering result using SMT solver...
[SMT] SMT filtered out 0 stars (out of 0; TO: 0).
.[QUERY] Found all non-linear combinations. Count: 1
[QUERY] Found all non-linear combinations. Count: 1
[QUERY] Returning nonlinear disjunction
[CTRL] Considering conjunction with 3 input constraints and a disjunction of size 2
[APPROX] Checking cache: SNNT.Approx.ApproxCacheObject[]
[APPROX] Constructing Approximation
[APPROX] Resolving approximation
[CTRL] Initiating iterator over current linear queries
[APPROX] # Conjunctions over output: 2
[CTRL] Processing linear query no. 9
[NNENUM] Running nnenum now...
[NNENUM] lb: [16.376852110707294, -17.837453728392095, -0.0015]
[NNENUM] ub: [31.703236423477783, -2.1, 0.0]
[NNENUM] Creating LP Star...
[NNENUM] Checking feasibility
[NNENUM] Generating output Spec...
[NNENUM] Spec list length:  2
[NNENUM] Enumeration in progress... 
(0.0 sec) Q: 0, Sets: 0/1  (0.0%) CEs: 0 ETA: - (expected 1 stars)   
(0.2 sec) Q: 0, Sets: 1/3  (50.0%) CEs: 0 ETA: 0.2 sec (expected 2 stars)   

Total Stars: 5 (2 exact, 3 approx)
Unfinished Stars: 0
Runtime: 0.2 sec
Completed work frac: 1.0
Num Stars Copied Between Processes: 0
Num Lps During Enumeration: 135
Total Num Lps: 135

Result: network is SAFE

[NNENUM] Result: 
<nnenum.result.Result object at 0x723c682e9310>
[NNENUM] Enumeration finished.
safe
[NNENUM] Found counter-example stars: 0
[NNENUM] Filtering result using SMT solver...
[SMT] SMT filtered out 0 stars (out of 0; TO: 0).
.[QUERY] Found all non-linear combinations. Count: 1
.[QUERY] Found all non-linear combinations. Count: 1
.[QUERY] Found all non-linear combinations. Count: 1
.[QUERY] Found all non-linear combinations. Count: 1
.[QUERY] Found all non-linear combinations. Count: 1
.[QUERY] Found all non-linear combinations. Count: 1
.[QUERY] Found all non-linear combinations. Count: 1
.[QUERY] Found all non-linear combinations. Count: 1
[QUERY] Found all non-linear combinations. Count: 1
[QUERY] Found all non-linear combinations. Count: 1
[QUERY] Found all non-linear combinations. Count: 1
[QUERY] Found all non-linear combinations. Count: 1
[QUERY] Returning nonlinear disjunction
[CTRL] Considering conjunction with 3 input constraints and a disjunction of size 12
[APPROX] Checking cache: SNNT.Approx.ApproxCacheObject[]
[APPROX] Constructing Approximation
[APPROX] Resolving approximation
[CTRL] Initiating iterator over current linear queries
[APPROX] # Conjunctions over output: 12
[CTRL] Processing linear query no. 10
[NNENUM] Running nnenum now...
[NNENUM] lb: [16.376852110707294, -134.49259155717084, -0.0015]
[NNENUM] ub: [31.703236423477783, -73.18705430608887, 0.0]
[NNENUM] Creating LP Star...
[NNENUM] Checking feasibility
[NNENUM] Generating output Spec...
[NNENUM] Spec list length:  12
[NNENUM] Enumeration in progress... 

[NNENUM] Result: 
<nnenum.result.Result object at 0x723c686b3d00>
[NNENUM] Enumeration finished.
safe
[NNENUM] Filtering result using SMT solver...
[SMT] SMT filtered out 0 stars (out of 0; TO: 0).
[QUERY] Found all non-linear combinations. Count: 1
[QUERY] Found all non-linear combinations. Count: 1
[QUERY] Found all non-linear combinations. Count: 1
[QUERY] Found all non-linear combinations. Count: 1
[QUERY] Found all non-linear combinations. Count: 2
[QUERY] Found all non-linear combinations. Count: 2
[QUERY] Found all non-linear combinations. Count: 2
[QUERY] Found all non-linear combinations. Count: 2
[QUERY] Found all non-linear combinations. Count: 2
[QUERY] Found all non-linear combinations. Count: 2
.[QUERY] Found all non-linear combinations. Count: 1
.[QUERY] Found all non-linear combinations. Count: 1
.[QUERY] Found all non-linear combinations. Count: 3
[QUERY] Found all non-linear combinations. Count: 1
[QUERY] Returning nonlinear disjunction
[CTRL] Considering conjunction with 3 input constraints and a disjunction of size 14
[APPROX] Checking cache: SNNT.Approx.ApproxCacheObject[]
[APPROX] Constructing Approximation
[APPROX] Resolving approximation
[CTRL] Initiating iterator over current linear queries
[APPROX] # Conjunctions over output: 14
[CTRL] Processing linear query no. 11
[NNENUM] Running nnenum now...
[NNENUM] lb: [31.703236423477783, -134.49259155717084, -0.0015]
[NNENUM] ub: [100.0, -73.18705430608887, 0.0]
[NNENUM] Creating LP Star...
[NNENUM] Checking feasibility
[NNENUM] Generating output Spec...
[NNENUM] Spec list length:  14
[NNENUM] Enumeration in progress... 

[NNENUM] Result: 
<nnenum.result.Result object at 0x723c686b35e0>
[NNENUM] Enumeration finished.
safe
[NNENUM] Filtering result using SMT solver...
[SMT] SMT filtered out 0 stars (out of 0; TO: 0).
[QUERY] Found all non-linear combinations. Count: 1
[QUERY] Found all non-linear combinations. Count: 1
[QUERY] Found all non-linear combinations. Count: 1
[QUERY] Returning nonlinear disjunction
[CTRL] Considering conjunction with 3 input constraints and a disjunction of size 3
[APPROX] Checking cache: SNNT.Approx.ApproxCacheObject[]
[APPROX] Constructing Approximation
[APPROX] Resolving approximation
[CTRL] Initiating iterator over current linear queries
[APPROX] # Conjunctions over output: 3
[CTRL] Processing linear query no. 12
[NNENUM] Running nnenum now...
[NNENUM] lb: [31.703236423477783, -134.49259155717084, -0.0015]
[NNENUM] ub: [100.0, -73.18705430608887, 0.0]
[NNENUM] Creating LP Star...
[NNENUM] Checking feasibility
[NNENUM] Generating output Spec...
[NNENUM] Spec list length:  3
[NNENUM] Enumeration in progress... 

[NNENUM] Result: 
<nnenum.result.Result object at 0x723c682c9d00>
[NNENUM] Enumeration finished.
safe
[NNENUM] Filtering result using SMT solver...
[SMT] SMT filtered out 0 stars (out of 0; TO: 0).
.[QUERY] Found all non-linear combinations. Count: 1
.[QUERY] Found all non-linear combinations. Count: 1
.[QUERY] Found all non-linear combinations. Count: 1
[QUERY] Found all non-linear combinations. Count: 1
[QUERY] Returning nonlinear disjunction
[CTRL] Considering conjunction with 5 input constraints and a disjunction of size 4
[APPROX] Checking cache: SNNT.Approx.ApproxCacheObject[]
[APPROX] Constructing Approximation
[APPROX] Resolving approximation
[CTRL] Initiating iterator over current linear queries
[APPROX] # Conjunctions over output: 4
[CTRL] Processing linear query no. 13
[NNENUM] Running nnenum now...
[NNENUM] lb: [16.376852110707294, 7.4262139003490955, -0.0015]
[NNENUM] ub: [31.703236423477783, 134.4925915571708, 0.0]
[NNENUM] Creating LP Star...
[NNENUM] Checking feasibility
[NNENUM] Generating output Spec...
[NNENUM] Spec list length:  4
[NNENUM] Enumeration in progress... 
(0.2 sec) Q: 0, Sets: 0/1  (0.0%) CEs: 0 ETA: - (expected 1 stars)   

Total Stars: 2 (1 exact, 1 approx)
Unfinished Stars: 0
Runtime: 0.2 sec
Completed work frac: 1.0
Num Stars Copied Between Processes: 0
Num Lps During Enumeration: 78
Total Num Lps: 78

Result: network is SAFE

[NNENUM] Result: 
<nnenum.result.Result object at 0x723c686b3d30>
[NNENUM] Enumeration finished.
safe
[NNENUM] Found counter-example stars: 0
[NNENUM] Filtering result using SMT solver...
[SMT] SMT filtered out 0 stars (out of 0; TO: 0).
..[QUERY] Found all non-linear combinations. Count: 6
....[QUERY] Found all non-linear combinations. Count: 3
[QUERY] Returning nonlinear disjunction
[CTRL] Considering conjunction with 5 input constraints and a disjunction of size 2
[APPROX] Checking cache: SNNT.Approx.ApproxCacheObject[]
[APPROX] Constructing Approximation
[APPROX] Resolving approximation
[CTRL] Initiating iterator over current linear queries
[APPROX] # Conjunctions over output: 2
[CTRL] Processing linear query no. 14
[NNENUM] Running nnenum now...
[NNENUM] lb: [16.376852110707294, 7.4262139003490955, -0.0015]
[NNENUM] ub: [31.703236423477783, 134.4925915571708, 0.0]
[NNENUM] Creating LP Star...
[NNENUM] Checking feasibility
[NNENUM] Generating output Spec...
[NNENUM] Spec list length:  2
[NNENUM] Enumeration in progress... 
(0.0 sec) Q: 0, Sets: 0/1  (0.0%) CEs: 0 ETA: - (expected 1 stars)   

Total Stars: 11 (3 exact, 8 approx)
Unfinished Stars: 0
Runtime: 0.1 sec
Completed work frac: 1.0
Num Stars Copied Between Processes: 0
Num Lps During Enumeration: 142
Total Num Lps: 142

Result: network is SAFE

[NNENUM] Result: 
<nnenum.result.Result object at 0x723c682ec6a0>
[NNENUM] Enumeration finished.
safe
[NNENUM] Found counter-example stars: 0
[NNENUM] Filtering result using SMT solver...
[SMT] SMT filtered out 0 stars (out of 0; TO: 0).
[QUERY] Found all non-linear combinations. Count: 1
[QUERY] Found all non-linear combinations. Count: 1
[QUERY] Found all non-linear combinations. Count: 1
[QUERY] Found all non-linear combinations. Count: 1
.[QUERY] Found all non-linear combinations. Count: 1
[QUERY] Returning nonlinear disjunction
[CTRL] Considering conjunction with 5 input constraints and a disjunction of size 5
[APPROX] Checking cache: SNNT.Approx.ApproxCacheObject[]
[APPROX] Constructing Approximation
[APPROX] Resolving approximation
[CTRL] Initiating iterator over current linear queries
[APPROX] # Conjunctions over output: 5
[CTRL] Processing linear query no. 15
[NNENUM] Running nnenum now...
[NNENUM] lb: [16.376852110707294, 7.4262139003490955, -0.0015]
[NNENUM] ub: [31.703236423477783, 134.4925915571708, 0.0]
[NNENUM] Creating LP Star...
[NNENUM] Checking feasibility
[NNENUM] Generating output Spec...
[NNENUM] Spec list length:  5
[NNENUM] Enumeration in progress... 
(0.0 sec) Q: 0, Sets: 0/1  (0.0%) CEs: 0 ETA: - (expected 1 stars)   
(0.2 sec) Q: 0, Sets: 0/3  (0.0%) CEs: 0 ETA: - (expected 1 stars)   

Total Stars: 7 (1 exact, 6 approx)
Unfinished Stars: 0
Runtime: 0.2 sec
Completed work frac: 1.0
Num Stars Copied Between Processes: 0
Num Lps During Enumeration: 46
Total Num Lps: 46

Result: network is SAFE

[NNENUM] Result: 
<nnenum.result.Result object at 0x723c682e90a0>
[NNENUM] Enumeration finished.
safe
[NNENUM] Found counter-example stars: 0
[NNENUM] Filtering result using SMT solver...
[SMT] SMT filtered out 0 stars (out of 0; TO: 0).
.[QUERY] Found all non-linear combinations. Count: 1
.[QUERY] Found all non-linear combinations. Count: 1
[QUERY] Returning nonlinear disjunction
[CTRL] Considering conjunction with 5 input constraints and a disjunction of size 2
[APPROX] Checking cache: SNNT.Approx.ApproxCacheObject[]
[APPROX] Constructing Approximation
[APPROX] Resolving approximation
[CTRL] Initiating iterator over current linear queries
[APPROX] # Conjunctions over output: 2
[CTRL] Processing linear query no. 16
[NNENUM] Running nnenum now...
[NNENUM] lb: [16.376852110707294, 7.4262139003490955, -0.0015]
[NNENUM] ub: [31.703236423477783, 134.4925915571708, 0.0]
[NNENUM] Creating LP Star...
[NNENUM] Checking feasibility
[NNENUM] Generating output Spec...
[NNENUM] Spec list length:  2
[NNENUM] Enumeration in progress... 
(0.0 sec) Q: 0, Sets: 0/1  (0.0%) CEs: 0 ETA: - (expected 1 stars)   

Total Stars: 4 (2 exact, 2 approx)
Unfinished Stars: 0
Runtime: 0.1 sec
Completed work frac: 1.0
Num Stars Copied Between Processes: 0
Num Lps During Enumeration: 104
Total Num Lps: 104

Result: network is SAFE

[NNENUM] Result: 
<nnenum.result.Result object at 0x723c682efc70>
[NNENUM] Enumeration finished.
safe
[NNENUM] Found counter-example stars: 0
[NNENUM] Filtering result using SMT solver...
[SMT] SMT filtered out 0 stars (out of 0; TO: 0).
[QUERY] Found all non-linear combinations. Count: 1
.[QUERY] Found all non-linear combinations. Count: 1
[QUERY] Returning nonlinear disjunction
[CTRL] Considering conjunction with 5 input constraints and a disjunction of size 2
[APPROX] Checking cache: SNNT.Approx.ApproxCacheObject[]
[APPROX] Constructing Approximation
[APPROX] Resolving approximation
[CTRL] Initiating iterator over current linear queries
[APPROX] # Conjunctions over output: 2
[CTRL] Processing linear query no. 17
[NNENUM] Running nnenum now...
[NNENUM] lb: [16.376852110707294, 7.4262139003490955, -0.0015]
[NNENUM] ub: [31.703236423477783, 134.4925915571708, 0.0]
[NNENUM] Creating LP Star...
[NNENUM] Checking feasibility
[NNENUM] Generating output Spec...
[NNENUM] Spec list length:  2
[NNENUM] Enumeration in progress... 
(0.0 sec) Q: 0, Sets: 0/1  (0.0%) CEs: 0 ETA: - (expected 1 stars)   

Total Stars: 2 (0 exact, 2 approx)
Unfinished Stars: 0
Runtime: 0.0 sec
Completed work frac: 1.0
Num Stars Copied Between Processes: 0
Num Lps During Enumeration: 0
Total Num Lps: 0

Result: network is SAFE

[NNENUM] Result: 
<nnenum.result.Result object at 0x723c682e94f0>
[NNENUM] Enumeration finished.
safe
[NNENUM] Found counter-example stars: 0
[NNENUM] Filtering result using SMT solver...
[SMT] SMT filtered out 0 stars (out of 0; TO: 0).
...[QUERY] Found all non-linear combinations. Count: 4
...[QUERY] Found all non-linear combinations. Count: 2
..[QUERY] Found all non-linear combinations. Count: 6
[QUERY] Returning nonlinear disjunction
[CTRL] Considering conjunction with 5 input constraints and a disjunction of size 3
[APPROX] Checking cache: SNNT.Approx.ApproxCacheObject[]
[APPROX] Constructing Approximation
[APPROX] Resolving approximation
[CTRL] Initiating iterator over current linear queries
[APPROX] # Conjunctions over output: 3
[CTRL] Processing linear query no. 18
[NNENUM] Running nnenum now...
[NNENUM] lb: [0.0, 7.4262139003490955, -0.0015]
[NNENUM] ub: [16.376852110707294, 134.4925915571708, 0.0]
[NNENUM] Creating LP Star...
[NNENUM] Checking feasibility
[NNENUM] Generating output Spec...
[NNENUM] Spec list length:  3
[NNENUM] Enumeration in progress... 
(0.2 sec) Q: 0, Sets: 0/1  (0.0%) CEs: 0 ETA: - (expected 1 stars)   
(0.3 sec) Q: 0, Sets: 19/23  (78.125%) CEs: 0 ETA: 0.1 sec (expected 24 stars)   

Total Stars: 31 (6 exact, 25 approx)
Unfinished Stars: 0
Runtime: 0.3 sec
Completed work frac: 1.0
Num Stars Copied Between Processes: 0
Num Lps During Enumeration: 86
Total Num Lps: 86

Result: network is SAFE

[NNENUM] Result: 
<nnenum.result.Result object at 0x723c682efca0>
[NNENUM] Enumeration finished.
safe
[NNENUM] Found counter-example stars: 0
[NNENUM] Filtering result using SMT solver...
[SMT] SMT filtered out 0 stars (out of 0; TO: 0).
.[QUERY] Found all non-linear combinations. Count: 1
.[QUERY] Found all non-linear combinations. Count: 1
[QUERY] Found all non-linear combinations. Count: 1
[QUERY] Returning nonlinear disjunction
[CTRL] Considering conjunction with 5 input constraints and a disjunction of size 3
[APPROX] Checking cache: SNNT.Approx.ApproxCacheObject[]
[APPROX] Constructing Approximation
[APPROX] Resolving approximation
[CTRL] Initiating iterator over current linear queries
[APPROX] # Conjunctions over output: 3
[CTRL] Processing linear query no. 19
[NNENUM] Running nnenum now...
[NNENUM] lb: [0.0, 7.4262139003490955, -0.0015]
[NNENUM] ub: [16.376852110707294, 134.4925915571708, 0.0]
[NNENUM] Creating LP Star...
[NNENUM] Checking feasibility
[NNENUM] Generating output Spec...
[NNENUM] Spec list length:  3
[NNENUM] Enumeration in progress... 
(0.0 sec) Q: 0, Sets: 0/1  (0.0%) CEs: 0 ETA: - (expected 1 stars)   

Total Stars: 4 (0 exact, 4 approx)
Unfinished Stars: 0
Runtime: 0.1 sec
Completed work frac: 1.0
Num Stars Copied Between Processes: 0
Num Lps During Enumeration: 0
Total Num Lps: 0

Result: network is SAFE

[NNENUM] Result: 
<nnenum.result.Result object at 0x723c682eed60>
[NNENUM] Enumeration finished.
safe
[NNENUM] Found counter-example stars: 0
[NNENUM] Filtering result using SMT solver...
[SMT] SMT filtered out 0 stars (out of 0; TO: 0).
[QUERY] Found all non-linear combinations. Count: 1
[QUERY] Found all non-linear combinations. Count: 1
[QUERY] Returning nonlinear disjunction
[CTRL] Considering conjunction with 5 input constraints and a disjunction of size 2
[APPROX] Checking cache: SNNT.Approx.ApproxCacheObject[]
[APPROX] Constructing Approximation
[APPROX] Resolving approximation
[CTRL] Initiating iterator over current linear queries
[APPROX] # Conjunctions over output: 2
[CTRL] Processing linear query no. 20
[NNENUM] Running nnenum now...
[NNENUM] lb: [0.0, 7.4262139003490955, -0.0015]
[NNENUM] ub: [16.376852110707294, 134.4925915571708, 0.0]
[NNENUM] Creating LP Star...
[NNENUM] Checking feasibility
[NNENUM] Generating output Spec...
[NNENUM] Spec list length:  2
[NNENUM] Enumeration in progress... 
(0.0 sec) Q: 0, Sets: 0/1  (0.0%) CEs: 0 ETA: - (expected 1 stars)   

Total Stars: 2 (0 exact, 2 approx)
Unfinished Stars: 0
Runtime: 0.0 sec
Completed work frac: 1.0
Num Stars Copied Between Processes: 0
Num Lps During Enumeration: 0
Total Num Lps: 0

Result: network is SAFE

[NNENUM] Result: 
<nnenum.result.Result object at 0x723c682f3a60>
[NNENUM] Enumeration finished.
safe
[NNENUM] Found counter-example stars: 0
[NNENUM] Filtering result using SMT solver...
[SMT] SMT filtered out 0 stars (out of 0; TO: 0).
[QUERY] Found all non-linear combinations. Count: 1
[QUERY] Found all non-linear combinations. Count: 1
[QUERY] Found all non-linear combinations. Count: 1
[QUERY] Found all non-linear combinations. Count: 1
[QUERY] Returning nonlinear disjunction
[CTRL] Considering conjunction with 5 input constraints and a disjunction of size 4
[APPROX] Checking cache: SNNT.Approx.ApproxCacheObject[]
[APPROX] Constructing Approximation
[APPROX] Resolving approximation
[CTRL] Initiating iterator over current linear queries
[APPROX] # Conjunctions over output: 4
[CTRL] Processing linear query no. 21
[NNENUM] Running nnenum now...
[NNENUM] lb: [0.0, 7.4262139003490955, -0.0015]
[NNENUM] ub: [16.376852110707294, 134.4925915571708, 0.0]
[NNENUM] Creating LP Star...
[NNENUM] Checking feasibility
[NNENUM] Generating output Spec...
[NNENUM] Spec list length:  4
[NNENUM] Enumeration in progress... 
(0.2 sec) Q: 0, Sets: 0/1  (0.0%) CEs: 0 ETA: - (expected 1 stars)   

Total Stars: 2 (0 exact, 2 approx)
Unfinished Stars: 0
Runtime: 0.2 sec
Completed work frac: 1.0
Num Stars Copied Between Processes: 0
Num Lps During Enumeration: 0
Total Num Lps: 0

Result: network is SAFE

[NNENUM] Result: 
<nnenum.result.Result object at 0x723c682f3ca0>
[NNENUM] Enumeration finished.
safe
[NNENUM] Found counter-example stars: 0
[NNENUM] Filtering result using SMT solver...
[SMT] SMT filtered out 0 stars (out of 0; TO: 0).
....[QUERY] Found all non-linear combinations. Count: 6
..[QUERY] Found all non-linear combinations. Count: 4
[QUERY] Returning nonlinear disjunction
[CTRL] Considering conjunction with 5 input constraints and a disjunction of size 2
[APPROX] Checking cache: SNNT.Approx.ApproxCacheObject[]
[APPROX] Constructing Approximation
[APPROX] Resolving approximation
[CTRL] Initiating iterator over current linear queries
[APPROX] # Conjunctions over output: 2
[CTRL] Processing linear query no. 22
[NNENUM] Running nnenum now...
[NNENUM] lb: [31.703236423477783, 7.4262139003490955, -0.0015]
[NNENUM] ub: [100.0, 134.4925915571708, 0.0]
[NNENUM] Creating LP Star...
[NNENUM] Checking feasibility
[NNENUM] Generating output Spec...
[NNENUM] Spec list length:  2
[NNENUM] Enumeration in progress... 
(0.0 sec) Q: 0, Sets: 0/1  (0.0%) CEs: 0 ETA: - (expected 1 stars)   
(0.2 sec) Q: 0, Sets: 4/9  (37.5%) CEs: 0 ETA: 0.3 sec (expected 11 stars)   

Total Stars: 15 (9 exact, 6 approx)
Unfinished Stars: 0
Runtime: 0.2 sec
Completed work frac: 1.0
Num Stars Copied Between Processes: 0
Num Lps During Enumeration: 600
Total Num Lps: 600

Result: network is SAFE

[NNENUM] Result: 
<nnenum.result.Result object at 0x723c682f7790>
[NNENUM] Enumeration finished.
safe
[NNENUM] Found counter-example stars: 0
[NNENUM] Filtering result using SMT solver...
[SMT] SMT filtered out 0 stars (out of 0; TO: 0).
[QUERY] Found all non-linear combinations. Count: 1
.[QUERY] Found all non-linear combinations. Count: 2
[QUERY] Returning nonlinear disjunction
[CTRL] Considering conjunction with 5 input constraints and a disjunction of size 2
[APPROX] Checking cache: SNNT.Approx.ApproxCacheObject[]
[APPROX] Constructing Approximation
[APPROX] Resolving approximation
[CTRL] Initiating iterator over current linear queries
[APPROX] # Conjunctions over output: 2
[CTRL] Processing linear query no. 23
[NNENUM] Running nnenum now...
[NNENUM] lb: [31.703236423477783, 7.4262139003490955, -0.0015]
[NNENUM] ub: [100.0, 134.4925915571708, 0.0]
[NNENUM] Creating LP Star...
[NNENUM] Checking feasibility
[NNENUM] Generating output Spec...
[NNENUM] Spec list length:  2
[NNENUM] Enumeration in progress... 
(0.0 sec) Q: 0, Sets: 0/1  (0.0%) CEs: 0 ETA: - (expected 1 stars)   
(0.2 sec) Q: 0, Sets: 1/3  (25.0%) CEs: 0 ETA: 0.5 sec (expected 4 stars)   

Total Stars: 3 (1 exact, 2 approx)
Unfinished Stars: 0
Runtime: 0.2 sec
Completed work frac: 1.0
Num Stars Copied Between Processes: 0
Num Lps During Enumeration: 111
Total Num Lps: 111

Result: network is SAFE

[NNENUM] Result: 
<nnenum.result.Result object at 0x723c682fa070>
[NNENUM] Enumeration finished.
safe
[NNENUM] Found counter-example stars: 0
[NNENUM] Filtering result using SMT solver...
[SMT] SMT filtered out 0 stars (out of 0; TO: 0).
.[QUERY] Found all non-linear combinations. Count: 1
[QUERY] Found all non-linear combinations. Count: 1
[QUERY] Found all non-linear combinations. Count: 1
[QUERY] Returning nonlinear disjunction
[CTRL] Considering conjunction with 5 input constraints and a disjunction of size 3
[APPROX] Checking cache: SNNT.Approx.ApproxCacheObject[]
[APPROX] Constructing Approximation
[APPROX] Resolving approximation
[CTRL] Initiating iterator over current linear queries
[APPROX] # Conjunctions over output: 3
[CTRL] Processing linear query no. 24
[NNENUM] Running nnenum now...
[NNENUM] lb: [31.703236423477783, 7.4262139003490955, -0.0015]
[NNENUM] ub: [100.0, 134.4925915571708, 0.0]
[NNENUM] Creating LP Star...
[NNENUM] Checking feasibility
[NNENUM] Generating output Spec...
[NNENUM] Spec list length:  3
[NNENUM] Enumeration in progress... 
(0.0 sec) Q: 0, Sets: 0/1  (0.0%) CEs: 0 ETA: - (expected 1 stars)   

Total Stars: 3 (1 exact, 2 approx)
Unfinished Stars: 0
Runtime: 0.1 sec
Completed work frac: 1.0
Num Stars Copied Between Processes: 0
Num Lps During Enumeration: 35
Total Num Lps: 35

Result: network is SAFE

[NNENUM] Result: 
<nnenum.result.Result object at 0x723c682f9d90>
[NNENUM] Enumeration finished.
safe
[NNENUM] Found counter-example stars: 0
[NNENUM] Filtering result using SMT solver...
[SMT] SMT filtered out 0 stars (out of 0; TO: 0).
[QUERY] Found all non-linear combinations. Count: 1
.[QUERY] Found all non-linear combinations. Count: 1
[QUERY] Found all non-linear combinations. Count: 1
[QUERY] Returning nonlinear disjunction
[CTRL] Considering conjunction with 5 input constraints and a disjunction of size 3
[APPROX] Checking cache: SNNT.Approx.ApproxCacheObject[]
[APPROX] Constructing Approximation
[APPROX] Resolving approximation
[CTRL] Initiating iterator over current linear queries
[APPROX] # Conjunctions over output: 3
[CTRL] Processing linear query no. 25
[NNENUM] Running nnenum now...
[NNENUM] lb: [31.703236423477783, 7.4262139003490955, -0.0015]
[NNENUM] ub: [100.0, 134.4925915571708, 0.0]
[NNENUM] Creating LP Star...
[NNENUM] Checking feasibility
[NNENUM] Generating output Spec...
[NNENUM] Spec list length:  3
[NNENUM] Enumeration in progress... 
(0.0 sec) Q: 0, Sets: 0/1  (0.0%) CEs: 0 ETA: - (expected 1 stars)   
(0.2 sec) Q: 0, Sets: 0/4  (0.0%) CEs: 0 ETA: - (expected 1 stars)   

Total Stars: 5 (3 exact, 2 approx)
Unfinished Stars: 0
Runtime: 0.2 sec
Completed work frac: 1.0
Num Stars Copied Between Processes: 0
Num Lps During Enumeration: 114
Total Num Lps: 114

Result: network is SAFE

[NNENUM] Result: 
<nnenum.result.Result object at 0x723c682f9610>
[NNENUM] Enumeration finished.
safe
[NNENUM] Found counter-example stars: 0
[NNENUM] Filtering result using SMT solver...
[SMT] SMT filtered out 0 stars (out of 0; TO: 0).
[QUERY] Found all non-linear combinations. Count: 1
[QUERY] Found all non-linear combinations. Count: 1
[QUERY] Found all non-linear combinations. Count: 1
.[QUERY] Found all non-linear combinations. Count: 1
[QUERY] Found all non-linear combinations. Count: 1
[QUERY] Returning nonlinear disjunction
[CTRL] Considering conjunction with 5 input constraints and a disjunction of size 5
[APPROX] Checking cache: SNNT.Approx.ApproxCacheObject[]
[APPROX] Constructing Approximation
[APPROX] Resolving approximation
[CTRL] Initiating iterator over current linear queries
[APPROX] # Conjunctions over output: 5
[CTRL] Processing linear query no. 26
[NNENUM] Running nnenum now...
[NNENUM] lb: [31.703236423477783, 7.4262139003490955, -0.0015]
[NNENUM] ub: [100.0, 134.4925915571708, 0.0]
[NNENUM] Creating LP Star...
[NNENUM] Checking feasibility
[NNENUM] Generating output Spec...
[NNENUM] Spec list length:  5
[NNENUM] Enumeration in progress... 
(0.0 sec) Q: 0, Sets: 0/1  (0.0%) CEs: 0 ETA: - (expected 1 stars)   
(0.1 sec) Q: 0, Sets: 3/9  (15.625%) CEs: 0 ETA: 0.8 sec (expected 19 stars)   

Total Stars: 25 (8 exact, 17 approx)
Unfinished Stars: 0
Runtime: 0.2 sec
Completed work frac: 1.0
Num Stars Copied Between Processes: 0
Num Lps During Enumeration: 384
Total Num Lps: 384

Result: network is SAFE

[NNENUM] Result: 
<nnenum.result.Result object at 0x723c682f7490>
[NNENUM] Enumeration finished.
safe
[NNENUM] Found counter-example stars: 0
[NNENUM] Filtering result using SMT solver...
[SMT] SMT filtered out 0 stars (out of 0; TO: 0).
[QUERY] Found all non-linear combinations. Count: 1
[QUERY] Found all non-linear combinations. Count: 1
[QUERY] Found all non-linear combinations. Count: 1
[QUERY] Returning nonlinear disjunction
[CTRL] Considering conjunction with 5 input constraints and a disjunction of size 3
[APPROX] Checking cache: SNNT.Approx.ApproxCacheObject[]
[APPROX] Constructing Approximation
[APPROX] Resolving approximation
[CTRL] Initiating iterator over current linear queries
[APPROX] # Conjunctions over output: 3
[CTRL] Processing linear query no. 27
[NNENUM] Running nnenum now...
[NNENUM] lb: [0.0, 7.4262139003490955, -0.0015]
[NNENUM] ub: [16.376852110707294, 134.4925915571708, 0.0]
[NNENUM] Creating LP Star...
[NNENUM] Checking feasibility
[NNENUM] Generating output Spec...
[NNENUM] Spec list length:  3
[NNENUM] Enumeration in progress... 
(0.0 sec) Q: 0, Sets: 0/1  (0.0%) CEs: 0 ETA: - (expected 1 stars)   
(0.2 sec) Q: 0, Sets: 0/2  (0.0%) CEs: 0 ETA: - (expected 1 stars)   

Total Stars: 7 (0 exact, 7 approx)
Unfinished Stars: 0
Runtime: 0.2 sec
Completed work frac: 1.0
Num Stars Copied Between Processes: 0
Num Lps During Enumeration: 0
Total Num Lps: 0

Result: network is SAFE

[NNENUM] Result: 
<nnenum.result.Result object at 0x723c682f9be0>
[NNENUM] Enumeration finished.
safe
[NNENUM] Found counter-example stars: 0
[NNENUM] Filtering result using SMT solver...
[SMT] SMT filtered out 0 stars (out of 0; TO: 0).
...[QUERY] Found all non-linear combinations. Count: 6
[QUERY] Returning nonlinear disjunction
[CTRL] Considering conjunction with 5 input constraints and a disjunction of size 1
[APPROX] Checking cache: SNNT.Approx.ApproxCacheObject[]
[APPROX] Constructing Approximation
[APPROX] Resolving approximation
[CTRL] Initiating iterator over current linear queries
[APPROX] # Conjunctions over output: 1
[CTRL] Processing linear query no. 28
[NNENUM] Running nnenum now...
[NNENUM] lb: [31.703236423477783, 7.4262139003490955, 0.0]
[NNENUM] ub: [100.0, 134.4925915571708, 0.0015]
[NNENUM] Creating LP Star...
[NNENUM] Checking feasibility
[NNENUM] Generating output Spec...
[NNENUM] Spec list length:  1
[NNENUM] Enumeration in progress... 
(0.0 sec) Q: 0, Sets: 0/1  (0.0%) CEs: 0 ETA: - (expected 1 stars)   

Total Stars: 15 (9 exact, 6 approx)
Unfinished Stars: 0
Runtime: 0.1 sec
Completed work frac: 1.0
Num Stars Copied Between Processes: 0
Num Lps During Enumeration: 600
Total Num Lps: 600

Result: network is SAFE

[NNENUM] Result: 
<nnenum.result.Result object at 0x723c68685190>
[NNENUM] Enumeration finished.
safe
[NNENUM] Found counter-example stars: 0
[NNENUM] Filtering result using SMT solver...
[SMT] SMT filtered out 0 stars (out of 0; TO: 0).
..[QUERY] Found all non-linear combinations. Count: 1
[QUERY] Returning nonlinear disjunction
[CTRL] Considering conjunction with 5 input constraints and a disjunction of size 1
[APPROX] Checking cache: SNNT.Approx.ApproxCacheObject[]
[APPROX] Constructing Approximation
[APPROX] Resolving approximation
[CTRL] Initiating iterator over current linear queries
[APPROX] # Conjunctions over output: 1
[CTRL] Processing linear query no. 29
[NNENUM] Running nnenum now...
[NNENUM] lb: [31.703236423477783, 7.4262139003490955, 0.0]
[NNENUM] ub: [100.0, 134.4925915571708, 0.0015]
[NNENUM] Creating LP Star...
[NNENUM] Checking feasibility
[NNENUM] Generating output Spec...
[NNENUM] Spec list length:  1
[NNENUM] Enumeration in progress... 
(0.0 sec) Q: 0, Sets: 0/1  (0.0%) CEs: 0 ETA: - (expected 1 stars)   
(0.2 sec) Q: 0, Sets: 1/4  (12.5%) CEs: 0 ETA: 1.1 sec (expected 8 stars)   

Total Stars: 5 (3 exact, 2 approx)
Unfinished Stars: 0
Runtime: 0.2 sec
Completed work frac: 1.0
Num Stars Copied Between Processes: 0
Num Lps During Enumeration: 114
Total Num Lps: 114

Result: network is SAFE

[NNENUM] Result: 
<nnenum.result.Result object at 0x723c686b3b50>
[NNENUM] Enumeration finished.
safe
[NNENUM] Found counter-example stars: 0
[NNENUM] Filtering result using SMT solver...
[SMT] SMT filtered out 0 stars (out of 0; TO: 0).
[QUERY] Found all non-linear combinations. Count: 1
[QUERY] Found all non-linear combinations. Count: 1
[QUERY] Returning nonlinear disjunction
[CTRL] Considering conjunction with 5 input constraints and a disjunction of size 2
[APPROX] Checking cache: SNNT.Approx.ApproxCacheObject[]
[APPROX] Constructing Approximation
[APPROX] Resolving approximation
[CTRL] Initiating iterator over current linear queries
[APPROX] # Conjunctions over output: 2
[CTRL] Processing linear query no. 30
[NNENUM] Running nnenum now...
[NNENUM] lb: [31.703236423477783, -63.40647284695557, 0.0]
[NNENUM] ub: [100.0, -17.837453728392095, 0.0015]
[NNENUM] Creating LP Star...
[NNENUM] Checking feasibility
[NNENUM] Generating output Spec...
[NNENUM] Spec list length:  2
[NNENUM] Enumeration in progress... 
(0.0 sec) Q: 0, Sets: 0/1  (0.0%) CEs: 0 ETA: - (expected 1 stars)   

Total Stars: 6 (2 exact, 4 approx)
Unfinished Stars: 0
Runtime: 0.1 sec
Completed work frac: 1.0
Num Stars Copied Between Processes: 0
Num Lps During Enumeration: 151
Total Num Lps: 151

Result: network is SAFE

[NNENUM] Result: 
<nnenum.result.Result object at 0x723c682e6eb0>
[NNENUM] Enumeration finished.
safe
[NNENUM] Found counter-example stars: 0
[NNENUM] Filtering result using SMT solver...
[SMT] SMT filtered out 0 stars (out of 0; TO: 0).
[QUERY] Found all non-linear combinations. Count: 1
[QUERY] Returning nonlinear disjunction
[CTRL] Considering conjunction with 5 input constraints and a disjunction of size 1
[APPROX] Checking cache: SNNT.Approx.ApproxCacheObject[]
[APPROX] Constructing Approximation
[APPROX] Resolving approximation
[CTRL] Initiating iterator over current linear queries
[APPROX] # Conjunctions over output: 1
[CTRL] Processing linear query no. 31
[NNENUM] Running nnenum now...
[NNENUM] lb: [31.703236423477783, -63.40647284695557, 0.0]
[NNENUM] ub: [100.0, -17.837453728392095, 0.0015]
[NNENUM] Creating LP Star...
[NNENUM] Checking feasibility
[NNENUM] Generating output Spec...
[NNENUM] Spec list length:  1
[NNENUM] Enumeration in progress... 
(0.0 sec) Q: 0, Sets: 0/1  (0.0%) CEs: 0 ETA: - (expected 1 stars)   
(0.2 sec) Q: 0, Sets: 1/3  (25.0%) CEs: 0 ETA: 0.6 sec (expected 4 stars)   

Total Stars: 4 (1 exact, 3 approx)
Unfinished Stars: 0
Runtime: 0.2 sec
Completed work frac: 1.0
Num Stars Copied Between Processes: 0
Num Lps During Enumeration: 20
Total Num Lps: 20

Result: network is SAFE

[NNENUM] Result: 
<nnenum.result.Result object at 0x723c682f2460>
[NNENUM] Enumeration finished.
safe
[NNENUM] Found counter-example stars: 0
[NNENUM] Filtering result using SMT solver...
[SMT] SMT filtered out 0 stars (out of 0; TO: 0).
[QUERY] Found all non-linear combinations. Count: 2
[QUERY] Found all non-linear combinations. Count: 2
[QUERY] Found all non-linear combinations. Count: 2
[QUERY] Found all non-linear combinations. Count: 2
[QUERY] Found all non-linear combinations. Count: 2
.[QUERY] Found all non-linear combinations. Count: 1
[QUERY] Found all non-linear combinations. Count: 1
[QUERY] Found all non-linear combinations. Count: 1
[QUERY] Found all non-linear combinations. Count: 1
[QUERY] Found all non-linear combinations. Count: 2
[QUERY] Returning nonlinear disjunction
[CTRL] Considering conjunction with 5 input constraints and a disjunction of size 10
[APPROX] Checking cache: SNNT.Approx.ApproxCacheObject[]
[APPROX] Constructing Approximation
[APPROX] Resolving approximation
[CTRL] Initiating iterator over current linear queries
[APPROX] # Conjunctions over output: 10
[CTRL] Processing linear query no. 32
[NNENUM] Running nnenum now...
[NNENUM] lb: [31.703236423477783, -73.18705430608887, 0.0]
[NNENUM] ub: [100.0, -63.40647284695557, 0.0015]
[NNENUM] Creating LP Star...
[NNENUM] Checking feasibility
[NNENUM] Generating output Spec...
[NNENUM] Spec list length:  10
[NNENUM] Enumeration in progress... 

[NNENUM] Result: 
<nnenum.result.Result object at 0x723c86d65910>
[NNENUM] Enumeration finished.
safe
[NNENUM] Filtering result using SMT solver...
[SMT] SMT filtered out 0 stars (out of 0; TO: 0).
[QUERY] Found all non-linear combinations. Count: 6
[QUERY] Returning nonlinear disjunction
[CTRL] Considering conjunction with 5 input constraints and a disjunction of size 1
[APPROX] Checking cache: SNNT.Approx.ApproxCacheObject[]
[APPROX] Constructing Approximation
[APPROX] Resolving approximation
[CTRL] Initiating iterator over current linear queries
[APPROX] # Conjunctions over output: 1
[CTRL] Processing linear query no. 33
[NNENUM] Running nnenum now...
[NNENUM] lb: [31.703236423477783, 134.4925915571708, 0.0]
[NNENUM] ub: [100.0, 200.0, 0.0015]
[NNENUM] Creating LP Star...
[NNENUM] Checking feasibility
[NNENUM] Generating output Spec...
[NNENUM] Spec list length:  1
[NNENUM] Enumeration in progress... 

[NNENUM] Result: 
<nnenum.result.Result object at 0x723c682f2d00>
[NNENUM] Enumeration finished.
safe
[NNENUM] Filtering result using SMT solver...
[SMT] SMT filtered out 0 stars (out of 0; TO: 0).
[QUERY] Found all non-linear combinations. Count: 1
[QUERY] Found all non-linear combinations. Count: 2
[QUERY] Found all non-linear combinations. Count: 1
[QUERY] Found all non-linear combinations. Count: 1
[QUERY] Found all non-linear combinations. Count: 1
[QUERY] Found all non-linear combinations. Count: 1
[QUERY] Found all non-linear combinations. Count: 2
[QUERY] Found all non-linear combinations. Count: 2
[QUERY] Found all non-linear combinations. Count: 2
[QUERY] Found all non-linear combinations. Count: 2
[QUERY] Found all non-linear combinations. Count: 2
.[QUERY] Found all non-linear combinations. Count: 1
[QUERY] Returning nonlinear disjunction
[CTRL] Considering conjunction with 5 input constraints and a disjunction of size 12
[APPROX] Checking cache: SNNT.Approx.ApproxCacheObject[]
[APPROX] Constructing Approximation
[APPROX] Resolving approximation
[CTRL] Initiating iterator over current linear queries
[APPROX] # Conjunctions over output: 12
[CTRL] Processing linear query no. 34
[NNENUM] Running nnenum now...
[NNENUM] lb: [31.703236423477783, -134.49259155717084, 0.0]
[NNENUM] ub: [100.0, -73.18705430608887, 0.0015]
[NNENUM] Creating LP Star...
[NNENUM] Checking feasibility
[NNENUM] Generating output Spec...
[NNENUM] Spec list length:  12
[NNENUM] Enumeration in progress... 

[NNENUM] Result: 
<nnenum.result.Result object at 0x723c682e6220>
[NNENUM] Enumeration finished.
safe
[NNENUM] Filtering result using SMT solver...
[SMT] SMT filtered out 0 stars (out of 0; TO: 0).
[QUERY] Found all non-linear combinations. Count: 2
[QUERY] Returning nonlinear disjunction
[CTRL] Considering conjunction with 5 input constraints and a disjunction of size 1
[APPROX] Checking cache: SNNT.Approx.ApproxCacheObject[]
[APPROX] Constructing Approximation
[APPROX] Resolving approximation
[CTRL] Initiating iterator over current linear queries
[APPROX] # Conjunctions over output: 1
[CTRL] Processing linear query no. 35
[NNENUM] Running nnenum now...
[NNENUM] lb: [31.703236423477783, 134.4925915571708, 0.0]
[NNENUM] ub: [100.0, 200.0, 0.0015]
[NNENUM] Creating LP Star...
[NNENUM] Checking feasibility
[NNENUM] Generating output Spec...
[NNENUM] Spec list length:  1
[NNENUM] Enumeration in progress... 

[NNENUM] Result: 
<nnenum.result.Result object at 0x723c687dbfd0>
[NNENUM] Enumeration finished.
safe
[NNENUM] Filtering result using SMT solver...
[SMT] SMT filtered out 0 stars (out of 0; TO: 0).
[QUERY] Found all non-linear combinations. Count: 1
[QUERY] Found all non-linear combinations. Count: 1
[QUERY] Found all non-linear combinations. Count: 1
[QUERY] Found all non-linear combinations. Count: 1
[QUERY] Found all non-linear combinations. Count: 1
[QUERY] Found all non-linear combinations. Count: 1
[QUERY] Found all non-linear combinations. Count: 1
[QUERY] Found all non-linear combinations. Count: 1
[QUERY] Found all non-linear combinations. Count: 1
[QUERY] Found all non-linear combinations. Count: 1
[QUERY] Found all non-linear combinations. Count: 1
[QUERY] Found all non-linear combinations. Count: 1
[QUERY] Found all non-linear combinations. Count: 1
[QUERY] Returning nonlinear disjunction
[CTRL] Considering conjunction with 5 input constraints and a disjunction of size 13
[APPROX] Checking cache: SNNT.Approx.ApproxCacheObject[]
[APPROX] Constructing Approximation
[APPROX] Resolving approximation
[CTRL] Initiating iterator over current linear queries
[APPROX] # Conjunctions over output: 13
[CTRL] Processing linear query no. 36
[NNENUM] Running nnenum now...
[NNENUM] lb: [31.703236423477783, -200.0, 0.0]
[NNENUM] ub: [100.0, -134.49259155717084, 0.0015]
[NNENUM] Creating LP Star...
[NNENUM] Checking feasibility
[NNENUM] Generating output Spec...
[NNENUM] Spec list length:  13
[NNENUM] Enumeration in progress... 

[NNENUM] Result: 
<nnenum.result.Result object at 0x723c682e6a30>
[NNENUM] Enumeration finished.
safe
[NNENUM] Filtering result using SMT solver...
[SMT] SMT filtered out 0 stars (out of 0; TO: 0).
.[QUERY] Found all non-linear combinations. Count: 1
[QUERY] Found all non-linear combinations. Count: 1
[QUERY] Found all non-linear combinations. Count: 1
[QUERY] Found all non-linear combinations. Count: 1
..[QUERY] Found all non-linear combinations. Count: 1
[QUERY] Found all non-linear combinations. Count: 1
[QUERY] Returning nonlinear disjunction
[CTRL] Considering conjunction with 5 input constraints and a disjunction of size 6
[APPROX] Checking cache: SNNT.Approx.ApproxCacheObject[]
[APPROX] Constructing Approximation
[APPROX] Resolving approximation
[CTRL] Initiating iterator over current linear queries
[APPROX] # Conjunctions over output: 6
[CTRL] Processing linear query no. 37
[NNENUM] Running nnenum now...
[NNENUM] lb: [31.703236423477783, -17.837453728392095, 0.0]
[NNENUM] ub: [100.0, -2.1, 0.0015]
[NNENUM] Creating LP Star...
[NNENUM] Checking feasibility
[NNENUM] Generating output Spec...
[NNENUM] Spec list length:  6
[NNENUM] Enumeration in progress... 
(0.0 sec) Q: 0, Sets: 0/1  (0.0%) CEs: 0 ETA: - (expected 1 stars)   
(0.1 sec) Q: 0, Sets: 3/6  (34.375%) CEs: 0 ETA: 0.3 sec (expected 9 stars)   

Total Stars: 16 (1 exact, 15 approx)
Unfinished Stars: 0
Runtime: 0.2 sec
Completed work frac: 1.0
Num Stars Copied Between Processes: 0
Num Lps During Enumeration: 39
Total Num Lps: 39

Result: network is SAFE

[NNENUM] Result: 
<nnenum.result.Result object at 0x723c682f9250>
[NNENUM] Enumeration finished.
safe
[NNENUM] Found counter-example stars: 0
[NNENUM] Filtering result using SMT solver...
[SMT] SMT filtered out 0 stars (out of 0; TO: 0).
[QUERY] Found all non-linear combinations. Count: 1
[QUERY] Returning nonlinear disjunction
[CTRL] Considering conjunction with 5 input constraints and a disjunction of size 1
[APPROX] Checking cache: SNNT.Approx.ApproxCacheObject[]
[APPROX] Constructing Approximation
[APPROX] Resolving approximation
[CTRL] Initiating iterator over current linear queries
[APPROX] # Conjunctions over output: 1
[CTRL] Processing linear query no. 38
[NNENUM] Running nnenum now...
[NNENUM] lb: [31.703236423477783, 7.4262139003490955, 0.0]
[NNENUM] ub: [100.0, 134.4925915571708, 0.0015]
[NNENUM] Creating LP Star...
[NNENUM] Checking feasibility
[NNENUM] Generating output Spec...
[NNENUM] Spec list length:  1
[NNENUM] Enumeration in progress... 
(0.0 sec) Q: 0, Sets: 0/1  (0.0%) CEs: 0 ETA: - (expected 1 stars)   

Total Stars: 3 (1 exact, 2 approx)
Unfinished Stars: 0
Runtime: 0.0 sec
Completed work frac: 1.0
Num Stars Copied Between Processes: 0
Num Lps During Enumeration: 111
Total Num Lps: 111

Result: network is SAFE

[NNENUM] Result: 
<nnenum.result.Result object at 0x723c682d5310>
[NNENUM] Enumeration finished.
safe
[NNENUM] Found counter-example stars: 0
[NNENUM] Filtering result using SMT solver...
[SMT] SMT filtered out 0 stars (out of 0; TO: 0).
[QUERY] Found all non-linear combinations. Count: 1
[QUERY] Returning nonlinear disjunction
[CTRL] Considering conjunction with 5 input constraints and a disjunction of size 1
[APPROX] Checking cache: SNNT.Approx.ApproxCacheObject[]
[APPROX] Constructing Approximation
[APPROX] Resolving approximation
[CTRL] Initiating iterator over current linear queries
[APPROX] # Conjunctions over output: 1
[CTRL] Processing linear query no. 39
[NNENUM] Running nnenum now...
[NNENUM] lb: [31.703236423477783, 7.4262139003490955, 0.0]
[NNENUM] ub: [100.0, 134.4925915571708, 0.0015]
[NNENUM] Creating LP Star...
[NNENUM] Checking feasibility
[NNENUM] Generating output Spec...
[NNENUM] Spec list length:  1
[NNENUM] Enumeration in progress... 
(0.2 sec) Q: 0, Sets: 0/1  (0.0%) CEs: 0 ETA: - (expected 1 stars)   

Total Stars: 3 (1 exact, 2 approx)
Unfinished Stars: 0
Runtime: 0.3 sec
Completed work frac: 1.0
Num Stars Copied Between Processes: 0
Num Lps During Enumeration: 35
Total Num Lps: 35

Result: network is SAFE

[NNENUM] Result: 
<nnenum.result.Result object at 0x723c682e40a0>
[NNENUM] Enumeration finished.
safe
[NNENUM] Found counter-example stars: 0
[NNENUM] Filtering result using SMT solver...
[SMT] SMT filtered out 0 stars (out of 0; TO: 0).
[QUERY] Found all non-linear combinations. Count: 1
[QUERY] Found all non-linear combinations. Count: 1
[QUERY] Returning nonlinear disjunction
[CTRL] Considering conjunction with 5 input constraints and a disjunction of size 2
[APPROX] Checking cache: SNNT.Approx.ApproxCacheObject[]
[APPROX] Constructing Approximation
[APPROX] Resolving approximation
[CTRL] Initiating iterator over current linear queries
[APPROX] # Conjunctions over output: 2
[CTRL] Processing linear query no. 40
[NNENUM] Running nnenum now...
[NNENUM] lb: [31.703236423477783, 134.4925915571708, 0.0]
[NNENUM] ub: [100.0, 200.0, 0.0015]
[NNENUM] Creating LP Star...
[NNENUM] Checking feasibility
[NNENUM] Generating output Spec...
[NNENUM] Spec list length:  2
[NNENUM] Enumeration in progress... 

[NNENUM] Result: 
<nnenum.result.Result object at 0x723c682d5940>
[NNENUM] Enumeration finished.
safe
[NNENUM] Filtering result using SMT solver...
[SMT] SMT filtered out 0 stars (out of 0; TO: 0).
.[QUERY] Found all non-linear combinations. Count: 1
[QUERY] Found all non-linear combinations. Count: 1
[QUERY] Returning nonlinear disjunction
[CTRL] Considering conjunction with 5 input constraints and a disjunction of size 2
[APPROX] Checking cache: SNNT.Approx.ApproxCacheObject[]
[APPROX] Constructing Approximation
[APPROX] Resolving approximation
[CTRL] Initiating iterator over current linear queries
[APPROX] # Conjunctions over output: 2
[CTRL] Processing linear query no. 41
[NNENUM] Running nnenum now...
[NNENUM] lb: [31.703236423477783, 0.09999999999999999, 0.0]
[NNENUM] ub: [100.0, 7.4262139003490955, 0.0015]
[NNENUM] Creating LP Star...
[NNENUM] Checking feasibility
[NNENUM] Generating output Spec...
[NNENUM] Spec list length:  2
[NNENUM] Enumeration in progress... 

[NNENUM] Result: 
<nnenum.result.Result object at 0x723c682c93a0>
[NNENUM] Enumeration finished.
safe
[NNENUM] Filtering result using SMT solver...
[SMT] SMT filtered out 0 stars (out of 0; TO: 0).
.[QUERY] Found all non-linear combinations. Count: 1
[QUERY] Returning nonlinear disjunction
[CTRL] Considering conjunction with 5 input constraints and a disjunction of size 1
[APPROX] Checking cache: SNNT.Approx.ApproxCacheObject[]
[APPROX] Constructing Approximation
[APPROX] Resolving approximation
[CTRL] Initiating iterator over current linear queries
[APPROX] # Conjunctions over output: 1
[CTRL] Processing linear query no. 42
[NNENUM] Running nnenum now...
[NNENUM] lb: [31.703236423477783, 0.0, 0.0]
[NNENUM] ub: [100.0, 0.09999999999999999, 0.0015]
[NNENUM] Creating LP Star...
[NNENUM] Checking feasibility
[NNENUM] Generating output Spec...
[NNENUM] Spec list length:  1
[NNENUM] Enumeration in progress... 

[NNENUM] Result: 
<nnenum.result.Result object at 0x723c686b31c0>
[NNENUM] Enumeration finished.
safe
[NNENUM] Filtering result using SMT solver...
[SMT] SMT filtered out 0 stars (out of 0; TO: 0).
[QUERY] Found all non-linear combinations. Count: 1
[QUERY] Returning nonlinear disjunction
[CTRL] Considering conjunction with 4 input constraints and a disjunction of size 1
[APPROX] Checking cache: SNNT.Approx.ApproxCacheObject[]
[APPROX] Constructing Approximation
[APPROX] Resolving approximation
[CTRL] Initiating iterator over current linear queries
[APPROX] # Conjunctions over output: 1
[CTRL] Processing linear query no. 43
[NNENUM] Running nnenum now...
[NNENUM] lb: [31.703236423477783, 0.0, 0.0]
[NNENUM] ub: [100.0, 0.0, 0.0015]
[NNENUM] Creating LP Star...
[NNENUM] Checking feasibility
[NNENUM] Generating output Spec...
[NNENUM] Spec list length:  1
[NNENUM] Enumeration in progress... 

[NNENUM] Result: 
<nnenum.result.Result object at 0x723c682f25e0>
[NNENUM] Enumeration finished.
safe
[NNENUM] Filtering result using SMT solver...
[SMT] SMT filtered out 0 stars (out of 0; TO: 0).
[QUERY] Found all non-linear combinations. Count: 1
[QUERY] Returning nonlinear disjunction
[CTRL] Considering conjunction with 4 input constraints and a disjunction of size 1
[APPROX] Checking cache: SNNT.Approx.ApproxCacheObject[]
[APPROX] Constructing Approximation
[APPROX] Resolving approximation
[CTRL] Initiating iterator over current linear queries
[APPROX] # Conjunctions over output: 1
[CTRL] Processing linear query no. 44
[NNENUM] Running nnenum now...
[NNENUM] lb: [31.703236423477783, 0.0, 0.0]
[NNENUM] ub: [100.0, 0.0, 0.0015]
[NNENUM] Creating LP Star...
[NNENUM] Checking feasibility
[NNENUM] Generating output Spec...
[NNENUM] Spec list length:  1
[NNENUM] Enumeration in progress... 

[NNENUM] Result: 
<nnenum.result.Result object at 0x723c682f2a00>
[NNENUM] Enumeration finished.
safe
[NNENUM] Filtering result using SMT solver...
[SMT] SMT filtered out 0 stars (out of 0; TO: 0).
[QUERY] Found all non-linear combinations. Count: 1
[QUERY] Returning nonlinear disjunction
[CTRL] Considering conjunction with 4 input constraints and a disjunction of size 1
[APPROX] Checking cache: SNNT.Approx.ApproxCacheObject[]
[APPROX] Constructing Approximation
[APPROX] Resolving approximation
[CTRL] Initiating iterator over current linear queries
[APPROX] # Conjunctions over output: 1
[CTRL] Processing linear query no. 45
[NNENUM] Running nnenum now...
[NNENUM] lb: [31.703236423477783, -2.1, 0.0]
[NNENUM] ub: [100.0, 0.0, 0.0015]
[NNENUM] Creating LP Star...
[NNENUM] Checking feasibility
[NNENUM] Generating output Spec...
[NNENUM] Spec list length:  1
[NNENUM] Enumeration in progress... 

[NNENUM] Result: 
<nnenum.result.Result object at 0x723c682c97c0>
[NNENUM] Enumeration finished.
safe
[NNENUM] Filtering result using SMT solver...
[SMT] SMT filtered out 0 stars (out of 0; TO: 0).
[QUERY] Found all non-linear combinations. Count: 1
[QUERY] Found all non-linear combinations. Count: 1
[QUERY] Returning nonlinear disjunction
[CTRL] Considering conjunction with 5 input constraints and a disjunction of size 2
[APPROX] Checking cache: SNNT.Approx.ApproxCacheObject[]
[APPROX] Constructing Approximation
[APPROX] Resolving approximation
[CTRL] Initiating iterator over current linear queries
[APPROX] # Conjunctions over output: 2
[CTRL] Processing linear query no. 46
[NNENUM] Running nnenum now...
[NNENUM] lb: [31.703236423477783, -63.40647284695557, 0.0]
[NNENUM] ub: [100.0, -17.837453728392095, 0.0015]
[NNENUM] Creating LP Star...
[NNENUM] Checking feasibility
[NNENUM] Generating output Spec...
[NNENUM] Spec list length:  2
[NNENUM] Enumeration in progress... 
(0.0 sec) Q: 0, Sets: 0/1  (0.0%) CEs: 0 ETA: - (expected 1 stars)   
(0.1 sec) Q: 0, Sets: 8/11  (12.5%) CEs: 0 ETA: 1.0 sec (expected 64 stars)   
(0.3 sec) Q: 0, Sets: 15/19  (28.125%) CEs: 0 ETA: 0.7 sec (expected 53 stars)   (0.4 sec) Q: 0, Sets: 25/25  (100.0%) CEs: 0 ETA: 0.0 sec (expected 25 stars)   

Total Stars: 25 (2 exact, 23 approx)
Unfinished Stars: 0
Runtime: 0.4 sec
Completed work frac: 1.0
Num Stars Copied Between Processes: 0
Num Lps During Enumeration: 166
Total Num Lps: 166

Result: network is SAFE

[NNENUM] Result: 
<nnenum.result.Result object at 0x723c682f9100>
[NNENUM] Enumeration finished.
safe
[NNENUM] Found counter-example stars: 0
[NNENUM] Filtering result using SMT solver...
[SMT] SMT filtered out 0 stars (out of 0; TO: 0).
[QUERY] Found all non-linear combinations. Count: 1
[QUERY] Found all non-linear combinations. Count: 1
[QUERY] Returning nonlinear disjunction
[CTRL] Considering conjunction with 5 input constraints and a disjunction of size 2
[APPROX] Checking cache: SNNT.Approx.ApproxCacheObject[]
[APPROX] Constructing Approximation
[APPROX] Resolving approximation
[CTRL] Initiating iterator over current linear queries
[APPROX] # Conjunctions over output: 2
[CTRL] Processing linear query no. 47
[NNENUM] Running nnenum now...
[NNENUM] lb: [31.703236423477783, -73.18705430608887, 0.0]
[NNENUM] ub: [100.0, -63.40647284695557, 0.0015]
[NNENUM] Creating LP Star...
[NNENUM] Checking feasibility
[NNENUM] Generating output Spec...
[NNENUM] Spec list length:  2
[NNENUM] Enumeration in progress... 

[NNENUM] Result: 
<nnenum.result.Result object at 0x723c682f22e0>
[NNENUM] Enumeration finished.
safe
[NNENUM] Filtering result using SMT solver...
[SMT] SMT filtered out 0 stars (out of 0; TO: 0).
[QUERY] Found all non-linear combinations. Count: 1
[QUERY] Returning nonlinear disjunction
[CTRL] Considering conjunction with 5 input constraints and a disjunction of size 1
[APPROX] Checking cache: SNNT.Approx.ApproxCacheObject[]
[APPROX] Constructing Approximation
[APPROX] Resolving approximation
[CTRL] Initiating iterator over current linear queries
[APPROX] # Conjunctions over output: 1
[CTRL] Processing linear query no. 48
[NNENUM] Running nnenum now...
[NNENUM] lb: [31.703236423477783, -134.49259155717084, 0.0]
[NNENUM] ub: [100.0, -73.18705430608887, 0.0015]
[NNENUM] Creating LP Star...
[NNENUM] Checking feasibility
[NNENUM] Generating output Spec...
[NNENUM] Spec list length:  1
[NNENUM] Enumeration in progress... 

[NNENUM] Result: 
<nnenum.result.Result object at 0x723c682d5df0>
[NNENUM] Enumeration finished.
safe
[NNENUM] Filtering result using SMT solver...
[SMT] SMT filtered out 0 stars (out of 0; TO: 0).
.[QUERY] Found all non-linear combinations. Count: 1
[QUERY] Returning nonlinear disjunction
[CTRL] Considering conjunction with 5 input constraints and a disjunction of size 1
[APPROX] Checking cache: SNNT.Approx.ApproxCacheObject[]
[APPROX] Constructing Approximation
[APPROX] Resolving approximation
[CTRL] Initiating iterator over current linear queries
[APPROX] # Conjunctions over output: 1
[CTRL] Processing linear query no. 49
[NNENUM] Running nnenum now...
[NNENUM] lb: [31.703236423477783, -73.18705430608887, 0.0]
[NNENUM] ub: [100.0, -63.40647284695557, 0.0015]
[NNENUM] Creating LP Star...
[NNENUM] Checking feasibility
[NNENUM] Generating output Spec...
[NNENUM] Spec list length:  1
[NNENUM] Enumeration in progress... 

[NNENUM] Result: 
<nnenum.result.Result object at 0x723c682d5b80>
[NNENUM] Enumeration finished.
safe
[NNENUM] Filtering result using SMT solver...
[SMT] SMT filtered out 0 stars (out of 0; TO: 0).
[QUERY] Found all non-linear combinations. Count: 1
[QUERY] Returning nonlinear disjunction
[CTRL] Considering conjunction with 5 input constraints and a disjunction of size 1
[APPROX] Checking cache: SNNT.Approx.ApproxCacheObject[]
[APPROX] Constructing Approximation
[APPROX] Resolving approximation
[CTRL] Initiating iterator over current linear queries
[APPROX] # Conjunctions over output: 1
[CTRL] Processing linear query no. 50
[NNENUM] Running nnenum now...
[NNENUM] lb: [31.703236423477783, -134.49259155717084, 0.0]
[NNENUM] ub: [100.0, -73.18705430608887, 0.0015]
[NNENUM] Creating LP Star...
[NNENUM] Checking feasibility
[NNENUM] Generating output Spec...
[NNENUM] Spec list length:  1
[NNENUM] Enumeration in progress... 

[NNENUM] Result: 
<nnenum.result.Result object at 0x723c686b3cd0>
[NNENUM] Enumeration finished.
safe
[NNENUM] Filtering result using SMT solver...
[SMT] SMT filtered out 0 stars (out of 0; TO: 0).
[QUERY] Found all non-linear combinations. Count: 1
[QUERY] Found all non-linear combinations. Count: 1
[QUERY] Returning nonlinear disjunction
[CTRL] Considering conjunction with 5 input constraints and a disjunction of size 2
[APPROX] Checking cache: SNNT.Approx.ApproxCacheObject[]
[APPROX] Constructing Approximation
[APPROX] Resolving approximation
[CTRL] Initiating iterator over current linear queries
[APPROX] # Conjunctions over output: 2
[CTRL] Processing linear query no. 51
[NNENUM] Running nnenum now...
[NNENUM] lb: [31.703236423477783, 7.4262139003490955, 0.0]
[NNENUM] ub: [100.0, 134.4925915571708, 0.0015]
[NNENUM] Creating LP Star...
[NNENUM] Checking feasibility
[NNENUM] Generating output Spec...
[NNENUM] Spec list length:  2
[NNENUM] Enumeration in progress... 
(0.5 sec) Q: 0, Sets: 0/1  (0.0%) CEs: 0 ETA: - (expected 1 stars)   
(0.6 sec) Q: 0, Sets: 10/13  (31.25%) CEs: 0 ETA: 1.4 sec (expected 32 stars)   

Total Stars: 25 (8 exact, 17 approx)
Unfinished Stars: 0
Runtime: 0.6 sec
Completed work frac: 1.0
Num Stars Copied Between Processes: 0
Num Lps During Enumeration: 384
Total Num Lps: 384

Result: network is SAFE

[NNENUM] Result: 
<nnenum.result.Result object at 0x723c682e67f0>
[NNENUM] Enumeration finished.
safe
[NNENUM] Found counter-example stars: 0
[NNENUM] Filtering result using SMT solver...
[SMT] SMT filtered out 0 stars (out of 0; TO: 0).
[QUERY] Found all non-linear combinations. Count: 1
[QUERY] Found all non-linear combinations. Count: 1
[QUERY] Found all non-linear combinations. Count: 1
[QUERY] Found all non-linear combinations. Count: 1
[QUERY] Found all non-linear combinations. Count: 1
[QUERY] Found all non-linear combinations. Count: 1
[QUERY] Found all non-linear combinations. Count: 1
[QUERY] Found all non-linear combinations. Count: 1
[QUERY] Found all non-linear combinations. Count: 1
[QUERY] Found all non-linear combinations. Count: 1
[QUERY] Found all non-linear combinations. Count: 1
[QUERY] Found all non-linear combinations. Count: 1
[QUERY] Found all non-linear combinations. Count: 1
[QUERY] Found all non-linear combinations. Count: 1
[QUERY] Found all non-linear combinations. Count: 1
[QUERY] Returning nonlinear disjunction
[CTRL] Considering conjunction with 5 input constraints and a disjunction of size 15
[APPROX] Checking cache: SNNT.Approx.ApproxCacheObject[]
[APPROX] Constructing Approximation
[APPROX] Resolving approximation
[CTRL] Initiating iterator over current linear queries
[APPROX] # Conjunctions over output: 15
[CTRL] Processing linear query no. 52
[NNENUM] Running nnenum now...
[NNENUM] lb: [31.703236423477783, -200.0, -0.0015]
[NNENUM] ub: [100.0, -134.49259155717084, 0.0]
[NNENUM] Creating LP Star...
[NNENUM] Checking feasibility
[NNENUM] Generating output Spec...
[NNENUM] Spec list length:  15
[NNENUM] Enumeration in progress... 

[NNENUM] Result: 
<nnenum.result.Result object at 0x723c682c9ee0>
[NNENUM] Enumeration finished.
safe
[NNENUM] Filtering result using SMT solver...
[SMT] SMT filtered out 0 stars (out of 0; TO: 0).
[QUERY] Found all non-linear combinations. Count: 1
[QUERY] Found all non-linear combinations. Count: 1
.[QUERY] Found all non-linear combinations. Count: 1
[QUERY] Found all non-linear combinations. Count: 1
[QUERY] Found all non-linear combinations. Count: 1
[QUERY] Found all non-linear combinations. Count: 1
.[QUERY] Found all non-linear combinations. Count: 1
[QUERY] Found all non-linear combinations. Count: 1
[QUERY] Returning nonlinear disjunction
[CTRL] Considering conjunction with 5 input constraints and a disjunction of size 8
[APPROX] Checking cache: SNNT.Approx.ApproxCacheObject[]
[APPROX] Constructing Approximation
[APPROX] Resolving approximation
[CTRL] Initiating iterator over current linear queries
[APPROX] # Conjunctions over output: 8
[CTRL] Processing linear query no. 53
[NNENUM] Running nnenum now...
[NNENUM] lb: [31.703236423477783, -17.837453728392095, -0.0015]
[NNENUM] ub: [100.0, -2.1, 0.0]
[NNENUM] Creating LP Star...
[NNENUM] Checking feasibility
[NNENUM] Generating output Spec...
[NNENUM] Spec list length:  8
[NNENUM] Enumeration in progress... 
(0.0 sec) Q: 0, Sets: 0/1  (0.0%) CEs: 0 ETA: - (expected 1 stars)   
(0.2 sec) Q: 0, Sets: 1/3  (25.0%) CEs: 0 ETA: 0.5 sec (expected 4 stars)   
(0.3 sec) Q: 0, Sets: 5/7  (50.0%) CEs: 0 ETA: 0.3 sec (expected 10 stars)   
Total Stars: 16 (1 exact, 15 approx)
Unfinished Stars: 0
Runtime: 0.3 sec
Completed work frac: 1.0
Num Stars Copied Between Processes: 0
Num Lps During Enumeration: 39
Total Num Lps: 39

Result: network is SAFE

[NNENUM] Result: 
<nnenum.result.Result object at 0x723c682ff310>
[NNENUM] Enumeration finished.
safe
[NNENUM] Found counter-example stars: 0
[NNENUM] Filtering result using SMT solver...
[SMT] SMT filtered out 0 stars (out of 0; TO: 0).
[QUERY] Found all non-linear combinations. Count: 1
.[QUERY] Found all non-linear combinations. Count: 1
[QUERY] Returning nonlinear disjunction
[CTRL] Considering conjunction with 5 input constraints and a disjunction of size 2
[APPROX] Checking cache: SNNT.Approx.ApproxCacheObject[]
[APPROX] Constructing Approximation
[APPROX] Resolving approximation
[CTRL] Initiating iterator over current linear queries
[APPROX] # Conjunctions over output: 2
[CTRL] Processing linear query no. 54
[NNENUM] Running nnenum now...
[NNENUM] lb: [31.703236423477783, -2.1, -0.0015]
[NNENUM] ub: [100.0, 0.0, 0.0]
[NNENUM] Creating LP Star...
[NNENUM] Checking feasibility
[NNENUM] Generating output Spec...
[NNENUM] Spec list length:  2
[NNENUM] Enumeration in progress... 

[NNENUM] Result: 
<nnenum.result.Result object at 0x723c682d5040>
[NNENUM] Enumeration finished.
safe
[NNENUM] Filtering result using SMT solver...
[SMT] SMT filtered out 0 stars (out of 0; TO: 0).
[QUERY] Found all non-linear combinations. Count: 1
[QUERY] Found all non-linear combinations. Count: 1
[QUERY] Returning nonlinear disjunction
[CTRL] Considering conjunction with 5 input constraints and a disjunction of size 2
[APPROX] Checking cache: SNNT.Approx.ApproxCacheObject[]
[APPROX] Constructing Approximation
[APPROX] Resolving approximation
[CTRL] Initiating iterator over current linear queries
[APPROX] # Conjunctions over output: 2
[CTRL] Processing linear query no. 55
[NNENUM] Running nnenum now...
[NNENUM] lb: [31.703236423477783, 0.0, -0.0015]
[NNENUM] ub: [100.0, 0.0, 0.0]
[NNENUM] Creating LP Star...
[NNENUM] Checking feasibility
[NNENUM] Generating output Spec...
[NNENUM] Spec list length:  2
[NNENUM] Enumeration in progress... 

[NNENUM] Result: 
<nnenum.result.Result object at 0x723c682ff4f0>
[NNENUM] Enumeration finished.
safe
[NNENUM] Filtering result using SMT solver...
[SMT] SMT filtered out 0 stars (out of 0; TO: 0).
..[QUERY] Found all non-linear combinations. Count: 3
..[QUERY] Found all non-linear combinations. Count: 6
[QUERY] Returning nonlinear disjunction
[CTRL] Considering conjunction with 5 input constraints and a disjunction of size 2
[APPROX] Checking cache: SNNT.Approx.ApproxCacheObject[]
[APPROX] Constructing Approximation
[APPROX] Resolving approximation
[CTRL] Initiating iterator over current linear queries
[APPROX] # Conjunctions over output: 2
[CTRL] Processing linear query no. 56
[NNENUM] Running nnenum now...
[NNENUM] lb: [31.703236423477783, 134.4925915571708, -0.0015]
[NNENUM] ub: [100.0, 200.0, 0.0]
[NNENUM] Creating LP Star...
[NNENUM] Checking feasibility
[NNENUM] Generating output Spec...
[NNENUM] Spec list length:  2
[NNENUM] Enumeration in progress... 

[NNENUM] Result: 
<nnenum.result.Result object at 0x723c682ff850>
[NNENUM] Enumeration finished.
safe
[NNENUM] Filtering result using SMT solver...
[SMT] SMT filtered out 0 stars (out of 0; TO: 0).
..[QUERY] Found all non-linear combinations. Count: 1
.[QUERY] Found all non-linear combinations. Count: 1
[QUERY] Found all non-linear combinations. Count: 1
[QUERY] Returning nonlinear disjunction
[CTRL] Considering conjunction with 5 input constraints and a disjunction of size 3
[APPROX] Checking cache: SNNT.Approx.ApproxCacheObject[]
[APPROX] Constructing Approximation
[APPROX] Resolving approximation
[CTRL] Initiating iterator over current linear queries
[APPROX] # Conjunctions over output: 3
[CTRL] Processing linear query no. 57
[NNENUM] Running nnenum now...
[NNENUM] lb: [31.703236423477783, 0.09999999999999999, -0.0015]
[NNENUM] ub: [100.0, 7.4262139003490955, 0.0]
[NNENUM] Creating LP Star...
[NNENUM] Checking feasibility
[NNENUM] Generating output Spec...
[NNENUM] Spec list length:  3
[NNENUM] Enumeration in progress... 

[NNENUM] Result: 
<nnenum.result.Result object at 0x723c682f2430>
[NNENUM] Enumeration finished.
safe
[NNENUM] Filtering result using SMT solver...
[SMT] SMT filtered out 0 stars (out of 0; TO: 0).
[QUERY] Found all non-linear combinations. Count: 3
.[QUERY] Found all non-linear combinations. Count: 2
[QUERY] Returning nonlinear disjunction
[CTRL] Considering conjunction with 5 input constraints and a disjunction of size 2
[APPROX] Checking cache: SNNT.Approx.ApproxCacheObject[]
[APPROX] Constructing Approximation
[APPROX] Resolving approximation
[CTRL] Initiating iterator over current linear queries
[APPROX] # Conjunctions over output: 2
[CTRL] Processing linear query no. 58
[NNENUM] Running nnenum now...
[NNENUM] lb: [31.703236423477783, 134.4925915571708, -0.0015]
[NNENUM] ub: [100.0, 200.0, 0.0]
[NNENUM] Creating LP Star...
[NNENUM] Checking feasibility
[NNENUM] Generating output Spec...
[NNENUM] Spec list length:  2
[NNENUM] Enumeration in progress... 

[NNENUM] Result: 
<nnenum.result.Result object at 0x723c682e6700>
[NNENUM] Enumeration finished.
safe
[NNENUM] Filtering result using SMT solver...
[SMT] SMT filtered out 0 stars (out of 0; TO: 0).
[QUERY] Found all non-linear combinations. Count: 2
[QUERY] Found all non-linear combinations. Count: 1
[QUERY] Found all non-linear combinations. Count: 1
[QUERY] Found all non-linear combinations. Count: 1
[QUERY] Returning nonlinear disjunction
[CTRL] Considering conjunction with 5 input constraints and a disjunction of size 4
[APPROX] Checking cache: SNNT.Approx.ApproxCacheObject[]
[APPROX] Constructing Approximation
[APPROX] Resolving approximation
[CTRL] Initiating iterator over current linear queries
[APPROX] # Conjunctions over output: 4
[CTRL] Processing linear query no. 59
[NNENUM] Running nnenum now...
[NNENUM] lb: [31.703236423477783, 134.4925915571708, -0.0015]
[NNENUM] ub: [100.0, 200.0, 0.0]
[NNENUM] Creating LP Star...
[NNENUM] Checking feasibility
[NNENUM] Generating output Spec...
[NNENUM] Spec list length:  4
[NNENUM] Enumeration in progress... 

[NNENUM] Result: 
<nnenum.result.Result object at 0x723c682ff1f0>
[NNENUM] Enumeration finished.
safe
[NNENUM] Filtering result using SMT solver...
[SMT] SMT filtered out 0 stars (out of 0; TO: 0).
[QUERY] Found all non-linear combinations. Count: 1
[QUERY] Found all non-linear combinations. Count: 1
[QUERY] Returning nonlinear disjunction
[CTRL] Considering conjunction with 5 input constraints and a disjunction of size 2
[APPROX] Checking cache: SNNT.Approx.ApproxCacheObject[]
[APPROX] Constructing Approximation
[APPROX] Resolving approximation
[CTRL] Initiating iterator over current linear queries
[APPROX] # Conjunctions over output: 2
[CTRL] Processing linear query no. 60
[NNENUM] Running nnenum now...
[NNENUM] lb: [31.703236423477783, 0.0, -0.0015]
[NNENUM] ub: [100.0, 0.0, 0.0]
[NNENUM] Creating LP Star...
[NNENUM] Checking feasibility
[NNENUM] Generating output Spec...
[NNENUM] Spec list length:  2
[NNENUM] Enumeration in progress... 

[NNENUM] Result: 
<nnenum.result.Result object at 0x723c687dbbe0>
[NNENUM] Enumeration finished.
safe
[NNENUM] Filtering result using SMT solver...
[SMT] SMT filtered out 0 stars (out of 0; TO: 0).
[QUERY] Found all non-linear combinations. Count: 1
[QUERY] Found all non-linear combinations. Count: 1
[QUERY] Returning nonlinear disjunction
[CTRL] Considering conjunction with 5 input constraints and a disjunction of size 2
[APPROX] Checking cache: SNNT.Approx.ApproxCacheObject[]
[APPROX] Constructing Approximation
[APPROX] Resolving approximation
[CTRL] Initiating iterator over current linear queries
[APPROX] # Conjunctions over output: 2
[CTRL] Processing linear query no. 61
[NNENUM] Running nnenum now...
[NNENUM] lb: [31.703236423477783, 0.0, -0.0015]
[NNENUM] ub: [100.0, 0.09999999999999999, 0.0]
[NNENUM] Creating LP Star...
[NNENUM] Checking feasibility
[NNENUM] Generating output Spec...
[NNENUM] Spec list length:  2
[NNENUM] Enumeration in progress... 

[NNENUM] Result: 
<nnenum.result.Result object at 0x723c682d5340>
[NNENUM] Enumeration finished.
safe
[NNENUM] Filtering result using SMT solver...
[SMT] SMT filtered out 0 stars (out of 0; TO: 0).
.[QUERY] Found all non-linear combinations. Count: 2
..[QUERY] Found all non-linear combinations. Count: 2
.[QUERY] Found all non-linear combinations. Count: 2
[QUERY] Found all non-linear combinations. Count: 1
[QUERY] Found all non-linear combinations. Count: 1
[QUERY] Found all non-linear combinations. Count: 1
[QUERY] Found all non-linear combinations. Count: 1
[QUERY] Found all non-linear combinations. Count: 1
[QUERY] Found all non-linear combinations. Count: 2
[QUERY] Found all non-linear combinations. Count: 2
[QUERY] Found all non-linear combinations. Count: 2
[QUERY] Found all non-linear combinations. Count: 2
[QUERY] Found all non-linear combinations. Count: 2
[QUERY] Found all non-linear combinations. Count: 2
[QUERY] Found all non-linear combinations. Count: 2
[QUERY] Found all non-linear combinations. Count: 2
[QUERY] Found all non-linear combinations. Count: 2
[QUERY] Found all non-linear combinations. Count: 2
[QUERY] Returning nonlinear disjunction
[CTRL] Considering conjunction with 5 input constraints and a disjunction of size 18
[APPROX] Checking cache: SNNT.Approx.ApproxCacheObject[]
[APPROX] Constructing Approximation
[APPROX] Resolving approximation
[CTRL] Initiating iterator over current linear queries
[APPROX] # Conjunctions over output: 18
[CTRL] Processing linear query no. 62
[NNENUM] Running nnenum now...
[NNENUM] lb: [0.07999999999999999, -17.837453728392095, 0.0]
[NNENUM] ub: [16.376852110707294, -2.1, 0.0015]
[NNENUM] Creating LP Star...
[NNENUM] Checking feasibility
[NNENUM] Generating output Spec...
[NNENUM] Spec list length:  18
[NNENUM] Enumeration in progress... 
(0.2 sec) Q: 0, Sets: 0/1  (0.0%) CEs: 0 ETA: - (expected 1 stars)   
(0.3 sec) Q: 0, Sets: 13/19  (51.172%) CEs: 0 ETA: 0.3 sec (expected 25 stars)   
(0.4 sec) Q: 0, Sets: 24/27  (56.25%) CEs: 0 ETA: 0.3 sec (expected 43 stars)   (0.5 sec) Q: 0, Sets: 29/34  (58.203%) CEs: 0 ETA: 0.4 sec (expected 50 stars)   
(0.6 sec) Q: 0, Sets: 46/49  (87.5%) CEs: 0 ETA: 0.1 sec (expected 53 stars)   
Total Stars: 64 (10 exact, 54 approx)
Unfinished Stars: 0
Runtime: 0.7 sec
Completed work frac: 1.0
Num Stars Copied Between Processes: 0
Num Lps During Enumeration: 328
Total Num Lps: 328

Result: network is SAFE

[NNENUM] Result: 
<nnenum.result.Result object at 0x723c682ff460>
[NNENUM] Enumeration finished.
safe
[NNENUM] Found counter-example stars: 0
[NNENUM] Filtering result using SMT solver...
[SMT] SMT filtered out 0 stars (out of 0; TO: 0).
[QUERY] Found all non-linear combinations. Count: 2
[QUERY] Found all non-linear combinations. Count: 1
[QUERY] Found all non-linear combinations. Count: 1
[QUERY] Found all non-linear combinations. Count: 1
[QUERY] Found all non-linear combinations. Count: 1
[QUERY] Found all non-linear combinations. Count: 1
[QUERY] Found all non-linear combinations. Count: 1
[QUERY] Found all non-linear combinations. Count: 1
.[QUERY] Found all non-linear combinations. Count: 2
..[QUERY] Found all non-linear combinations. Count: 2
[QUERY] Found all non-linear combinations. Count: 2
[QUERY] Found all non-linear combinations. Count: 2
[QUERY] Found all non-linear combinations. Count: 2
[QUERY] Found all non-linear combinations. Count: 2
[QUERY] Returning nonlinear disjunction
[CTRL] Considering conjunction with 5 input constraints and a disjunction of size 14
[APPROX] Checking cache: SNNT.Approx.ApproxCacheObject[]
[APPROX] Constructing Approximation
[APPROX] Resolving approximation
[CTRL] Initiating iterator over current linear queries
[APPROX] # Conjunctions over output: 14
[CTRL] Processing linear query no. 63
[NNENUM] Running nnenum now...
[NNENUM] lb: [0.07999999999999999, -2.1, 0.0]
[NNENUM] ub: [16.376852110707294, 0.0, 0.0015]
[NNENUM] Creating LP Star...
[NNENUM] Checking feasibility
[NNENUM] Generating output Spec...
[NNENUM] Spec list length:  14
[NNENUM] Enumeration in progress... 
(0.1 sec) Q: 0, Sets: 0/1  (0.0%) CEs: 0 ETA: - (expected 1 stars)   
(0.2 sec) Q: 0, Sets: 4/12  (12.793%) CEs: 0 ETA: 1.1 sec (expected 31 stars)   
(0.3 sec) Q: 0, Sets: 17/23  (13.672%) CEs: 0 ETA: 1.7 sec (expected 124 stars)   (0.4 sec) Q: 0, Sets: 33/38  (15.625%) CEs: 0 ETA: 2.0 sec (expected 211 stars)   
(0.5 sec) Q: 0, Sets: 52/54  (37.5%) CEs: 0 ETA: 0.8 sec (expected 139 stars)   (0.6 sec) Q: 0, Sets: 68/71  (46.875%) CEs: 0 ETA: 0.6 sec (expected 145 stars)   
Total Stars: 83 (5 exact, 78 approx)
Unfinished Stars: 0
Runtime: 0.6 sec
Completed work frac: 1.0
Num Stars Copied Between Processes: 0
Num Lps During Enumeration: 126
Total Num Lps: 126

Result: network is SAFE

[NNENUM] Result: 
<nnenum.result.Result object at 0x723c67ccabb0>
[NNENUM] Enumeration finished.
safe
[NNENUM] Found counter-example stars: 0
[NNENUM] Filtering result using SMT solver...
[SMT] SMT filtered out 0 stars (out of 0; TO: 0).
..[QUERY] Found all non-linear combinations. Count: 1
..[QUERY] Found all non-linear combinations. Count: 1
..[QUERY] Found all non-linear combinations. Count: 1
..[QUERY] Found all non-linear combinations. Count: 1
..[QUERY] Found all non-linear combinations. Count: 1
[QUERY] Found all non-linear combinations. Count: 1
...[QUERY] Found all non-linear combinations. Count: 2
...[QUERY] Found all non-linear combinations. Count: 2
.[QUERY] Found all non-linear combinations. Count: 1
.[QUERY] Found all non-linear combinations. Count: 1
[QUERY] Found all non-linear combinations. Count: 1
[QUERY] Found all non-linear combinations. Count: 1
[QUERY] Found all non-linear combinations. Count: 1
[QUERY] Found all non-linear combinations. Count: 1
[QUERY] Found all non-linear combinations. Count: 1
[QUERY] Found all non-linear combinations. Count: 1
[QUERY] Found all non-linear combinations. Count: 1
[QUERY] Found all non-linear combinations. Count: 1
.[QUERY] Found all non-linear combinations. Count: 1
.[QUERY] Found all non-linear combinations. Count: 1
[QUERY] Found all non-linear combinations. Count: 2
.[QUERY] Found all non-linear combinations. Count: 3
..[QUERY] Found all non-linear combinations. Count: 3
[QUERY] Returning nonlinear disjunction
[CTRL] Considering conjunction with 5 input constraints and a disjunction of size 23
[APPROX] Checking cache: SNNT.Approx.ApproxCacheObject[]
[APPROX] Constructing Approximation
[APPROX] Resolving approximation
[CTRL] Initiating iterator over current linear queries
[APPROX] # Conjunctions over output: 23
[CTRL] Processing linear query no. 64
[NNENUM] Running nnenum now...
[NNENUM] lb: [0.0, -17.837453728392095, 0.0]
[NNENUM] ub: [16.376852110707294, -2.1, 0.0015]
[NNENUM] Creating LP Star...
[NNENUM] Checking feasibility
[NNENUM] Generating output Spec...
[NNENUM] Spec list length:  23
[NNENUM] Enumeration in progress... 
(0.1 sec) Q: 0, Sets: 0/1  (0.0%) CEs: 0 ETA: - (expected 1 stars)   

Total Stars: 3 (0 exact, 3 approx)
Unfinished Stars: 0
Runtime: 0.1 sec
Completed work frac: 1.0
Num Stars Copied Between Processes: 0
Num Lps During Enumeration: 0
Total Num Lps: 0

Result: network is SAFE

[NNENUM] Result: 
<nnenum.result.Result object at 0x723c67ccf7f0>
[NNENUM] Enumeration finished.
safe
[NNENUM] Found counter-example stars: 0
[NNENUM] Filtering result using SMT solver...
[SMT] SMT filtered out 0 stars (out of 0; TO: 0).
[QUERY] Found all non-linear combinations. Count: 2
.[QUERY] Found all non-linear combinations. Count: 1
.[QUERY] Found all non-linear combinations. Count: 1
.[QUERY] Found all non-linear combinations. Count: 1
.[QUERY] Found all non-linear combinations. Count: 1
.[QUERY] Found all non-linear combinations. Count: 1
[QUERY] Found all non-linear combinations. Count: 1
[QUERY] Found all non-linear combinations. Count: 1
[QUERY] Found all non-linear combinations. Count: 1
[QUERY] Found all non-linear combinations. Count: 1
[QUERY] Found all non-linear combinations. Count: 1
[QUERY] Found all non-linear combinations. Count: 1
[QUERY] Found all non-linear combinations. Count: 1
..[QUERY] Found all non-linear combinations. Count: 3
.[QUERY] Found all non-linear combinations. Count: 1
..[QUERY] Found all non-linear combinations. Count: 1
[QUERY] Returning nonlinear disjunction
[CTRL] Considering conjunction with 5 input constraints and a disjunction of size 16
[APPROX] Checking cache: SNNT.Approx.ApproxCacheObject[]
[APPROX] Constructing Approximation
[APPROX] Resolving approximation
[CTRL] Initiating iterator over current linear queries
[APPROX] # Conjunctions over output: 16
[CTRL] Processing linear query no. 65
[NNENUM] Running nnenum now...
[NNENUM] lb: [0.07999999999999999, -2.1, 0.0]
[NNENUM] ub: [16.376852110707294, 0.0, 0.0015]
[NNENUM] Creating LP Star...
[NNENUM] Checking feasibility
[NNENUM] Generating output Spec...
[NNENUM] Spec list length:  16
[NNENUM] Enumeration in progress... 
(0.0 sec) Q: 0, Sets: 0/1  (0.0%) CEs: 0 ETA: - (expected 1 stars)   
(0.2 sec) Q: 0, Sets: 0/2  (0.0%) CEs: 0 ETA: - (expected 1 stars)   
(0.3 sec) Q: 0, Sets: 5/8  (62.5%) CEs: 4 ETA: 0.2 sec (expected 8 stars)   (0.4 sec) Q: 0, Sets: 14/17  (82.812%) CEs: 9 ETA: 0.1 sec (expected 17 stars)   
(0.5 sec) Q: 0, Sets: 18/20  (84.375%) CEs: 13 ETA: 0.1 sec (expected 21 stars)   (0.6 sec) Q: 0, Sets: 23/25  (85.938%) CEs: 18 ETA: 0.1 sec (expected 27 stars)   (0.7 sec) Q: 0, Sets: 25/27  (87.109%) CEs: 23 ETA: 0.1 sec (expected 29 stars)   
Total Stars: 32 (30 exact, 2 approx)
Unfinished Stars: 0
Runtime: 0.8 sec
Completed work frac: 1.0
Num Stars Copied Between Processes: 0
Num Lps During Enumeration: 572
Total Num Lps: 572

Result: network is UNSAFE with confirmed counterexample in result.cinput and result.coutput
Input: [0.07999999821186066, -0.800000011920929, 0.0]
Output: [38.1334114074707]

[NNENUM] Result: 
<nnenum.result.Result object at 0x723c67ccdd60>
[NNENUM] Enumeration finished.
unsafe
[NNENUM] Found counter-example stars: 27
[NNENUM] Filtering result using SMT solver...
[SMT] SMT filtered out 27 stars (out of 27; TO: 0).
[QUERY] Found all non-linear combinations. Count: 1
[QUERY] Found all non-linear combinations. Count: 1
[QUERY] Found all non-linear combinations. Count: 1
[QUERY] Returning nonlinear disjunction
[CTRL] Considering conjunction with 5 input constraints and a disjunction of size 3
[APPROX] Checking cache: SNNT.Approx.ApproxCacheObject[]
[APPROX] Constructing Approximation
[APPROX] Resolving approximation
[CTRL] Initiating iterator over current linear queries
[APPROX] # Conjunctions over output: 3
[CTRL] Processing linear query no. 66
[NNENUM] Running nnenum now...
[NNENUM] lb: [0.07999999999999999, -17.837453728392095, 0.0]
[NNENUM] ub: [16.376852110707294, -2.1, 0.0015]
[NNENUM] Creating LP Star...
[NNENUM] Checking feasibility
[NNENUM] Generating output Spec...
[NNENUM] Spec list length:  3
[NNENUM] Enumeration in progress... 
(0.0 sec) Q: 0, Sets: 0/1  (0.0%) CEs: 0 ETA: - (expected 1 stars)   

Total Stars: 6 (3 exact, 3 approx)
Unfinished Stars: 0
Runtime: 0.1 sec
Completed work frac: 1.0
Num Stars Copied Between Processes: 0
Num Lps During Enumeration: 223
Total Num Lps: 223

Result: network is SAFE

[NNENUM] Result: 
<nnenum.result.Result object at 0x723c682ffbb0>
[NNENUM] Enumeration finished.
safe
[NNENUM] Found counter-example stars: 0
[NNENUM] Filtering result using SMT solver...
[SMT] SMT filtered out 0 stars (out of 0; TO: 0).
[QUERY] Found all non-linear combinations. Count: 1
[QUERY] Found all non-linear combinations. Count: 1
[QUERY] Found all non-linear combinations. Count: 1
[QUERY] Returning nonlinear disjunction
[CTRL] Considering conjunction with 5 input constraints and a disjunction of size 3
[APPROX] Checking cache: SNNT.Approx.ApproxCacheObject[]
[APPROX] Constructing Approximation
[APPROX] Resolving approximation
[CTRL] Initiating iterator over current linear queries
[APPROX] # Conjunctions over output: 3
[CTRL] Processing linear query no. 67
[NNENUM] Running nnenum now...
[NNENUM] lb: [0.07999999999999999, -17.837453728392095, 0.0]
[NNENUM] ub: [16.376852110707294, -2.1, 0.0015]
[NNENUM] Creating LP Star...
[NNENUM] Checking feasibility
[NNENUM] Generating output Spec...
[NNENUM] Spec list length:  3
[NNENUM] Enumeration in progress... 
(0.0 sec) Q: 0, Sets: 0/1  (0.0%) CEs: 0 ETA: - (expected 1 stars)   
(0.2 sec) Q: 0, Sets: 0/4  (0.0%) CEs: 0 ETA: - (expected 1 stars)   
(0.3 sec) Q: 0, Sets: 15/19  (53.125%) CEs: 0 ETA: 0.2 sec (expected 28 stars)   (0.4 sec) Q: 0, Sets: 22/25  (59.375%) CEs: 0 ETA: 0.3 sec (expected 37 stars)   
(0.5 sec) Q: 0, Sets: 36/41  (90.82%) CEs: 0 ETA: 0.1 sec (expected 40 stars)   
Total Stars: 52 (7 exact, 45 approx)
Unfinished Stars: 0
Runtime: 0.6 sec
Completed work frac: 1.0
Num Stars Copied Between Processes: 0
Num Lps During Enumeration: 331
Total Num Lps: 331

Result: network is SAFE

[NNENUM] Result: 
<nnenum.result.Result object at 0x723c682c99d0>
[NNENUM] Enumeration finished.
safe
[NNENUM] Found counter-example stars: 0
[NNENUM] Filtering result using SMT solver...
[SMT] SMT filtered out 0 stars (out of 0; TO: 0).
[QUERY] Found all non-linear combinations. Count: 1
[QUERY] Found all non-linear combinations. Count: 1
[QUERY] Found all non-linear combinations. Count: 1
[QUERY] Found all non-linear combinations. Count: 1
[QUERY] Found all non-linear combinations. Count: 1
[QUERY] Found all non-linear combinations. Count: 1
[QUERY] Found all non-linear combinations. Count: 1
[QUERY] Found all non-linear combinations. Count: 1
.[QUERY] Found all non-linear combinations. Count: 1
[QUERY] Returning nonlinear disjunction
[CTRL] Considering conjunction with 5 input constraints and a disjunction of size 9
[APPROX] Checking cache: SNNT.Approx.ApproxCacheObject[]
[APPROX] Constructing Approximation
[APPROX] Resolving approximation
[CTRL] Initiating iterator over current linear queries
[APPROX] # Conjunctions over output: 9
[CTRL] Processing linear query no. 68
[NNENUM] Running nnenum now...
[NNENUM] lb: [0.07999999999999999, -2.1, 0.0]
[NNENUM] ub: [16.376852110707294, 0.0, 0.0015]
[NNENUM] Creating LP Star...
[NNENUM] Checking feasibility
[NNENUM] Generating output Spec...
[NNENUM] Spec list length:  9
[NNENUM] Enumeration in progress... 
(0.0 sec) Q: 0, Sets: 0/1  (0.0%) CEs: 0 ETA: - (expected 1 stars)   
(0.2 sec) Q: 0, Sets: 5/12  (1.562%) CEs: 0 ETA: 9.5 sec (expected 320 stars)   

Total Stars: 27 (2 exact, 25 approx)
Unfinished Stars: 0
Runtime: 0.2 sec
Completed work frac: 1.0
Num Stars Copied Between Processes: 0
Num Lps During Enumeration: 85
Total Num Lps: 85

Result: network is SAFE

[NNENUM] Result: 
<nnenum.result.Result object at 0x723c682c95e0>
[NNENUM] Enumeration finished.
safe
[NNENUM] Found counter-example stars: 0
[NNENUM] Filtering result using SMT solver...
[SMT] SMT filtered out 0 stars (out of 0; TO: 0).
[QUERY] Found all non-linear combinations. Count: 1
[QUERY] Found all non-linear combinations. Count: 1
[QUERY] Found all non-linear combinations. Count: 1
[QUERY] Found all non-linear combinations. Count: 1
[QUERY] Found all non-linear combinations. Count: 1
[QUERY] Found all non-linear combinations. Count: 1
[QUERY] Found all non-linear combinations. Count: 1
[QUERY] Found all non-linear combinations. Count: 1
[QUERY] Found all non-linear combinations. Count: 1
[QUERY] Returning nonlinear disjunction
[CTRL] Considering conjunction with 5 input constraints and a disjunction of size 9
[APPROX] Checking cache: SNNT.Approx.ApproxCacheObject[]
[APPROX] Constructing Approximation
[APPROX] Resolving approximation
[CTRL] Initiating iterator over current linear queries
[APPROX] # Conjunctions over output: 9
[CTRL] Processing linear query no. 69
[NNENUM] Running nnenum now...
[NNENUM] lb: [0.07999999999999999, -2.1, 0.0]
[NNENUM] ub: [16.376852110707294, 0.0, 0.0015]
[NNENUM] Creating LP Star...
[NNENUM] Checking feasibility
[NNENUM] Generating output Spec...
[NNENUM] Spec list length:  9
[NNENUM] Enumeration in progress... 
(0.1 sec) Q: 0, Sets: 0/1  (0.0%) CEs: 0 ETA: - (expected 1 stars)   
(0.2 sec) Q: 0, Sets: 9/20  (0.842%) CEs: 0 ETA: 18.5 sec (expected 1069 stars)   
(0.3 sec) Q: 0, Sets: 22/28  (3.906%) CEs: 0 ETA: 6.4 sec (expected 563 stars)   (0.4 sec) Q: 0, Sets: 35/45  (9.375%) CEs: 0 ETA: 3.5 sec (expected 373 stars)   
(0.5 sec) Q: 0, Sets: 57/60  (12.5%) CEs: 0 ETA: 3.3 sec (expected 456 stars)   (0.6 sec) Q: 0, Sets: 73/77  (50.0%) CEs: 0 ETA: 0.6 sec (expected 146 stars)   (0.7 sec) Q: 0, Sets: 81/88  (62.5%) CEs: 0 ETA: 0.4 sec (expected 130 stars)   (0.8 sec) Q: 0, Sets: 99/101  (71.875%) CEs: 0 ETA: 0.3 sec (expected 138 stars)   
(0.9 sec) Q: 0, Sets: 120/125  (88.086%) CEs: 0 ETA: 0.1 sec (expected 136 stars)   
Total Stars: 138 (8 exact, 130 approx)
Unfinished Stars: 0
Runtime: 0.9 sec
Completed work frac: 1.0
Num Stars Copied Between Processes: 0
Num Lps During Enumeration: 139
Total Num Lps: 139

Result: network is SAFE

[NNENUM] Result: 
<nnenum.result.Result object at 0x723c682c9a90>
[NNENUM] Enumeration finished.
safe
[NNENUM] Found counter-example stars: 0
[NNENUM] Filtering result using SMT solver...
[SMT] SMT filtered out 0 stars (out of 0; TO: 0).
[QUERY] Found all non-linear combinations. Count: 1
[QUERY] Found all non-linear combinations. Count: 1
[QUERY] Found all non-linear combinations. Count: 1
[QUERY] Found all non-linear combinations. Count: 1
[QUERY] Found all non-linear combinations. Count: 1
[QUERY] Found all non-linear combinations. Count: 1
[QUERY] Found all non-linear combinations. Count: 1
[QUERY] Found all non-linear combinations. Count: 1
[QUERY] Found all non-linear combinations. Count: 1
[QUERY] Returning nonlinear disjunction
[CTRL] Considering conjunction with 5 input constraints and a disjunction of size 9
[APPROX] Checking cache: SNNT.Approx.ApproxCacheObject[]
[APPROX] Constructing Approximation
[APPROX] Resolving approximation
[CTRL] Initiating iterator over current linear queries
[APPROX] # Conjunctions over output: 9
[CTRL] Processing linear query no. 70
[NNENUM] Running nnenum now...
[NNENUM] lb: [0.07999999999999999, 0.0, 0.0]
[NNENUM] ub: [16.376852110707294, 0.0, 0.0015]
[NNENUM] Creating LP Star...
[NNENUM] Checking feasibility
[NNENUM] Generating output Spec...
[NNENUM] Spec list length:  9
[NNENUM] Enumeration in progress... 
(0.0 sec) Q: 0, Sets: 0/1  (0.0%) CEs: 0 ETA: - (expected 1 stars)   

Total Stars: 4 (0 exact, 4 approx)
Unfinished Stars: 0
Runtime: 0.1 sec
Completed work frac: 1.0
Num Stars Copied Between Processes: 0
Num Lps During Enumeration: 0
Total Num Lps: 0

Result: network is SAFE

[NNENUM] Result: 
<nnenum.result.Result object at 0x723c686b3df0>
[NNENUM] Enumeration finished.
safe
[NNENUM] Found counter-example stars: 0
[NNENUM] Filtering result using SMT solver...
[SMT] SMT filtered out 0 stars (out of 0; TO: 0).
[QUERY] Found all non-linear combinations. Count: 1
[QUERY] Found all non-linear combinations. Count: 1
[QUERY] Returning nonlinear disjunction
[CTRL] Considering conjunction with 5 input constraints and a disjunction of size 2
[APPROX] Checking cache: SNNT.Approx.ApproxCacheObject[]
[APPROX] Constructing Approximation
[APPROX] Resolving approximation
[CTRL] Initiating iterator over current linear queries
[APPROX] # Conjunctions over output: 2
[CTRL] Processing linear query no. 71
[NNENUM] Running nnenum now...
[NNENUM] lb: [16.376852110707294, -2.1, 0.0]
[NNENUM] ub: [31.703236423477783, 0.0, 0.0015]
[NNENUM] Creating LP Star...
[NNENUM] Checking feasibility
[NNENUM] Generating output Spec...
[NNENUM] Spec list length:  2
[NNENUM] Enumeration in progress... 

[NNENUM] Result: 
<nnenum.result.Result object at 0x723c682c9c40>
[NNENUM] Enumeration finished.
safe
[NNENUM] Filtering result using SMT solver...
[SMT] SMT filtered out 0 stars (out of 0; TO: 0).
[QUERY] Found all non-linear combinations. Count: 1
[QUERY] Found all non-linear combinations. Count: 1
[QUERY] Found all non-linear combinations. Count: 1
[QUERY] Found all non-linear combinations. Count: 1
[QUERY] Found all non-linear combinations. Count: 1
[QUERY] Found all non-linear combinations. Count: 1
[QUERY] Found all non-linear combinations. Count: 1
.[QUERY] Found all non-linear combinations. Count: 1
[QUERY] Found all non-linear combinations. Count: 1
.[QUERY] Found all non-linear combinations. Count: 1
.[QUERY] Found all non-linear combinations. Count: 1
.[QUERY] Found all non-linear combinations. Count: 1
.[QUERY] Found all non-linear combinations. Count: 1
.[QUERY] Found all non-linear combinations. Count: 1
[QUERY] Returning nonlinear disjunction
[CTRL] Considering conjunction with 5 input constraints and a disjunction of size 14
[APPROX] Checking cache: SNNT.Approx.ApproxCacheObject[]
[APPROX] Constructing Approximation
[APPROX] Resolving approximation
[CTRL] Initiating iterator over current linear queries
[APPROX] # Conjunctions over output: 14
[CTRL] Processing linear query no. 72
[NNENUM] Running nnenum now...
[NNENUM] lb: [0.07999999999999999, -63.40647284695557, 0.0]
[NNENUM] ub: [16.376852110707294, -17.837453728392095, 0.0015]
[NNENUM] Creating LP Star...
[NNENUM] Checking feasibility
[NNENUM] Generating output Spec...
[NNENUM] Spec list length:  14
[NNENUM] Enumeration in progress... 

[NNENUM] Result: 
<nnenum.result.Result object at 0x723c86f93610>
[NNENUM] Enumeration finished.
safe
[NNENUM] Filtering result using SMT solver...
[SMT] SMT filtered out 0 stars (out of 0; TO: 0).
[QUERY] Found all non-linear combinations. Count: 1
[QUERY] Found all non-linear combinations. Count: 2
.[QUERY] Found all non-linear combinations. Count: 1
[QUERY] Found all non-linear combinations. Count: 2
[QUERY] Found all non-linear combinations. Count: 2
[QUERY] Found all non-linear combinations. Count: 2
[QUERY] Found all non-linear combinations. Count: 2
.[QUERY] Found all non-linear combinations. Count: 1
.[QUERY] Found all non-linear combinations. Count: 1
.[QUERY] Found all non-linear combinations. Count: 1
.[QUERY] Found all non-linear combinations. Count: 1
[QUERY] Found all non-linear combinations. Count: 1
[QUERY] Found all non-linear combinations. Count: 1
[QUERY] Found all non-linear combinations. Count: 1
[QUERY] Found all non-linear combinations. Count: 1
[QUERY] Found all non-linear combinations. Count: 2
[QUERY] Returning nonlinear disjunction
[CTRL] Considering conjunction with 5 input constraints and a disjunction of size 16
[APPROX] Checking cache: SNNT.Approx.ApproxCacheObject[]
[APPROX] Constructing Approximation
[APPROX] Resolving approximation
[CTRL] Initiating iterator over current linear queries
[APPROX] # Conjunctions over output: 16
[CTRL] Processing linear query no. 73
[NNENUM] Running nnenum now...
[NNENUM] lb: [0.07999999999999999, -63.40647284695557, 0.0]
[NNENUM] ub: [16.376852110707294, -17.837453728392095, 0.0015]
[NNENUM] Creating LP Star...
[NNENUM] Checking feasibility
[NNENUM] Generating output Spec...
[NNENUM] Spec list length:  16
[NNENUM] Enumeration in progress... 

[NNENUM] Result: 
<nnenum.result.Result object at 0x723c682ffdf0>
[NNENUM] Enumeration finished.
safe
[NNENUM] Filtering result using SMT solver...
[SMT] SMT filtered out 0 stars (out of 0; TO: 0).
[QUERY] Found all non-linear combinations. Count: 1
[QUERY] Found all non-linear combinations. Count: 1
[QUERY] Returning nonlinear disjunction
[CTRL] Considering conjunction with 5 input constraints and a disjunction of size 2
[APPROX] Checking cache: SNNT.Approx.ApproxCacheObject[]
[APPROX] Constructing Approximation
[APPROX] Resolving approximation
[CTRL] Initiating iterator over current linear queries
[APPROX] # Conjunctions over output: 2
[CTRL] Processing linear query no. 74
[NNENUM] Running nnenum now...
[NNENUM] lb: [16.376852110707294, 0.0, 0.0]
[NNENUM] ub: [31.703236423477783, 0.0, 0.0015]
[NNENUM] Creating LP Star...
[NNENUM] Checking feasibility
[NNENUM] Generating output Spec...
[NNENUM] Spec list length:  2
[NNENUM] Enumeration in progress... 

[NNENUM] Result: 
<nnenum.result.Result object at 0x723c686b3c70>
[NNENUM] Enumeration finished.
safe
[NNENUM] Filtering result using SMT solver...
[SMT] SMT filtered out 0 stars (out of 0; TO: 0).
.[QUERY] Found all non-linear combinations. Count: 1
[QUERY] Found all non-linear combinations. Count: 1
[QUERY] Found all non-linear combinations. Count: 1
[QUERY] Found all non-linear combinations. Count: 1
[QUERY] Found all non-linear combinations. Count: 1
[QUERY] Found all non-linear combinations. Count: 1
[QUERY] Found all non-linear combinations. Count: 1
[QUERY] Found all non-linear combinations. Count: 1
[QUERY] Found all non-linear combinations. Count: 1
[QUERY] Returning nonlinear disjunction
[CTRL] Considering conjunction with 5 input constraints and a disjunction of size 9
[APPROX] Checking cache: SNNT.Approx.ApproxCacheObject[]
[APPROX] Constructing Approximation
[APPROX] Resolving approximation
[CTRL] Initiating iterator over current linear queries
[APPROX] # Conjunctions over output: 9
[CTRL] Processing linear query no. 75
[NNENUM] Running nnenum now...
[NNENUM] lb: [0.07999999999999999, 0.0, 0.0]
[NNENUM] ub: [16.376852110707294, 0.0, 0.0015]
[NNENUM] Creating LP Star...
[NNENUM] Checking feasibility
[NNENUM] Generating output Spec...
[NNENUM] Spec list length:  9
[NNENUM] Enumeration in progress... 
(0.0 sec) Q: 0, Sets: 0/1  (0.0%) CEs: 0 ETA: - (expected 1 stars)   

Total Stars: 4 (0 exact, 4 approx)
Unfinished Stars: 0
Runtime: 0.1 sec
Completed work frac: 1.0
Num Stars Copied Between Processes: 0
Num Lps During Enumeration: 0
Total Num Lps: 0

Result: network is SAFE

[NNENUM] Result: 
<nnenum.result.Result object at 0x723c686b3fd0>
[NNENUM] Enumeration finished.
safe
[NNENUM] Found counter-example stars: 0
[NNENUM] Filtering result using SMT solver...
[SMT] SMT filtered out 0 stars (out of 0; TO: 0).
[QUERY] Found all non-linear combinations. Count: 1
[QUERY] Found all non-linear combinations. Count: 1
[QUERY] Found all non-linear combinations. Count: 1
[QUERY] Found all non-linear combinations. Count: 1
[QUERY] Found all non-linear combinations. Count: 1
[QUERY] Found all non-linear combinations. Count: 1
[QUERY] Found all non-linear combinations. Count: 1
[QUERY] Found all non-linear combinations. Count: 1
.[QUERY] Found all non-linear combinations. Count: 1
[QUERY] Returning nonlinear disjunction
[CTRL] Considering conjunction with 5 input constraints and a disjunction of size 9
[APPROX] Checking cache: SNNT.Approx.ApproxCacheObject[]
[APPROX] Constructing Approximation
[APPROX] Resolving approximation
[CTRL] Initiating iterator over current linear queries
[APPROX] # Conjunctions over output: 9
[CTRL] Processing linear query no. 76
[NNENUM] Running nnenum now...
[NNENUM] lb: [0.07999999999999999, 0.0, 0.0]
[NNENUM] ub: [16.376852110707294, 0.09999999999999999, 0.0015]
[NNENUM] Creating LP Star...
[NNENUM] Checking feasibility
[NNENUM] Generating output Spec...
[NNENUM] Spec list length:  9
[NNENUM] Enumeration in progress... 
(0.0 sec) Q: 0, Sets: 0/1  (0.0%) CEs: 0 ETA: - (expected 1 stars)   

Total Stars: 5 (0 exact, 5 approx)
Unfinished Stars: 0
Runtime: 0.1 sec
Completed work frac: 1.0
Num Stars Copied Between Processes: 0
Num Lps During Enumeration: 0
Total Num Lps: 0

Result: network is SAFE

[NNENUM] Result: 
<nnenum.result.Result object at 0x723c682d5eb0>
[NNENUM] Enumeration finished.
safe
[NNENUM] Found counter-example stars: 0
[NNENUM] Filtering result using SMT solver...
[SMT] SMT filtered out 0 stars (out of 0; TO: 0).
..[QUERY] Found all non-linear combinations. Count: 1
[QUERY] Found all non-linear combinations. Count: 1
[QUERY] Found all non-linear combinations. Count: 1
[QUERY] Found all non-linear combinations. Count: 1
[QUERY] Found all non-linear combinations. Count: 1
[QUERY] Found all non-linear combinations. Count: 1
[QUERY] Found all non-linear combinations. Count: 1
[QUERY] Found all non-linear combinations. Count: 1
[QUERY] Found all non-linear combinations. Count: 1
[QUERY] Returning nonlinear disjunction
[CTRL] Considering conjunction with 5 input constraints and a disjunction of size 9
[APPROX] Checking cache: SNNT.Approx.ApproxCacheObject[]
[APPROX] Constructing Approximation
[APPROX] Resolving approximation
[CTRL] Initiating iterator over current linear queries
[APPROX] # Conjunctions over output: 9
[CTRL] Processing linear query no. 77
[NNENUM] Running nnenum now...
[NNENUM] lb: [0.07999999999999999, 0.09999999999999999, 0.0]
[NNENUM] ub: [16.376852110707294, 7.4262139003490955, 0.0015]
[NNENUM] Creating LP Star...
[NNENUM] Checking feasibility
[NNENUM] Generating output Spec...
[NNENUM] Spec list length:  9
[NNENUM] Enumeration in progress... 
(0.2 sec) Q: 0, Sets: 0/1  (0.0%) CEs: 0 ETA: - (expected 1 stars)   
(0.3 sec) Q: 0, Sets: 17/23  (50.0%) CEs: 0 ETA: 0.3 sec (expected 34 stars)   
(0.4 sec) Q: 0, Sets: 28/35  (50.732%) CEs: 0 ETA: 0.3 sec (expected 55 stars)   (0.5 sec) Q: 0, Sets: 51/53  (71.875%) CEs: 0 ETA: 0.2 sec (expected 71 stars)   

Total Stars: 73 (5 exact, 68 approx)
Unfinished Stars: 0
Runtime: 0.5 sec
Completed work frac: 1.0
Num Stars Copied Between Processes: 0
Num Lps During Enumeration: 138
Total Num Lps: 138

Result: network is SAFE

[NNENUM] Result: 
<nnenum.result.Result object at 0x723c682e61f0>
[NNENUM] Enumeration finished.
safe
[NNENUM] Found counter-example stars: 0
[NNENUM] Filtering result using SMT solver...
[SMT] SMT filtered out 0 stars (out of 0; TO: 0).
.[QUERY] Found all non-linear combinations. Count: 1
.[QUERY] Found all non-linear combinations. Count: 1
[QUERY] Found all non-linear combinations. Count: 1
.[QUERY] Found all non-linear combinations. Count: 1
.[QUERY] Found all non-linear combinations. Count: 1
.[QUERY] Found all non-linear combinations. Count: 1
[QUERY] Returning nonlinear disjunction
[CTRL] Considering conjunction with 5 input constraints and a disjunction of size 6
[APPROX] Checking cache: SNNT.Approx.ApproxCacheObject[]
[APPROX] Constructing Approximation
[APPROX] Resolving approximation
[CTRL] Initiating iterator over current linear queries
[APPROX] # Conjunctions over output: 6
[CTRL] Processing linear query no. 78
[NNENUM] Running nnenum now...
[NNENUM] lb: [0.07999999999999999, 0.0, 0.0]
[NNENUM] ub: [16.376852110707294, 0.09999999999999999, 0.0015]
[NNENUM] Creating LP Star...
[NNENUM] Checking feasibility
[NNENUM] Generating output Spec...
[NNENUM] Spec list length:  6
[NNENUM] Enumeration in progress... 

[NNENUM] Result: 
<nnenum.result.Result object at 0x723c682d53a0>
[NNENUM] Enumeration finished.
safe
[NNENUM] Filtering result using SMT solver...
[SMT] SMT filtered out 0 stars (out of 0; TO: 0).
[QUERY] Found all non-linear combinations. Count: 1
[QUERY] Found all non-linear combinations. Count: 1
[QUERY] Found all non-linear combinations. Count: 1
[QUERY] Found all non-linear combinations. Count: 1
[QUERY] Found all non-linear combinations. Count: 1
[QUERY] Found all non-linear combinations. Count: 1
[QUERY] Returning nonlinear disjunction
[CTRL] Considering conjunction with 5 input constraints and a disjunction of size 6
[APPROX] Checking cache: SNNT.Approx.ApproxCacheObject[]
[APPROX] Constructing Approximation
[APPROX] Resolving approximation
[CTRL] Initiating iterator over current linear queries
[APPROX] # Conjunctions over output: 6
[CTRL] Processing linear query no. 79
[NNENUM] Running nnenum now...
[NNENUM] lb: [0.07999999999999999, 0.0, 0.0]
[NNENUM] ub: [16.376852110707294, 0.09999999999999999, 0.0015]
[NNENUM] Creating LP Star...
[NNENUM] Checking feasibility
[NNENUM] Generating output Spec...
[NNENUM] Spec list length:  6
[NNENUM] Enumeration in progress... 

[NNENUM] Result: 
<nnenum.result.Result object at 0x723c67cca4f0>
[NNENUM] Enumeration finished.
safe
[NNENUM] Filtering result using SMT solver...
[SMT] SMT filtered out 0 stars (out of 0; TO: 0).
..[QUERY] Found all non-linear combinations. Count: 1
...[QUERY] Found all non-linear combinations. Count: 5
.[QUERY] Found all non-linear combinations. Count: 2
.[QUERY] Found all non-linear combinations. Count: 2
[QUERY] Found all non-linear combinations. Count: 1
[QUERY] Found all non-linear combinations. Count: 1
[QUERY] Found all non-linear combinations. Count: 1
[QUERY] Found all non-linear combinations. Count: 1
[QUERY] Found all non-linear combinations. Count: 1
[QUERY] Returning nonlinear disjunction
[CTRL] Considering conjunction with 5 input constraints and a disjunction of size 9
[APPROX] Checking cache: SNNT.Approx.ApproxCacheObject[]
[APPROX] Constructing Approximation
[APPROX] Resolving approximation
[CTRL] Initiating iterator over current linear queries
[APPROX] # Conjunctions over output: 9
[CTRL] Processing linear query no. 80
[NNENUM] Running nnenum now...
[NNENUM] lb: [0.07999999999999999, 0.09999999999999999, 0.0]
[NNENUM] ub: [16.376852110707294, 7.4262139003490955, 0.0015]
[NNENUM] Creating LP Star...
[NNENUM] Checking feasibility
[NNENUM] Generating output Spec...
[NNENUM] Spec list length:  9
[NNENUM] Enumeration in progress... 
(0.2 sec) Q: 0, Sets: 0/1  (0.0%) CEs: 0 ETA: - (expected 1 stars)   
(0.3 sec) Q: 0, Sets: 7/14  (12.5%) CEs: 0 ETA: 1.8 sec (expected 56 stars)   
(0.4 sec) Q: 0, Sets: 29/34  (21.875%) CEs: 0 ETA: 1.3 sec (expected 133 stars)   (0.5 sec) Q: 0, Sets: 48/54  (23.12%) CEs: 0 ETA: 1.5 sec (expected 208 stars)   

Total Stars: 71 (6 exact, 65 approx)
Unfinished Stars: 0
Runtime: 0.5 sec
Completed work frac: 1.0
Num Stars Copied Between Processes: 0
Num Lps During Enumeration: 362
Total Num Lps: 362

Result: network is SAFE

[NNENUM] Result: 
<nnenum.result.Result object at 0x723c682f22e0>
[NNENUM] Enumeration finished.
safe
[NNENUM] Found counter-example stars: 0
[NNENUM] Filtering result using SMT solver...
[SMT] SMT filtered out 0 stars (out of 0; TO: 0).
[QUERY] Found all non-linear combinations. Count: 1
[QUERY] Found all non-linear combinations. Count: 1
[QUERY] Found all non-linear combinations. Count: 1
.[QUERY] Found all non-linear combinations. Count: 1
.[QUERY] Found all non-linear combinations. Count: 1
[QUERY] Found all non-linear combinations. Count: 1
[QUERY] Found all non-linear combinations. Count: 1
[QUERY] Found all non-linear combinations. Count: 1
[QUERY] Found all non-linear combinations. Count: 1
[QUERY] Returning nonlinear disjunction
[CTRL] Considering conjunction with 5 input constraints and a disjunction of size 9
[APPROX] Checking cache: SNNT.Approx.ApproxCacheObject[]
[APPROX] Constructing Approximation
[APPROX] Resolving approximation
[CTRL] Initiating iterator over current linear queries
[APPROX] # Conjunctions over output: 9
[CTRL] Processing linear query no. 81
[NNENUM] Running nnenum now...
[NNENUM] lb: [0.07999999999999999, 0.09999999999999999, 0.0]
[NNENUM] ub: [16.376852110707294, 7.4262139003490955, 0.0015]
[NNENUM] Creating LP Star...
[NNENUM] Checking feasibility
[NNENUM] Generating output Spec...
[NNENUM] Spec list length:  9
[NNENUM] Enumeration in progress... 
(0.1 sec) Q: 0, Sets: 0/1  (0.0%) CEs: 0 ETA: - (expected 1 stars)   
(0.2 sec) Q: 0, Sets: 6/14  (1.953%) CEs: 0 ETA: 7.6 sec (expected 307 stars)   

Total Stars: 20 (3 exact, 17 approx)
Unfinished Stars: 0
Runtime: 0.2 sec
Completed work frac: 1.0
Num Stars Copied Between Processes: 0
Num Lps During Enumeration: 135
Total Num Lps: 135

Result: network is SAFE

[NNENUM] Result: 
<nnenum.result.Result object at 0x723c682e6100>
[NNENUM] Enumeration finished.
safe
[NNENUM] Found counter-example stars: 0
[NNENUM] Filtering result using SMT solver...
[SMT] SMT filtered out 0 stars (out of 0; TO: 0).
.[QUERY] Found all non-linear combinations. Count: 5
.[QUERY] Found all non-linear combinations. Count: 2
.[QUERY] Found all non-linear combinations. Count: 2
.[QUERY] Found all non-linear combinations. Count: 2
.[QUERY] Found all non-linear combinations. Count: 2
[QUERY] Found all non-linear combinations. Count: 2
..[QUERY] Found all non-linear combinations. Count: 2
.[QUERY] Found all non-linear combinations. Count: 2
..[QUERY] Found all non-linear combinations. Count: 2
..[QUERY] Found all non-linear combinations. Count: 2
..[QUERY] Found all non-linear combinations. Count: 2
[QUERY] Returning nonlinear disjunction
[CTRL] Considering conjunction with 5 input constraints and a disjunction of size 11
[APPROX] Checking cache: SNNT.Approx.ApproxCacheObject[]
[APPROX] Constructing Approximation
[APPROX] Resolving approximation
[CTRL] Initiating iterator over current linear queries
[APPROX] # Conjunctions over output: 11
[CTRL] Processing linear query no. 82
[NNENUM] Running nnenum now...
[NNENUM] lb: [0.0, 0.09999999999999999, 0.0]
[NNENUM] ub: [0.07999999999999999, 7.4262139003490955, 0.0015]
[NNENUM] Creating LP Star...
[NNENUM] Checking feasibility
[NNENUM] Generating output Spec...
[NNENUM] Spec list length:  11
[NNENUM] Enumeration in progress... 
(0.0 sec) Q: 0, Sets: 0/1  (0.0%) CEs: 0 ETA: - (expected 1 stars)   

Total Stars: 8 (0 exact, 8 approx)
Unfinished Stars: 0
Runtime: 0.1 sec
Completed work frac: 1.0
Num Stars Copied Between Processes: 0
Num Lps During Enumeration: 0
Total Num Lps: 0

Result: network is SAFE

[NNENUM] Result: 
<nnenum.result.Result object at 0x723c682c9220>
[NNENUM] Enumeration finished.
safe
[NNENUM] Found counter-example stars: 0
[NNENUM] Filtering result using SMT solver...
[SMT] SMT filtered out 0 stars (out of 0; TO: 0).
[QUERY] Found all non-linear combinations. Count: 1
[QUERY] Found all non-linear combinations. Count: 1
[QUERY] Returning nonlinear disjunction
[CTRL] Considering conjunction with 5 input constraints and a disjunction of size 2
[APPROX] Checking cache: SNNT.Approx.ApproxCacheObject[]
[APPROX] Constructing Approximation
[APPROX] Resolving approximation
[CTRL] Initiating iterator over current linear queries
[APPROX] # Conjunctions over output: 2
[CTRL] Processing linear query no. 83
[NNENUM] Running nnenum now...
[NNENUM] lb: [16.376852110707294, 0.0, 0.0]
[NNENUM] ub: [31.703236423477783, 0.0, 0.0015]
[NNENUM] Creating LP Star...
[NNENUM] Checking feasibility
[NNENUM] Generating output Spec...
[NNENUM] Spec list length:  2
[NNENUM] Enumeration in progress... 

[NNENUM] Result: 
<nnenum.result.Result object at 0x723c7079c9d0>
[NNENUM] Enumeration finished.
safe
[NNENUM] Filtering result using SMT solver...
[SMT] SMT filtered out 0 stars (out of 0; TO: 0).
.[QUERY] Found all non-linear combinations. Count: 1
[QUERY] Found all non-linear combinations. Count: 1
[QUERY] Returning nonlinear disjunction
[CTRL] Considering conjunction with 5 input constraints and a disjunction of size 2
[APPROX] Checking cache: SNNT.Approx.ApproxCacheObject[]
[APPROX] Constructing Approximation
[APPROX] Resolving approximation
[CTRL] Initiating iterator over current linear queries
[APPROX] # Conjunctions over output: 2
[CTRL] Processing linear query no. 84
[NNENUM] Running nnenum now...
[NNENUM] lb: [16.376852110707294, 0.0, 0.0]
[NNENUM] ub: [31.703236423477783, 0.09999999999999999, 0.0015]
[NNENUM] Creating LP Star...
[NNENUM] Checking feasibility
[NNENUM] Generating output Spec...
[NNENUM] Spec list length:  2
[NNENUM] Enumeration in progress... 

[NNENUM] Result: 
<nnenum.result.Result object at 0x723c686b35e0>
[NNENUM] Enumeration finished.
safe
[NNENUM] Filtering result using SMT solver...
[SMT] SMT filtered out 0 stars (out of 0; TO: 0).
.[QUERY] Found all non-linear combinations. Count: 1
[QUERY] Found all non-linear combinations. Count: 1
[QUERY] Returning nonlinear disjunction
[CTRL] Considering conjunction with 5 input constraints and a disjunction of size 2
[APPROX] Checking cache: SNNT.Approx.ApproxCacheObject[]
[APPROX] Constructing Approximation
[APPROX] Resolving approximation
[CTRL] Initiating iterator over current linear queries
[APPROX] # Conjunctions over output: 2
[CTRL] Processing linear query no. 85
[NNENUM] Running nnenum now...
[NNENUM] lb: [16.376852110707294, 0.09999999999999999, 0.0]
[NNENUM] ub: [31.703236423477783, 7.4262139003490955, 0.0015]
[NNENUM] Creating LP Star...
[NNENUM] Checking feasibility
[NNENUM] Generating output Spec...
[NNENUM] Spec list length:  2
[NNENUM] Enumeration in progress... 

[NNENUM] Result: 
<nnenum.result.Result object at 0x723c682e6e80>
[NNENUM] Enumeration finished.
safe
[NNENUM] Filtering result using SMT solver...
[SMT] SMT filtered out 0 stars (out of 0; TO: 0).
[QUERY] Found all non-linear combinations. Count: 1
[QUERY] Found all non-linear combinations. Count: 1
[QUERY] Found all non-linear combinations. Count: 1
[QUERY] Found all non-linear combinations. Count: 1
[QUERY] Returning nonlinear disjunction
[CTRL] Considering conjunction with 5 input constraints and a disjunction of size 4
[APPROX] Checking cache: SNNT.Approx.ApproxCacheObject[]
[APPROX] Constructing Approximation
[APPROX] Resolving approximation
[CTRL] Initiating iterator over current linear queries
[APPROX] # Conjunctions over output: 4
[CTRL] Processing linear query no. 86
[NNENUM] Running nnenum now...
[NNENUM] lb: [16.376852110707294, -17.837453728392095, 0.0]
[NNENUM] ub: [31.703236423477783, -2.1, 0.0015]
[NNENUM] Creating LP Star...
[NNENUM] Checking feasibility
[NNENUM] Generating output Spec...
[NNENUM] Spec list length:  4
[NNENUM] Enumeration in progress... 
(0.3 sec) Q: 0, Sets: 0/1  (0.0%) CEs: 0 ETA: - (expected 1 stars)   
(0.4 sec) Q: 0, Sets: 10/13  (31.25%) CEs: 0 ETA: 0.9 sec (expected 32 stars)   

Total Stars: 13 (1 exact, 12 approx)
Unfinished Stars: 0
Runtime: 0.5 sec
Completed work frac: 1.0
Num Stars Copied Between Processes: 0
Num Lps During Enumeration: 87
Total Num Lps: 87

Result: network is SAFE

[NNENUM] Result: 
<nnenum.result.Result object at 0x723c682e6be0>
[NNENUM] Enumeration finished.
safe
[NNENUM] Found counter-example stars: 0
[NNENUM] Filtering result using SMT solver...
[SMT] SMT filtered out 0 stars (out of 0; TO: 0).
[QUERY] Found all non-linear combinations. Count: 2
[QUERY] Found all non-linear combinations. Count: 2
[QUERY] Found all non-linear combinations. Count: 2
[QUERY] Found all non-linear combinations. Count: 2
[QUERY] Found all non-linear combinations. Count: 2
[QUERY] Found all non-linear combinations. Count: 1
[QUERY] Found all non-linear combinations. Count: 1
[QUERY] Found all non-linear combinations. Count: 1
[QUERY] Found all non-linear combinations. Count: 1
[QUERY] Found all non-linear combinations. Count: 1
[QUERY] Found all non-linear combinations. Count: 2
[QUERY] Returning nonlinear disjunction
[CTRL] Considering conjunction with 5 input constraints and a disjunction of size 11
[APPROX] Checking cache: SNNT.Approx.ApproxCacheObject[]
[APPROX] Constructing Approximation
[APPROX] Resolving approximation
[CTRL] Initiating iterator over current linear queries
[APPROX] # Conjunctions over output: 11
[CTRL] Processing linear query no. 87
[NNENUM] Running nnenum now...
[NNENUM] lb: [16.376852110707294, -73.18705430608887, 0.0]
[NNENUM] ub: [31.703236423477783, -63.40647284695557, 0.0015]
[NNENUM] Creating LP Star...
[NNENUM] Checking feasibility
[NNENUM] Generating output Spec...
[NNENUM] Spec list length:  11
[NNENUM] Enumeration in progress... 

[NNENUM] Result: 
<nnenum.result.Result object at 0x723c7079c6d0>
[NNENUM] Enumeration finished.
safe
[NNENUM] Filtering result using SMT solver...
[SMT] SMT filtered out 0 stars (out of 0; TO: 0).
[QUERY] Found all non-linear combinations. Count: 2
[QUERY] Found all non-linear combinations. Count: 1
[QUERY] Found all non-linear combinations. Count: 1
[QUERY] Found all non-linear combinations. Count: 1
[QUERY] Found all non-linear combinations. Count: 1
[QUERY] Found all non-linear combinations. Count: 1
[QUERY] Found all non-linear combinations. Count: 2
[QUERY] Found all non-linear combinations. Count: 2
[QUERY] Found all non-linear combinations. Count: 2
[QUERY] Found all non-linear combinations. Count: 2
[QUERY] Found all non-linear combinations. Count: 2
[QUERY] Returning nonlinear disjunction
[CTRL] Considering conjunction with 5 input constraints and a disjunction of size 11
[APPROX] Checking cache: SNNT.Approx.ApproxCacheObject[]
[APPROX] Constructing Approximation
[APPROX] Resolving approximation
[CTRL] Initiating iterator over current linear queries
[APPROX] # Conjunctions over output: 11
[CTRL] Processing linear query no. 88
[NNENUM] Running nnenum now...
[NNENUM] lb: [16.376852110707294, -63.40647284695557, 0.0]
[NNENUM] ub: [31.703236423477783, -17.837453728392095, 0.0015]
[NNENUM] Creating LP Star...
[NNENUM] Checking feasibility
[NNENUM] Generating output Spec...
[NNENUM] Spec list length:  11
[NNENUM] Enumeration in progress... 
(0.0 sec) Q: 0, Sets: 0/1  (0.0%) CEs: 0 ETA: - (expected 1 stars)   
(0.2 sec) Q: 0, Sets: 0/3  (0.0%) CEs: 0 ETA: - (expected 1 stars)   

Total Stars: 7 (1 exact, 6 approx)
Unfinished Stars: 0
Runtime: 0.2 sec
Completed work frac: 1.0
Num Stars Copied Between Processes: 0
Num Lps During Enumeration: 61
Total Num Lps: 61

Result: network is SAFE

[NNENUM] Result: 
<nnenum.result.Result object at 0x723c67cd1730>
[NNENUM] Enumeration finished.
safe
[NNENUM] Found counter-example stars: 0
[NNENUM] Filtering result using SMT solver...
[SMT] SMT filtered out 0 stars (out of 0; TO: 0).
[QUERY] Found all non-linear combinations. Count: 1
[QUERY] Found all non-linear combinations. Count: 1
[QUERY] Found all non-linear combinations. Count: 1
[QUERY] Found all non-linear combinations. Count: 1
[QUERY] Found all non-linear combinations. Count: 1
[QUERY] Found all non-linear combinations. Count: 1
[QUERY] Found all non-linear combinations. Count: 1
[QUERY] Found all non-linear combinations. Count: 1
[QUERY] Found all non-linear combinations. Count: 1
[QUERY] Found all non-linear combinations. Count: 1
[QUERY] Found all non-linear combinations. Count: 1
[QUERY] Returning nonlinear disjunction
[CTRL] Considering conjunction with 5 input constraints and a disjunction of size 11
[APPROX] Checking cache: SNNT.Approx.ApproxCacheObject[]
[APPROX] Constructing Approximation
[APPROX] Resolving approximation
[CTRL] Initiating iterator over current linear queries
[APPROX] # Conjunctions over output: 11
[CTRL] Processing linear query no. 89
[NNENUM] Running nnenum now...
[NNENUM] lb: [16.376852110707294, -134.49259155717084, 0.0]
[NNENUM] ub: [31.703236423477783, -73.18705430608887, 0.0015]
[NNENUM] Creating LP Star...
[NNENUM] Checking feasibility
[NNENUM] Generating output Spec...
[NNENUM] Spec list length:  11
[NNENUM] Enumeration in progress... 

[NNENUM] Result: 
<nnenum.result.Result object at 0x723c682c94f0>
[NNENUM] Enumeration finished.
safe
[NNENUM] Filtering result using SMT solver...
[SMT] SMT filtered out 0 stars (out of 0; TO: 0).
[QUERY] Found all non-linear combinations. Count: 1
[QUERY] Found all non-linear combinations. Count: 1
[QUERY] Returning nonlinear disjunction
[CTRL] Considering conjunction with 5 input constraints and a disjunction of size 2
[APPROX] Checking cache: SNNT.Approx.ApproxCacheObject[]
[APPROX] Constructing Approximation
[APPROX] Resolving approximation
[CTRL] Initiating iterator over current linear queries
[APPROX] # Conjunctions over output: 2
[CTRL] Processing linear query no. 90
[NNENUM] Running nnenum now...
[NNENUM] lb: [16.376852110707294, 134.4925915571708, 0.0]
[NNENUM] ub: [31.703236423477783, 200.0, 0.0015]
[NNENUM] Creating LP Star...
[NNENUM] Checking feasibility
[NNENUM] Generating output Spec...
[NNENUM] Spec list length:  2
[NNENUM] Enumeration in progress... 

[NNENUM] Result: 
<nnenum.result.Result object at 0x723c682c9d60>
[NNENUM] Enumeration finished.
safe
[NNENUM] Filtering result using SMT solver...
[SMT] SMT filtered out 0 stars (out of 0; TO: 0).
[QUERY] Found all non-linear combinations. Count: 1
[QUERY] Returning nonlinear disjunction
[CTRL] Considering conjunction with 5 input constraints and a disjunction of size 1
[APPROX] Checking cache: SNNT.Approx.ApproxCacheObject[]
[APPROX] Constructing Approximation
[APPROX] Resolving approximation
[CTRL] Initiating iterator over current linear queries
[APPROX] # Conjunctions over output: 1
[CTRL] Processing linear query no. 91
[NNENUM] Running nnenum now...
[NNENUM] lb: [16.376852110707294, -17.837453728392095, 0.0]
[NNENUM] ub: [31.703236423477783, -2.1, 0.0015]
[NNENUM] Creating LP Star...
[NNENUM] Checking feasibility
[NNENUM] Generating output Spec...
[NNENUM] Spec list length:  1
[NNENUM] Enumeration in progress... 
(0.2 sec) Q: 0, Sets: 0/1  (0.0%) CEs: 0 ETA: - (expected 1 stars)   

Total Stars: 4 (3 exact, 1 approx)
Unfinished Stars: 0
Runtime: 0.2 sec
Completed work frac: 1.0
Num Stars Copied Between Processes: 0
Num Lps During Enumeration: 138
Total Num Lps: 138

Result: network is SAFE

[NNENUM] Result: 
<nnenum.result.Result object at 0x723c67ce13d0>
[NNENUM] Enumeration finished.
safe
[NNENUM] Found counter-example stars: 0
[NNENUM] Filtering result using SMT solver...
[SMT] SMT filtered out 0 stars (out of 0; TO: 0).
[QUERY] Found all non-linear combinations. Count: 1
[QUERY] Returning nonlinear disjunction
[CTRL] Considering conjunction with 5 input constraints and a disjunction of size 1
[APPROX] Checking cache: SNNT.Approx.ApproxCacheObject[]
[APPROX] Constructing Approximation
[APPROX] Resolving approximation
[CTRL] Initiating iterator over current linear queries
[APPROX] # Conjunctions over output: 1
[CTRL] Processing linear query no. 92
[NNENUM] Running nnenum now...
[NNENUM] lb: [16.376852110707294, -63.40647284695557, 0.0]
[NNENUM] ub: [31.703236423477783, -17.837453728392095, 0.0015]
[NNENUM] Creating LP Star...
[NNENUM] Checking feasibility
[NNENUM] Generating output Spec...
[NNENUM] Spec list length:  1
[NNENUM] Enumeration in progress... 

[NNENUM] Result: 
<nnenum.result.Result object at 0x723c67ccadf0>
[NNENUM] Enumeration finished.
safe
[NNENUM] Filtering result using SMT solver...
[SMT] SMT filtered out 0 stars (out of 0; TO: 0).
...[QUERY] Found all non-linear combinations. Count: 6
[QUERY] Returning nonlinear disjunction
[CTRL] Considering conjunction with 5 input constraints and a disjunction of size 1
[APPROX] Checking cache: SNNT.Approx.ApproxCacheObject[]
[APPROX] Constructing Approximation
[APPROX] Resolving approximation
[CTRL] Initiating iterator over current linear queries
[APPROX] # Conjunctions over output: 1
[CTRL] Processing linear query no. 93
[NNENUM] Running nnenum now...
[NNENUM] lb: [16.376852110707294, 7.4262139003490955, 0.0]
[NNENUM] ub: [31.703236423477783, 134.4925915571708, 0.0015]
[NNENUM] Creating LP Star...
[NNENUM] Checking feasibility
[NNENUM] Generating output Spec...
[NNENUM] Spec list length:  1
[NNENUM] Enumeration in progress... 
(0.1 sec) Q: 0, Sets: 0/1  (0.0%) CEs: 0 ETA: - (expected 1 stars)   
(0.2 sec) Q: 0, Sets: 5/8  (78.125%) CEs: 0 ETA: 0.1 sec (expected 6 stars)   

Total Stars: 11 (3 exact, 8 approx)
Unfinished Stars: 0
Runtime: 0.2 sec
Completed work frac: 1.0
Num Stars Copied Between Processes: 0
Num Lps During Enumeration: 142
Total Num Lps: 142

Result: network is SAFE

[NNENUM] Result: 
<nnenum.result.Result object at 0x723c67ce3130>
[NNENUM] Enumeration finished.
safe
[NNENUM] Found counter-example stars: 0
[NNENUM] Filtering result using SMT solver...
[SMT] SMT filtered out 0 stars (out of 0; TO: 0).
[QUERY] Found all non-linear combinations. Count: 1
[QUERY] Returning nonlinear disjunction
[CTRL] Considering conjunction with 5 input constraints and a disjunction of size 1
[APPROX] Checking cache: SNNT.Approx.ApproxCacheObject[]
[APPROX] Constructing Approximation
[APPROX] Resolving approximation
[CTRL] Initiating iterator over current linear queries
[APPROX] # Conjunctions over output: 1
[CTRL] Processing linear query no. 94
[NNENUM] Running nnenum now...
[NNENUM] lb: [16.376852110707294, 7.4262139003490955, 0.0]
[NNENUM] ub: [31.703236423477783, 134.4925915571708, 0.0015]
[NNENUM] Creating LP Star...
[NNENUM] Checking feasibility
[NNENUM] Generating output Spec...
[NNENUM] Spec list length:  1
[NNENUM] Enumeration in progress... 
(0.0 sec) Q: 0, Sets: 0/1  (0.0%) CEs: 0 ETA: - (expected 1 stars)   

Total Stars: 4 (2 exact, 2 approx)
Unfinished Stars: 0
Runtime: 0.1 sec
Completed work frac: 1.0
Num Stars Copied Between Processes: 0
Num Lps During Enumeration: 104
Total Num Lps: 104

Result: network is SAFE

[NNENUM] Result: 
<nnenum.result.Result object at 0x723c682f2460>
[NNENUM] Enumeration finished.
safe
[NNENUM] Found counter-example stars: 0
[NNENUM] Filtering result using SMT solver...
[SMT] SMT filtered out 0 stars (out of 0; TO: 0).
.[QUERY] Found all non-linear combinations. Count: 1
[QUERY] Found all non-linear combinations. Count: 1
[QUERY] Returning nonlinear disjunction
[CTRL] Considering conjunction with 5 input constraints and a disjunction of size 2
[APPROX] Checking cache: SNNT.Approx.ApproxCacheObject[]
[APPROX] Constructing Approximation
[APPROX] Resolving approximation
[CTRL] Initiating iterator over current linear queries
[APPROX] # Conjunctions over output: 2
[CTRL] Processing linear query no. 95
[NNENUM] Running nnenum now...
[NNENUM] lb: [16.376852110707294, 7.4262139003490955, 0.0]
[NNENUM] ub: [31.703236423477783, 134.4925915571708, 0.0015]
[NNENUM] Creating LP Star...
[NNENUM] Checking feasibility
[NNENUM] Generating output Spec...
[NNENUM] Spec list length:  2
[NNENUM] Enumeration in progress... 
(0.0 sec) Q: 0, Sets: 0/1  (0.0%) CEs: 0 ETA: - (expected 1 stars)   

Total Stars: 2 (1 exact, 1 approx)
Unfinished Stars: 0
Runtime: 0.1 sec
Completed work frac: 1.0
Num Stars Copied Between Processes: 0
Num Lps During Enumeration: 78
Total Num Lps: 78

Result: network is SAFE

[NNENUM] Result: 
<nnenum.result.Result object at 0x723c67cdf730>
[NNENUM] Enumeration finished.
safe
[NNENUM] Found counter-example stars: 0
[NNENUM] Filtering result using SMT solver...
[SMT] SMT filtered out 0 stars (out of 0; TO: 0).
.[QUERY] Found all non-linear combinations. Count: 1
[QUERY] Returning nonlinear disjunction
[CTRL] Considering conjunction with 5 input constraints and a disjunction of size 1
[APPROX] Checking cache: SNNT.Approx.ApproxCacheObject[]
[APPROX] Constructing Approximation
[APPROX] Resolving approximation
[CTRL] Initiating iterator over current linear queries
[APPROX] # Conjunctions over output: 1
[CTRL] Processing linear query no. 96
[NNENUM] Running nnenum now...
[NNENUM] lb: [16.376852110707294, 7.4262139003490955, 0.0]
[NNENUM] ub: [31.703236423477783, 134.4925915571708, 0.0015]
[NNENUM] Creating LP Star...
[NNENUM] Checking feasibility
[NNENUM] Generating output Spec...
[NNENUM] Spec list length:  1
[NNENUM] Enumeration in progress... 
(0.2 sec) Q: 0, Sets: 0/1  (0.0%) CEs: 0 ETA: - (expected 1 stars)   

Total Stars: 2 (0 exact, 2 approx)
Unfinished Stars: 0
Runtime: 0.2 sec
Completed work frac: 1.0
Num Stars Copied Between Processes: 0
Num Lps During Enumeration: 0
Total Num Lps: 0

Result: network is SAFE

[NNENUM] Result: 
<nnenum.result.Result object at 0x723c67ce4f10>
[NNENUM] Enumeration finished.
safe
[NNENUM] Found counter-example stars: 0
[NNENUM] Filtering result using SMT solver...
[SMT] SMT filtered out 0 stars (out of 0; TO: 0).
[QUERY] Found all non-linear combinations. Count: 1
[QUERY] Returning nonlinear disjunction
[CTRL] Considering conjunction with 5 input constraints and a disjunction of size 1
[APPROX] Checking cache: SNNT.Approx.ApproxCacheObject[]
[APPROX] Constructing Approximation
[APPROX] Resolving approximation
[CTRL] Initiating iterator over current linear queries
[APPROX] # Conjunctions over output: 1
[CTRL] Processing linear query no. 97
[NNENUM] Running nnenum now...
[NNENUM] lb: [16.376852110707294, -17.837453728392095, 0.0]
[NNENUM] ub: [31.703236423477783, -2.1, 0.0015]
[NNENUM] Creating LP Star...
[NNENUM] Checking feasibility
[NNENUM] Generating output Spec...
[NNENUM] Spec list length:  1
[NNENUM] Enumeration in progress... 
(0.0 sec) Q: 0, Sets: 0/1  (0.0%) CEs: 0 ETA: - (expected 1 stars)   

Total Stars: 3 (1 exact, 2 approx)
Unfinished Stars: 0
Runtime: 0.0 sec
Completed work frac: 1.0
Num Stars Copied Between Processes: 0
Num Lps During Enumeration: 128
Total Num Lps: 128

Result: network is SAFE

[NNENUM] Result: 
<nnenum.result.Result object at 0x723c682c96d0>
[NNENUM] Enumeration finished.
safe
[NNENUM] Found counter-example stars: 0
[NNENUM] Filtering result using SMT solver...
[SMT] SMT filtered out 0 stars (out of 0; TO: 0).
[QUERY] Found all non-linear combinations. Count: 1
[QUERY] Returning nonlinear disjunction
[CTRL] Considering conjunction with 5 input constraints and a disjunction of size 1
[APPROX] Checking cache: SNNT.Approx.ApproxCacheObject[]
[APPROX] Constructing Approximation
[APPROX] Resolving approximation
[CTRL] Initiating iterator over current linear queries
[APPROX] # Conjunctions over output: 1
[CTRL] Processing linear query no. 98
[NNENUM] Running nnenum now...
[NNENUM] lb: [16.376852110707294, -63.40647284695557, 0.0]
[NNENUM] ub: [31.703236423477783, -17.837453728392095, 0.0015]
[NNENUM] Creating LP Star...
[NNENUM] Checking feasibility
[NNENUM] Generating output Spec...
[NNENUM] Spec list length:  1
[NNENUM] Enumeration in progress... 

[NNENUM] Result: 
<nnenum.result.Result object at 0x723c687dbbe0>
[NNENUM] Enumeration finished.
safe
[NNENUM] Filtering result using SMT solver...
[SMT] SMT filtered out 0 stars (out of 0; TO: 0).
[QUERY] Found all non-linear combinations. Count: 1
[QUERY] Returning nonlinear disjunction
[CTRL] Considering conjunction with 5 input constraints and a disjunction of size 1
[APPROX] Checking cache: SNNT.Approx.ApproxCacheObject[]
[APPROX] Constructing Approximation
[APPROX] Resolving approximation
[CTRL] Initiating iterator over current linear queries
[APPROX] # Conjunctions over output: 1
[CTRL] Processing linear query no. 99
[NNENUM] Running nnenum now...
[NNENUM] lb: [16.376852110707294, 7.4262139003490955, 0.0]
[NNENUM] ub: [31.703236423477783, 134.4925915571708, 0.0015]
[NNENUM] Creating LP Star...
[NNENUM] Checking feasibility
[NNENUM] Generating output Spec...
[NNENUM] Spec list length:  1
[NNENUM] Enumeration in progress... 
(0.3 sec) Q: 0, Sets: 0/1  (0.0%) CEs: 0 ETA: - (expected 1 stars)   

Total Stars: 7 (1 exact, 6 approx)
Unfinished Stars: 0
Runtime: 0.3 sec
Completed work frac: 1.0
Num Stars Copied Between Processes: 0
Num Lps During Enumeration: 46
Total Num Lps: 46

Result: network is SAFE

[NNENUM] Result: 
<nnenum.result.Result object at 0x723c686b39d0>
[NNENUM] Enumeration finished.
safe
[NNENUM] Found counter-example stars: 0
[NNENUM] Filtering result using SMT solver...
[SMT] SMT filtered out 0 stars (out of 0; TO: 0).
..[QUERY] Found all non-linear combinations. Count: 1
[QUERY] Found all non-linear combinations. Count: 1
.[QUERY] Found all non-linear combinations. Count: 1
[QUERY] Found all non-linear combinations. Count: 1
[QUERY] Returning nonlinear disjunction
[CTRL] Considering conjunction with 5 input constraints and a disjunction of size 4
[APPROX] Checking cache: SNNT.Approx.ApproxCacheObject[]
[APPROX] Constructing Approximation
[APPROX] Resolving approximation
[CTRL] Initiating iterator over current linear queries
[APPROX] # Conjunctions over output: 4
[CTRL] Processing linear query no. 100
[NNENUM] Running nnenum now...
[NNENUM] lb: [16.376852110707294, 0.09999999999999999, -0.0015]
[NNENUM] ub: [31.703236423477783, 7.4262139003490955, 0.0]
[NNENUM] Creating LP Star...
[NNENUM] Checking feasibility
[NNENUM] Generating output Spec...
[NNENUM] Spec list length:  4
[NNENUM] Enumeration in progress... 

[NNENUM] Result: 
<nnenum.result.Result object at 0x723c682c9cd0>
[NNENUM] Enumeration finished.
safe
[NNENUM] Filtering result using SMT solver...
[SMT] SMT filtered out 0 stars (out of 0; TO: 0).
[QUERY] Found all non-linear combinations. Count: 1
[QUERY] Found all non-linear combinations. Count: 1
[QUERY] Found all non-linear combinations. Count: 1
[QUERY] Returning nonlinear disjunction
[CTRL] Considering conjunction with 5 input constraints and a disjunction of size 3
[APPROX] Checking cache: SNNT.Approx.ApproxCacheObject[]
[APPROX] Constructing Approximation
[APPROX] Resolving approximation
[CTRL] Initiating iterator over current linear queries
[APPROX] # Conjunctions over output: 3
[CTRL] Processing linear query no. 101
[NNENUM] Running nnenum now...
[NNENUM] lb: [16.376852110707294, 134.4925915571708, -0.0015]
[NNENUM] ub: [31.703236423477783, 200.0, 0.0]
[NNENUM] Creating LP Star...
[NNENUM] Checking feasibility
[NNENUM] Generating output Spec...
[NNENUM] Spec list length:  3
[NNENUM] Enumeration in progress... 

[NNENUM] Result: 
<nnenum.result.Result object at 0x723c682e67c0>
[NNENUM] Enumeration finished.
safe
[NNENUM] Filtering result using SMT solver...
[SMT] SMT filtered out 0 stars (out of 0; TO: 0).
[QUERY] Found all non-linear combinations. Count: 1
[QUERY] Found all non-linear combinations. Count: 1
[QUERY] Found all non-linear combinations. Count: 1
[QUERY] Found all non-linear combinations. Count: 1
[QUERY] Found all non-linear combinations. Count: 1
[QUERY] Found all non-linear combinations. Count: 1
[QUERY] Returning nonlinear disjunction
[CTRL] Considering conjunction with 5 input constraints and a disjunction of size 6
[APPROX] Checking cache: SNNT.Approx.ApproxCacheObject[]
[APPROX] Constructing Approximation
[APPROX] Resolving approximation
[CTRL] Initiating iterator over current linear queries
[APPROX] # Conjunctions over output: 6
[CTRL] Processing linear query no. 102
[NNENUM] Running nnenum now...
[NNENUM] lb: [16.376852110707294, -17.837453728392095, -0.0015]
[NNENUM] ub: [31.703236423477783, -2.1, 0.0]
[NNENUM] Creating LP Star...
[NNENUM] Checking feasibility
[NNENUM] Generating output Spec...
[NNENUM] Spec list length:  6
[NNENUM] Enumeration in progress... 
(0.2 sec) Q: 0, Sets: 0/1  (0.0%) CEs: 0 ETA: - (expected 1 stars)   
(0.3 sec) Q: 0, Sets: 10/13  (31.25%) CEs: 0 ETA: 0.6 sec (expected 32 stars)   

Total Stars: 13 (1 exact, 12 approx)
Unfinished Stars: 0
Runtime: 0.4 sec
Completed work frac: 1.0
Num Stars Copied Between Processes: 0
Num Lps During Enumeration: 87
Total Num Lps: 87

Result: network is SAFE

[NNENUM] Result: 
<nnenum.result.Result object at 0x723c682fff40>
[NNENUM] Enumeration finished.
safe
[NNENUM] Found counter-example stars: 0
[NNENUM] Filtering result using SMT solver...
[SMT] SMT filtered out 0 stars (out of 0; TO: 0).
[QUERY] Found all non-linear combinations. Count: 1
[QUERY] Found all non-linear combinations. Count: 1
.[QUERY] Found all non-linear combinations. Count: 1
[QUERY] Returning nonlinear disjunction
[CTRL] Considering conjunction with 5 input constraints and a disjunction of size 3
[APPROX] Checking cache: SNNT.Approx.ApproxCacheObject[]
[APPROX] Constructing Approximation
[APPROX] Resolving approximation
[CTRL] Initiating iterator over current linear queries
[APPROX] # Conjunctions over output: 3
[CTRL] Processing linear query no. 103
[NNENUM] Running nnenum now...
[NNENUM] lb: [16.376852110707294, 0.0, -0.0015]
[NNENUM] ub: [31.703236423477783, 0.09999999999999999, 0.0]
[NNENUM] Creating LP Star...
[NNENUM] Checking feasibility
[NNENUM] Generating output Spec...
[NNENUM] Spec list length:  3
[NNENUM] Enumeration in progress... 

[NNENUM] Result: 
<nnenum.result.Result object at 0x723c67cd1fa0>
[NNENUM] Enumeration finished.
safe
[NNENUM] Filtering result using SMT solver...
[SMT] SMT filtered out 0 stars (out of 0; TO: 0).
.[QUERY] Found all non-linear combinations. Count: 1
[QUERY] Found all non-linear combinations. Count: 1
[QUERY] Found all non-linear combinations. Count: 1
[QUERY] Returning nonlinear disjunction
[CTRL] Considering conjunction with 5 input constraints and a disjunction of size 3
[APPROX] Checking cache: SNNT.Approx.ApproxCacheObject[]
[APPROX] Constructing Approximation
[APPROX] Resolving approximation
[CTRL] Initiating iterator over current linear queries
[APPROX] # Conjunctions over output: 3
[CTRL] Processing linear query no. 104
[NNENUM] Running nnenum now...
[NNENUM] lb: [16.376852110707294, 0.0, -0.0015]
[NNENUM] ub: [31.703236423477783, 0.0, 0.0]
[NNENUM] Creating LP Star...
[NNENUM] Checking feasibility
[NNENUM] Generating output Spec...
[NNENUM] Spec list length:  3
[NNENUM] Enumeration in progress... 

[NNENUM] Result: 
<nnenum.result.Result object at 0x723c67cd16a0>
[NNENUM] Enumeration finished.
safe
[NNENUM] Filtering result using SMT solver...
[SMT] SMT filtered out 0 stars (out of 0; TO: 0).
[QUERY] Found all non-linear combinations. Count: 1
[QUERY] Found all non-linear combinations. Count: 1
.[QUERY] Found all non-linear combinations. Count: 1
[QUERY] Returning nonlinear disjunction
[CTRL] Considering conjunction with 5 input constraints and a disjunction of size 3
[APPROX] Checking cache: SNNT.Approx.ApproxCacheObject[]
[APPROX] Constructing Approximation
[APPROX] Resolving approximation
[CTRL] Initiating iterator over current linear queries
[APPROX] # Conjunctions over output: 3
[CTRL] Processing linear query no. 105
[NNENUM] Running nnenum now...
[NNENUM] lb: [16.376852110707294, 0.0, -0.0015]
[NNENUM] ub: [31.703236423477783, 0.0, 0.0]
[NNENUM] Creating LP Star...
[NNENUM] Checking feasibility
[NNENUM] Generating output Spec...
[NNENUM] Spec list length:  3
[NNENUM] Enumeration in progress... 

[NNENUM] Result: 
<nnenum.result.Result object at 0x723c686851c0>
[NNENUM] Enumeration finished.
safe
[NNENUM] Filtering result using SMT solver...
[SMT] SMT filtered out 0 stars (out of 0; TO: 0).
[QUERY] Found all non-linear combinations. Count: 1
[QUERY] Found all non-linear combinations. Count: 1
[QUERY] Found all non-linear combinations. Count: 1
[QUERY] Found all non-linear combinations. Count: 1
[QUERY] Returning nonlinear disjunction
[CTRL] Considering conjunction with 5 input constraints and a disjunction of size 4
[APPROX] Checking cache: SNNT.Approx.ApproxCacheObject[]
[APPROX] Constructing Approximation
[APPROX] Resolving approximation
[CTRL] Initiating iterator over current linear queries
[APPROX] # Conjunctions over output: 4
[CTRL] Processing linear query no. 106
[NNENUM] Running nnenum now...
[NNENUM] lb: [16.376852110707294, -2.1, -0.0015]
[NNENUM] ub: [31.703236423477783, 0.0, 0.0]
[NNENUM] Creating LP Star...
[NNENUM] Checking feasibility
[NNENUM] Generating output Spec...
[NNENUM] Spec list length:  4
[NNENUM] Enumeration in progress... 

[NNENUM] Result: 
<nnenum.result.Result object at 0x723c7079c670>
[NNENUM] Enumeration finished.
safe
[NNENUM] Filtering result using SMT solver...
[SMT] SMT filtered out 0 stars (out of 0; TO: 0).
.[QUERY] Found all non-linear combinations. Count: 5
.[QUERY] Found all non-linear combinations. Count: 4
..[QUERY] Found all non-linear combinations. Count: 2
[QUERY] Found all non-linear combinations. Count: 2
[QUERY] Found all non-linear combinations. Count: 2
.[QUERY] Found all non-linear combinations. Count: 1
.[QUERY] Found all non-linear combinations. Count: 1
.[QUERY] Found all non-linear combinations. Count: 1
[QUERY] Found all non-linear combinations. Count: 1
.[QUERY] Found all non-linear combinations. Count: 1
.[QUERY] Found all non-linear combinations. Count: 1
[QUERY] Returning nonlinear disjunction
[CTRL] Considering conjunction with 5 input constraints and a disjunction of size 11
[APPROX] Checking cache: SNNT.Approx.ApproxCacheObject[]
[APPROX] Constructing Approximation
[APPROX] Resolving approximation
[CTRL] Initiating iterator over current linear queries
[APPROX] # Conjunctions over output: 11
[CTRL] Processing linear query no. 107
[NNENUM] Running nnenum now...
[NNENUM] lb: [0.07999999999999999, 0.09999999999999999, -0.0015]
[NNENUM] ub: [16.376852110707294, 7.4262139003490955, 0.0]
[NNENUM] Creating LP Star...
[NNENUM] Checking feasibility
[NNENUM] Generating output Spec...
[NNENUM] Spec list length:  11
[NNENUM] Enumeration in progress... 
(0.2 sec) Q: 0, Sets: 0/1  (0.0%) CEs: 0 ETA: - (expected 1 stars)   
(0.3 sec) Q: 0, Sets: 17/26  (13.721%) CEs: 0 ETA: 1.9 sec (expected 124 stars)   
(0.4 sec) Q: 0, Sets: 35/44  (22.852%) CEs: 0 ETA: 1.4 sec (expected 153 stars)   (0.5 sec) Q: 0, Sets: 56/62  (23.975%) CEs: 0 ETA: 1.6 sec (expected 234 stars)   

Total Stars: 71 (6 exact, 65 approx)
Unfinished Stars: 0
Runtime: 0.6 sec
Completed work frac: 1.0
Num Stars Copied Between Processes: 0
Num Lps During Enumeration: 362
Total Num Lps: 362

Result: network is SAFE

[NNENUM] Result: 
<nnenum.result.Result object at 0x723c686b3ee0>
[NNENUM] Enumeration finished.
safe
[NNENUM] Found counter-example stars: 0
[NNENUM] Filtering result using SMT solver...
[SMT] SMT filtered out 0 stars (out of 0; TO: 0).
[QUERY] Found all non-linear combinations. Count: 2
[QUERY] Found all non-linear combinations. Count: 1
[QUERY] Found all non-linear combinations. Count: 1
[QUERY] Found all non-linear combinations. Count: 1
[QUERY] Found all non-linear combinations. Count: 1
[QUERY] Found all non-linear combinations. Count: 1
[QUERY] Found all non-linear combinations. Count: 1
[QUERY] Found all non-linear combinations. Count: 1
[QUERY] Found all non-linear combinations. Count: 1
[QUERY] Found all non-linear combinations. Count: 1
[QUERY] Found all non-linear combinations. Count: 1
[QUERY] Found all non-linear combinations. Count: 1
[QUERY] Returning nonlinear disjunction
[CTRL] Considering conjunction with 5 input constraints and a disjunction of size 12
[APPROX] Checking cache: SNNT.Approx.ApproxCacheObject[]
[APPROX] Constructing Approximation
[APPROX] Resolving approximation
[CTRL] Initiating iterator over current linear queries
[APPROX] # Conjunctions over output: 12
[CTRL] Processing linear query no. 108
[NNENUM] Running nnenum now...
[NNENUM] lb: [0.07999999999999999, 0.0, -0.0015]
[NNENUM] ub: [16.376852110707294, 0.09999999999999999, 0.0]
[NNENUM] Creating LP Star...
[NNENUM] Checking feasibility
[NNENUM] Generating output Spec...
[NNENUM] Spec list length:  12
[NNENUM] Enumeration in progress... 
(0.1 sec) Q: 0, Sets: 0/1  (0.0%) CEs: 0 ETA: - (expected 1 stars)   

Total Stars: 5 (0 exact, 5 approx)
Unfinished Stars: 0
Runtime: 0.1 sec
Completed work frac: 1.0
Num Stars Copied Between Processes: 0
Num Lps During Enumeration: 0
Total Num Lps: 0

Result: network is SAFE

[NNENUM] Result: 
<nnenum.result.Result object at 0x723c682f2580>
[NNENUM] Enumeration finished.
safe
[NNENUM] Found counter-example stars: 0
[NNENUM] Filtering result using SMT solver...
[SMT] SMT filtered out 0 stars (out of 0; TO: 0).
[QUERY] Found all non-linear combinations. Count: 1
[QUERY] Found all non-linear combinations. Count: 1
[QUERY] Found all non-linear combinations. Count: 1
[QUERY] Found all non-linear combinations. Count: 1
[QUERY] Found all non-linear combinations. Count: 1
[QUERY] Found all non-linear combinations. Count: 1
[QUERY] Found all non-linear combinations. Count: 1
[QUERY] Returning nonlinear disjunction
[CTRL] Considering conjunction with 5 input constraints and a disjunction of size 7
[APPROX] Checking cache: SNNT.Approx.ApproxCacheObject[]
[APPROX] Constructing Approximation
[APPROX] Resolving approximation
[CTRL] Initiating iterator over current linear queries
[APPROX] # Conjunctions over output: 7
[CTRL] Processing linear query no. 109
[NNENUM] Running nnenum now...
[NNENUM] lb: [0.07999999999999999, 0.0, -0.0015]
[NNENUM] ub: [16.376852110707294, 0.09999999999999999, 0.0]
[NNENUM] Creating LP Star...
[NNENUM] Checking feasibility
[NNENUM] Generating output Spec...
[NNENUM] Spec list length:  7
[NNENUM] Enumeration in progress... 

[NNENUM] Result: 
<nnenum.result.Result object at 0x723c682c9a90>
[NNENUM] Enumeration finished.
safe
[NNENUM] Filtering result using SMT solver...
[SMT] SMT filtered out 0 stars (out of 0; TO: 0).
[QUERY] Found all non-linear combinations. Count: 1
[QUERY] Found all non-linear combinations. Count: 1
[QUERY] Found all non-linear combinations. Count: 1
[QUERY] Found all non-linear combinations. Count: 1
[QUERY] Found all non-linear combinations. Count: 1
[QUERY] Found all non-linear combinations. Count: 1
[QUERY] Found all non-linear combinations. Count: 1
[QUERY] Returning nonlinear disjunction
[CTRL] Considering conjunction with 5 input constraints and a disjunction of size 7
[APPROX] Checking cache: SNNT.Approx.ApproxCacheObject[]
[APPROX] Constructing Approximation
[APPROX] Resolving approximation
[CTRL] Initiating iterator over current linear queries
[APPROX] # Conjunctions over output: 7
[CTRL] Processing linear query no. 110
[NNENUM] Running nnenum now...
[NNENUM] lb: [0.07999999999999999, 0.0, -0.0015]
[NNENUM] ub: [16.376852110707294, 0.09999999999999999, 0.0]
[NNENUM] Creating LP Star...
[NNENUM] Checking feasibility
[NNENUM] Generating output Spec...
[NNENUM] Spec list length:  7
[NNENUM] Enumeration in progress... 

[NNENUM] Result: 
<nnenum.result.Result object at 0x723c6eb2b4f0>
[NNENUM] Enumeration finished.
safe
[NNENUM] Filtering result using SMT solver...
[SMT] SMT filtered out 0 stars (out of 0; TO: 0).
[QUERY] Found all non-linear combinations. Count: 1
[QUERY] Found all non-linear combinations. Count: 2
[QUERY] Found all non-linear combinations. Count: 1
[QUERY] Found all non-linear combinations. Count: 1
[QUERY] Found all non-linear combinations. Count: 1
[QUERY] Found all non-linear combinations. Count: 1
[QUERY] Found all non-linear combinations. Count: 1
[QUERY] Found all non-linear combinations. Count: 1
[QUERY] Found all non-linear combinations. Count: 1
[QUERY] Found all non-linear combinations. Count: 1
[QUERY] Found all non-linear combinations. Count: 1
[QUERY] Found all non-linear combinations. Count: 1
[QUERY] Returning nonlinear disjunction
[CTRL] Considering conjunction with 5 input constraints and a disjunction of size 12
[APPROX] Checking cache: SNNT.Approx.ApproxCacheObject[]
[APPROX] Constructing Approximation
[APPROX] Resolving approximation
[CTRL] Initiating iterator over current linear queries
[APPROX] # Conjunctions over output: 12
[CTRL] Processing linear query no. 111
[NNENUM] Running nnenum now...
[NNENUM] lb: [0.07999999999999999, 0.0, -0.0015]
[NNENUM] ub: [16.376852110707294, 0.0, 0.0]
[NNENUM] Creating LP Star...
[NNENUM] Checking feasibility
[NNENUM] Generating output Spec...
[NNENUM] Spec list length:  12
[NNENUM] Enumeration in progress... 
(0.2 sec) Q: 0, Sets: 0/1  (0.0%) CEs: 0 ETA: - (expected 1 stars)   

Total Stars: 4 (0 exact, 4 approx)
Unfinished Stars: 0
Runtime: 0.2 sec
Completed work frac: 1.0
Num Stars Copied Between Processes: 0
Num Lps During Enumeration: 0
Total Num Lps: 0

Result: network is SAFE

[NNENUM] Result: 
<nnenum.result.Result object at 0x723c67cd1820>
[NNENUM] Enumeration finished.
safe
[NNENUM] Found counter-example stars: 0
[NNENUM] Filtering result using SMT solver...
[SMT] SMT filtered out 0 stars (out of 0; TO: 0).
.[QUERY] Found all non-linear combinations. Count: 1
[QUERY] Found all non-linear combinations. Count: 1
[QUERY] Found all non-linear combinations. Count: 1
[QUERY] Found all non-linear combinations. Count: 1
[QUERY] Found all non-linear combinations. Count: 1
[QUERY] Found all non-linear combinations. Count: 1
[QUERY] Found all non-linear combinations. Count: 1
[QUERY] Found all non-linear combinations. Count: 1
[QUERY] Found all non-linear combinations. Count: 1
[QUERY] Found all non-linear combinations. Count: 1
[QUERY] Found all non-linear combinations. Count: 2
[QUERY] Found all non-linear combinations. Count: 1
[QUERY] Returning nonlinear disjunction
[CTRL] Considering conjunction with 5 input constraints and a disjunction of size 12
[APPROX] Checking cache: SNNT.Approx.ApproxCacheObject[]
[APPROX] Constructing Approximation
[APPROX] Resolving approximation
[CTRL] Initiating iterator over current linear queries
[APPROX] # Conjunctions over output: 12
[CTRL] Processing linear query no. 112
[NNENUM] Running nnenum now...
[NNENUM] lb: [0.07999999999999999, 0.09999999999999999, -0.0015]
[NNENUM] ub: [16.376852110707294, 7.4262139003490955, 0.0]
[NNENUM] Creating LP Star...
[NNENUM] Checking feasibility
[NNENUM] Generating output Spec...
[NNENUM] Spec list length:  12
[NNENUM] Enumeration in progress... 
(0.0 sec) Q: 0, Sets: 0/1  (0.0%) CEs: 0 ETA: - (expected 1 stars)   
(0.2 sec) Q: 0, Sets: 10/16  (2.734%) CEs: 0 ETA: 5.4 sec (expected 366 stars)   
(0.3 sec) Q: 0, Sets: 17/21  (50.0%) CEs: 0 ETA: 0.3 sec (expected 34 stars)   (0.4 sec) Q: 0, Sets: 35/39  (60.938%) CEs: 0 ETA: 0.2 sec (expected 57 stars)   
(0.5 sec) Q: 0, Sets: 51/54  (71.875%) CEs: 0 ETA: 0.2 sec (expected 71 stars)   
Total Stars: 73 (5 exact, 68 approx)
Unfinished Stars: 0
Runtime: 0.5 sec
Completed work frac: 1.0
Num Stars Copied Between Processes: 0
Num Lps During Enumeration: 138
Total Num Lps: 138

Result: network is SAFE

[NNENUM] Result: 
<nnenum.result.Result object at 0x723c682ff100>
[NNENUM] Enumeration finished.
safe
[NNENUM] Found counter-example stars: 0
[NNENUM] Filtering result using SMT solver...
[SMT] SMT filtered out 0 stars (out of 0; TO: 0).
.[QUERY] Found all non-linear combinations. Count: 1
[QUERY] Found all non-linear combinations. Count: 2
[QUERY] Found all non-linear combinations. Count: 1
[QUERY] Found all non-linear combinations. Count: 1
[QUERY] Found all non-linear combinations. Count: 1
[QUERY] Found all non-linear combinations. Count: 1
[QUERY] Found all non-linear combinations. Count: 1
[QUERY] Found all non-linear combinations. Count: 1
[QUERY] Found all non-linear combinations. Count: 1
.[QUERY] Found all non-linear combinations. Count: 1
[QUERY] Found all non-linear combinations. Count: 1
[QUERY] Returning nonlinear disjunction
[CTRL] Considering conjunction with 5 input constraints and a disjunction of size 11
[APPROX] Checking cache: SNNT.Approx.ApproxCacheObject[]
[APPROX] Constructing Approximation
[APPROX] Resolving approximation
[CTRL] Initiating iterator over current linear queries
[APPROX] # Conjunctions over output: 11
[CTRL] Processing linear query no. 113
[NNENUM] Running nnenum now...
[NNENUM] lb: [0.07999999999999999, 0.09999999999999999, -0.0015]
[NNENUM] ub: [16.376852110707294, 7.4262139003490955, 0.0]
[NNENUM] Creating LP Star...
[NNENUM] Checking feasibility
[NNENUM] Generating output Spec...
[NNENUM] Spec list length:  11
[NNENUM] Enumeration in progress... 
(0.0 sec) Q: 0, Sets: 0/1  (0.0%) CEs: 0 ETA: - (expected 1 stars)   
(0.2 sec) Q: 0, Sets: 15/20  (5.469%) CEs: 0 ETA: 2.6 sec (expected 274 stars)   

Total Stars: 20 (3 exact, 17 approx)
Unfinished Stars: 0
Runtime: 0.2 sec
Completed work frac: 1.0
Num Stars Copied Between Processes: 0
Num Lps During Enumeration: 135
Total Num Lps: 135

Result: network is SAFE

[NNENUM] Result: 
<nnenum.result.Result object at 0x723c67cca7c0>
[NNENUM] Enumeration finished.
safe
[NNENUM] Found counter-example stars: 0
[NNENUM] Filtering result using SMT solver...
[SMT] SMT filtered out 0 stars (out of 0; TO: 0).
.[QUERY] Found all non-linear combinations. Count: 5
.[QUERY] Found all non-linear combinations. Count: 2
.[QUERY] Found all non-linear combinations. Count: 2
.[QUERY] Found all non-linear combinations. Count: 2
.[QUERY] Found all non-linear combinations. Count: 2
.[QUERY] Found all non-linear combinations. Count: 2
[QUERY] Found all non-linear combinations. Count: 2
[QUERY] Found all non-linear combinations. Count: 2
[QUERY] Found all non-linear combinations. Count: 2
[QUERY] Found all non-linear combinations. Count: 2
[QUERY] Found all non-linear combinations. Count: 2
[QUERY] Found all non-linear combinations. Count: 2
.[QUERY] Found all non-linear combinations. Count: 2
[QUERY] Returning nonlinear disjunction
[CTRL] Considering conjunction with 5 input constraints and a disjunction of size 13
[APPROX] Checking cache: SNNT.Approx.ApproxCacheObject[]
[APPROX] Constructing Approximation
[APPROX] Resolving approximation
[CTRL] Initiating iterator over current linear queries
[APPROX] # Conjunctions over output: 13
[CTRL] Processing linear query no. 114
[NNENUM] Running nnenum now...
[NNENUM] lb: [0.0, 0.09999999999999999, -0.0015]
[NNENUM] ub: [0.07999999999999999, 7.4262139003490955, 0.0]
[NNENUM] Creating LP Star...
[NNENUM] Checking feasibility
[NNENUM] Generating output Spec...
[NNENUM] Spec list length:  13
[NNENUM] Enumeration in progress... 
(0.0 sec) Q: 0, Sets: 0/1  (0.0%) CEs: 0 ETA: - (expected 1 stars)   

Total Stars: 8 (0 exact, 8 approx)
Unfinished Stars: 0
Runtime: 0.1 sec
Completed work frac: 1.0
Num Stars Copied Between Processes: 0
Num Lps During Enumeration: 0
Total Num Lps: 0

Result: network is SAFE

[NNENUM] Result: 
<nnenum.result.Result object at 0x723c682ffca0>
[NNENUM] Enumeration finished.
safe
[NNENUM] Found counter-example stars: 0
[NNENUM] Filtering result using SMT solver...
[SMT] SMT filtered out 0 stars (out of 0; TO: 0).
[QUERY] Found all non-linear combinations. Count: 2
[QUERY] Returning nonlinear disjunction
[CTRL] Considering conjunction with 5 input constraints and a disjunction of size 1
[APPROX] Checking cache: SNNT.Approx.ApproxCacheObject[]
[APPROX] Constructing Approximation
[APPROX] Resolving approximation
[CTRL] Initiating iterator over current linear queries
[APPROX] # Conjunctions over output: 1
[CTRL] Processing linear query no. 115
[NNENUM] Running nnenum now...
[NNENUM] lb: [0.0, 7.4262139003490955, 0.0]
[NNENUM] ub: [0.07999999999999999, 134.4925915571708, 0.0015]
[NNENUM] Creating LP Star...
[NNENUM] Checking feasibility
[NNENUM] Generating output Spec...
[NNENUM] Spec list length:  1
[NNENUM] Enumeration in progress... 

[NNENUM] Result: 
<nnenum.result.Result object at 0x723c67ccad90>
[NNENUM] Enumeration finished.
safe
[NNENUM] Filtering result using SMT solver...
[SMT] SMT filtered out 0 stars (out of 0; TO: 0).
[QUERY] Found all non-linear combinations. Count: 1
[QUERY] Returning nonlinear disjunction
[CTRL] Considering conjunction with 5 input constraints and a disjunction of size 1
[APPROX] Checking cache: SNNT.Approx.ApproxCacheObject[]
[APPROX] Constructing Approximation
[APPROX] Resolving approximation
[CTRL] Initiating iterator over current linear queries
[APPROX] # Conjunctions over output: 1
[CTRL] Processing linear query no. 116
[NNENUM] Running nnenum now...
[NNENUM] lb: [0.0, 7.4262139003490955, 0.0]
[NNENUM] ub: [0.07999999999999999, 134.4925915571708, 0.0015]
[NNENUM] Creating LP Star...
[NNENUM] Checking feasibility
[NNENUM] Generating output Spec...
[NNENUM] Spec list length:  1
[NNENUM] Enumeration in progress... 

[NNENUM] Result: 
<nnenum.result.Result object at 0x723c67cca550>
[NNENUM] Enumeration finished.
safe
[NNENUM] Filtering result using SMT solver...
[SMT] SMT filtered out 0 stars (out of 0; TO: 0).
[QUERY] Found all non-linear combinations. Count: 1
[QUERY] Returning nonlinear disjunction
[CTRL] Considering conjunction with 5 input constraints and a disjunction of size 1
[APPROX] Checking cache: SNNT.Approx.ApproxCacheObject[]
[APPROX] Constructing Approximation
[APPROX] Resolving approximation
[CTRL] Initiating iterator over current linear queries
[APPROX] # Conjunctions over output: 1
[CTRL] Processing linear query no. 117
[NNENUM] Running nnenum now...
[NNENUM] lb: [0.0, 134.4925915571708, 0.0]
[NNENUM] ub: [0.07999999999999999, 200.0, 0.0015]
[NNENUM] Creating LP Star...
[NNENUM] Checking feasibility
[NNENUM] Generating output Spec...
[NNENUM] Spec list length:  1
[NNENUM] Enumeration in progress... 

[NNENUM] Result: 
<nnenum.result.Result object at 0x723c682d5fa0>
[NNENUM] Enumeration finished.
safe
[NNENUM] Filtering result using SMT solver...
[SMT] SMT filtered out 0 stars (out of 0; TO: 0).
[QUERY] Found all non-linear combinations. Count: 1
[QUERY] Found all non-linear combinations. Count: 1
[QUERY] Returning nonlinear disjunction
[CTRL] Considering conjunction with 5 input constraints and a disjunction of size 2
[APPROX] Checking cache: SNNT.Approx.ApproxCacheObject[]
[APPROX] Constructing Approximation
[APPROX] Resolving approximation
[CTRL] Initiating iterator over current linear queries
[APPROX] # Conjunctions over output: 2
[CTRL] Processing linear query no. 118
[NNENUM] Running nnenum now...
[NNENUM] lb: [0.0, 7.4262139003490955, 0.0]
[NNENUM] ub: [0.07999999999999999, 134.4925915571708, 0.0015]
[NNENUM] Creating LP Star...
[NNENUM] Checking feasibility
[NNENUM] Generating output Spec...
[NNENUM] Spec list length:  2
[NNENUM] Enumeration in progress... 

[NNENUM] Result: 
<nnenum.result.Result object at 0x723c67cd1550>
[NNENUM] Enumeration finished.
safe
[NNENUM] Filtering result using SMT solver...
[SMT] SMT filtered out 0 stars (out of 0; TO: 0).
[QUERY] Found all non-linear combinations. Count: 1
[QUERY] Found all non-linear combinations. Count: 1
[QUERY] Returning nonlinear disjunction
[CTRL] Considering conjunction with 5 input constraints and a disjunction of size 2
[APPROX] Checking cache: SNNT.Approx.ApproxCacheObject[]
[APPROX] Constructing Approximation
[APPROX] Resolving approximation
[CTRL] Initiating iterator over current linear queries
[APPROX] # Conjunctions over output: 2
[CTRL] Processing linear query no. 119
[NNENUM] Running nnenum now...
[NNENUM] lb: [0.0, 134.4925915571708, -0.0015]
[NNENUM] ub: [0.07999999999999999, 200.0, 0.0]
[NNENUM] Creating LP Star...
[NNENUM] Checking feasibility
[NNENUM] Generating output Spec...
[NNENUM] Spec list length:  2
[NNENUM] Enumeration in progress... 

[NNENUM] Result: 
<nnenum.result.Result object at 0x723c67cca5b0>
[NNENUM] Enumeration finished.
safe
[NNENUM] Filtering result using SMT solver...
[SMT] SMT filtered out 0 stars (out of 0; TO: 0).
[QUERY] Found all non-linear combinations. Count: 1
[QUERY] Found all non-linear combinations. Count: 1
[QUERY] Returning nonlinear disjunction
[CTRL] Considering conjunction with 5 input constraints and a disjunction of size 2
[APPROX] Checking cache: SNNT.Approx.ApproxCacheObject[]
[APPROX] Constructing Approximation
[APPROX] Resolving approximation
[CTRL] Initiating iterator over current linear queries
[APPROX] # Conjunctions over output: 2
[CTRL] Processing linear query no. 120
[NNENUM] Running nnenum now...
[NNENUM] lb: [0.07999999999999999, 134.4925915571708, -0.0015]
[NNENUM] ub: [16.376852110707294, 200.0, 0.0]
[NNENUM] Creating LP Star...
[NNENUM] Checking feasibility
[NNENUM] Generating output Spec...
[NNENUM] Spec list length:  2
[NNENUM] Enumeration in progress... 

[NNENUM] Result: 
<nnenum.result.Result object at 0x723c682ffe20>
[NNENUM] Enumeration finished.
safe
[NNENUM] Filtering result using SMT solver...
[SMT] SMT filtered out 0 stars (out of 0; TO: 0).
[QUERY] Found all non-linear combinations. Count: 1
[QUERY] Returning nonlinear disjunction
[CTRL] Considering conjunction with 5 input constraints and a disjunction of size 1
[APPROX] Checking cache: SNNT.Approx.ApproxCacheObject[]
[APPROX] Constructing Approximation
[APPROX] Resolving approximation
[CTRL] Initiating iterator over current linear queries
[APPROX] # Conjunctions over output: 1
[CTRL] Processing linear query no. 121
[NNENUM] Running nnenum now...
[NNENUM] lb: [0.07999999999999999, 134.4925915571708, 0.0]
[NNENUM] ub: [16.376852110707294, 200.0, 0.0015]
[NNENUM] Creating LP Star...
[NNENUM] Checking feasibility
[NNENUM] Generating output Spec...
[NNENUM] Spec list length:  1
[NNENUM] Enumeration in progress... 

[NNENUM] Result: 
<nnenum.result.Result object at 0x723c687dbf70>
[NNENUM] Enumeration finished.
safe
[NNENUM] Filtering result using SMT solver...
[SMT] SMT filtered out 0 stars (out of 0; TO: 0).
.[QUERY] Found all non-linear combinations. Count: 1
.[QUERY] Found all non-linear combinations. Count: 1
[QUERY] Returning nonlinear disjunction
[CTRL] Considering conjunction with 5 input constraints and a disjunction of size 2
[APPROX] Checking cache: SNNT.Approx.ApproxCacheObject[]
[APPROX] Constructing Approximation
[APPROX] Resolving approximation
[CTRL] Initiating iterator over current linear queries
[APPROX] # Conjunctions over output: 2
[CTRL] Processing linear query no. 122
[NNENUM] Running nnenum now...
[NNENUM] lb: [0.07999999999999999, 7.4262139003490955, 0.0]
[NNENUM] ub: [16.376852110707294, 134.4925915571708, 0.0015]
[NNENUM] Creating LP Star...
[NNENUM] Checking feasibility
[NNENUM] Generating output Spec...
[NNENUM] Spec list length:  2
[NNENUM] Enumeration in progress... 
(0.3 sec) Q: 0, Sets: 0/1  (0.0%) CEs: 0 ETA: - (expected 1 stars)   

Total Stars: 5 (3 exact, 2 approx)
Unfinished Stars: 0
Runtime: 0.3 sec
Completed work frac: 1.0
Num Stars Copied Between Processes: 0
Num Lps During Enumeration: 92
Total Num Lps: 92

Result: network is SAFE

[NNENUM] Result: 
<nnenum.result.Result object at 0x723c67ccabb0>
[NNENUM] Enumeration finished.
safe
[NNENUM] Found counter-example stars: 0
[NNENUM] Filtering result using SMT solver...
[SMT] SMT filtered out 0 stars (out of 0; TO: 0).
.[QUERY] Found all non-linear combinations. Count: 1
[QUERY] Returning nonlinear disjunction
[CTRL] Considering conjunction with 5 input constraints and a disjunction of size 1
[APPROX] Checking cache: SNNT.Approx.ApproxCacheObject[]
[APPROX] Constructing Approximation
[APPROX] Resolving approximation
[CTRL] Initiating iterator over current linear queries
[APPROX] # Conjunctions over output: 1
[CTRL] Processing linear query no. 123
[NNENUM] Running nnenum now...
[NNENUM] lb: [0.07999999999999999, 7.4262139003490955, 0.0]
[NNENUM] ub: [16.376852110707294, 134.4925915571708, 0.0015]
[NNENUM] Creating LP Star...
[NNENUM] Checking feasibility
[NNENUM] Generating output Spec...
[NNENUM] Spec list length:  1
[NNENUM] Enumeration in progress... 
(0.0 sec) Q: 0, Sets: 0/1  (0.0%) CEs: 0 ETA: - (expected 1 stars)   

Total Stars: 5 (3 exact, 2 approx)
Unfinished Stars: 0
Runtime: 0.0 sec
Completed work frac: 1.0
Num Stars Copied Between Processes: 0
Num Lps During Enumeration: 93
Total Num Lps: 93

Result: network is SAFE

[NNENUM] Result: 
<nnenum.result.Result object at 0x723c67cdf190>
[NNENUM] Enumeration finished.
safe
[NNENUM] Found counter-example stars: 0
[NNENUM] Filtering result using SMT solver...
[SMT] SMT filtered out 0 stars (out of 0; TO: 0).
..[QUERY] Found all non-linear combinations. Count: 6
[QUERY] Returning nonlinear disjunction
[CTRL] Considering conjunction with 5 input constraints and a disjunction of size 1
[APPROX] Checking cache: SNNT.Approx.ApproxCacheObject[]
[APPROX] Constructing Approximation
[APPROX] Resolving approximation
[CTRL] Initiating iterator over current linear queries
[APPROX] # Conjunctions over output: 1
[CTRL] Processing linear query no. 124
[NNENUM] Running nnenum now...
[NNENUM] lb: [0.07999999999999999, 7.4262139003490955, 0.0]
[NNENUM] ub: [16.376852110707294, 134.4925915571708, 0.0015]
[NNENUM] Creating LP Star...
[NNENUM] Checking feasibility
[NNENUM] Generating output Spec...
[NNENUM] Spec list length:  1
[NNENUM] Enumeration in progress... 
(0.0 sec) Q: 0, Sets: 0/1  (0.0%) CEs: 0 ETA: - (expected 1 stars)   
(0.2 sec) Q: 0, Sets: 1/5  (25.0%) CEs: 0 ETA: 0.5 sec (expected 4 stars)   
(0.3 sec) Q: 0, Sets: 25/29  (79.492%) CEs: 0 ETA: 0.1 sec (expected 31 stars)   
Total Stars: 31 (6 exact, 25 approx)
Unfinished Stars: 0
Runtime: 0.3 sec
Completed work frac: 1.0
Num Stars Copied Between Processes: 0
Num Lps During Enumeration: 84
Total Num Lps: 84

Result: network is SAFE

[NNENUM] Result: 
<nnenum.result.Result object at 0x723c67ce39d0>
[NNENUM] Enumeration finished.
safe
[NNENUM] Found counter-example stars: 0
[NNENUM] Filtering result using SMT solver...
[SMT] SMT filtered out 0 stars (out of 0; TO: 0).
.[QUERY] Found all non-linear combinations. Count: 1
[QUERY] Returning nonlinear disjunction
[CTRL] Considering conjunction with 5 input constraints and a disjunction of size 1
[APPROX] Checking cache: SNNT.Approx.ApproxCacheObject[]
[APPROX] Constructing Approximation
[APPROX] Resolving approximation
[CTRL] Initiating iterator over current linear queries
[APPROX] # Conjunctions over output: 1
[CTRL] Processing linear query no. 125
[NNENUM] Running nnenum now...
[NNENUM] lb: [0.07999999999999999, 7.4262139003490955, 0.0]
[NNENUM] ub: [16.376852110707294, 134.4925915571708, 0.0015]
[NNENUM] Creating LP Star...
[NNENUM] Checking feasibility
[NNENUM] Generating output Spec...
[NNENUM] Spec list length:  1
[NNENUM] Enumeration in progress... 
(0.0 sec) Q: 0, Sets: 0/1  (0.0%) CEs: 0 ETA: - (expected 1 stars)   

Total Stars: 4 (0 exact, 4 approx)
Unfinished Stars: 0
Runtime: 0.1 sec
Completed work frac: 1.0
Num Stars Copied Between Processes: 0
Num Lps During Enumeration: 0
Total Num Lps: 0

Result: network is SAFE

[NNENUM] Result: 
<nnenum.result.Result object at 0x723c67ccf730>
[NNENUM] Enumeration finished.
safe
[NNENUM] Found counter-example stars: 0
[NNENUM] Filtering result using SMT solver...
[SMT] SMT filtered out 0 stars (out of 0; TO: 0).
[QUERY] Found all non-linear combinations. Count: 1
[QUERY] Returning nonlinear disjunction
[CTRL] Considering conjunction with 5 input constraints and a disjunction of size 1
[APPROX] Checking cache: SNNT.Approx.ApproxCacheObject[]
[APPROX] Constructing Approximation
[APPROX] Resolving approximation
[CTRL] Initiating iterator over current linear queries
[APPROX] # Conjunctions over output: 1
[CTRL] Processing linear query no. 126
[NNENUM] Running nnenum now...
[NNENUM] lb: [0.07999999999999999, 7.4262139003490955, 0.0]
[NNENUM] ub: [16.376852110707294, 134.4925915571708, 0.0015]
[NNENUM] Creating LP Star...
[NNENUM] Checking feasibility
[NNENUM] Generating output Spec...
[NNENUM] Spec list length:  1
[NNENUM] Enumeration in progress... 
(0.0 sec) Q: 0, Sets: 0/1  (0.0%) CEs: 0 ETA: - (expected 1 stars)   
(0.2 sec) Q: 0, Sets: 2/4  (37.5%) CEs: 0 ETA: 0.4 sec (expected 5 stars)   

Total Stars: 7 (0 exact, 7 approx)
Unfinished Stars: 0
Runtime: 0.2 sec
Completed work frac: 1.0
Num Stars Copied Between Processes: 0
Num Lps During Enumeration: 0
Total Num Lps: 0

Result: network is SAFE

[NNENUM] Result: 
<nnenum.result.Result object at 0x723c67cdff70>
[NNENUM] Enumeration finished.
safe
[NNENUM] Found counter-example stars: 0
[NNENUM] Filtering result using SMT solver...
[SMT] SMT filtered out 0 stars (out of 0; TO: 0).
.[QUERY] Found all non-linear combinations. Count: 1
.[QUERY] Found all non-linear combinations. Count: 1
.[QUERY] Found all non-linear combinations. Count: 1
.[QUERY] Found all non-linear combinations. Count: 1
.[QUERY] Found all non-linear combinations. Count: 1
.[QUERY] Found all non-linear combinations. Count: 1
[QUERY] Found all non-linear combinations. Count: 1
[QUERY] Found all non-linear combinations. Count: 1
.[QUERY] Found all non-linear combinations. Count: 2
.[QUERY] Found all non-linear combinations. Count: 3
[QUERY] Found all non-linear combinations. Count: 1
[QUERY] Found all non-linear combinations. Count: 1
[QUERY] Found all non-linear combinations. Count: 1
[QUERY] Found all non-linear combinations. Count: 1
[QUERY] Found all non-linear combinations. Count: 1
[QUERY] Found all non-linear combinations. Count: 1
[QUERY] Found all non-linear combinations. Count: 1
[QUERY] Returning nonlinear disjunction
[CTRL] Considering conjunction with 5 input constraints and a disjunction of size 17
[APPROX] Checking cache: SNNT.Approx.ApproxCacheObject[]
[APPROX] Constructing Approximation
[APPROX] Resolving approximation
[CTRL] Initiating iterator over current linear queries
[APPROX] # Conjunctions over output: 17
[CTRL] Processing linear query no. 127
[NNENUM] Running nnenum now...
[NNENUM] lb: [0.07999999999999999, -2.1, -0.0015]
[NNENUM] ub: [16.376852110707294, 0.0, 0.0]
[NNENUM] Creating LP Star...
[NNENUM] Checking feasibility
[NNENUM] Generating output Spec...
[NNENUM] Spec list length:  17
[NNENUM] Enumeration in progress... 
(0.0 sec) Q: 0, Sets: 0/1  (0.0%) CEs: 0 ETA: - (expected 1 stars)   
(0.2 sec) Q: 0, Sets: 5/8  (62.5%) CEs: 4 ETA: 0.1 sec (expected 8 stars)   
(0.3 sec) Q: 0, Sets: 14/17  (82.812%) CEs: 9 ETA: 0.1 sec (expected 17 stars)   (0.4 sec) Q: 0, Sets: 20/24  (84.961%) CEs: 15 ETA: 0.1 sec (expected 24 stars)   
(0.5 sec) Q: 0, Sets: 24/26  (86.719%) CEs: 21 ETA: 0.1 sec (expected 28 stars)   
Total Stars: 32 (30 exact, 2 approx)
Unfinished Stars: 0
Runtime: 0.6 sec
Completed work frac: 1.0
Num Stars Copied Between Processes: 0
Num Lps During Enumeration: 572
Total Num Lps: 572

Result: network is UNSAFE with confirmed counterexample in result.cinput and result.coutput
Input: [0.07999999821186066, -0.800000011920929, 0.0]
Output: [38.1334114074707]

[NNENUM] Result: 
<nnenum.result.Result object at 0x723c67cdf190>
[NNENUM] Enumeration finished.
unsafe
[NNENUM] Found counter-example stars: 27
[NNENUM] Filtering result using SMT solver...
[SMT] SMT filtered out 27 stars (out of 27; TO: 0).
[QUERY] Found all non-linear combinations. Count: 1
[QUERY] Found all non-linear combinations. Count: 1
[QUERY] Found all non-linear combinations. Count: 1
[QUERY] Found all non-linear combinations. Count: 1
[QUERY] Found all non-linear combinations. Count: 1
[QUERY] Found all non-linear combinations. Count: 1
[QUERY] Found all non-linear combinations. Count: 1
[QUERY] Found all non-linear combinations. Count: 1
[QUERY] Found all non-linear combinations. Count: 1
[QUERY] Found all non-linear combinations. Count: 1
[QUERY] Found all non-linear combinations. Count: 1
[QUERY] Found all non-linear combinations. Count: 1
[QUERY] Found all non-linear combinations. Count: 1
[QUERY] Found all non-linear combinations. Count: 1
[QUERY] Found all non-linear combinations. Count: 1
[QUERY] Found all non-linear combinations. Count: 2
.[QUERY] Found all non-linear combinations. Count: 2
[QUERY] Found all non-linear combinations. Count: 1
[QUERY] Found all non-linear combinations. Count: 1
.[QUERY] Found all non-linear combinations. Count: 3
[QUERY] Found all non-linear combinations. Count: 3
[QUERY] Found all non-linear combinations. Count: 2
[QUERY] Found all non-linear combinations. Count: 1
[QUERY] Found all non-linear combinations. Count: 1
[QUERY] Returning nonlinear disjunction
[CTRL] Considering conjunction with 5 input constraints and a disjunction of size 24
[APPROX] Checking cache: SNNT.Approx.ApproxCacheObject[]
[APPROX] Constructing Approximation
[APPROX] Resolving approximation
[CTRL] Initiating iterator over current linear queries
[APPROX] # Conjunctions over output: 24
[CTRL] Processing linear query no. 128
[NNENUM] Running nnenum now...
[NNENUM] lb: [0.07999999999999999, -17.837453728392095, -0.0015]
[NNENUM] ub: [16.376852110707294, -2.1, 0.0]
[NNENUM] Creating LP Star...
[NNENUM] Checking feasibility
[NNENUM] Generating output Spec...
[NNENUM] Spec list length:  24
[NNENUM] Enumeration in progress... 
(0.0 sec) Q: 0, Sets: 0/1  (0.0%) CEs: 0 ETA: - (expected 1 stars)   

Total Stars: 3 (0 exact, 3 approx)
Unfinished Stars: 0
Runtime: 0.1 sec
Completed work frac: 1.0
Num Stars Copied Between Processes: 0
Num Lps During Enumeration: 0
Total Num Lps: 0

Result: network is SAFE

[NNENUM] Result: 
<nnenum.result.Result object at 0x723c67ceb910>
[NNENUM] Enumeration finished.
safe
[NNENUM] Found counter-example stars: 0
[NNENUM] Filtering result using SMT solver...
[SMT] SMT filtered out 0 stars (out of 0; TO: 0).
[QUERY] Found all non-linear combinations. Count: 1
[QUERY] Found all non-linear combinations. Count: 1
[QUERY] Found all non-linear combinations. Count: 1
[QUERY] Found all non-linear combinations. Count: 1
[QUERY] Found all non-linear combinations. Count: 1
[QUERY] Found all non-linear combinations. Count: 1
[QUERY] Found all non-linear combinations. Count: 1
[QUERY] Found all non-linear combinations. Count: 1
[QUERY] Found all non-linear combinations. Count: 1
[QUERY] Found all non-linear combinations. Count: 1
.[QUERY] Found all non-linear combinations. Count: 1
[QUERY] Found all non-linear combinations. Count: 1
.[QUERY] Found all non-linear combinations. Count: 3
[QUERY] Found all non-linear combinations. Count: 3
[QUERY] Found all non-linear combinations. Count: 2
[QUERY] Returning nonlinear disjunction
[CTRL] Considering conjunction with 5 input constraints and a disjunction of size 15
[APPROX] Checking cache: SNNT.Approx.ApproxCacheObject[]
[APPROX] Constructing Approximation
[APPROX] Resolving approximation
[CTRL] Initiating iterator over current linear queries
[APPROX] # Conjunctions over output: 15
[CTRL] Processing linear query no. 129
[NNENUM] Running nnenum now...
[NNENUM] lb: [0.0, -17.837453728392095, -0.0015]
[NNENUM] ub: [0.07999999999999999, -2.1, 0.0]
[NNENUM] Creating LP Star...
[NNENUM] Checking feasibility
[NNENUM] Generating output Spec...
[NNENUM] Spec list length:  15
[NNENUM] Enumeration in progress... 

[NNENUM] Result: 
<nnenum.result.Result object at 0x723c67cd1e80>
[NNENUM] Enumeration finished.
safe
[NNENUM] Filtering result using SMT solver...
[SMT] SMT filtered out 0 stars (out of 0; TO: 0).
[QUERY] Found all non-linear combinations. Count: 2
[QUERY] Found all non-linear combinations. Count: 2
[QUERY] Found all non-linear combinations. Count: 2
[QUERY] Found all non-linear combinations. Count: 2
[QUERY] Found all non-linear combinations. Count: 2
.[QUERY] Found all non-linear combinations. Count: 2
[QUERY] Found all non-linear combinations. Count: 3
[QUERY] Found all non-linear combinations. Count: 2
[QUERY] Found all non-linear combinations. Count: 2
[QUERY] Found all non-linear combinations. Count: 2
[QUERY] Found all non-linear combinations. Count: 2
[QUERY] Found all non-linear combinations. Count: 2
[QUERY] Found all non-linear combinations. Count: 1
[QUERY] Found all non-linear combinations. Count: 1
[QUERY] Found all non-linear combinations. Count: 1
[QUERY] Found all non-linear combinations. Count: 1
[QUERY] Found all non-linear combinations. Count: 1
[QUERY] Found all non-linear combinations. Count: 2
[QUERY] Found all non-linear combinations. Count: 2
.[QUERY] Found all non-linear combinations. Count: 2
[QUERY] Returning nonlinear disjunction
[CTRL] Considering conjunction with 5 input constraints and a disjunction of size 20
[APPROX] Checking cache: SNNT.Approx.ApproxCacheObject[]
[APPROX] Constructing Approximation
[APPROX] Resolving approximation
[CTRL] Initiating iterator over current linear queries
[APPROX] # Conjunctions over output: 20
[CTRL] Processing linear query no. 130
[NNENUM] Running nnenum now...
[NNENUM] lb: [0.07999999999999999, -17.837453728392095, -0.0015]
[NNENUM] ub: [16.376852110707294, -2.1, 0.0]
[NNENUM] Creating LP Star...
[NNENUM] Checking feasibility
[NNENUM] Generating output Spec...
[NNENUM] Spec list length:  20
[NNENUM] Enumeration in progress... 
(0.2 sec) Q: 0, Sets: 0/1  (0.0%) CEs: 0 ETA: - (expected 1 stars)   
(0.3 sec) Q: 0, Sets: 7/11  (25.0%) CEs: 0 ETA: 0.8 sec (expected 28 stars)   
(0.4 sec) Q: 0, Sets: 16/21  (51.562%) CEs: 0 ETA: 0.4 sec (expected 31 stars)   (0.5 sec) Q: 0, Sets: 27/34  (57.91%) CEs: 0 ETA: 0.3 sec (expected 47 stars)   
(0.6 sec) Q: 0, Sets: 44/46  (75.0%) CEs: 0 ETA: 0.2 sec (expected 59 stars)   (0.7 sec) Q: 0, Sets: 57/59  (98.047%) CEs: 0 ETA: 0.0 sec (expected 58 stars)   
Total Stars: 64 (10 exact, 54 approx)
Unfinished Stars: 0
Runtime: 0.7 sec
Completed work frac: 1.0
Num Stars Copied Between Processes: 0
Num Lps During Enumeration: 328
Total Num Lps: 328

Result: network is SAFE

[NNENUM] Result: 
<nnenum.result.Result object at 0x723c67ccf160>
[NNENUM] Enumeration finished.
safe
[NNENUM] Found counter-example stars: 0
[NNENUM] Filtering result using SMT solver...
[SMT] SMT filtered out 0 stars (out of 0; TO: 0).
[QUERY] Found all non-linear combinations. Count: 1
[QUERY] Found all non-linear combinations. Count: 2
[QUERY] Found all non-linear combinations. Count: 1
[QUERY] Found all non-linear combinations. Count: 1
[QUERY] Found all non-linear combinations. Count: 1
[QUERY] Found all non-linear combinations. Count: 1
[QUERY] Found all non-linear combinations. Count: 1
[QUERY] Found all non-linear combinations. Count: 1
[QUERY] Found all non-linear combinations. Count: 1
[QUERY] Found all non-linear combinations. Count: 1
[QUERY] Found all non-linear combinations. Count: 1
.[QUERY] Found all non-linear combinations. Count: 1
[QUERY] Returning nonlinear disjunction
[CTRL] Considering conjunction with 5 input constraints and a disjunction of size 12
[APPROX] Checking cache: SNNT.Approx.ApproxCacheObject[]
[APPROX] Constructing Approximation
[APPROX] Resolving approximation
[CTRL] Initiating iterator over current linear queries
[APPROX] # Conjunctions over output: 12
[CTRL] Processing linear query no. 131
[NNENUM] Running nnenum now...
[NNENUM] lb: [0.07999999999999999, -2.1, -0.0015]
[NNENUM] ub: [16.376852110707294, 0.0, 0.0]
[NNENUM] Creating LP Star...
[NNENUM] Checking feasibility
[NNENUM] Generating output Spec...
[NNENUM] Spec list length:  12
[NNENUM] Enumeration in progress... 
(0.1 sec) Q: 0, Sets: 0/1  (0.0%) CEs: 0 ETA: - (expected 1 stars)   
(0.2 sec) Q: 0, Sets: 9/20  (0.842%) CEs: 0 ETA: 20.0 sec (expected 1069 stars)   
(0.3 sec) Q: 0, Sets: 21/28  (3.516%) CEs: 0 ETA: 7.6 sec (expected 597 stars)   (0.4 sec) Q: 0, Sets: 29/35  (7.031%) CEs: 0 ETA: 5.0 sec (expected 412 stars)   
(0.5 sec) Q: 0, Sets: 46/52  (11.328%) CEs: 0 ETA: 3.8 sec (expected 406 stars)   (0.6 sec) Q: 0, Sets: 67/69  (25.0%) CEs: 0 ETA: 1.7 sec (expected 268 stars)   (0.7 sec) Q: 0, Sets: 81/87  (62.5%) CEs: 0 ETA: 0.4 sec (expected 130 stars)   (0.8 sec) Q: 0, Sets: 97/101  (69.922%) CEs: 0 ETA: 0.3 sec (expected 139 stars)   
(0.9 sec) Q: 0, Sets: 112/121  (87.714%) CEs: 0 ETA: 0.1 sec (expected 128 stars)   
Total Stars: 138 (8 exact, 130 approx)
Unfinished Stars: 0
Runtime: 1.0 sec
Completed work frac: 1.0
Num Stars Copied Between Processes: 0
Num Lps During Enumeration: 139
Total Num Lps: 139

Result: network is SAFE

[NNENUM] Result: 
<nnenum.result.Result object at 0x723c67cd19a0>
[NNENUM] Enumeration finished.
safe
[NNENUM] Found counter-example stars: 0
[NNENUM] Filtering result using SMT solver...
[SMT] SMT filtered out 0 stars (out of 0; TO: 0).
[QUERY] Found all non-linear combinations. Count: 1
[QUERY] Found all non-linear combinations. Count: 1
[QUERY] Found all non-linear combinations. Count: 1
[QUERY] Found all non-linear combinations. Count: 2
.[QUERY] Found all non-linear combinations. Count: 2
[QUERY] Found all non-linear combinations. Count: 1
.[QUERY] Found all non-linear combinations. Count: 1
.[QUERY] Found all non-linear combinations. Count: 1
.[QUERY] Found all non-linear combinations. Count: 1
[QUERY] Found all non-linear combinations. Count: 2
[QUERY] Found all non-linear combinations. Count: 2
[QUERY] Found all non-linear combinations. Count: 2
[QUERY] Found all non-linear combinations. Count: 2
[QUERY] Found all non-linear combinations. Count: 2
[QUERY] Found all non-linear combinations. Count: 2
[QUERY] Found all non-linear combinations. Count: 2
[QUERY] Returning nonlinear disjunction
[CTRL] Considering conjunction with 5 input constraints and a disjunction of size 16
[APPROX] Checking cache: SNNT.Approx.ApproxCacheObject[]
[APPROX] Constructing Approximation
[APPROX] Resolving approximation
[CTRL] Initiating iterator over current linear queries
[APPROX] # Conjunctions over output: 16
[CTRL] Processing linear query no. 132
[NNENUM] Running nnenum now...
[NNENUM] lb: [0.07999999999999999, -2.1, -0.0015]
[NNENUM] ub: [16.376852110707294, 0.0, 0.0]
[NNENUM] Creating LP Star...
[NNENUM] Checking feasibility
[NNENUM] Generating output Spec...
[NNENUM] Spec list length:  16
[NNENUM] Enumeration in progress... 
(0.1 sec) Q: 0, Sets: 0/1  (0.0%) CEs: 0 ETA: - (expected 1 stars)   
(0.2 sec) Q: 0, Sets: 3/12  (12.695%) CEs: 0 ETA: 1.1 sec (expected 24 stars)   
(0.3 sec) Q: 0, Sets: 13/23  (13.306%) CEs: 0 ETA: 1.7 sec (expected 98 stars)   (0.4 sec) Q: 0, Sets: 29/35  (14.648%) CEs: 0 ETA: 2.1 sec (expected 198 stars)   
(0.5 sec) Q: 0, Sets: 45/50  (17.969%) CEs: 0 ETA: 2.1 sec (expected 250 stars)   (0.6 sec) Q: 0, Sets: 61/67  (43.75%) CEs: 0 ETA: 0.7 sec (expected 139 stars)   (0.7 sec) Q: 0, Sets: 76/78  (49.609%) CEs: 0 ETA: 0.7 sec (expected 153 stars)   
Total Stars: 83 (5 exact, 78 approx)
Unfinished Stars: 0
Runtime: 0.7 sec
Completed work frac: 1.0
Num Stars Copied Between Processes: 0
Num Lps During Enumeration: 126
Total Num Lps: 126

Result: network is SAFE

[NNENUM] Result: 
<nnenum.result.Result object at 0x723c67ccf940>
[NNENUM] Enumeration finished.
safe
[NNENUM] Found counter-example stars: 0
[NNENUM] Filtering result using SMT solver...
[SMT] SMT filtered out 0 stars (out of 0; TO: 0).
.[QUERY] Found all non-linear combinations. Count: 1
.[QUERY] Found all non-linear combinations. Count: 1
.[QUERY] Found all non-linear combinations. Count: 1
.[QUERY] Found all non-linear combinations. Count: 1
[QUERY] Found all non-linear combinations. Count: 1
[QUERY] Found all non-linear combinations. Count: 1
[QUERY] Found all non-linear combinations. Count: 1
[QUERY] Found all non-linear combinations. Count: 1
[QUERY] Found all non-linear combinations. Count: 2
[QUERY] Found all non-linear combinations. Count: 1
[QUERY] Found all non-linear combinations. Count: 1
[QUERY] Returning nonlinear disjunction
[CTRL] Considering conjunction with 5 input constraints and a disjunction of size 11
[APPROX] Checking cache: SNNT.Approx.ApproxCacheObject[]
[APPROX] Constructing Approximation
[APPROX] Resolving approximation
[CTRL] Initiating iterator over current linear queries
[APPROX] # Conjunctions over output: 11
[CTRL] Processing linear query no. 133
[NNENUM] Running nnenum now...
[NNENUM] lb: [0.07999999999999999, -2.1, -0.0015]
[NNENUM] ub: [16.376852110707294, 0.0, 0.0]
[NNENUM] Creating LP Star...
[NNENUM] Checking feasibility
[NNENUM] Generating output Spec...
[NNENUM] Spec list length:  11
[NNENUM] Enumeration in progress... 
(0.0 sec) Q: 0, Sets: 0/1  (0.0%) CEs: 0 ETA: - (expected 1 stars)   
(0.2 sec) Q: 0, Sets: 4/11  (1.367%) CEs: 0 ETA: 10.9 sec (expected 293 stars)   

Total Stars: 27 (2 exact, 25 approx)
Unfinished Stars: 0
Runtime: 0.2 sec
Completed work frac: 1.0
Num Stars Copied Between Processes: 0
Num Lps During Enumeration: 85
Total Num Lps: 85

Result: network is SAFE

[NNENUM] Result: 
<nnenum.result.Result object at 0x723c67ccf820>
[NNENUM] Enumeration finished.
safe
[NNENUM] Found counter-example stars: 0
[NNENUM] Filtering result using SMT solver...
[SMT] SMT filtered out 0 stars (out of 0; TO: 0).
.[QUERY] Found all non-linear combinations. Count: 1
[QUERY] Found all non-linear combinations. Count: 1
[QUERY] Found all non-linear combinations. Count: 1
..[QUERY] Found all non-linear combinations. Count: 1
[QUERY] Returning nonlinear disjunction
[CTRL] Considering conjunction with 5 input constraints and a disjunction of size 4
[APPROX] Checking cache: SNNT.Approx.ApproxCacheObject[]
[APPROX] Constructing Approximation
[APPROX] Resolving approximation
[CTRL] Initiating iterator over current linear queries
[APPROX] # Conjunctions over output: 4
[CTRL] Processing linear query no. 134
[NNENUM] Running nnenum now...
[NNENUM] lb: [0.07999999999999999, -17.837453728392095, -0.0015]
[NNENUM] ub: [16.376852110707294, -2.1, 0.0]
[NNENUM] Creating LP Star...
[NNENUM] Checking feasibility
[NNENUM] Generating output Spec...
[NNENUM] Spec list length:  4
[NNENUM] Enumeration in progress... 
(0.0 sec) Q: 0, Sets: 0/1  (0.0%) CEs: 0 ETA: - (expected 1 stars)   

Total Stars: 7 (4 exact, 3 approx)
Unfinished Stars: 0
Runtime: 0.1 sec
Completed work frac: 1.0
Num Stars Copied Between Processes: 0
Num Lps During Enumeration: 319
Total Num Lps: 319

Result: network is SAFE

[NNENUM] Result: 
<nnenum.result.Result object at 0x723c682d5eb0>
[NNENUM] Enumeration finished.
safe
[NNENUM] Found counter-example stars: 0
[NNENUM] Filtering result using SMT solver...
[SMT] SMT filtered out 0 stars (out of 0; TO: 0).
[QUERY] Found all non-linear combinations. Count: 1
[QUERY] Found all non-linear combinations. Count: 1
[QUERY] Found all non-linear combinations. Count: 1
[QUERY] Found all non-linear combinations. Count: 1
[QUERY] Returning nonlinear disjunction
[CTRL] Considering conjunction with 5 input constraints and a disjunction of size 4
[APPROX] Checking cache: SNNT.Approx.ApproxCacheObject[]
[APPROX] Constructing Approximation
[APPROX] Resolving approximation
[CTRL] Initiating iterator over current linear queries
[APPROX] # Conjunctions over output: 4
[CTRL] Processing linear query no. 135
[NNENUM] Running nnenum now...
[NNENUM] lb: [0.07999999999999999, -17.837453728392095, -0.0015]
[NNENUM] ub: [16.376852110707294, -2.1, 0.0]
[NNENUM] Creating LP Star...
[NNENUM] Checking feasibility
[NNENUM] Generating output Spec...
[NNENUM] Spec list length:  4
[NNENUM] Enumeration in progress... 
(0.0 sec) Q: 0, Sets: 0/1  (0.0%) CEs: 0 ETA: - (expected 1 stars)   
(0.2 sec) Q: 0, Sets: 0/3  (0.0%) CEs: 0 ETA: - (expected 1 stars)   
(0.3 sec) Q: 0, Sets: 12/17  (52.344%) CEs: 0 ETA: 0.2 sec (expected 23 stars)   (0.4 sec) Q: 0, Sets: 19/26  (56.445%) CEs: 0 ETA: 0.3 sec (expected 34 stars)   
(0.5 sec) Q: 0, Sets: 30/33  (89.844%) CEs: 0 ETA: 0.1 sec (expected 33 stars)   (0.6 sec) Q: 0, Sets: 39/42  (91.406%) CEs: 0 ETA: 0.1 sec (expected 43 stars)   
Total Stars: 53 (7 exact, 46 approx)
Unfinished Stars: 0
Runtime: 0.6 sec
Completed work frac: 1.0
Num Stars Copied Between Processes: 0
Num Lps During Enumeration: 331
Total Num Lps: 331

Result: network is SAFE

[NNENUM] Result: 
<nnenum.result.Result object at 0x723c67cd1d00>
[NNENUM] Enumeration finished.
safe
[NNENUM] Found counter-example stars: 0
[NNENUM] Filtering result using SMT solver...
[SMT] SMT filtered out 0 stars (out of 0; TO: 0).
[QUERY] Found all non-linear combinations. Count: 1
[QUERY] Found all non-linear combinations. Count: 1
[QUERY] Found all non-linear combinations. Count: 1
[QUERY] Found all non-linear combinations. Count: 1
[QUERY] Found all non-linear combinations. Count: 1
[QUERY] Found all non-linear combinations. Count: 1
[QUERY] Found all non-linear combinations. Count: 1
[QUERY] Found all non-linear combinations. Count: 1
[QUERY] Found all non-linear combinations. Count: 2
.[QUERY] Found all non-linear combinations. Count: 1
[QUERY] Found all non-linear combinations. Count: 1
[QUERY] Found all non-linear combinations. Count: 1
[QUERY] Returning nonlinear disjunction
[CTRL] Considering conjunction with 5 input constraints and a disjunction of size 12
[APPROX] Checking cache: SNNT.Approx.ApproxCacheObject[]
[APPROX] Constructing Approximation
[APPROX] Resolving approximation
[CTRL] Initiating iterator over current linear queries
[APPROX] # Conjunctions over output: 12
[CTRL] Processing linear query no. 136
[NNENUM] Running nnenum now...
[NNENUM] lb: [0.07999999999999999, 0.0, -0.0015]
[NNENUM] ub: [16.376852110707294, 0.0, 0.0]
[NNENUM] Creating LP Star...
[NNENUM] Checking feasibility
[NNENUM] Generating output Spec...
[NNENUM] Spec list length:  12
[NNENUM] Enumeration in progress... 
(0.0 sec) Q: 0, Sets: 0/1  (0.0%) CEs: 0 ETA: - (expected 1 stars)   

Total Stars: 4 (0 exact, 4 approx)
Unfinished Stars: 0
Runtime: 0.1 sec
Completed work frac: 1.0
Num Stars Copied Between Processes: 0
Num Lps During Enumeration: 0
Total Num Lps: 0

Result: network is SAFE

[NNENUM] Result: 
<nnenum.result.Result object at 0x723c67ccff40>
[NNENUM] Enumeration finished.
safe
[NNENUM] Found counter-example stars: 0
[NNENUM] Filtering result using SMT solver...
[SMT] SMT filtered out 0 stars (out of 0; TO: 0).
154.206758 seconds (400.71 M allocations: 16.036 GiB, 6.03% gc time, 46.24% compilation time: <1% of which was recompilation)
----------------------------------------------------------
# Unsafe Stars: 0
Saving final results in experiments/acc-floats/acc-2000000-64-64-64-64-retrain-100000-200000-0.9_FLOAT-0.0015/results-fallback-approx-1-RERUN...
 ────────────────────────────────────────────────────────────────────────────────
                                        Time                    Allocations      
                               ───────────────────────   ────────────────────────
       Tot / % measured:             161s /  79.7%           16.5GiB /  84.3%    

 Section               ncalls     time    %tot     avg     alloc    %tot      avg
 ────────────────────────────────────────────────────────────────────────────────
 query_iteration            1    68.5s   53.4%   68.5s   3.47GiB   25.0%  3.47GiB
   next_query             136    32.5s   25.3%   239ms   2.89GiB   20.7%  21.7MiB
     check_infeasib...  2.63k    23.1s   18.0%  8.77ms   1.85GiB   13.3%   736KiB
       check_infeas...  2.63k    14.2s   11.1%  5.40ms    862MiB    6.1%   335KiB
         z3_check       2.01k    8.31s    6.5%  4.14ms    390MiB    2.7%   199KiB
         SMTprep        4.02k    5.51s    4.3%  1.37ms    445MiB    3.1%   114KiB
         feasibilit...  2.74k   73.6ms    0.1%  26.9μs   1.51MiB    0.0%     576B
         feasibilit...  1.73k   6.53ms    0.0%  3.77μs   1.79MiB    0.0%  1.06KiB
       check_infeas...  2.63k    8.85s    6.9%  3.36ms   1.01GiB    7.2%   401KiB
         SMTprep        7.43k    3.72s    2.9%   501μs    304MiB    2.1%  41.8KiB
         z3_check       3.71k    1.58s    1.2%   425μs   21.7MiB    0.2%  5.99KiB
         LP_populat...  2.40k    1.20s    0.9%   498μs    385MiB    2.7%   164KiB
         LP_create_...  2.40k    1.06s    0.8%   440μs    128MiB    0.9%  54.7KiB
         LP_check       2.40k    516ms    0.4%   215μs   62.8MiB    0.4%  26.8KiB
         LP_add_con...  2.40k    262ms    0.2%   109μs    111MiB    0.8%  47.2KiB
         feasibilit...  5.27k   88.0ms    0.1%  16.7μs   1.71MiB    0.0%     340B
         feasibilit...  2.39k   3.59ms    0.0%  1.50μs    713KiB    0.0%     305B
     query_construc...    764    5.51s    4.3%  7.21ms    374MiB    2.6%   502KiB
       z3_check           500    2.80s    2.2%  5.60ms    163MiB    1.1%   333KiB
       SMTprep          1.00k    1.63s    1.3%  1.63ms    116MiB    0.8%   119KiB
       PicoSAT_solve    1.26k    183ms    0.1%   145μs   39.5KiB    0.0%    32.0B
       atom_recovery      500   33.9ms    0.0%  67.8μs   6.11MiB    0.0%  12.5KiB
         atom_compu...    500   25.4ms    0.0%  50.8μs   5.76MiB    0.0%  11.8KiB
         bound_comp...    500   6.75ms    0.0%  13.5μs    281KiB    0.0%     576B
       feasibility_...    500   14.8ms    0.0%  29.6μs    322KiB    0.0%     660B
       feasibility_...    251   1.27ms    0.0%  5.04μs    295KiB    0.0%  1.18KiB
     approx_resolution  2.63k    1.86s    1.5%   707μs    512MiB    3.6%   199KiB
     PicoSAT_solve      2.77k    280ms    0.2%   101μs   86.5KiB    0.0%    32.0B
     atom_recovery      2.63k    269ms    0.2%   102μs   33.8MiB    0.2%  13.2KiB
       atom_computa...  2.63k    221ms    0.2%  84.0μs   31.9MiB    0.2%  12.4KiB
       bound_comput...  2.63k   39.7ms    0.0%  15.1μs   1.49MiB    0.0%     594B
     bound_atoms        2.63k    107ms    0.1%  40.5μs   30.7MiB    0.2%  11.9KiB
     check_infeasib...  5.27k   18.3ms    0.0%  3.48μs   12.9MiB    0.1%  2.51KiB
   olnnv_query_proc...    135    28.5s   22.2%   211ms    283MiB    2.0%  2.09MiB
     nnv                  135    28.5s   22.2%   211ms    282MiB    2.0%  2.09MiB
       star_filter        135    2.22s    1.7%  16.4ms    102MiB    0.7%   775KiB
         z3_check         945    1.85s    1.4%  1.96ms   86.2MiB    0.6%  93.4KiB
   boolean_skeleton         1    2.07s    1.6%   2.07s    160MiB    1.1%   160MiB
   olnnv_query_gen        135    1.17s    0.9%  8.70ms    132MiB    0.9%  0.98MiB
   legacy_approx          135    315ms    0.2%  2.33ms   17.0MiB    0.1%   129KiB
   smt_filter_creation    135    115μs    0.0%   853ns   4.22KiB    0.0%    32.0B
 get_approx_query           1    59.8s   46.6%   59.8s   10.4GiB   75.0%  10.4GiB
   OVERT                   11    28.5s   22.2%   2.59s   3.26GiB   23.4%   304MiB
 ──────────────────────────────────────────────────────────────────────────────── Done
