[CMD] Using SMT solver: Z3
[CMD] Parsed initial query: SNNT.AST.Query(((-16000.0*x1<=8000.0&16000.0*x1<=8000.0&-40.0*x4<=14.0&40.0*x4<=20.0&-200.0*x2<=100.0&200.0*x2<=100.0&-200.0*x3<=0.0&200.0*x3<=0.0&1.0*x5<=0.0&-1.0*x5<=0.0&1.0*x6<=0.0&-1.0*x6<=0.0&1.0*x7<=0.0&-1.0*x7<=0.0&1.0*x8<=0.0&-1.0*x8<=0.0&1.0*x9<=0.0&-1.0*x9<=0.0&1.0*x10<=0.0&-1.0*x10<=0.0&1.0*x11<=0.0&-1.0*x11<=0.0&1.0*x12<=0.0&-1.0*x12<=0.0&1.0*x13<=0.0&-1.0*x13<=0.0&1.0*x14<=100.0&1.0*x15<=100.0&1.0*x16<=100.0&1.0*x17<=100.0&1.0*x18<=100.0&1.0*x19<=100.0&1.0*x20<=100.0&1.0*x21<=100.0&1.0*x22<=100.0&-1.0*x14<=100.0&-1.0*x15<=100.0&-1.0*x16<=100.0&-1.0*x17<=100.0&-1.0*x18<=100.0&-1.0*x19<=100.0&-1.0*x20<=100.0&-1.0*x21<=100.0&-1.0*x22<=100.0&!(isMax((nnCOCpostNN+err1),(nnCOCpostNN+err1),(nnDNCpostNN+err2),(nnDNDpostNN+err3),(nnDES1500postNN+err4),(nnCLI1500postNN+err5),(nnSDES1500postNN+err6),(err7+nnSCLI1500postNN),(nnSDES2500postNN+err8),(err9+nnSCL2500postNN)))&((-88000.0*x4<=45000.0&-0.62*x21.0*x4<-0.51&-200.0*x2<0.0)->(-0.09894854080578513+(-0.41144318181818185*tNMACNet)+(-1.0*hNet)+(0.2556818181818182*vONet)+(-0.40230000000000005*(tNMACNet^2.0))+(0.5*tNMACNet*vONet))<0.0)&((((-88000.0*x4<=45000.0&200.0*x2<=0.0)|(0.62*x2-1.0*x4<=0.51&-200.0*x2<0.0))&((88000.0*x4<=-44000.0&200.0*x2<=0.0)|(-0.62*x21.0*x4<=-0.5&-200.0*x2<0.0)))->((-16000.0*x1<-100.0&200.0*x2<=0.0)|((100.0+(-16000.0*hNet)+(-2485.707183693761*(vONet^2.0)))<0.0&-200.0*x2<0.0)))&((((-88000.0*x4<44000.0&200.0*x2<=0.0)|(0.62*x2-1.0*x4<0.5&-200.0*x2<0.0))&((88000.0*x4<=-44000.0&200.0*x2<=0.0)|(-0.62*x21.0*x4<=-0.5&-200.0*x2<0.0)))->(-0.094325+(-0.40230000000000005*tNMACNet)+(-1.0*hNet)+(0.25*vONet)+(-0.40230000000000005*(tNMACNet^2.0))+(0.5*tNMACNet*vONet))<0.0)&(((-88000.0*x4<44000.0&200.0*x2<=0.0)|(0.62*x2-1.0*x4<0.5&-200.0*x2<0.0))->((-3.52e7*x1<-220000.0&200.0*x2<=0.0)|((0.0062499999999999995+(-1.0*hNet)+(0.15535669898086005*(vONet^2.0)))<0.0&-200.0*x2<0.0))))->((isMax((nnDNCpostNN+err2),(nnCOCpostNN+err1),(nnDNCpostNN+err2),(nnDNDpostNN+err3),(nnDES1500postNN+err4),(nnCLI1500postNN+err5),(nnSDES1500postNN+err6),(err7+nnSCLI1500postNN),(nnSDES2500postNN+err8),(err9+nnSCL2500postNN))&((-88000.0*x4<=45000.0&-0.62*x21.0*x4<-0.51&-200.0*x2<0.0)->(-0.09894854080578513+(-0.41144318181818185*tNMACNet)+(-1.0*hNet)+(0.2556818181818182*vONet)+(-0.40230000000000005*(tNMACNet^2.0))+(0.5*tNMACNet*vONet))<0.0)&((((-88000.0*x4<=45000.0&200.0*x2<=0.0)|(0.62*x2-1.0*x4<=0.51&-200.0*x2<0.0))&((88000.0*x4<=-44000.0&200.0*x2<=0.0)|(-0.62*x21.0*x4<=-0.5&-200.0*x2<0.0)))->((-16000.0*x1<-100.0&200.0*x2<=0.0)|((100.0+(-16000.0*hNet)+(-2485.707183693761*(vONet^2.0)))<0.0&-200.0*x2<0.0)))&((((-88000.0*x4<44000.0&200.0*x2<=0.0)|(0.62*x2-1.0*x4<0.5&-200.0*x2<0.0))&((88000.0*x4<=-44000.0&200.0*x2<=0.0)|(-0.62*x21.0*x4<=-0.5&-200.0*x2<0.0)))->(-0.094325+(-0.40230000000000005*tNMACNet)+(-1.0*hNet)+(0.25*vONet)+(-0.40230000000000005*(tNMACNet^2.0))+(0.5*tNMACNet*vONet))<0.0)&(((-88000.0*x4<44000.0&200.0*x2<=0.0)|(0.62*x2-1.0*x4<0.5&-200.0*x2<0.0))->((-3.52e7*x1<-220000.0&200.0*x2<=0.0)|((0.0062499999999999995+(-1.0*hNet)+(0.15535669898086005*(vONet^2.0)))<0.0&-200.0*x2<0.0))))|(isMax((nnDNDpostNN+err3),(nnCOCpostNN+err1),(nnDNCpostNN+err2),(nnDNDpostNN+err3),(nnDES1500postNN+err4),(nnCLI1500postNN+err5),(nnSDES1500postNN+err6),(err7+nnSCLI1500postNN),(nnSDES2500postNN+err8),(err9+nnSCL2500postNN))&((-88000.0*x4<=45000.0&0.62*x21.0*x4<-0.51&200.0*x2<0.0)->(-0.09894854080578513+hNet+(-0.41144318181818185*tNMACNet)+(-0.25568181818181823*vONet)+(-0.40230000000000005*(tNMACNet^2.0))+(-0.5*tNMACNet*vONet))<0.0)&((((-88000.0*x4<=45000.0&-200.0*x2<=0.0)|(-0.62*x2-1.0*x4<=0.51&200.0*x2<0.0))&((88000.0*x4<=-44000.0&-200.0*x2<=0.0)|(0.62*x21.0*x4<=-0.5&200.0*x2<0.0)))->((16000.0*x1<-100.0&-200.0*x2<=0.0)|((100.0+(16000.0*hNet)+(-2485.707183693761*(vONet^2.0)))<0.0&200.0*x2<0.0)))&((((-88000.0*x4<44000.0&-200.0*x2<=0.0)|(-0.62*x2-1.0*x4<0.5&200.0*x2<0.0))&((88000.0*x4<=-44000.0&-200.0*x2<=0.0)|(0.62*x21.0*x4<=-0.5&200.0*x2<0.0)))->(-0.094325+hNet+(-0.40230000000000005*tNMACNet)+(-0.25*vONet)+(-0.40230000000000005*(tNMACNet^2.0))+(-0.5*tNMACNet*vONet))<0.0)&(((-88000.0*x4<44000.0&-200.0*x2<=0.0)|(-0.62*x2-1.0*x4<0.5&200.0*x2<0.0))->((3.52e7*x1<-220000.0&-200.0*x2<=0.0)|((0.0062499999999999995+hNet+(0.15535669898086005*(vONet^2.0)))<0.0&200.0*x2<0.0))))|(((-88000.0*x4<=45000.0&-0.62*x21.0*x4<-0.51&-200.0*x2<0.0)->(-0.09894854080578513+(-0.41144318181818185*tNMACNet)+(-1.0*hNet)+(0.2556818181818182*vONet)+(-0.40230000000000005*(tNMACNet^2.0))+(0.5*tNMACNet*vONet))<0.0)&((((-88000.0*x4<=45000.0&200.0*x2<=0.0)|(0.62*x2-1.0*x4<=0.51&-200.0*x2<0.0))&((88000.0*x4<=-44000.0&200.0*x2<=0.0)|(-0.62*x21.0*x4<=-0.5&-200.0*x2<0.0)))->((-16000.0*x1<-100.0&200.0*x2<=0.0)|((100.0+(-16000.0*hNet)+(-2485.707183693761*(vONet^2.0)))<0.0&-200.0*x2<0.0)))&((((-88000.0*x4<44000.0&200.0*x2<=0.0)|(0.62*x2-1.0*x4<0.5&-200.0*x2<0.0))&((88000.0*x4<=-44000.0&200.0*x2<=-25.0)|(-0.12*x20.2*x4<=-0.08&-200.0*x2<25.0)))->(-0.094325+(-0.40230000000000005*tNMACNet)+(-1.0*hNet)+(0.25*vONet)+(-0.40230000000000005*(tNMACNet^2.0))+(0.5*tNMACNet*vONet))<0.0)&(((-88000.0*x4<44000.0&200.0*x2<=-25.0)|(0.12*x2-0.2*x4<0.08&-200.0*x2<25.0))->((-1.0*x1-0.06*x4<0.02&200.0*x2<=-25.0)|((-0.022572551578424062+(-0.0625*tNMACNet)+(-1.0*hNet)+(0.03883917474521501*vONet)+(0.15535669898086005*(vONet^2.0)))<0.0&-200.0*x2<25.0)))&isMax((nnDES1500postNN+err4),(nnCOCpostNN+err1),(nnDNCpostNN+err2),(nnDNDpostNN+err3),(nnDES1500postNN+err4),(nnCLI1500postNN+err5),(nnSDES1500postNN+err6),(err7+nnSCLI1500postNN),(nnSDES2500postNN+err8),(err9+nnSCL2500postNN)))|(((-88000.0*x4<=45000.0&0.62*x21.0*x4<-0.51&200.0*x2<0.0)->(-0.09894854080578513+hNet+(-0.41144318181818185*tNMACNet)+(-0.25568181818181823*vONet)+(-0.40230000000000005*(tNMACNet^2.0))+(-0.5*tNMACNet*vONet))<0.0)&((((-88000.0*x4<=45000.0&-200.0*x2<=0.0)|(-0.62*x2-1.0*x4<=0.51&200.0*x2<0.0))&((88000.0*x4<=-44000.0&-200.0*x2<=0.0)|(0.62*x21.0*x4<=-0.5&200.0*x2<0.0)))->((16000.0*x1<-100.0&-200.0*x2<=0.0)|((100.0+(16000.0*hNet)+(-2485.707183693761*(vONet^2.0)))<0.0&200.0*x2<0.0)))&((((-88000.0*x4<44000.0&-200.0*x2<=0.0)|(-0.62*x2-1.0*x4<0.5&200.0*x2<0.0))&((88000.0*x4<=-44000.0&-200.0*x2<=-25.0)|(0.12*x20.2*x4<=-0.08&200.0*x2<25.0)))->(-0.094325+hNet+(-0.40230000000000005*tNMACNet)+(-0.25*vONet)+(-0.40230000000000005*(tNMACNet^2.0))+(-0.5*tNMACNet*vONet))<0.0)&(((-88000.0*x4<44000.0&-200.0*x2<=-25.0)|(-0.12*x2-0.2*x4<0.08&200.0*x2<25.0))->((1.0*x1-0.06*x4<0.02&-200.0*x2<=-25.0)|((-0.022572551578424062+hNet+(-0.0625*tNMACNet)+(-0.03883917474521502*vONet)+(0.15535669898086005*(vONet^2.0)))<0.0&200.0*x2<25.0)))&isMax((nnCLI1500postNN+err5),(nnCOCpostNN+err1),(nnDNCpostNN+err2),(nnDNDpostNN+err3),(nnDES1500postNN+err4),(nnCLI1500postNN+err5),(nnSDES1500postNN+err6),(err7+nnSCLI1500postNN),(nnSDES2500postNN+err8),(err9+nnSCL2500postNN))))), Set(SNNT.AST.Variable[nnSCL2500postNN, nnSDES2500postNN, vINet, nnCOCpostNN, vONet, err3, tNMACNet, err4, nnCLI1500postNN, nnDNCpostNN, nnSCLI1500postNN, nnDES1500postNN, err8, err5, err7, nnDNDpostNN, err1, err6, nnSDES1500postNN, hNet, err2, err9]), 13, 9, Dict{SNNT.AST.ApproxQuery, SNNT.AST.Approximation}(), Vector{Float64}[])
[CMD] SMT Timeout: 10s
[CTRL] Iterating over conjunctions...
[APPROX] Trying to build approximation...
[APPROX] Generating expression for (vONet^2.0)...
Val Ranges: Dict(:x15 => [-100.0, 100.0], :x17 => [-100.0, 100.0], :x22 => [-100.0, 100.0], :x8 => [-0.005000000353902578, 0.005000000353902578], :x12 => [-0.005000000353902578, 0.005000000353902578], :x16 => [-100.0, 100.0], :x20 => [-100.0, 100.0], :x18 => [-100.0, 100.0], :x7 => [-0.005000000353902578, 0.005000000353902578], :x19 => [-100.0, 100.0], :x9 => [-0.005000000353902578, 0.005000000353902578], :x6 => [-0.005000000353902578, 0.005000000353902578], :x5 => [-0.005000000353902578, 0.005000000353902578], :x3 => [-4.999999873689376e-6, 5.000000171712609e-6], :x10 => [-0.005000000353902578, 0.005000000353902578], :x14 => [-100.0, 100.0], :x1 => [-0.4999999701976776, 0.5], :x2 => [-0.4999999701976776, 0.5], :x13 => [-0.005000000353902578, 0.005000000353902578], :x11 => [-0.005000000353902578, 0.005000000353902578], :x21 => [-100.0, 100.0], :x4 => [-0.3499999940395355, 0.5])
Using N=1, ϵ=0.0, rel_error_tol=0.005
[APPROX] Generating expression for (tNMACNet*vONet)...
Val Ranges: Dict(:x15 => [-100.0, 100.0], :x17 => [-100.0, 100.0], :x22 => [-100.0, 100.0], :x8 => [-0.005000000353902578, 0.005000000353902578], :x12 => [-0.005000000353902578, 0.005000000353902578], :x16 => [-100.0, 100.0], :x20 => [-100.0, 100.0], :x18 => [-100.0, 100.0], :x7 => [-0.005000000353902578, 0.005000000353902578], :x19 => [-100.0, 100.0], :x9 => [-0.005000000353902578, 0.005000000353902578], :x6 => [-0.005000000353902578, 0.005000000353902578], :x5 => [-0.005000000353902578, 0.005000000353902578], :x3 => [-4.999999873689376e-6, 5.000000171712609e-6], :x10 => [-0.005000000353902578, 0.005000000353902578], :x14 => [-100.0, 100.0], :x1 => [-0.4999999701976776, 0.5], :x2 => [-0.4999999701976776, 0.5], :x13 => [-0.005000000353902578, 0.005000000353902578], :x11 => [-0.005000000353902578, 0.005000000353902578], :x21 => [-100.0, 100.0], :x4 => [-0.3499999940395355, 0.5])
Using N=1, ϵ=0.0, rel_error_tol=0.005
[APPROX] Generating expression for (tNMACNet^2.0)...
Val Ranges: Dict(:x15 => [-100.0, 100.0], :x17 => [-100.0, 100.0], :x22 => [-100.0, 100.0], :x8 => [-0.005000000353902578, 0.005000000353902578], :x12 => [-0.005000000353902578, 0.005000000353902578], :x16 => [-100.0, 100.0], :x20 => [-100.0, 100.0], :x18 => [-100.0, 100.0], :x7 => [-0.005000000353902578, 0.005000000353902578], :x19 => [-100.0, 100.0], :x9 => [-0.005000000353902578, 0.005000000353902578], :x6 => [-0.005000000353902578, 0.005000000353902578], :x5 => [-0.005000000353902578, 0.005000000353902578], :x3 => [-4.999999873689376e-6, 5.000000171712609e-6], :x10 => [-0.005000000353902578, 0.005000000353902578], :x14 => [-100.0, 100.0], :x1 => [-0.4999999701976776, 0.5], :x2 => [-0.4999999701976776, 0.5], :x13 => [-0.005000000353902578, 0.005000000353902578], :x11 => [-0.005000000353902578, 0.005000000353902578], :x21 => [-100.0, 100.0], :x4 => [-0.3499999940395355, 0.5])
Using N=1, ϵ=0.0, rel_error_tol=0.005
[APPROX] Skipping verification of approximation (switch on using SNNT.Config.set_rigorous_approximations(true))
[APPROX] Skipping verification of approximation (switch on using SNNT.Config.set_rigorous_approximations(true))
[APPROX] Skipping verification of approximation (switch on using SNNT.Config.set_rigorous_approximations(true))
[APPROX] Skipping verification of approximation (switch on using SNNT.Config.set_rigorous_approximations(true))
[APPROX] Skipping verification of approximation (switch on using SNNT.Config.set_rigorous_approximations(true))
[APPROX] Skipping verification of approximation (switch on using SNNT.Config.set_rigorous_approximations(true))
[APPROX] Approximation Bounds: Vector{Float64}[]
[APPROX] Approximations: Dict{SNNT.AST.ApproxQuery, SNNT.AST.Approximation}()
[APPROX] Approximation is ready
Adding isMax((err7+nnSCLI1500postNN),(nnDNDpostNN+err3),(nnSDES2500postNN+err8),(nnDES1500postNN+err4),(err7+nnSCLI1500postNN),(nnCOCpostNN+err1),(err9+nnSCL2500postNN),(nnCLI1500postNN+err5),(nnDNCpostNN+err2),(nnSDES1500postNN+err6))
Adding isMax((err9+nnSCL2500postNN),(nnDNDpostNN+err3),(nnSDES2500postNN+err8),(nnDES1500postNN+err4),(err7+nnSCLI1500postNN),(nnCOCpostNN+err1),(err9+nnSCL2500postNN),(nnCLI1500postNN+err5),(nnDNCpostNN+err2),(nnSDES1500postNN+err6))
Adding isMax((nnCLI1500postNN+err5),(nnDNDpostNN+err3),(nnSDES2500postNN+err8),(nnDES1500postNN+err4),(err7+nnSCLI1500postNN),(nnCOCpostNN+err1),(err9+nnSCL2500postNN),(nnCLI1500postNN+err5),(nnDNCpostNN+err2),(nnSDES1500postNN+err6))
Adding isMax((nnCOCpostNN+err1),(nnDNDpostNN+err3),(nnSDES2500postNN+err8),(nnDES1500postNN+err4),(err7+nnSCLI1500postNN),(nnCOCpostNN+err1),(err9+nnSCL2500postNN),(nnCLI1500postNN+err5),(nnDNCpostNN+err2),(nnSDES1500postNN+err6))
Adding isMax((nnDES1500postNN+err4),(nnDNDpostNN+err3),(nnSDES2500postNN+err8),(nnDES1500postNN+err4),(err7+nnSCLI1500postNN),(nnCOCpostNN+err1),(err9+nnSCL2500postNN),(nnCLI1500postNN+err5),(nnDNCpostNN+err2),(nnSDES1500postNN+err6))
Adding isMax((nnDNCpostNN+err2),(nnDNDpostNN+err3),(nnSDES2500postNN+err8),(nnDES1500postNN+err4),(err7+nnSCLI1500postNN),(nnCOCpostNN+err1),(err9+nnSCL2500postNN),(nnCLI1500postNN+err5),(nnDNCpostNN+err2),(nnSDES1500postNN+err6))
Adding isMax((nnDNDpostNN+err3),(nnDNDpostNN+err3),(nnSDES2500postNN+err8),(nnDES1500postNN+err4),(err7+nnSCLI1500postNN),(nnCOCpostNN+err1),(err9+nnSCL2500postNN),(nnCLI1500postNN+err5),(nnDNCpostNN+err2),(nnSDES1500postNN+err6))
Adding isMax((nnSDES1500postNN+err6),(nnDNDpostNN+err3),(nnSDES2500postNN+err8),(nnDES1500postNN+err4),(err7+nnSCLI1500postNN),(nnCOCpostNN+err1),(err9+nnSCL2500postNN),(nnCLI1500postNN+err5),(nnDNCpostNN+err2),(nnSDES1500postNN+err6))
Adding isMax((nnSDES2500postNN+err8),(nnDNDpostNN+err3),(nnSDES2500postNN+err8),(nnDES1500postNN+err4),(err7+nnSCLI1500postNN),(nnCOCpostNN+err1),(err9+nnSCL2500postNN),(nnCLI1500postNN+err5),(nnDNCpostNN+err2),(nnSDES1500postNN+err6))
Searching isMax((nnCOCpostNN+err1),(nnDNDpostNN+err3),(nnSDES2500postNN+err8),(nnDES1500postNN+err4),(err7+nnSCLI1500postNN),(nnCOCpostNN+err1),(err9+nnSCL2500postNN),(nnCLI1500postNN+err5),(nnDNCpostNN+err2),(nnSDES1500postNN+err6))
[SKELETON] Adding linear dependency constraint
-200.0*x2<0.0 -> Float32[0.0, -1.0, 0.0, 0.0, 0.0, 0.0, 0.0, 0.0, 0.0, 0.0, 0.0, 0.0, 0.0, 0.0, 0.0, 0.0, 0.0, 0.0, 0.0, 0.0, 0.0, 0.0]+0.0<=0.49999999999999994
0.0
[SKELETON] Adding linear dependency constraint
200.0*x2<=0.0 -> Float32[0.0, 1.0, 0.0, 0.0, 0.0, 0.0, 0.0, 0.0, 0.0, 0.0, 0.0, 0.0, 0.0, 0.0, 0.0, 0.0, 0.0, 0.0, 0.0, 0.0, 0.0, 0.0]+0.0<=0.49999999999999994
0.0
[SKELETON] Adding negated linear dependency constraint
!200.0*x2<=0.0 | !Float32[0.0, -1.0, 0.0, 0.0, 0.0, 0.0, 0.0, 0.0, 0.0, 0.0, 0.0, 0.0, 0.0, 0.0, 0.0, 0.0, 0.0, 0.0, 0.0, 0.0, 0.0, 0.0]+0.0<0.0
[SKELETON] Adding linear dependency constraint
88000.0*x4<=-44000.0 -> Float32[0.0, 0.0, 0.0, 1.0, 0.0, 0.0, 0.0, 0.0, 0.0, 0.0, 0.0, 0.0, 0.0, 0.0, 0.0, 0.0, 0.0, 0.0, 0.0, 0.0, 0.0, 0.0]+0.0<=0.49999999999999994
-0.5
[SKELETON] Adding linear dependency constraint
Float32[0.0, -0.53, 0.0, 0.85, 0.0, 0.0, 0.0, 0.0, 0.0, 0.0, 0.0, 0.0, 0.0, 0.0, 0.0, 0.0, 0.0, 0.0, 0.0, 0.0, 0.0, 0.0]+0.0<-0.43433156828125785 -> -0.62*x21.0*x4<=-0.5
-0.4246797556527854396090962032467706535215297791272401432676223698123988601657383
[SKELETON] Adding linear dependency constraint
-16000.0*x1<-100.0 -> Float32[-1.0, 0.0, 0.0, 0.0, 0.0, 0.0, 0.0, 0.0, 0.0, 0.0, 0.0, 0.0, 0.0, 0.0, 0.0, 0.0, 0.0, 0.0, 0.0, 0.0, 0.0, 0.0]+0.0<=0.49999999999999994
-0.006250000000000000000000000000000000000000000000000000000000000000000000000000013
[SKELETON] Adding linear dependency constraint
-88000.0*x4<44000.0 -> Float32[0.0, 0.0, 0.0, -1.0, 0.0, 0.0, 0.0, 0.0, 0.0, 0.0, 0.0, 0.0, 0.0, 0.0, 0.0, 0.0, 0.0, 0.0, 0.0, 0.0, 0.0, 0.0]+0.0<=0.5113636363636364
0.4999999999999999999999999999999999999999999999999999999999999999999999999999957
[SKELETON] Adding negated linear dependency constraint
!-88000.0*x4<44000.0 | !Float32[0.0, 0.0, 0.0, 1.0, 0.0, 0.0, 0.0, 0.0, 0.0, 0.0, 0.0, 0.0, 0.0, 0.0, 0.0, 0.0, 0.0, 0.0, 0.0, 0.0, 0.0, 0.0]+0.0<=-0.5
[SKELETON] Adding linear dependency constraint
0.62*x2-1.0*x4<0.5 -> Float32[0.0, 0.53, 0.0, -0.85, 0.0, 0.0, 0.0, 0.0, 0.0, 0.0, 0.0, 0.0, 0.0, 0.0, 0.0, 0.0, 0.0, 0.0, 0.0, 0.0, 0.0, 0.0]+0.0<=0.4343315682812578
0.4246797556527854396090962032467706535215297791272401432676223698123988601657383
[SKELETON] Adding linear dependency constraint
-3.52e7*x1<-220000.0 -> Float32[-1.0, 0.0, 0.0, 0.0, 0.0, 0.0, 0.0, 0.0, 0.0, 0.0, 0.0, 0.0, 0.0, 0.0, 0.0, 0.0, 0.0, 0.0, 0.0, 0.0, 0.0, 0.0]+0.0<=0.49999999999999994
-0.006250000000000000000000000000000000000000000000000000000000000000000000000000013
[SKELETON] Adding linear dependency constraint
Float32[-1.0, 0.0, 0.0, 0.0, 0.0, 0.0, 0.0, 0.0, 0.0, 0.0, 0.0, 0.0, 0.0, 0.0, 0.0, 0.0, 0.0, 0.0, 0.0, 0.0, 0.0, 0.0]+0.0<-0.00625 -> -3.52e7*x1<-220000.0
-0.006250000000000000000000000000000000000000000000000000000000000000000000000000013
Searching isMax((nnDNCpostNN+err2),(nnDNDpostNN+err3),(nnSDES2500postNN+err8),(nnDES1500postNN+err4),(err7+nnSCLI1500postNN),(nnCOCpostNN+err1),(err9+nnSCL2500postNN),(nnCLI1500postNN+err5),(nnDNCpostNN+err2),(nnSDES1500postNN+err6))
Searching isMax((nnDNDpostNN+err3),(nnDNDpostNN+err3),(nnSDES2500postNN+err8),(nnDES1500postNN+err4),(err7+nnSCLI1500postNN),(nnCOCpostNN+err1),(err9+nnSCL2500postNN),(nnCLI1500postNN+err5),(nnDNCpostNN+err2),(nnSDES1500postNN+err6))
[SKELETON] Adding linear dependency constraint
200.0*x2<0.0 -> Float32[0.0, 1.0, 0.0, 0.0, 0.0, 0.0, 0.0, 0.0, 0.0, 0.0, 0.0, 0.0, 0.0, 0.0, 0.0, 0.0, 0.0, 0.0, 0.0, 0.0, 0.0, 0.0]+0.0<=0.49999999999999994
0.0
[SKELETON] Adding linear dependency constraint
200.0*x2<0.0 -> Float32[0.0, 1.0, 0.0, 0.0, 0.0, 0.0, 0.0, 0.0, 0.0, 0.0, 0.0, 0.0, 0.0, 0.0, 0.0, 0.0, 0.0, 0.0, 0.0, 0.0, 0.0, 0.0]+0.0<=0.0
0.0
[SKELETON] Adding negated linear dependency constraint
!200.0*x2<0.0 | !Float32[0.0, -1.0, 0.0, 0.0, 0.0, 0.0, 0.0, 0.0, 0.0, 0.0, 0.0, 0.0, 0.0, 0.0, 0.0, 0.0, 0.0, 0.0, 0.0, 0.0, 0.0, 0.0]+0.0<0.0
[SKELETON] Adding linear dependency constraint
-200.0*x2<=0.0 -> Float32[0.0, -1.0, 0.0, 0.0, 0.0, 0.0, 0.0, 0.0, 0.0, 0.0, 0.0, 0.0, 0.0, 0.0, 0.0, 0.0, 0.0, 0.0, 0.0, 0.0, 0.0, 0.0]+0.0<=0.49999999999999994
0.0
[SKELETON] Adding linear dependency constraint
Float32[0.0, -1.0, 0.0, 0.0, 0.0, 0.0, 0.0, 0.0, 0.0, 0.0, 0.0, 0.0, 0.0, 0.0, 0.0, 0.0, 0.0, 0.0, 0.0, 0.0, 0.0, 0.0]+0.0<0.0 -> -200.0*x2<=0.0
0.0
[SKELETON] Adding negated linear dependency constraint
!-200.0*x2<=0.0 | !Float32[0.0, 1.0, 0.0, 0.0, 0.0, 0.0, 0.0, 0.0, 0.0, 0.0, 0.0, 0.0, 0.0, 0.0, 0.0, 0.0, 0.0, 0.0, 0.0, 0.0, 0.0, 0.0]+0.0<0.0
[SKELETON] Adding linear dependency constraint
Float32[0.0, 0.53, 0.0, 0.85, 0.0, 0.0, 0.0, 0.0, 0.0, 0.0, 0.0, 0.0, 0.0, 0.0, 0.0, 0.0, 0.0, 0.0, 0.0, 0.0, 0.0, 0.0]+0.0<-0.43433156828125785 -> 0.62*x21.0*x4<=-0.5
-0.4246797556527854396090962032467706535215297791272401432676223698123988601657383
[SKELETON] Adding linear dependency constraint
16000.0*x1<-100.0 -> Float32[1.0, 0.0, 0.0, 0.0, 0.0, 0.0, 0.0, 0.0, 0.0, 0.0, 0.0, 0.0, 0.0, 0.0, 0.0, 0.0, 0.0, 0.0, 0.0, 0.0, 0.0, 0.0]+0.0<=0.49999999999999994
-0.006250000000000000000000000000000000000000000000000000000000000000000000000000013
[SKELETON] Adding negated linear dependency constraint
!16000.0*x1<-100.0 | !Float32[-1.0, 0.0, 0.0, 0.0, 0.0, 0.0, 0.0, 0.0, 0.0, 0.0, 0.0, 0.0, 0.0, 0.0, 0.0, 0.0, 0.0, 0.0, 0.0, 0.0, 0.0, 0.0]+0.0<-0.00625
[SKELETON] Adding negated linear dependency constraint
!16000.0*x1<-100.0 | !Float32[-1.0, 0.0, 0.0, 0.0, 0.0, 0.0, 0.0, 0.0, 0.0, 0.0, 0.0, 0.0, 0.0, 0.0, 0.0, 0.0, 0.0, 0.0, 0.0, 0.0, 0.0, 0.0]+0.0<-0.00625
[SKELETON] Adding linear dependency constraint
-0.62*x2-1.0*x4<0.5 -> Float32[0.0, -0.53, 0.0, -0.85, 0.0, 0.0, 0.0, 0.0, 0.0, 0.0, 0.0, 0.0, 0.0, 0.0, 0.0, 0.0, 0.0, 0.0, 0.0, 0.0, 0.0, 0.0]+0.0<=0.4343315682812578
0.4246797556527854396090962032467706535215297791272401432676223698123988601657383
[SKELETON] Adding linear dependency constraint
3.52e7*x1<-220000.0 -> Float32[1.0, 0.0, 0.0, 0.0, 0.0, 0.0, 0.0, 0.0, 0.0, 0.0, 0.0, 0.0, 0.0, 0.0, 0.0, 0.0, 0.0, 0.0, 0.0, 0.0, 0.0, 0.0]+0.0<=0.49999999999999994
-0.006250000000000000000000000000000000000000000000000000000000000000000000000000013
[SKELETON] Adding linear dependency constraint
Float32[1.0, 0.0, 0.0, 0.0, 0.0, 0.0, 0.0, 0.0, 0.0, 0.0, 0.0, 0.0, 0.0, 0.0, 0.0, 0.0, 0.0, 0.0, 0.0, 0.0, 0.0, 0.0]+0.0<-0.00625 -> 3.52e7*x1<-220000.0
-0.006250000000000000000000000000000000000000000000000000000000000000000000000000013
[SKELETON] Adding negated linear dependency constraint
!3.52e7*x1<-220000.0 | !Float32[-1.0, 0.0, 0.0, 0.0, 0.0, 0.0, 0.0, 0.0, 0.0, 0.0, 0.0, 0.0, 0.0, 0.0, 0.0, 0.0, 0.0, 0.0, 0.0, 0.0, 0.0, 0.0]+0.0<-0.00625
[SKELETON] Adding negated linear dependency constraint
!3.52e7*x1<-220000.0 | !Float32[-1.0, 0.0, 0.0, 0.0, 0.0, 0.0, 0.0, 0.0, 0.0, 0.0, 0.0, 0.0, 0.0, 0.0, 0.0, 0.0, 0.0, 0.0, 0.0, 0.0, 0.0, 0.0]+0.0<-0.00625
[SKELETON] Adding linear dependency constraint
200.0*x2<=-25.0 -> Float32[0.0, 1.0, 0.0, 0.0, 0.0, 0.0, 0.0, 0.0, 0.0, 0.0, 0.0, 0.0, 0.0, 0.0, 0.0, 0.0, 0.0, 0.0, 0.0, 0.0, 0.0, 0.0]+0.0<=0.49999999999999994
-0.125
[SKELETON] Adding linear dependency constraint
200.0*x2<=-25.0 -> Float32[0.0, 1.0, 0.0, 0.0, 0.0, 0.0, 0.0, 0.0, 0.0, 0.0, 0.0, 0.0, 0.0, 0.0, 0.0, 0.0, 0.0, 0.0, 0.0, 0.0, 0.0, 0.0]+0.0<=0.0
-0.125
[SKELETON] Adding linear dependency constraint
200.0*x2<=-25.0 -> Float32[0.0, 1.0, 0.0, 0.0, 0.0, 0.0, 0.0, 0.0, 0.0, 0.0, 0.0, 0.0, 0.0, 0.0, 0.0, 0.0, 0.0, 0.0, 0.0, 0.0, 0.0, 0.0]+0.0<0.0
-0.125
[SKELETON] Adding negated linear dependency constraint
!200.0*x2<=-25.0 | !Float32[0.0, -1.0, 0.0, 0.0, 0.0, 0.0, 0.0, 0.0, 0.0, 0.0, 0.0, 0.0, 0.0, 0.0, 0.0, 0.0, 0.0, 0.0, 0.0, 0.0, 0.0, 0.0]+0.0<0.0
[SKELETON] Adding negated linear dependency constraint
!200.0*x2<=-25.0 | !Float32[0.0, -1.0, 0.0, 0.0, 0.0, 0.0, 0.0, 0.0, 0.0, 0.0, 0.0, 0.0, 0.0, 0.0, 0.0, 0.0, 0.0, 0.0, 0.0, 0.0, 0.0, 0.0]+0.0<=0.0
[SKELETON] Adding linear dependency constraint
-200.0*x2<25.0 -> Float32[0.0, -1.0, 0.0, 0.0, 0.0, 0.0, 0.0, 0.0, 0.0, 0.0, 0.0, 0.0, 0.0, 0.0, 0.0, 0.0, 0.0, 0.0, 0.0, 0.0, 0.0, 0.0]+0.0<=0.49999999999999994
0.1249999999999999999999999999999999999999999999999999999999999999999999999999989
[SKELETON] Adding linear dependency constraint
Float32[0.0, -1.0, 0.0, 0.0, 0.0, 0.0, 0.0, 0.0, 0.0, 0.0, 0.0, 0.0, 0.0, 0.0, 0.0, 0.0, 0.0, 0.0, 0.0, 0.0, 0.0, 0.0]+0.0<0.0 -> -200.0*x2<25.0
0.1249999999999999999999999999999999999999999999999999999999999999999999999999989
[SKELETON] Adding linear dependency constraint
Float32[0.0, -1.0, 0.0, 0.0, 0.0, 0.0, 0.0, 0.0, 0.0, 0.0, 0.0, 0.0, 0.0, 0.0, 0.0, 0.0, 0.0, 0.0, 0.0, 0.0, 0.0, 0.0]+0.0<=0.0 -> -200.0*x2<25.0
0.1249999999999999999999999999999999999999999999999999999999999999999999999999989
[SKELETON] Adding negated linear dependency constraint
!-200.0*x2<25.0 | !Float32[0.0, 1.0, 0.0, 0.0, 0.0, 0.0, 0.0, 0.0, 0.0, 0.0, 0.0, 0.0, 0.0, 0.0, 0.0, 0.0, 0.0, 0.0, 0.0, 0.0, 0.0, 0.0]+0.0<=-0.125
Searching isMax((nnDES1500postNN+err4),(nnDNDpostNN+err3),(nnSDES2500postNN+err8),(nnDES1500postNN+err4),(err7+nnSCLI1500postNN),(nnCOCpostNN+err1),(err9+nnSCL2500postNN),(nnCLI1500postNN+err5),(nnDNCpostNN+err2),(nnSDES1500postNN+err6))
[SKELETON] Adding linear dependency constraint
-200.0*x2<=-25.0 -> Float32[0.0, -1.0, 0.0, 0.0, 0.0, 0.0, 0.0, 0.0, 0.0, 0.0, 0.0, 0.0, 0.0, 0.0, 0.0, 0.0, 0.0, 0.0, 0.0, 0.0, 0.0, 0.0]+0.0<=0.49999999999999994
-0.125
[SKELETON] Adding linear dependency constraint
-200.0*x2<=-25.0 -> Float32[0.0, -1.0, 0.0, 0.0, 0.0, 0.0, 0.0, 0.0, 0.0, 0.0, 0.0, 0.0, 0.0, 0.0, 0.0, 0.0, 0.0, 0.0, 0.0, 0.0, 0.0, 0.0]+0.0<0.0
-0.125
[SKELETON] Adding linear dependency constraint
-200.0*x2<=-25.0 -> Float32[0.0, -1.0, 0.0, 0.0, 0.0, 0.0, 0.0, 0.0, 0.0, 0.0, 0.0, 0.0, 0.0, 0.0, 0.0, 0.0, 0.0, 0.0, 0.0, 0.0, 0.0, 0.0]+0.0<=0.0
-0.125
[SKELETON] Adding linear dependency constraint
-200.0*x2<=-25.0 -> Float32[0.0, -1.0, 0.0, 0.0, 0.0, 0.0, 0.0, 0.0, 0.0, 0.0, 0.0, 0.0, 0.0, 0.0, 0.0, 0.0, 0.0, 0.0, 0.0, 0.0, 0.0, 0.0]+0.0<0.12499999999999999
-0.125
[SKELETON] Adding negated linear dependency constraint
!-200.0*x2<=-25.0 | !Float32[0.0, 1.0, 0.0, 0.0, 0.0, 0.0, 0.0, 0.0, 0.0, 0.0, 0.0, 0.0, 0.0, 0.0, 0.0, 0.0, 0.0, 0.0, 0.0, 0.0, 0.0, 0.0]+0.0<=0.0
[SKELETON] Adding negated linear dependency constraint
!-200.0*x2<=-25.0 | !Float32[0.0, 1.0, 0.0, 0.0, 0.0, 0.0, 0.0, 0.0, 0.0, 0.0, 0.0, 0.0, 0.0, 0.0, 0.0, 0.0, 0.0, 0.0, 0.0, 0.0, 0.0, 0.0]+0.0<0.0
[SKELETON] Adding negated linear dependency constraint
!-200.0*x2<=-25.0 | !Float32[0.0, 1.0, 0.0, 0.0, 0.0, 0.0, 0.0, 0.0, 0.0, 0.0, 0.0, 0.0, 0.0, 0.0, 0.0, 0.0, 0.0, 0.0, 0.0, 0.0, 0.0, 0.0]+0.0<=-0.125
[SKELETON] Adding linear dependency constraint
200.0*x2<25.0 -> Float32[0.0, 1.0, 0.0, 0.0, 0.0, 0.0, 0.0, 0.0, 0.0, 0.0, 0.0, 0.0, 0.0, 0.0, 0.0, 0.0, 0.0, 0.0, 0.0, 0.0, 0.0, 0.0]+0.0<=0.49999999999999994
0.1249999999999999999999999999999999999999999999999999999999999999999999999999989
[SKELETON] Adding linear dependency constraint
Float32[0.0, 1.0, 0.0, 0.0, 0.0, 0.0, 0.0, 0.0, 0.0, 0.0, 0.0, 0.0, 0.0, 0.0, 0.0, 0.0, 0.0, 0.0, 0.0, 0.0, 0.0, 0.0]+0.0<=0.0 -> 200.0*x2<25.0
0.1249999999999999999999999999999999999999999999999999999999999999999999999999989
[SKELETON] Adding linear dependency constraint
Float32[0.0, 1.0, 0.0, 0.0, 0.0, 0.0, 0.0, 0.0, 0.0, 0.0, 0.0, 0.0, 0.0, 0.0, 0.0, 0.0, 0.0, 0.0, 0.0, 0.0, 0.0, 0.0]+0.0<0.0 -> 200.0*x2<25.0
0.1249999999999999999999999999999999999999999999999999999999999999999999999999989
[SKELETON] Adding linear dependency constraint
Float32[0.0, 1.0, 0.0, 0.0, 0.0, 0.0, 0.0, 0.0, 0.0, 0.0, 0.0, 0.0, 0.0, 0.0, 0.0, 0.0, 0.0, 0.0, 0.0, 0.0, 0.0, 0.0]+0.0<=-0.125 -> 200.0*x2<25.0
0.1249999999999999999999999999999999999999999999999999999999999999999999999999989
[SKELETON] Adding negated linear dependency constraint
!200.0*x2<25.0 | !Float32[0.0, -1.0, 0.0, 0.0, 0.0, 0.0, 0.0, 0.0, 0.0, 0.0, 0.0, 0.0, 0.0, 0.0, 0.0, 0.0, 0.0, 0.0, 0.0, 0.0, 0.0, 0.0]+0.0<=-0.125
[SKELETON] Adding linear dependency constraint
-0.12*x2-0.2*x4<0.08 -> Float32[0.0, -0.53, 0.0, -0.85, 0.0, 0.0, 0.0, 0.0, 0.0, 0.0, 0.0, 0.0, 0.0, 0.0, 0.0, 0.0, 0.0, 0.0, 0.0, 0.0, 0.0, 0.0]+0.0<=0.4343315682812578
0.3587029106905704508555080533513613424474666143361575955315388547408728130358359
[SKELETON] Adding linear dependency constraint
-0.12*x2-0.2*x4<0.08 -> Float32[0.0, -0.53, 0.0, -0.85, 0.0, 0.0, 0.0, 0.0, 0.0, 0.0, 0.0, 0.0, 0.0, 0.0, 0.0, 0.0, 0.0, 0.0, 0.0, 0.0, 0.0, 0.0]+0.0<0.42467975565278543
0.3587029106905704508555080533513613424474666143361575955315388547408728130358359
Searching isMax((nnCLI1500postNN+err5),(nnDNDpostNN+err3),(nnSDES2500postNN+err8),(nnDES1500postNN+err4),(err7+nnSCLI1500postNN),(nnCOCpostNN+err1),(err9+nnSCL2500postNN),(nnCLI1500postNN+err5),(nnDNCpostNN+err2),(nnSDES1500postNN+err6))
[QUERY] Looking for nonlinear input combinations...
.....[QUERY] Found all non-linear combinations. Count: 2
[QUERY] Returning nonlinear disjunction
[CTRL] Considering conjunction with 26 input constraints and a disjunction of size 6
[APPROX] Checking cache: SNNT.Approx.ApproxCacheObject[]
[APPROX] Constructing Approximation
[APPROX] Resolving approximation
[CTRL] Initiating iterator over current linear queries
[APPROX] # Conjunctions over output: 6
[CTRL] Processing linear query no. 2
[NNENUM] Running nnenum now...
[NNENUM] lb: [0.0062499999999999995, 0.125, 5.000000171712609e-6, -0.21079675705898798, -0.005, -0.005, -0.005, -0.005, -0.005, -0.005, -0.005, -0.005, -0.005]
[NNENUM] ub: [0.5, 0.5, 5.000000171712609e-6, -0.08052249040043885, 0.004999999999999999, 0.004999999999999999, 0.004999999999999999, 0.004999999999999999, 0.004999999999999999, 0.004999999999999999, 0.004999999999999999, 0.004999999999999999, 0.004999999999999999]
[NNENUM] Creating LP Star...
[NNENUM] Checking feasibility
[NNENUM] Generating output Spec...
[NNENUM] Spec list length:  6
[NNENUM] Enumeration in progress... 

[NNENUM] Result: 
<nnenum.result.Result object at 0x7159140f0640>
[NNENUM] Enumeration finished.
safe
[NNENUM] Filtering result using SMT solver...
[SMT] SMT filtered out 0 stars (out of 0; TO: 0).
[QUERY] Looking for nonlinear input combinations...
[QUERY] Found all non-linear combinations. Count: 3
[QUERY] Returning nonlinear disjunction
[CTRL] Considering conjunction with 28 input constraints and a disjunction of size 6
[APPROX] Checking cache: SNNT.Approx.ApproxCacheObject[]
[APPROX] Constructing Approximation
[APPROX] Resolving approximation
[CTRL] Initiating iterator over current linear queries
[APPROX] # Conjunctions over output: 6
[CTRL] Processing linear query no. 3
[NNENUM] Running nnenum now...
[NNENUM] lb: [0.0062499999999999995, 0.125, 5.000000171712609e-6, -0.21079675705898798, -0.005, -0.005, -0.005, -0.005, -0.005, -0.005, -0.005, -0.005, -0.005]
[NNENUM] ub: [0.5, 0.5, 5.000000171712609e-6, -0.08052249040043885, 0.004999999999999999, 0.004999999999999999, 0.004999999999999999, 0.004999999999999999, 0.004999999999999999, 0.004999999999999999, 0.004999999999999999, 0.004999999999999999, 0.004999999999999999]
[NNENUM] Creating LP Star...
[NNENUM] Checking feasibility
[NNENUM] Generating output Spec...
[NNENUM] Spec list length:  6
[NNENUM] Enumeration in progress... 
(0.1 sec) Q: 0, Sets: 0/1  (0.0%) CEs: 0 ETA: - (expected 1 stars)   
(0.2 sec) Q: 0, Sets: 4/12  (6.445%) CEs: 0 ETA: 3.6 sec (expected 62 stars)   
(0.3 sec) Q: 0, Sets: 9/13  (9.375%) CEs: 0 ETA: 3.4 sec (expected 96 stars)   (0.5 sec) Q: 0, Sets: 17/17  (100.0%) CEs: 0 ETA: 0.0 sec (expected 17 stars)   

Total Stars: 17 (0 exact, 17 approx)
Unfinished Stars: 0
Runtime: 0.5 sec
Completed work frac: 1.0
Num Stars Copied Between Processes: 0
Num Lps During Enumeration: 0
Total Num Lps: 0

Result: network is SAFE

[NNENUM] Result: 
<nnenum.result.Result object at 0x715913cc3370>
[NNENUM] Enumeration finished.
safe
[NNENUM] Found counter-example stars: 0
[NNENUM] Filtering result using SMT solver...
[SMT] SMT filtered out 0 stars (out of 0; TO: 0).
[QUERY] Looking for nonlinear input combinations...
.[QUERY] Found all non-linear combinations. Count: 1
[QUERY] Returning nonlinear disjunction
[CTRL] Considering conjunction with 28 input constraints and a disjunction of size 6
[APPROX] Checking cache: SNNT.Approx.ApproxCacheObject[]
[APPROX] Constructing Approximation
[APPROX] Resolving approximation
[CTRL] Initiating iterator over current linear queries
[APPROX] # Conjunctions over output: 6
[CTRL] Processing linear query no. 4
[NNENUM] Running nnenum now...
[NNENUM] lb: [0.0062499999999999995, 0.125, 5.000000171712609e-6, -0.21079675705898798, -0.005, -0.005, -0.005, -0.005, -0.005, -0.005, -0.005, -0.005, -0.005]
[NNENUM] ub: [0.5, 0.5, 5.000000171712609e-6, -0.08052249040043885, 0.004999999999999999, 0.004999999999999999, 0.004999999999999999, 0.004999999999999999, 0.004999999999999999, 0.004999999999999999, 0.004999999999999999, 0.004999999999999999, 0.004999999999999999]
[NNENUM] Creating LP Star...
[NNENUM] Checking feasibility
[NNENUM] Generating output Spec...
[NNENUM] Spec list length:  6
[NNENUM] Enumeration in progress... 
(0.1 sec) Q: 0, Sets: 0/1  (0.0%) CEs: 0 ETA: - (expected 1 stars)   

Total Stars: 2 (2 exact, 0 approx)
Unfinished Stars: 0
Runtime: 0.1 sec
Completed work frac: 1.0
Num Stars Copied Between Processes: 0
Num Lps During Enumeration: 157
Total Num Lps: 157

Result: network is SAFE

[NNENUM] Result: 
<nnenum.result.Result object at 0x7159140bde80>
[NNENUM] Enumeration finished.
safe
[NNENUM] Found counter-example stars: 0
[NNENUM] Filtering result using SMT solver...
[SMT] SMT filtered out 0 stars (out of 0; TO: 0).
[QUERY] Looking for nonlinear input combinations...
[QUERY] Found all non-linear combinations. Count: 1
[QUERY] Returning nonlinear disjunction
[CTRL] Considering conjunction with 28 input constraints and a disjunction of size 6
[APPROX] Checking cache: SNNT.Approx.ApproxCacheObject[]
[APPROX] Constructing Approximation
[APPROX] Resolving approximation
[CTRL] Initiating iterator over current linear queries
[APPROX] # Conjunctions over output: 6
[CTRL] Processing linear query no. 5
[NNENUM] Running nnenum now...
[NNENUM] lb: [0.0062499999999999995, 0.125, 5.000000171712609e-6, -0.21079675705898798, -0.005, -0.005, -0.005, -0.005, -0.005, -0.005, -0.005, -0.005, -0.005]
[NNENUM] ub: [0.5, 0.5, 5.000000171712609e-6, -0.08052249040043885, 0.004999999999999999, 0.004999999999999999, 0.004999999999999999, 0.004999999999999999, 0.004999999999999999, 0.004999999999999999, 0.004999999999999999, 0.004999999999999999, 0.004999999999999999]
[NNENUM] Creating LP Star...
[NNENUM] Checking feasibility
[NNENUM] Generating output Spec...
[NNENUM] Spec list length:  6
[NNENUM] Enumeration in progress... 
(0.2 sec) Q: 0, Sets: 0/1  (0.0%) CEs: 0 ETA: - (expected 1 stars)   

Total Stars: 2 (1 exact, 1 approx)
Unfinished Stars: 0
Runtime: 0.2 sec
Completed work frac: 1.0
Num Stars Copied Between Processes: 0
Num Lps During Enumeration: 148
Total Num Lps: 148

Result: network is SAFE

[NNENUM] Result: 
<nnenum.result.Result object at 0x715913cd4bb0>
[NNENUM] Enumeration finished.
safe
[NNENUM] Found counter-example stars: 0
[NNENUM] Filtering result using SMT solver...
[SMT] SMT filtered out 0 stars (out of 0; TO: 0).
[QUERY] Looking for nonlinear input combinations...
.....[QUERY] Found all non-linear combinations. Count: 3
[QUERY] Returning nonlinear disjunction
[CTRL] Considering conjunction with 28 input constraints and a disjunction of size 6
[APPROX] Checking cache: SNNT.Approx.ApproxCacheObject[]
[APPROX] Constructing Approximation
[APPROX] Resolving approximation
[CTRL] Initiating iterator over current linear queries
[APPROX] # Conjunctions over output: 6
[CTRL] Processing linear query no. 6
[NNENUM] Running nnenum now...
[NNENUM] lb: [0.0062499999999999995, 0.125, 5.000000171712609e-6, -0.21079675705898798, -0.005, -0.005, -0.005, -0.005, -0.005, -0.005, -0.005, -0.005, -0.005]
[NNENUM] ub: [0.5, 0.5, 5.000000171712609e-6, -0.08052249040043885, 0.004999999999999999, 0.004999999999999999, 0.004999999999999999, 0.004999999999999999, 0.004999999999999999, 0.004999999999999999, 0.004999999999999999, 0.004999999999999999, 0.004999999999999999]
[NNENUM] Creating LP Star...
[NNENUM] Checking feasibility
[NNENUM] Generating output Spec...
[NNENUM] Spec list length:  6
[NNENUM] Enumeration in progress... 
(0.1 sec) Q: 0, Sets: 0/1  (0.0%) CEs: 0 ETA: - (expected 1 stars)   
(0.2 sec) Q: 0, Sets: 5/8  (12.5%) CEs: 0 ETA: 1.7 sec (expected 40 stars)   
(0.3 sec) Q: 0, Sets: 6/12  (14.062%) CEs: 0 ETA: 2.1 sec (expected 43 stars)   (0.5 sec) Q: 0, Sets: 15/18  (18.75%) CEs: 0 ETA: 2.1 sec (expected 80 stars)   
(0.6 sec) Q: 0, Sets: 19/23  (22.656%) CEs: 0 ETA: 2.0 sec (expected 84 stars)   (0.7 sec) Q: 0, Sets: 20/23  (23.438%) CEs: 0 ETA: 2.3 sec (expected 85 stars)   (0.9 sec) Q: 0, Sets: 23/23  (100.0%) CEs: 0 ETA: 0.0 sec (expected 23 stars)   
Total Stars: 23 (2 exact, 21 approx)
Unfinished Stars: 0
Runtime: 0.9 sec
Completed work frac: 1.0
Num Stars Copied Between Processes: 0
Num Lps During Enumeration: 118
Total Num Lps: 118

Result: network is SAFE

[NNENUM] Result: 
<nnenum.result.Result object at 0x7159140f0820>
[NNENUM] Enumeration finished.
safe
[NNENUM] Found counter-example stars: 0
[NNENUM] Filtering result using SMT solver...
[SMT] SMT filtered out 0 stars (out of 0; TO: 0).
[QUERY] Looking for nonlinear input combinations...
[QUERY] Found all non-linear combinations. Count: 1
[QUERY] Returning nonlinear disjunction
[CTRL] Considering conjunction with 28 input constraints and a disjunction of size 6
[APPROX] Checking cache: SNNT.Approx.ApproxCacheObject[]
[APPROX] Constructing Approximation
[APPROX] Resolving approximation
[CTRL] Initiating iterator over current linear queries
[APPROX] # Conjunctions over output: 6
[CTRL] Processing linear query no. 7
[NNENUM] Running nnenum now...
[NNENUM] lb: [0.0062499999999999995, 0.125, 5.000000171712609e-6, -0.21079675705898798, -0.005, -0.005, -0.005, -0.005, -0.005, -0.005, -0.005, -0.005, -0.005]
[NNENUM] ub: [0.5, 0.5, 5.000000171712609e-6, -0.08052249040043885, 0.004999999999999999, 0.004999999999999999, 0.004999999999999999, 0.004999999999999999, 0.004999999999999999, 0.004999999999999999, 0.004999999999999999, 0.004999999999999999, 0.004999999999999999]
[NNENUM] Creating LP Star...
[NNENUM] Checking feasibility
[NNENUM] Generating output Spec...
[NNENUM] Spec list length:  6
[NNENUM] Enumeration in progress... 
(0.2 sec) Q: 0, Sets: 0/1  (0.0%) CEs: 0 ETA: - (expected 1 stars)   

Total Stars: 4 (1 exact, 3 approx)
Unfinished Stars: 0
Runtime: 0.2 sec
Completed work frac: 1.0
Num Stars Copied Between Processes: 0
Num Lps During Enumeration: 82
Total Num Lps: 82

Result: network is SAFE

[NNENUM] Result: 
<nnenum.result.Result object at 0x715913cdb190>
[NNENUM] Enumeration finished.
safe
[NNENUM] Found counter-example stars: 0
[NNENUM] Filtering result using SMT solver...
[SMT] SMT filtered out 0 stars (out of 0; TO: 0).
[QUERY] Looking for nonlinear input combinations...
[QUERY] Found all non-linear combinations. Count: 1
[QUERY] Returning nonlinear disjunction
[CTRL] Considering conjunction with 28 input constraints and a disjunction of size 6
[APPROX] Checking cache: SNNT.Approx.ApproxCacheObject[]
[APPROX] Constructing Approximation
[APPROX] Resolving approximation
[CTRL] Initiating iterator over current linear queries
[APPROX] # Conjunctions over output: 6
[CTRL] Processing linear query no. 8
[NNENUM] Running nnenum now...
[NNENUM] lb: [0.0062499999999999995, 0.125, 5.000000171712609e-6, -0.21079675705898798, -0.005, -0.005, -0.005, -0.005, -0.005, -0.005, -0.005, -0.005, -0.005]
[NNENUM] ub: [0.5, 0.5, 5.000000171712609e-6, -0.08052249040043885, 0.004999999999999999, 0.004999999999999999, 0.004999999999999999, 0.004999999999999999, 0.004999999999999999, 0.004999999999999999, 0.004999999999999999, 0.004999999999999999, 0.004999999999999999]
[NNENUM] Creating LP Star...
[NNENUM] Checking feasibility
[NNENUM] Generating output Spec...
[NNENUM] Spec list length:  6
[NNENUM] Enumeration in progress... 
(0.2 sec) Q: 0, Sets: 0/1  (0.0%) CEs: 0 ETA: - (expected 1 stars)   

Total Stars: 3 (1 exact, 2 approx)
Unfinished Stars: 0
Runtime: 0.3 sec
Completed work frac: 1.0
Num Stars Copied Between Processes: 0
Num Lps During Enumeration: 88
Total Num Lps: 88

Result: network is SAFE

[NNENUM] Result: 
<nnenum.result.Result object at 0x715913cdb850>
[NNENUM] Enumeration finished.
safe
[NNENUM] Found counter-example stars: 0
[NNENUM] Filtering result using SMT solver...
[SMT] SMT filtered out 0 stars (out of 0; TO: 0).
[QUERY] Looking for nonlinear input combinations...
[QUERY] Found all non-linear combinations. Count: 1
[QUERY] Returning nonlinear disjunction
[CTRL] Considering conjunction with 28 input constraints and a disjunction of size 6
[APPROX] Checking cache: SNNT.Approx.ApproxCacheObject[]
[APPROX] Constructing Approximation
[APPROX] Resolving approximation
[CTRL] Initiating iterator over current linear queries
[APPROX] # Conjunctions over output: 6
[CTRL] Processing linear query no. 9
[NNENUM] Running nnenum now...
[NNENUM] lb: [0.0062499999999999995, 0.125, 5.000000171712609e-6, -0.21079675705898798, -0.005, -0.005, -0.005, -0.005, -0.005, -0.005, -0.005, -0.005, -0.005]
[NNENUM] ub: [0.5, 0.5, 5.000000171712609e-6, -0.08052249040043885, 0.004999999999999999, 0.004999999999999999, 0.004999999999999999, 0.004999999999999999, 0.004999999999999999, 0.004999999999999999, 0.004999999999999999, 0.004999999999999999, 0.004999999999999999]
[NNENUM] Creating LP Star...
[NNENUM] Checking feasibility
[NNENUM] Generating output Spec...
[NNENUM] Spec list length:  6
[NNENUM] Enumeration in progress... 
(0.1 sec) Q: 0, Sets: 0/1  (0.0%) CEs: 0 ETA: - (expected 1 stars)   

Total Stars: 4 (1 exact, 3 approx)
Unfinished Stars: 0
Runtime: 0.1 sec
Completed work frac: 1.0
Num Stars Copied Between Processes: 0
Num Lps During Enumeration: 82
Total Num Lps: 82

Result: network is SAFE

[NNENUM] Result: 
<nnenum.result.Result object at 0x7159140bd3a0>
[NNENUM] Enumeration finished.
safe
[NNENUM] Found counter-example stars: 0
[NNENUM] Filtering result using SMT solver...
[SMT] SMT filtered out 0 stars (out of 0; TO: 0).
[QUERY] Looking for nonlinear input combinations...
[QUERY] Found all non-linear combinations. Count: 1
[QUERY] Returning nonlinear disjunction
[CTRL] Considering conjunction with 28 input constraints and a disjunction of size 6
[APPROX] Checking cache: SNNT.Approx.ApproxCacheObject[]
[APPROX] Constructing Approximation
[APPROX] Resolving approximation
[CTRL] Initiating iterator over current linear queries
[APPROX] # Conjunctions over output: 6
[CTRL] Processing linear query no. 10
[NNENUM] Running nnenum now...
[NNENUM] lb: [0.0062499999999999995, 0.125, 5.000000171712609e-6, -0.21079675705898798, -0.005, -0.005, -0.005, -0.005, -0.005, -0.005, -0.005, -0.005, -0.005]
[NNENUM] ub: [0.5, 0.5, 5.000000171712609e-6, -0.08052249040043885, 0.004999999999999999, 0.004999999999999999, 0.004999999999999999, 0.004999999999999999, 0.004999999999999999, 0.004999999999999999, 0.004999999999999999, 0.004999999999999999, 0.004999999999999999]
[NNENUM] Creating LP Star...
[NNENUM] Checking feasibility
[NNENUM] Generating output Spec...
[NNENUM] Spec list length:  6
[NNENUM] Enumeration in progress... 
(0.1 sec) Q: 0, Sets: 0/1  (0.0%) CEs: 0 ETA: - (expected 1 stars)   
(0.2 sec) Q: 0, Sets: 0/2  (0.0%) CEs: 0 ETA: - (expected 1 stars)   

Total Stars: 3 (2 exact, 1 approx)
Unfinished Stars: 0
Runtime: 0.3 sec
Completed work frac: 1.0
Num Stars Copied Between Processes: 0
Num Lps During Enumeration: 130
Total Num Lps: 130

Result: network is SAFE

[NNENUM] Result: 
<nnenum.result.Result object at 0x715913ce1940>
[NNENUM] Enumeration finished.
safe
[NNENUM] Found counter-example stars: 0
[NNENUM] Filtering result using SMT solver...
[SMT] SMT filtered out 0 stars (out of 0; TO: 0).
[QUERY] Looking for nonlinear input combinations...
[QUERY] Found all non-linear combinations. Count: 3
[QUERY] Returning nonlinear disjunction
[CTRL] Considering conjunction with 28 input constraints and a disjunction of size 6
[APPROX] Checking cache: SNNT.Approx.ApproxCacheObject[]
[APPROX] Constructing Approximation
[APPROX] Resolving approximation
[CTRL] Initiating iterator over current linear queries
[APPROX] # Conjunctions over output: 6
[CTRL] Processing linear query no. 11
[NNENUM] Running nnenum now...
[NNENUM] lb: [0.0062499999999999995, 0.125, 5.000000171712609e-6, -0.21079675705898798, -0.005, -0.005, -0.005, -0.005, -0.005, -0.005, -0.005, -0.005, -0.005]
[NNENUM] ub: [0.5, 0.5, 5.000000171712609e-6, -0.08052249040043885, 0.004999999999999999, 0.004999999999999999, 0.004999999999999999, 0.004999999999999999, 0.004999999999999999, 0.004999999999999999, 0.004999999999999999, 0.004999999999999999, 0.004999999999999999]
[NNENUM] Creating LP Star...
[NNENUM] Checking feasibility
[NNENUM] Generating output Spec...
[NNENUM] Spec list length:  6
[NNENUM] Enumeration in progress... 
(0.2 sec) Q: 0, Sets: 0/1  (0.0%) CEs: 0 ETA: - (expected 1 stars)   
(0.3 sec) Q: 0, Sets: 2/7  (9.375%) CEs: 0 ETA: 2.8 sec (expected 21 stars)   
(0.4 sec) Q: 0, Sets: 8/14  (14.453%) CEs: 0 ETA: 2.3 sec (expected 55 stars)   (0.5 sec) Q: 0, Sets: 15/18  (18.75%) CEs: 0 ETA: 2.2 sec (expected 80 stars)   
(0.6 sec) Q: 0, Sets: 20/24  (23.047%) CEs: 0 ETA: 2.0 sec (expected 87 stars)   (0.7 sec) Q: 0, Sets: 26/32  (26.953%) CEs: 0 ETA: 1.9 sec (expected 96 stars)   
Total Stars: 33 (3 exact, 30 approx)
Unfinished Stars: 0
Runtime: 0.8 sec
Completed work frac: 1.0
Num Stars Copied Between Processes: 0
Num Lps During Enumeration: 154
Total Num Lps: 154

Result: network is SAFE

[NNENUM] Result: 
<nnenum.result.Result object at 0x715913cdb1c0>
[NNENUM] Enumeration finished.
safe
[NNENUM] Found counter-example stars: 0
[NNENUM] Filtering result using SMT solver...
[SMT] SMT filtered out 0 stars (out of 0; TO: 0).
[QUERY] Looking for nonlinear input combinations...
.[QUERY] Found all non-linear combinations. Count: 3
[QUERY] Returning nonlinear disjunction
[CTRL] Considering conjunction with 28 input constraints and a disjunction of size 6
[APPROX] Checking cache: SNNT.Approx.ApproxCacheObject[]
[APPROX] Constructing Approximation
[APPROX] Resolving approximation
[CTRL] Initiating iterator over current linear queries
[APPROX] # Conjunctions over output: 6
[CTRL] Processing linear query no. 12
[NNENUM] Running nnenum now...
[NNENUM] lb: [0.0062499999999999995, 0.125, 5.000000171712609e-6, -0.21079675705898798, -0.005, -0.005, -0.005, -0.005, -0.005, -0.005, -0.005, -0.005, -0.005]
[NNENUM] ub: [0.5, 0.5, 5.000000171712609e-6, -0.08052249040043885, 0.004999999999999999, 0.004999999999999999, 0.004999999999999999, 0.004999999999999999, 0.004999999999999999, 0.004999999999999999, 0.004999999999999999, 0.004999999999999999, 0.004999999999999999]
[NNENUM] Creating LP Star...
[NNENUM] Checking feasibility
[NNENUM] Generating output Spec...
[NNENUM] Spec list length:  6
[NNENUM] Enumeration in progress... 
(0.2 sec) Q: 0, Sets: 0/1  (0.0%) CEs: 0 ETA: - (expected 1 stars)   
(0.3 sec) Q: 0, Sets: 4/12  (6.445%) CEs: 0 ETA: 4.0 sec (expected 62 stars)   
(0.4 sec) Q: 0, Sets: 7/13  (7.812%) CEs: 0 ETA: 4.5 sec (expected 90 stars)   
Total Stars: 17 (0 exact, 17 approx)
Unfinished Stars: 0
Runtime: 0.5 sec
Completed work frac: 1.0
Num Stars Copied Between Processes: 0
Num Lps During Enumeration: 0
Total Num Lps: 0

Result: network is SAFE

[NNENUM] Result: 
<nnenum.result.Result object at 0x715913cdbc10>
[NNENUM] Enumeration finished.
safe
[NNENUM] Found counter-example stars: 0
[NNENUM] Filtering result using SMT solver...
[SMT] SMT filtered out 0 stars (out of 0; TO: 0).
[QUERY] Looking for nonlinear input combinations...
[QUERY] Found all non-linear combinations. Count: 1
[QUERY] Returning nonlinear disjunction
[CTRL] Considering conjunction with 28 input constraints and a disjunction of size 6
[APPROX] Checking cache: SNNT.Approx.ApproxCacheObject[]
[APPROX] Constructing Approximation
[APPROX] Resolving approximation
[CTRL] Initiating iterator over current linear queries
[APPROX] # Conjunctions over output: 6
[CTRL] Processing linear query no. 13
[NNENUM] Running nnenum now...
[NNENUM] lb: [0.0062499999999999995, 0.125, 5.000000171712609e-6, -0.21079675705898798, -0.005, -0.005, -0.005, -0.005, -0.005, -0.005, -0.005, -0.005, -0.005]
[NNENUM] ub: [0.5, 0.5, 5.000000171712609e-6, -0.08052249040043885, 0.004999999999999999, 0.004999999999999999, 0.004999999999999999, 0.004999999999999999, 0.004999999999999999, 0.004999999999999999, 0.004999999999999999, 0.004999999999999999, 0.004999999999999999]
[NNENUM] Creating LP Star...
[NNENUM] Checking feasibility
[NNENUM] Generating output Spec...
[NNENUM] Spec list length:  6
[NNENUM] Enumeration in progress... 
(0.1 sec) Q: 0, Sets: 0/1  (0.0%) CEs: 0 ETA: - (expected 1 stars)   

Total Stars: 2 (1 exact, 1 approx)
Unfinished Stars: 0
Runtime: 0.1 sec
Completed work frac: 1.0
Num Stars Copied Between Processes: 0
Num Lps During Enumeration: 148
Total Num Lps: 148

Result: network is SAFE

[NNENUM] Result: 
<nnenum.result.Result object at 0x715913cee280>
[NNENUM] Enumeration finished.
safe
[NNENUM] Found counter-example stars: 0
[NNENUM] Filtering result using SMT solver...
[SMT] SMT filtered out 0 stars (out of 0; TO: 0).
[QUERY] Looking for nonlinear input combinations...
[QUERY] Found all non-linear combinations. Count: 1
[QUERY] Returning nonlinear disjunction
[CTRL] Considering conjunction with 28 input constraints and a disjunction of size 6
[APPROX] Checking cache: SNNT.Approx.ApproxCacheObject[]
[APPROX] Constructing Approximation
[APPROX] Resolving approximation
[CTRL] Initiating iterator over current linear queries
[APPROX] # Conjunctions over output: 6
[CTRL] Processing linear query no. 14
[NNENUM] Running nnenum now...
[NNENUM] lb: [0.0062499999999999995, 0.125, 5.000000171712609e-6, -0.21079675705898798, -0.005, -0.005, -0.005, -0.005, -0.005, -0.005, -0.005, -0.005, -0.005]
[NNENUM] ub: [0.5, 0.5, 5.000000171712609e-6, -0.08052249040043885, 0.004999999999999999, 0.004999999999999999, 0.004999999999999999, 0.004999999999999999, 0.004999999999999999, 0.004999999999999999, 0.004999999999999999, 0.004999999999999999, 0.004999999999999999]
[NNENUM] Creating LP Star...
[NNENUM] Checking feasibility
[NNENUM] Generating output Spec...
[NNENUM] Spec list length:  6
[NNENUM] Enumeration in progress... 
(0.2 sec) Q: 0, Sets: 0/1  (0.0%) CEs: 0 ETA: - (expected 1 stars)   

Total Stars: 2 (2 exact, 0 approx)
Unfinished Stars: 0
Runtime: 0.3 sec
Completed work frac: 1.0
Num Stars Copied Between Processes: 0
Num Lps During Enumeration: 157
Total Num Lps: 157

Result: network is SAFE

[NNENUM] Result: 
<nnenum.result.Result object at 0x715913cf1400>
[NNENUM] Enumeration finished.
safe
[NNENUM] Found counter-example stars: 0
[NNENUM] Filtering result using SMT solver...
[SMT] SMT filtered out 0 stars (out of 0; TO: 0).
[QUERY] Looking for nonlinear input combinations...
[QUERY] Found all non-linear combinations. Count: 1
[QUERY] Returning nonlinear disjunction
[CTRL] Considering conjunction with 28 input constraints and a disjunction of size 6
[APPROX] Checking cache: SNNT.Approx.ApproxCacheObject[]
[APPROX] Constructing Approximation
[APPROX] Resolving approximation
[CTRL] Initiating iterator over current linear queries
[APPROX] # Conjunctions over output: 6
[CTRL] Processing linear query no. 15
[NNENUM] Running nnenum now...
[NNENUM] lb: [0.0062499999999999995, 0.125, 5.000000171712609e-6, -0.21079675705898798, -0.005, -0.005, -0.005, -0.005, -0.005, -0.005, -0.005, -0.005, -0.005]
[NNENUM] ub: [0.5, 0.5, 5.000000171712609e-6, -0.08052249040043885, 0.004999999999999999, 0.004999999999999999, 0.004999999999999999, 0.004999999999999999, 0.004999999999999999, 0.004999999999999999, 0.004999999999999999, 0.004999999999999999, 0.004999999999999999]
[NNENUM] Creating LP Star...
[NNENUM] Checking feasibility
[NNENUM] Generating output Spec...
[NNENUM] Spec list length:  6
[NNENUM] Enumeration in progress... 
(0.2 sec) Q: 0, Sets: 0/1  (0.0%) CEs: 0 ETA: - (expected 1 stars)   

Total Stars: 2 (1 exact, 1 approx)
Unfinished Stars: 0
Runtime: 0.2 sec
Completed work frac: 1.0
Num Stars Copied Between Processes: 0
Num Lps During Enumeration: 148
Total Num Lps: 148

Result: network is SAFE

[NNENUM] Result: 
<nnenum.result.Result object at 0x715913cf1640>
[NNENUM] Enumeration finished.
safe
[NNENUM] Found counter-example stars: 0
[NNENUM] Filtering result using SMT solver...
[SMT] SMT filtered out 0 stars (out of 0; TO: 0).
[QUERY] Looking for nonlinear input combinations...
[QUERY] Found all non-linear combinations. Count: 1
[QUERY] Returning nonlinear disjunction
[CTRL] Considering conjunction with 28 input constraints and a disjunction of size 6
[APPROX] Checking cache: SNNT.Approx.ApproxCacheObject[]
[APPROX] Constructing Approximation
[APPROX] Resolving approximation
[CTRL] Initiating iterator over current linear queries
[APPROX] # Conjunctions over output: 6
[CTRL] Processing linear query no. 16
[NNENUM] Running nnenum now...
[NNENUM] lb: [0.0062499999999999995, 0.125, 5.000000171712609e-6, -0.21079675705898798, -0.005, -0.005, -0.005, -0.005, -0.005, -0.005, -0.005, -0.005, -0.005]
[NNENUM] ub: [0.5, 0.5, 5.000000171712609e-6, -0.08052249040043885, 0.004999999999999999, 0.004999999999999999, 0.004999999999999999, 0.004999999999999999, 0.004999999999999999, 0.004999999999999999, 0.004999999999999999, 0.004999999999999999, 0.004999999999999999]
[NNENUM] Creating LP Star...
[NNENUM] Checking feasibility
[NNENUM] Generating output Spec...
[NNENUM] Spec list length:  6
[NNENUM] Enumeration in progress... 
(0.2 sec) Q: 0, Sets: 0/1  (0.0%) CEs: 0 ETA: - (expected 1 stars)   

Total Stars: 2 (2 exact, 0 approx)
Unfinished Stars: 0
Runtime: 0.2 sec
Completed work frac: 1.0
Num Stars Copied Between Processes: 0
Num Lps During Enumeration: 157
Total Num Lps: 157

Result: network is SAFE

[NNENUM] Result: 
<nnenum.result.Result object at 0x715913cf1d90>
[NNENUM] Enumeration finished.
safe
[NNENUM] Found counter-example stars: 0
[NNENUM] Filtering result using SMT solver...
[SMT] SMT filtered out 0 stars (out of 0; TO: 0).
[QUERY] Looking for nonlinear input combinations...
[QUERY] Found all non-linear combinations. Count: 3
[QUERY] Returning nonlinear disjunction
[CTRL] Considering conjunction with 28 input constraints and a disjunction of size 6
[APPROX] Checking cache: SNNT.Approx.ApproxCacheObject[]
[APPROX] Constructing Approximation
[APPROX] Resolving approximation
[CTRL] Initiating iterator over current linear queries
[APPROX] # Conjunctions over output: 6
[CTRL] Processing linear query no. 17
[NNENUM] Running nnenum now...
[NNENUM] lb: [0.0062499999999999995, 0.125, 5.000000171712609e-6, -0.21079675705898798, -0.005, -0.005, -0.005, -0.005, -0.005, -0.005, -0.005, -0.005, -0.005]
[NNENUM] ub: [0.5, 0.5, 5.000000171712609e-6, -0.08052249040043885, 0.004999999999999999, 0.004999999999999999, 0.004999999999999999, 0.004999999999999999, 0.004999999999999999, 0.004999999999999999, 0.004999999999999999, 0.004999999999999999, 0.004999999999999999]
[NNENUM] Creating LP Star...
[NNENUM] Checking feasibility
[NNENUM] Generating output Spec...
[NNENUM] Spec list length:  6
[NNENUM] Enumeration in progress... 
(0.1 sec) Q: 0, Sets: 0/1  (0.0%) CEs: 0 ETA: - (expected 1 stars)   
(0.3 sec) Q: 0, Sets: 1/7  (3.125%) CEs: 0 ETA: 8.3 sec (expected 32 stars)   
(0.4 sec) Q: 0, Sets: 9/12  (18.75%) CEs: 0 ETA: 1.6 sec (expected 48 stars)   (0.5 sec) Q: 0, Sets: 9/15  (18.75%) CEs: 0 ETA: 2.1 sec (expected 48 stars)   

Total Stars: 15 (0 exact, 15 approx)
Unfinished Stars: 0
Runtime: 0.5 sec
Completed work frac: 1.0
Num Stars Copied Between Processes: 0
Num Lps During Enumeration: 0
Total Num Lps: 0

Result: network is SAFE

[NNENUM] Result: 
<nnenum.result.Result object at 0x715913ceefa0>
[NNENUM] Enumeration finished.
safe
[NNENUM] Found counter-example stars: 0
[NNENUM] Filtering result using SMT solver...
[SMT] SMT filtered out 0 stars (out of 0; TO: 0).
[QUERY] Looking for nonlinear input combinations...
..[QUERY] Found all non-linear combinations. Count: 2
[QUERY] Returning nonlinear disjunction
[CTRL] Considering conjunction with 28 input constraints and a disjunction of size 6
[APPROX] Checking cache: SNNT.Approx.ApproxCacheObject[]
[APPROX] Constructing Approximation
[APPROX] Resolving approximation
[CTRL] Initiating iterator over current linear queries
[APPROX] # Conjunctions over output: 6
[CTRL] Processing linear query no. 18
[NNENUM] Running nnenum now...
[NNENUM] lb: [0.0062499999999999995, 0.125, 5.000000171712609e-6, -0.21079675705898798, -0.005, -0.005, -0.005, -0.005, -0.005, -0.005, -0.005, -0.005, -0.005]
[NNENUM] ub: [0.5, 0.5, 5.000000171712609e-6, -0.08052249040043885, 0.004999999999999999, 0.004999999999999999, 0.004999999999999999, 0.004999999999999999, 0.004999999999999999, 0.004999999999999999, 0.004999999999999999, 0.004999999999999999, 0.004999999999999999]
[NNENUM] Creating LP Star...
[NNENUM] Checking feasibility
[NNENUM] Generating output Spec...
[NNENUM] Spec list length:  6
[NNENUM] Enumeration in progress... 

[NNENUM] Result: 
<nnenum.result.Result object at 0x715913cf1220>
[NNENUM] Enumeration finished.
safe
[NNENUM] Filtering result using SMT solver...
[SMT] SMT filtered out 0 stars (out of 0; TO: 0).
[QUERY] Looking for nonlinear input combinations...
[QUERY] Found all non-linear combinations. Count: 2
[QUERY] Returning nonlinear disjunction
[CTRL] Considering conjunction with 28 input constraints and a disjunction of size 6
[APPROX] Checking cache: SNNT.Approx.ApproxCacheObject[]
[APPROX] Constructing Approximation
[APPROX] Resolving approximation
[CTRL] Initiating iterator over current linear queries
[APPROX] # Conjunctions over output: 6
[CTRL] Processing linear query no. 19
[NNENUM] Running nnenum now...
[NNENUM] lb: [0.0062499999999999995, 0.125, 5.000000171712609e-6, -0.21079675705898798, -0.005, -0.005, -0.005, -0.005, -0.005, -0.005, -0.005, -0.005, -0.005]
[NNENUM] ub: [0.5, 0.5, 5.000000171712609e-6, -0.08052249040043885, 0.004999999999999999, 0.004999999999999999, 0.004999999999999999, 0.004999999999999999, 0.004999999999999999, 0.004999999999999999, 0.004999999999999999, 0.004999999999999999, 0.004999999999999999]
[NNENUM] Creating LP Star...
[NNENUM] Checking feasibility
[NNENUM] Generating output Spec...
[NNENUM] Spec list length:  6
[NNENUM] Enumeration in progress... 
(0.1 sec) Q: 0, Sets: 0/1  (0.0%) CEs: 0 ETA: - (expected 1 stars)   
(0.2 sec) Q: 0, Sets: 0/2  (0.0%) CEs: 0 ETA: - (expected 1 stars)   

Total Stars: 5 (1 exact, 4 approx)
Unfinished Stars: 0
Runtime: 0.3 sec
Completed work frac: 1.0
Num Stars Copied Between Processes: 0
Num Lps During Enumeration: 9
Total Num Lps: 9

Result: network is SAFE

[NNENUM] Result: 
<nnenum.result.Result object at 0x715913ce1cd0>
[NNENUM] Enumeration finished.
safe
[NNENUM] Found counter-example stars: 0
[NNENUM] Filtering result using SMT solver...
[SMT] SMT filtered out 0 stars (out of 0; TO: 0).
[QUERY] Looking for nonlinear input combinations...
.....[QUERY] Found all non-linear combinations. Count: 3
[QUERY] Returning nonlinear disjunction
[CTRL] Considering conjunction with 30 input constraints and a disjunction of size 6
[APPROX] Checking cache: SNNT.Approx.ApproxCacheObject[]
[APPROX] Constructing Approximation
[APPROX] Resolving approximation
[CTRL] Initiating iterator over current linear queries
[APPROX] # Conjunctions over output: 6
[CTRL] Processing linear query no. 20
[NNENUM] Running nnenum now...
[NNENUM] lb: [0.0062499999999999995, 0.125, 5.000000171712609e-6, -0.21079675705898798, -0.005, -0.005, -0.005, -0.005, -0.005, -0.005, -0.005, -0.005, -0.005]
[NNENUM] ub: [0.5, 0.5, 5.000000171712609e-6, -0.08052249040043885, 0.004999999999999999, 0.004999999999999999, 0.004999999999999999, 0.004999999999999999, 0.004999999999999999, 0.004999999999999999, 0.004999999999999999, 0.004999999999999999, 0.004999999999999999]
[NNENUM] Creating LP Star...
[NNENUM] Checking feasibility
[NNENUM] Generating output Spec...
[NNENUM] Spec list length:  6
[NNENUM] Enumeration in progress... 
(0.1 sec) Q: 0, Sets: 0/1  (0.0%) CEs: 0 ETA: - (expected 1 stars)   

Total Stars: 5 (2 exact, 3 approx)
Unfinished Stars: 0
Runtime: 0.1 sec
Completed work frac: 1.0
Num Stars Copied Between Processes: 0
Num Lps During Enumeration: 135
Total Num Lps: 135

Result: network is SAFE

[NNENUM] Result: 
<nnenum.result.Result object at 0x715913cee670>
[NNENUM] Enumeration finished.
safe
[NNENUM] Found counter-example stars: 0
[NNENUM] Filtering result using SMT solver...
[SMT] SMT filtered out 0 stars (out of 0; TO: 0).
[QUERY] Looking for nonlinear input combinations...
...[QUERY] Found all non-linear combinations. Count: 2
[QUERY] Returning nonlinear disjunction
[CTRL] Considering conjunction with 30 input constraints and a disjunction of size 6
[APPROX] Checking cache: SNNT.Approx.ApproxCacheObject[]
[APPROX] Constructing Approximation
[APPROX] Resolving approximation
[CTRL] Initiating iterator over current linear queries
[APPROX] # Conjunctions over output: 6
[CTRL] Processing linear query no. 21
[NNENUM] Running nnenum now...
[NNENUM] lb: [0.0062499999999999995, 0.125, 5.000000171712609e-6, -0.21079675705898798, -0.005, -0.005, -0.005, -0.005, -0.005, -0.005, -0.005, -0.005, -0.005]
[NNENUM] ub: [0.5, 0.5, 5.000000171712609e-6, -0.08052249040043885, 0.004999999999999999, 0.004999999999999999, 0.004999999999999999, 0.004999999999999999, 0.004999999999999999, 0.004999999999999999, 0.004999999999999999, 0.004999999999999999, 0.004999999999999999]
[NNENUM] Creating LP Star...
[NNENUM] Checking feasibility
[NNENUM] Generating output Spec...
[NNENUM] Spec list length:  6
[NNENUM] Enumeration in progress... 

[NNENUM] Result: 
<nnenum.result.Result object at 0x715913cfdb50>
[NNENUM] Enumeration finished.
safe
[NNENUM] Filtering result using SMT solver...
[SMT] SMT filtered out 0 stars (out of 0; TO: 0).
[QUERY] Looking for nonlinear input combinations...
..[QUERY] Found all non-linear combinations. Count: 1
[QUERY] Returning nonlinear disjunction
[CTRL] Considering conjunction with 32 input constraints and a disjunction of size 6
[APPROX] Checking cache: SNNT.Approx.ApproxCacheObject[]
[APPROX] Constructing Approximation
[APPROX] Resolving approximation
[CTRL] Initiating iterator over current linear queries
[APPROX] # Conjunctions over output: 6
[CTRL] Processing linear query no. 22
[NNENUM] Running nnenum now...
[NNENUM] lb: [0.0062499999999999995, 0.125, 5.000000171712609e-6, -0.21079675705898798, -0.005, -0.005, -0.005, -0.005, -0.005, -0.005, -0.005, -0.005, -0.005]
[NNENUM] ub: [0.5, 0.5, 5.000000171712609e-6, -0.08052249040043885, 0.004999999999999999, 0.004999999999999999, 0.004999999999999999, 0.004999999999999999, 0.004999999999999999, 0.004999999999999999, 0.004999999999999999, 0.004999999999999999, 0.004999999999999999]
[NNENUM] Creating LP Star...
[NNENUM] Checking feasibility
[NNENUM] Generating output Spec...
[NNENUM] Spec list length:  6
[NNENUM] Enumeration in progress... 
(0.2 sec) Q: 0, Sets: 0/1  (0.0%) CEs: 0 ETA: - (expected 1 stars)   
(0.3 sec) Q: 0, Sets: 3/7  (29.688%) CEs: 0 ETA: 0.7 sec (expected 10 stars)   

Total Stars: 11 (5 exact, 6 approx)
Unfinished Stars: 0
Runtime: 0.4 sec
Completed work frac: 1.0
Num Stars Copied Between Processes: 0
Num Lps During Enumeration: 259
Total Num Lps: 259

Result: network is SAFE

[NNENUM] Result: 
<nnenum.result.Result object at 0x715913ceef10>
[NNENUM] Enumeration finished.
safe
[NNENUM] Found counter-example stars: 0
[NNENUM] Filtering result using SMT solver...
[SMT] SMT filtered out 0 stars (out of 0; TO: 0).
[QUERY] Looking for nonlinear input combinations...
..[QUERY] Found all non-linear combinations. Count: 3
[QUERY] Returning nonlinear disjunction
[CTRL] Considering conjunction with 35 input constraints and a disjunction of size 6
[APPROX] Checking cache: SNNT.Approx.ApproxCacheObject[]
[APPROX] Constructing Approximation
[APPROX] Resolving approximation
[CTRL] Initiating iterator over current linear queries
[APPROX] # Conjunctions over output: 6
[CTRL] Processing linear query no. 23
[NNENUM] Running nnenum now...
[NNENUM] lb: [0.0062499999999999995, 0.125, 5.000000171712609e-6, -0.21079675705898798, -0.005, -0.005, -0.005, -0.005, -0.005, -0.005, -0.005, -0.005, -0.005]
[NNENUM] ub: [0.5, 0.5, 5.000000171712609e-6, -0.08052249040043885, 0.004999999999999999, 0.004999999999999999, 0.004999999999999999, 0.004999999999999999, 0.004999999999999999, 0.004999999999999999, 0.004999999999999999, 0.004999999999999999, 0.004999999999999999]
[NNENUM] Creating LP Star...
[NNENUM] Checking feasibility
[NNENUM] Generating output Spec...
[NNENUM] Spec list length:  6
[NNENUM] Enumeration in progress... 
(0.0 sec) Q: 0, Sets: 0/1  (0.0%) CEs: 0 ETA: - (expected 1 stars)   

Total Stars: 2 (2 exact, 0 approx)
Unfinished Stars: 0
Runtime: 0.0 sec
Completed work frac: 1.0
Num Stars Copied Between Processes: 0
Num Lps During Enumeration: 193
Total Num Lps: 193

Result: network is SAFE

[NNENUM] Result: 
<nnenum.result.Result object at 0x715913cc3e80>
[NNENUM] Enumeration finished.
safe
[NNENUM] Found counter-example stars: 0
[NNENUM] Filtering result using SMT solver...
[SMT] SMT filtered out 0 stars (out of 0; TO: 0).
[QUERY] Looking for nonlinear input combinations...
[QUERY] Found all non-linear combinations. Count: 1
[QUERY] Returning nonlinear disjunction
[CTRL] Considering conjunction with 35 input constraints and a disjunction of size 6
[APPROX] Checking cache: SNNT.Approx.ApproxCacheObject[]
[APPROX] Constructing Approximation
[APPROX] Resolving approximation
[CTRL] Initiating iterator over current linear queries
[APPROX] # Conjunctions over output: 6
[CTRL] Processing linear query no. 24
[NNENUM] Running nnenum now...
[NNENUM] lb: [0.0062499999999999995, 0.125, 5.000000171712609e-6, -0.21079675705898798, -0.005, -0.005, -0.005, -0.005, -0.005, -0.005, -0.005, -0.005, -0.005]
[NNENUM] ub: [0.5, 0.5, 5.000000171712609e-6, -0.08052249040043885, 0.004999999999999999, 0.004999999999999999, 0.004999999999999999, 0.004999999999999999, 0.004999999999999999, 0.004999999999999999, 0.004999999999999999, 0.004999999999999999, 0.004999999999999999]
[NNENUM] Creating LP Star...
[NNENUM] Checking feasibility
[NNENUM] Generating output Spec...
[NNENUM] Spec list length:  6
[NNENUM] Enumeration in progress... 
(0.1 sec) Q: 0, Sets: 0/1  (0.0%) CEs: 0 ETA: - (expected 1 stars)   
(0.2 sec) Q: 0, Sets: 0/2  (0.0%) CEs: 0 ETA: - (expected 1 stars)   

Total Stars: 6 (4 exact, 2 approx)
Unfinished Stars: 0
Runtime: 0.3 sec
Completed work frac: 1.0
Num Stars Copied Between Processes: 0
Num Lps During Enumeration: 239
Total Num Lps: 239

Result: network is SAFE

[NNENUM] Result: 
<nnenum.result.Result object at 0x715913cd4340>
[NNENUM] Enumeration finished.
safe
[NNENUM] Found counter-example stars: 0
[NNENUM] Filtering result using SMT solver...
[SMT] SMT filtered out 0 stars (out of 0; TO: 0).
[QUERY] Looking for nonlinear input combinations...
.[QUERY] Found all non-linear combinations. Count: 1
[QUERY] Returning nonlinear disjunction
[CTRL] Considering conjunction with 35 input constraints and a disjunction of size 5
[APPROX] Checking cache: SNNT.Approx.ApproxCacheObject[]
[APPROX] Constructing Approximation
[APPROX] Resolving approximation
[CTRL] Initiating iterator over current linear queries
[APPROX] # Conjunctions over output: 5
[CTRL] Processing linear query no. 25
[NNENUM] Running nnenum now...
[NNENUM] lb: [0.0062499999999999995, 0.125, 5.000000171712609e-6, -0.21079675705898798, -0.005, -0.005, -0.005, -0.005, -0.005, -0.005, -0.005, -0.005, -0.005]
[NNENUM] ub: [0.5, 0.5, 5.000000171712609e-6, -0.08052249040043885, 0.004999999999999999, 0.004999999999999999, 0.004999999999999999, 0.004999999999999999, 0.004999999999999999, 0.004999999999999999, 0.004999999999999999, 0.004999999999999999, 0.004999999999999999]
[NNENUM] Creating LP Star...
[NNENUM] Checking feasibility
[NNENUM] Generating output Spec...
[NNENUM] Spec list length:  5
[NNENUM] Enumeration in progress... 
(0.2 sec) Q: 0, Sets: 0/1  (0.0%) CEs: 0 ETA: - (expected 1 stars)   

Total Stars: 3 (2 exact, 1 approx)
Unfinished Stars: 0
Runtime: 0.2 sec
Completed work frac: 1.0
Num Stars Copied Between Processes: 0
Num Lps During Enumeration: 153
Total Num Lps: 153

Result: network is SAFE

[NNENUM] Result: 
<nnenum.result.Result object at 0x715913ce17f0>
[NNENUM] Enumeration finished.
safe
[NNENUM] Found counter-example stars: 0
[NNENUM] Filtering result using SMT solver...
[SMT] SMT filtered out 0 stars (out of 0; TO: 0).
[QUERY] Looking for nonlinear input combinations...
.[QUERY] Found all non-linear combinations. Count: 1
[QUERY] Returning nonlinear disjunction
[CTRL] Considering conjunction with 35 input constraints and a disjunction of size 5
[APPROX] Checking cache: SNNT.Approx.ApproxCacheObject[]
[APPROX] Constructing Approximation
[APPROX] Resolving approximation
[CTRL] Initiating iterator over current linear queries
[APPROX] # Conjunctions over output: 5
[CTRL] Processing linear query no. 26
[NNENUM] Running nnenum now...
[NNENUM] lb: [-0.00625, 0.125, 5.000000171712609e-6, -0.21079675705898798, -0.005, -0.005, -0.005, -0.005, -0.005, -0.005, -0.005, -0.005, -0.005]
[NNENUM] ub: [0.0062499999999999995, 0.5, 5.000000171712609e-6, -0.08052249040043885, 0.004999999999999999, 0.004999999999999999, 0.004999999999999999, 0.004999999999999999, 0.004999999999999999, 0.004999999999999999, 0.004999999999999999, 0.004999999999999999, 0.004999999999999999]
[NNENUM] Creating LP Star...
[NNENUM] Checking feasibility
[NNENUM] Generating output Spec...
[NNENUM] Spec list length:  5
[NNENUM] Enumeration in progress... 
(0.1 sec) Q: 0, Sets: 0/1  (0.0%) CEs: 0 ETA: - (expected 1 stars)   
(0.2 sec) Q: 0, Sets: 0/2  (0.0%) CEs: 0 ETA: - (expected 1 stars)   
(0.4 sec) Q: 0, Sets: 1/4  (12.5%) CEs: 0 ETA: 2.5 sec (expected 8 stars)   
Total Stars: 4 (0 exact, 4 approx)
Unfinished Stars: 0
Runtime: 0.4 sec
Completed work frac: 1.0
Num Stars Copied Between Processes: 0
Num Lps During Enumeration: 0
Total Num Lps: 0

Result: network is SAFE

[NNENUM] Result: 
<nnenum.result.Result object at 0x7159140bd220>
[NNENUM] Enumeration finished.
safe
[NNENUM] Found counter-example stars: 0
[NNENUM] Filtering result using SMT solver...
[SMT] SMT filtered out 0 stars (out of 0; TO: 0).
[QUERY] Looking for nonlinear input combinations...
[QUERY] Found all non-linear combinations. Count: 2
[QUERY] Returning nonlinear disjunction
[CTRL] Considering conjunction with 35 input constraints and a disjunction of size 6
[APPROX] Checking cache: SNNT.Approx.ApproxCacheObject[]
[APPROX] Constructing Approximation
[APPROX] Resolving approximation
[CTRL] Initiating iterator over current linear queries
[APPROX] # Conjunctions over output: 6
[CTRL] Processing linear query no. 27
[NNENUM] Running nnenum now...
[NNENUM] lb: [0.0062499999999999995, 0.125, 5.000000171712609e-6, -0.21079675705898798, -0.005, -0.005, -0.005, -0.005, -0.005, -0.005, -0.005, -0.005, -0.005]
[NNENUM] ub: [0.5, 0.5, 5.000000171712609e-6, -0.08052249040043885, 0.004999999999999999, 0.004999999999999999, 0.004999999999999999, 0.004999999999999999, 0.004999999999999999, 0.004999999999999999, 0.004999999999999999, 0.004999999999999999, 0.004999999999999999]
[NNENUM] Creating LP Star...
[NNENUM] Checking feasibility
[NNENUM] Generating output Spec...
[NNENUM] Spec list length:  6
[NNENUM] Enumeration in progress... 
(0.1 sec) Q: 0, Sets: 0/1  (0.0%) CEs: 0 ETA: - (expected 1 stars)   
(0.2 sec) Q: 0, Sets: 3/8  (29.688%) CEs: 0 ETA: 0.5 sec (expected 10 stars)   

Total Stars: 11 (5 exact, 6 approx)
Unfinished Stars: 0
Runtime: 0.3 sec
Completed work frac: 1.0
Num Stars Copied Between Processes: 0
Num Lps During Enumeration: 259
Total Num Lps: 259

Result: network is SAFE

[NNENUM] Result: 
<nnenum.result.Result object at 0x715913cf18e0>
[NNENUM] Enumeration finished.
safe
[NNENUM] Found counter-example stars: 0
[NNENUM] Filtering result using SMT solver...
[SMT] SMT filtered out 0 stars (out of 0; TO: 0).
[QUERY] Looking for nonlinear input combinations...
...[QUERY] Found all non-linear combinations. Count: 2
[QUERY] Returning nonlinear disjunction
[CTRL] Considering conjunction with 36 input constraints and a disjunction of size 4
[APPROX] Checking cache: SNNT.Approx.ApproxCacheObject[]
[APPROX] Constructing Approximation
[APPROX] Resolving approximation
[CTRL] Initiating iterator over current linear queries
[APPROX] # Conjunctions over output: 4
[CTRL] Processing linear query no. 28
[NNENUM] Running nnenum now...
[NNENUM] lb: [-0.4999999701976776, 0.125, 5.000000171712609e-6, -0.21079675705898798, -0.005, -0.005, -0.005, -0.005, -0.005, -0.005, -0.005, -0.005, -0.005]
[NNENUM] ub: [-0.00625, 0.5, 5.000000171712609e-6, -0.08052249040043885, 0.004999999999999999, 0.004999999999999999, 0.004999999999999999, 0.004999999999999999, 0.004999999999999999, 0.004999999999999999, 0.004999999999999999, 0.004999999999999999, 0.004999999999999999]
[NNENUM] Creating LP Star...
[NNENUM] Checking feasibility
[NNENUM] Generating output Spec...
[NNENUM] Spec list length:  4
[NNENUM] Enumeration in progress... 
(0.0 sec) Q: 0, Sets: 0/1  (0.0%) CEs: 0 ETA: - (expected 1 stars)   
(0.2 sec) Q: 0, Sets: 0/2  (0.0%) CEs: 0 ETA: - (expected 1 stars)   

Total Stars: 2 (1 exact, 1 approx)
Unfinished Stars: 0
Runtime: 0.2 sec
Completed work frac: 1.0
Num Stars Copied Between Processes: 0
Num Lps During Enumeration: 111
Total Num Lps: 111

Result: network is SAFE

[NNENUM] Result: 
<nnenum.result.Result object at 0x715913cc3970>
[NNENUM] Enumeration finished.
safe
[NNENUM] Found counter-example stars: 0
[NNENUM] Filtering result using SMT solver...
[SMT] SMT filtered out 0 stars (out of 0; TO: 0).
[QUERY] Looking for nonlinear input combinations...
..[QUERY] Found all non-linear combinations. Count: 1
[QUERY] Returning nonlinear disjunction
[CTRL] Considering conjunction with 36 input constraints and a disjunction of size 4
[APPROX] Checking cache: SNNT.Approx.ApproxCacheObject[]
[APPROX] Constructing Approximation
[APPROX] Resolving approximation
[CTRL] Initiating iterator over current linear queries
[APPROX] # Conjunctions over output: 4
[CTRL] Processing linear query no. 29
[NNENUM] Running nnenum now...
[NNENUM] lb: [-0.4999999701976776, 0.125, 5.000000171712609e-6, -0.21079675705898798, -0.005, -0.005, -0.005, -0.005, -0.005, -0.005, -0.005, -0.005, -0.005]
[NNENUM] ub: [-0.00625, 0.5, 5.000000171712609e-6, -0.08052249040043885, 0.004999999999999999, 0.004999999999999999, 0.004999999999999999, 0.004999999999999999, 0.004999999999999999, 0.004999999999999999, 0.004999999999999999, 0.004999999999999999, 0.004999999999999999]
[NNENUM] Creating LP Star...
[NNENUM] Checking feasibility
[NNENUM] Generating output Spec...
[NNENUM] Spec list length:  4
[NNENUM] Enumeration in progress... 
(0.1 sec) Q: 0, Sets: 0/1  (0.0%) CEs: 0 ETA: - (expected 1 stars)   

Total Stars: 3 (1 exact, 2 approx)
Unfinished Stars: 0
Runtime: 0.1 sec
Completed work frac: 1.0
Num Stars Copied Between Processes: 0
Num Lps During Enumeration: 91
Total Num Lps: 91

Result: network is SAFE

[NNENUM] Result: 
<nnenum.result.Result object at 0x715913ce1af0>
[NNENUM] Enumeration finished.
safe
[NNENUM] Found counter-example stars: 0
[NNENUM] Filtering result using SMT solver...
[SMT] SMT filtered out 0 stars (out of 0; TO: 0).
[QUERY] Looking for nonlinear input combinations...
.[QUERY] Found all non-linear combinations. Count: 2
[QUERY] Returning nonlinear disjunction
[CTRL] Considering conjunction with 37 input constraints and a disjunction of size 4
[APPROX] Checking cache: SNNT.Approx.ApproxCacheObject[]
[APPROX] Constructing Approximation
[APPROX] Resolving approximation
[CTRL] Initiating iterator over current linear queries
[APPROX] # Conjunctions over output: 4
[CTRL] Processing linear query no. 30
[NNENUM] Running nnenum now...
[NNENUM] lb: [-0.4999999701976776, 0.125, 5.000000171712609e-6, -0.21079675705898798, -0.005, -0.005, -0.005, -0.005, -0.005, -0.005, -0.005, -0.005, -0.005]
[NNENUM] ub: [-0.00625, 0.5, 5.000000171712609e-6, -0.08052249040043885, 0.004999999999999999, 0.004999999999999999, 0.004999999999999999, 0.004999999999999999, 0.004999999999999999, 0.004999999999999999, 0.004999999999999999, 0.004999999999999999, 0.004999999999999999]
[NNENUM] Creating LP Star...
[NNENUM] Checking feasibility
[NNENUM] Generating output Spec...
[NNENUM] Spec list length:  4
[NNENUM] Enumeration in progress... 
(0.0 sec) Q: 0, Sets: 0/1  (0.0%) CEs: 0 ETA: - (expected 1 stars)   
(0.2 sec) Q: 0, Sets: 0/2  (0.0%) CEs: 0 ETA: - (expected 1 stars)   

Total Stars: 2 (0 exact, 2 approx)
Unfinished Stars: 0
Runtime: 0.2 sec
Completed work frac: 1.0
Num Stars Copied Between Processes: 0
Num Lps During Enumeration: 0
Total Num Lps: 0

Result: network is SAFE

[NNENUM] Result: 
<nnenum.result.Result object at 0x7159140f0340>
[NNENUM] Enumeration finished.
safe
[NNENUM] Found counter-example stars: 0
[NNENUM] Filtering result using SMT solver...
[SMT] SMT filtered out 0 stars (out of 0; TO: 0).
[QUERY] Looking for nonlinear input combinations...
[QUERY] Found all non-linear combinations. Count: 1
[QUERY] Returning nonlinear disjunction
[CTRL] Considering conjunction with 37 input constraints and a disjunction of size 4
[APPROX] Checking cache: SNNT.Approx.ApproxCacheObject[]
[APPROX] Constructing Approximation
[APPROX] Resolving approximation
[CTRL] Initiating iterator over current linear queries
[APPROX] # Conjunctions over output: 4
[CTRL] Processing linear query no. 31
[NNENUM] Running nnenum now...
[NNENUM] lb: [-0.4999999701976776, 0.125, 5.000000171712609e-6, -0.21079675705898798, -0.005, -0.005, -0.005, -0.005, -0.005, -0.005, -0.005, -0.005, -0.005]
[NNENUM] ub: [-0.00625, 0.5, 5.000000171712609e-6, -0.08052249040043885, 0.004999999999999999, 0.004999999999999999, 0.004999999999999999, 0.004999999999999999, 0.004999999999999999, 0.004999999999999999, 0.004999999999999999, 0.004999999999999999, 0.004999999999999999]
[NNENUM] Creating LP Star...
[NNENUM] Checking feasibility
[NNENUM] Generating output Spec...
[NNENUM] Spec list length:  4
[NNENUM] Enumeration in progress... 
(0.0 sec) Q: 0, Sets: 0/1  (0.0%) CEs: 0 ETA: - (expected 1 stars)   

Total Stars: 2 (2 exact, 0 approx)
Unfinished Stars: 0
Runtime: 0.0 sec
Completed work frac: 1.0
Num Stars Copied Between Processes: 0
Num Lps During Enumeration: 196
Total Num Lps: 196

Result: network is SAFE

[NNENUM] Result: 
<nnenum.result.Result object at 0x7159140daeb0>
[NNENUM] Enumeration finished.
safe
[NNENUM] Found counter-example stars: 0
[NNENUM] Filtering result using SMT solver...
[SMT] SMT filtered out 0 stars (out of 0; TO: 0).
[QUERY] Looking for nonlinear input combinations...
.[QUERY] Found all non-linear combinations. Count: 1
[QUERY] Returning nonlinear disjunction
[CTRL] Considering conjunction with 37 input constraints and a disjunction of size 4
[APPROX] Checking cache: SNNT.Approx.ApproxCacheObject[]
[APPROX] Constructing Approximation
[APPROX] Resolving approximation
[CTRL] Initiating iterator over current linear queries
[APPROX] # Conjunctions over output: 4
[CTRL] Processing linear query no. 32
[NNENUM] Running nnenum now...
[NNENUM] lb: [-0.4999999701976776, 0.125, 5.000000171712609e-6, -0.21079675705898798, -0.005, -0.005, -0.005, -0.005, -0.005, -0.005, -0.005, -0.005, -0.005]
[NNENUM] ub: [-0.00625, 0.5, 5.000000171712609e-6, -0.08052249040043885, 0.004999999999999999, 0.004999999999999999, 0.004999999999999999, 0.004999999999999999, 0.004999999999999999, 0.004999999999999999, 0.004999999999999999, 0.004999999999999999, 0.004999999999999999]
[NNENUM] Creating LP Star...
[NNENUM] Checking feasibility
[NNENUM] Generating output Spec...
[NNENUM] Spec list length:  4
[NNENUM] Enumeration in progress... 
(0.0 sec) Q: 0, Sets: 0/1  (0.0%) CEs: 0 ETA: - (expected 1 stars)   

Total Stars: 2 (2 exact, 0 approx)
Unfinished Stars: 0
Runtime: 0.0 sec
Completed work frac: 1.0
Num Stars Copied Between Processes: 0
Num Lps During Enumeration: 196
Total Num Lps: 196

Result: network is SAFE

[NNENUM] Result: 
<nnenum.result.Result object at 0x715913cc3c40>
[NNENUM] Enumeration finished.
safe
[NNENUM] Found counter-example stars: 0
[NNENUM] Filtering result using SMT solver...
[SMT] SMT filtered out 0 stars (out of 0; TO: 0).
[QUERY] Looking for nonlinear input combinations...
[QUERY] Found all non-linear combinations. Count: 2
[QUERY] Returning nonlinear disjunction
[CTRL] Considering conjunction with 36 input constraints and a disjunction of size 4
[APPROX] Checking cache: SNNT.Approx.ApproxCacheObject[]
[APPROX] Constructing Approximation
[APPROX] Resolving approximation
[CTRL] Initiating iterator over current linear queries
[APPROX] # Conjunctions over output: 4
[CTRL] Processing linear query no. 33
[NNENUM] Running nnenum now...
[NNENUM] lb: [-0.4999999701976776, 0.125, 5.000000171712609e-6, -0.21079675705898798, -0.005, -0.005, -0.005, -0.005, -0.005, -0.005, -0.005, -0.005, -0.005]
[NNENUM] ub: [-0.00625, 0.5, 5.000000171712609e-6, -0.08052249040043885, 0.004999999999999999, 0.004999999999999999, 0.004999999999999999, 0.004999999999999999, 0.004999999999999999, 0.004999999999999999, 0.004999999999999999, 0.004999999999999999, 0.004999999999999999]
[NNENUM] Creating LP Star...
[NNENUM] Checking feasibility
[NNENUM] Generating output Spec...
[NNENUM] Spec list length:  4
[NNENUM] Enumeration in progress... 
(0.2 sec) Q: 0, Sets: 0/1  (0.0%) CEs: 0 ETA: - (expected 1 stars)   

Total Stars: 5 (1 exact, 4 approx)
Unfinished Stars: 0
Runtime: 0.3 sec
Completed work frac: 1.0
Num Stars Copied Between Processes: 0
Num Lps During Enumeration: 134
Total Num Lps: 134

Result: network is SAFE

[NNENUM] Result: 
<nnenum.result.Result object at 0x7159140bd100>
[NNENUM] Enumeration finished.
safe
[NNENUM] Found counter-example stars: 0
[NNENUM] Filtering result using SMT solver...
[SMT] SMT filtered out 0 stars (out of 0; TO: 0).
[QUERY] Looking for nonlinear input combinations...
[QUERY] Found all non-linear combinations. Count: 1
[QUERY] Returning nonlinear disjunction
[CTRL] Considering conjunction with 37 input constraints and a disjunction of size 4
[APPROX] Checking cache: SNNT.Approx.ApproxCacheObject[]
[APPROX] Constructing Approximation
[APPROX] Resolving approximation
[CTRL] Initiating iterator over current linear queries
[APPROX] # Conjunctions over output: 4
[CTRL] Processing linear query no. 34
[NNENUM] Running nnenum now...
[NNENUM] lb: [-0.4999999701976776, 0.125, 5.000000171712609e-6, -0.21079675705898798, -0.005, -0.005, -0.005, -0.005, -0.005, -0.005, -0.005, -0.005, -0.005]
[NNENUM] ub: [-0.00625, 0.5, 5.000000171712609e-6, -0.08052249040043885, 0.004999999999999999, 0.004999999999999999, 0.004999999999999999, 0.004999999999999999, 0.004999999999999999, 0.004999999999999999, 0.004999999999999999, 0.004999999999999999, 0.004999999999999999]
[NNENUM] Creating LP Star...
[NNENUM] Checking feasibility
[NNENUM] Generating output Spec...
[NNENUM] Spec list length:  4
[NNENUM] Enumeration in progress... 
(0.1 sec) Q: 0, Sets: 0/1  (0.0%) CEs: 0 ETA: - (expected 1 stars)   

Total Stars: 4 (0 exact, 4 approx)
Unfinished Stars: 0
Runtime: 0.2 sec
Completed work frac: 1.0
Num Stars Copied Between Processes: 0
Num Lps During Enumeration: 0
Total Num Lps: 0

Result: network is SAFE

[NNENUM] Result: 
<nnenum.result.Result object at 0x715913ce1700>
[NNENUM] Enumeration finished.
safe
[NNENUM] Found counter-example stars: 0
[NNENUM] Filtering result using SMT solver...
[SMT] SMT filtered out 0 stars (out of 0; TO: 0).
[QUERY] Looking for nonlinear input combinations...
[QUERY] Found all non-linear combinations. Count: 1
[QUERY] Returning nonlinear disjunction
[CTRL] Considering conjunction with 37 input constraints and a disjunction of size 4
[APPROX] Checking cache: SNNT.Approx.ApproxCacheObject[]
[APPROX] Constructing Approximation
[APPROX] Resolving approximation
[CTRL] Initiating iterator over current linear queries
[APPROX] # Conjunctions over output: 4
[CTRL] Processing linear query no. 35
[NNENUM] Running nnenum now...
[NNENUM] lb: [-0.4999999701976776, 0.125, 5.000000171712609e-6, -0.21079675705898798, -0.005, -0.005, -0.005, -0.005, -0.005, -0.005, -0.005, -0.005, -0.005]
[NNENUM] ub: [-0.00625, 0.5, 5.000000171712609e-6, -0.08052249040043885, 0.004999999999999999, 0.004999999999999999, 0.004999999999999999, 0.004999999999999999, 0.004999999999999999, 0.004999999999999999, 0.004999999999999999, 0.004999999999999999, 0.004999999999999999]
[NNENUM] Creating LP Star...
[NNENUM] Checking feasibility
[NNENUM] Generating output Spec...
[NNENUM] Spec list length:  4
[NNENUM] Enumeration in progress... 

[NNENUM] Result: 
<nnenum.result.Result object at 0x7159140bd340>
[NNENUM] Enumeration finished.
safe
[NNENUM] Filtering result using SMT solver...
[SMT] SMT filtered out 0 stars (out of 0; TO: 0).
[QUERY] Looking for nonlinear input combinations...
[QUERY] Found all non-linear combinations. Count: 1
[QUERY] Returning nonlinear disjunction
[CTRL] Considering conjunction with 37 input constraints and a disjunction of size 4
[APPROX] Checking cache: SNNT.Approx.ApproxCacheObject[]
[APPROX] Constructing Approximation
[APPROX] Resolving approximation
[CTRL] Initiating iterator over current linear queries
[APPROX] # Conjunctions over output: 4
[CTRL] Processing linear query no. 36
[NNENUM] Running nnenum now...
[NNENUM] lb: [-0.4999999701976776, 0.125, 5.000000171712609e-6, -0.21079675705898798, -0.005, -0.005, -0.005, -0.005, -0.005, -0.005, -0.005, -0.005, -0.005]
[NNENUM] ub: [-0.00625, 0.5, 5.000000171712609e-6, -0.08052249040043885, 0.004999999999999999, 0.004999999999999999, 0.004999999999999999, 0.004999999999999999, 0.004999999999999999, 0.004999999999999999, 0.004999999999999999, 0.004999999999999999, 0.004999999999999999]
[NNENUM] Creating LP Star...
[NNENUM] Checking feasibility
[NNENUM] Generating output Spec...
[NNENUM] Spec list length:  4
[NNENUM] Enumeration in progress... 
(0.2 sec) Q: 0, Sets: 0/1  (0.0%) CEs: 0 ETA: - (expected 1 stars)   

Total Stars: 6 (2 exact, 4 approx)
Unfinished Stars: 0
Runtime: 0.3 sec
Completed work frac: 1.0
Num Stars Copied Between Processes: 0
Num Lps During Enumeration: 34
Total Num Lps: 34

Result: network is SAFE

[NNENUM] Result: 
<nnenum.result.Result object at 0x7159140f0400>
[NNENUM] Enumeration finished.
safe
[NNENUM] Found counter-example stars: 0
[NNENUM] Filtering result using SMT solver...
[SMT] SMT filtered out 0 stars (out of 0; TO: 0).
[QUERY] Looking for nonlinear input combinations...
[QUERY] Found all non-linear combinations. Count: 1
[QUERY] Returning nonlinear disjunction
[CTRL] Considering conjunction with 38 input constraints and a disjunction of size 4
[APPROX] Checking cache: SNNT.Approx.ApproxCacheObject[]
[APPROX] Constructing Approximation
[APPROX] Resolving approximation
[CTRL] Initiating iterator over current linear queries
[APPROX] # Conjunctions over output: 4
[CTRL] Processing linear query no. 37
[NNENUM] Running nnenum now...
[NNENUM] lb: [-0.4999999701976776, 0.125, 5.000000171712609e-6, -0.21079675705898798, -0.005, -0.005, -0.005, -0.005, -0.005, -0.005, -0.005, -0.005, -0.005]
[NNENUM] ub: [-0.00625, 0.5, 5.000000171712609e-6, -0.08052249040043885, 0.004999999999999999, 0.004999999999999999, 0.004999999999999999, 0.004999999999999999, 0.004999999999999999, 0.004999999999999999, 0.004999999999999999, 0.004999999999999999, 0.004999999999999999]
[NNENUM] Creating LP Star...
[NNENUM] Checking feasibility
[NNENUM] Generating output Spec...
[NNENUM] Spec list length:  4
[NNENUM] Enumeration in progress... 
(0.0 sec) Q: 0, Sets: 0/1  (0.0%) CEs: 0 ETA: - (expected 1 stars)   

Total Stars: 2 (1 exact, 1 approx)
Unfinished Stars: 0
Runtime: 0.1 sec
Completed work frac: 1.0
Num Stars Copied Between Processes: 0
Num Lps During Enumeration: 102
Total Num Lps: 102

Result: network is SAFE

[NNENUM] Result: 
<nnenum.result.Result object at 0x715913cff4c0>
[NNENUM] Enumeration finished.
safe
[NNENUM] Found counter-example stars: 0
[NNENUM] Filtering result using SMT solver...
[SMT] SMT filtered out 0 stars (out of 0; TO: 0).
[QUERY] Looking for nonlinear input combinations...
[QUERY] Found all non-linear combinations. Count: 1
[QUERY] Returning nonlinear disjunction
[CTRL] Considering conjunction with 38 input constraints and a disjunction of size 4
[APPROX] Checking cache: SNNT.Approx.ApproxCacheObject[]
[APPROX] Constructing Approximation
[APPROX] Resolving approximation
[CTRL] Initiating iterator over current linear queries
[APPROX] # Conjunctions over output: 4
[CTRL] Processing linear query no. 38
[NNENUM] Running nnenum now...
[NNENUM] lb: [-0.4999999701976776, 0.125, 5.000000171712609e-6, -0.21079675705898798, -0.005, -0.005, -0.005, -0.005, -0.005, -0.005, -0.005, -0.005, -0.005]
[NNENUM] ub: [-0.00625, 0.5, 5.000000171712609e-6, -0.08052249040043885, 0.004999999999999999, 0.004999999999999999, 0.004999999999999999, 0.004999999999999999, 0.004999999999999999, 0.004999999999999999, 0.004999999999999999, 0.004999999999999999, 0.004999999999999999]
[NNENUM] Creating LP Star...
[NNENUM] Checking feasibility
[NNENUM] Generating output Spec...
[NNENUM] Spec list length:  4
[NNENUM] Enumeration in progress... 
(0.1 sec) Q: 0, Sets: 0/1  (0.0%) CEs: 0 ETA: - (expected 1 stars)   
(0.2 sec) Q: 0, Sets: 0/2  (0.0%) CEs: 0 ETA: - (expected 1 stars)   

Total Stars: 4 (1 exact, 3 approx)
Unfinished Stars: 0
Runtime: 0.2 sec
Completed work frac: 1.0
Num Stars Copied Between Processes: 0
Num Lps During Enumeration: 101
Total Num Lps: 101

Result: network is SAFE

[NNENUM] Result: 
<nnenum.result.Result object at 0x7159136c3eb0>
[NNENUM] Enumeration finished.
safe
[NNENUM] Found counter-example stars: 0
[NNENUM] Filtering result using SMT solver...
[SMT] SMT filtered out 0 stars (out of 0; TO: 0).
[QUERY] Looking for nonlinear input combinations...
[QUERY] Found all non-linear combinations. Count: 1
[QUERY] Returning nonlinear disjunction
[CTRL] Considering conjunction with 38 input constraints and a disjunction of size 4
[APPROX] Checking cache: SNNT.Approx.ApproxCacheObject[]
[APPROX] Constructing Approximation
[APPROX] Resolving approximation
[CTRL] Initiating iterator over current linear queries
[APPROX] # Conjunctions over output: 4
[CTRL] Processing linear query no. 39
[NNENUM] Running nnenum now...
[NNENUM] lb: [-0.4999999701976776, 0.125, 5.000000171712609e-6, -0.21079675705898798, -0.005, -0.005, -0.005, -0.005, -0.005, -0.005, -0.005, -0.005, -0.005]
[NNENUM] ub: [-0.00625, 0.5, 5.000000171712609e-6, -0.08052249040043885, 0.004999999999999999, 0.004999999999999999, 0.004999999999999999, 0.004999999999999999, 0.004999999999999999, 0.004999999999999999, 0.004999999999999999, 0.004999999999999999, 0.004999999999999999]
[NNENUM] Creating LP Star...
[NNENUM] Checking feasibility
[NNENUM] Generating output Spec...
[NNENUM] Spec list length:  4
[NNENUM] Enumeration in progress... 
(0.1 sec) Q: 0, Sets: 0/1  (0.0%) CEs: 0 ETA: - (expected 1 stars)   

Total Stars: 2 (1 exact, 1 approx)
Unfinished Stars: 0
Runtime: 0.1 sec
Completed work frac: 1.0
Num Stars Copied Between Processes: 0
Num Lps During Enumeration: 102
Total Num Lps: 102

Result: network is SAFE

[NNENUM] Result: 
<nnenum.result.Result object at 0x715913cf9d00>
[NNENUM] Enumeration finished.
safe
[NNENUM] Found counter-example stars: 0
[NNENUM] Filtering result using SMT solver...
[SMT] SMT filtered out 0 stars (out of 0; TO: 0).
[QUERY] Looking for nonlinear input combinations...
[QUERY] Found all non-linear combinations. Count: 1
[QUERY] Returning nonlinear disjunction
[CTRL] Considering conjunction with 39 input constraints and a disjunction of size 4
[APPROX] Checking cache: SNNT.Approx.ApproxCacheObject[]
[APPROX] Constructing Approximation
[APPROX] Resolving approximation
[CTRL] Initiating iterator over current linear queries
[APPROX] # Conjunctions over output: 4
[CTRL] Processing linear query no. 40
[NNENUM] Running nnenum now...
[NNENUM] lb: [-0.4999999701976776, 0.125, 5.000000171712609e-6, -0.21079675705898798, -0.005, -0.005, -0.005, -0.005, -0.005, -0.005, -0.005, -0.005, -0.005]
[NNENUM] ub: [-0.00625, 0.5, 5.000000171712609e-6, -0.08052249040043885, 0.004999999999999999, 0.004999999999999999, 0.004999999999999999, 0.004999999999999999, 0.004999999999999999, 0.004999999999999999, 0.004999999999999999, 0.004999999999999999, 0.004999999999999999]
[NNENUM] Creating LP Star...
[NNENUM] Checking feasibility
[NNENUM] Generating output Spec...
[NNENUM] Spec list length:  4
[NNENUM] Enumeration in progress... 
(0.1 sec) Q: 0, Sets: 0/1  (0.0%) CEs: 0 ETA: - (expected 1 stars)   
(0.2 sec) Q: 0, Sets: 0/2  (0.0%) CEs: 0 ETA: - (expected 1 stars)   

Total Stars: 4 (0 exact, 4 approx)
Unfinished Stars: 0
Runtime: 0.3 sec
Completed work frac: 1.0
Num Stars Copied Between Processes: 0
Num Lps During Enumeration: 0
Total Num Lps: 0

Result: network is SAFE

[NNENUM] Result: 
<nnenum.result.Result object at 0x7159136c2730>
[NNENUM] Enumeration finished.
safe
[NNENUM] Found counter-example stars: 0
[NNENUM] Filtering result using SMT solver...
[SMT] SMT filtered out 0 stars (out of 0; TO: 0).
[QUERY] Looking for nonlinear input combinations...
[QUERY] Found all non-linear combinations. Count: 2
[QUERY] Returning nonlinear disjunction
[CTRL] Considering conjunction with 39 input constraints and a disjunction of size 6
[APPROX] Checking cache: SNNT.Approx.ApproxCacheObject[]
[APPROX] Constructing Approximation
[APPROX] Resolving approximation
[CTRL] Initiating iterator over current linear queries
[APPROX] # Conjunctions over output: 6
[CTRL] Processing linear query no. 41
[NNENUM] Running nnenum now...
[NNENUM] lb: [0.0062499999999999995, 0.125, 5.000000171712609e-6, -0.21079675705898798, -0.005, -0.005, -0.005, -0.005, -0.005, -0.005, -0.005, -0.005, -0.005]
[NNENUM] ub: [0.5, 0.5, 5.000000171712609e-6, -0.08052249040043885, 0.004999999999999999, 0.004999999999999999, 0.004999999999999999, 0.004999999999999999, 0.004999999999999999, 0.004999999999999999, 0.004999999999999999, 0.004999999999999999, 0.004999999999999999]
[NNENUM] Creating LP Star...
[NNENUM] Checking feasibility
[NNENUM] Generating output Spec...
[NNENUM] Spec list length:  6
[NNENUM] Enumeration in progress... 
(0.1 sec) Q: 0, Sets: 0/1  (0.0%) CEs: 0 ETA: - (expected 1 stars)   

Total Stars: 3 (0 exact, 3 approx)
Unfinished Stars: 0
Runtime: 0.1 sec
Completed work frac: 1.0
Num Stars Copied Between Processes: 0
Num Lps During Enumeration: 0
Total Num Lps: 0

Result: network is SAFE

[NNENUM] Result: 
<nnenum.result.Result object at 0x7159136c26a0>
[NNENUM] Enumeration finished.
safe
[NNENUM] Found counter-example stars: 0
[NNENUM] Filtering result using SMT solver...
[SMT] SMT filtered out 0 stars (out of 0; TO: 0).
[QUERY] Looking for nonlinear input combinations...
[QUERY] Found all non-linear combinations. Count: 3
[QUERY] Returning nonlinear disjunction
[CTRL] Considering conjunction with 39 input constraints and a disjunction of size 6
[APPROX] Checking cache: SNNT.Approx.ApproxCacheObject[]
[APPROX] Constructing Approximation
[APPROX] Resolving approximation
[CTRL] Initiating iterator over current linear queries
[APPROX] # Conjunctions over output: 6
[CTRL] Processing linear query no. 42
[NNENUM] Running nnenum now...
[NNENUM] lb: [0.0062499999999999995, 0.125, 5.000000171712609e-6, -0.21079675705898798, -0.005, -0.005, -0.005, -0.005, -0.005, -0.005, -0.005, -0.005, -0.005]
[NNENUM] ub: [0.5, 0.5, 5.000000171712609e-6, -0.08052249040043885, 0.004999999999999999, 0.004999999999999999, 0.004999999999999999, 0.004999999999999999, 0.004999999999999999, 0.004999999999999999, 0.004999999999999999, 0.004999999999999999, 0.004999999999999999]
[NNENUM] Creating LP Star...
[NNENUM] Checking feasibility
[NNENUM] Generating output Spec...
[NNENUM] Spec list length:  6
[NNENUM] Enumeration in progress... 
(0.1 sec) Q: 0, Sets: 0/1  (0.0%) CEs: 0 ETA: - (expected 1 stars)   
(0.2 sec) Q: 0, Sets: 0/2  (0.0%) CEs: 0 ETA: - (expected 1 stars)   
(0.3 sec) Q: 0, Sets: 6/9  (78.125%) CEs: 0 ETA: 0.1 sec (expected 8 stars)   
Total Stars: 9 (2 exact, 7 approx)
Unfinished Stars: 0
Runtime: 0.4 sec
Completed work frac: 1.0
Num Stars Copied Between Processes: 0
Num Lps During Enumeration: 156
Total Num Lps: 156

Result: network is SAFE

[NNENUM] Result: 
<nnenum.result.Result object at 0x7159136c60d0>
[NNENUM] Enumeration finished.
safe
[NNENUM] Found counter-example stars: 0
[NNENUM] Filtering result using SMT solver...
[SMT] SMT filtered out 0 stars (out of 0; TO: 0).
[QUERY] Looking for nonlinear input combinations...
[QUERY] Found all non-linear combinations. Count: 1
[QUERY] Returning nonlinear disjunction
[CTRL] Considering conjunction with 39 input constraints and a disjunction of size 6
[APPROX] Checking cache: SNNT.Approx.ApproxCacheObject[]
[APPROX] Constructing Approximation
[APPROX] Resolving approximation
[CTRL] Initiating iterator over current linear queries
[APPROX] # Conjunctions over output: 6
[CTRL] Processing linear query no. 43
[NNENUM] Running nnenum now...
[NNENUM] lb: [0.0062499999999999995, 0.125, 5.000000171712609e-6, -0.21079675705898798, -0.005, -0.005, -0.005, -0.005, -0.005, -0.005, -0.005, -0.005, -0.005]
[NNENUM] ub: [0.5, 0.5, 5.000000171712609e-6, -0.08052249040043885, 0.004999999999999999, 0.004999999999999999, 0.004999999999999999, 0.004999999999999999, 0.004999999999999999, 0.004999999999999999, 0.004999999999999999, 0.004999999999999999, 0.004999999999999999]
[NNENUM] Creating LP Star...
[NNENUM] Checking feasibility
[NNENUM] Generating output Spec...
[NNENUM] Spec list length:  6
[NNENUM] Enumeration in progress... 
(0.2 sec) Q: 0, Sets: 0/1  (0.0%) CEs: 0 ETA: - (expected 1 stars)   

Total Stars: 6 (2 exact, 4 approx)
Unfinished Stars: 0
Runtime: 0.3 sec
Completed work frac: 1.0
Num Stars Copied Between Processes: 0
Num Lps During Enumeration: 198
Total Num Lps: 198

Result: network is SAFE

[NNENUM] Result: 
<nnenum.result.Result object at 0x7159136c6ee0>
[NNENUM] Enumeration finished.
safe
[NNENUM] Found counter-example stars: 0
[NNENUM] Filtering result using SMT solver...
[SMT] SMT filtered out 0 stars (out of 0; TO: 0).
[QUERY] Looking for nonlinear input combinations...
[QUERY] Found all non-linear combinations. Count: 1
[QUERY] Returning nonlinear disjunction
[CTRL] Considering conjunction with 39 input constraints and a disjunction of size 6
[APPROX] Checking cache: SNNT.Approx.ApproxCacheObject[]
[APPROX] Constructing Approximation
[APPROX] Resolving approximation
[CTRL] Initiating iterator over current linear queries
[APPROX] # Conjunctions over output: 6
[CTRL] Processing linear query no. 44
[NNENUM] Running nnenum now...
[NNENUM] lb: [0.0062499999999999995, 0.125, 5.000000171712609e-6, -0.21079675705898798, -0.005, -0.005, -0.005, -0.005, -0.005, -0.005, -0.005, -0.005, -0.005]
[NNENUM] ub: [0.5, 0.5, 5.000000171712609e-6, -0.08052249040043885, 0.004999999999999999, 0.004999999999999999, 0.004999999999999999, 0.004999999999999999, 0.004999999999999999, 0.004999999999999999, 0.004999999999999999, 0.004999999999999999, 0.004999999999999999]
[NNENUM] Creating LP Star...
[NNENUM] Checking feasibility
[NNENUM] Generating output Spec...
[NNENUM] Spec list length:  6
[NNENUM] Enumeration in progress... 
(0.1 sec) Q: 0, Sets: 0/1  (0.0%) CEs: 0 ETA: - (expected 1 stars)   
(0.2 sec) Q: 0, Sets: 0/2  (0.0%) CEs: 0 ETA: - (expected 1 stars)   

Total Stars: 6 (2 exact, 4 approx)
Unfinished Stars: 0
Runtime: 0.3 sec
Completed work frac: 1.0
Num Stars Copied Between Processes: 0
Num Lps During Enumeration: 197
Total Num Lps: 197

Result: network is SAFE

[NNENUM] Result: 
<nnenum.result.Result object at 0x7159136c8940>
[NNENUM] Enumeration finished.
safe
[NNENUM] Found counter-example stars: 0
[NNENUM] Filtering result using SMT solver...
[SMT] SMT filtered out 0 stars (out of 0; TO: 0).
[QUERY] Looking for nonlinear input combinations...
..[QUERY] Found all non-linear combinations. Count: 2
[QUERY] Returning nonlinear disjunction
[CTRL] Considering conjunction with 39 input constraints and a disjunction of size 6
[APPROX] Checking cache: SNNT.Approx.ApproxCacheObject[]
[APPROX] Constructing Approximation
[APPROX] Resolving approximation
[CTRL] Initiating iterator over current linear queries
[APPROX] # Conjunctions over output: 6
[CTRL] Processing linear query no. 45
[NNENUM] Running nnenum now...
[NNENUM] lb: [0.0062499999999999995, 0.125, 5.000000171712609e-6, -0.21079675705898798, -0.005, -0.005, -0.005, -0.005, -0.005, -0.005, -0.005, -0.005, -0.005]
[NNENUM] ub: [0.5, 0.5, 5.000000171712609e-6, -0.08052249040043885, 0.004999999999999999, 0.004999999999999999, 0.004999999999999999, 0.004999999999999999, 0.004999999999999999, 0.004999999999999999, 0.004999999999999999, 0.004999999999999999, 0.004999999999999999]
[NNENUM] Creating LP Star...
[NNENUM] Checking feasibility
[NNENUM] Generating output Spec...
[NNENUM] Spec list length:  6
[NNENUM] Enumeration in progress... 
(0.1 sec) Q: 0, Sets: 0/1  (0.0%) CEs: 0 ETA: - (expected 1 stars)   

Total Stars: 3 (0 exact, 3 approx)
Unfinished Stars: 0
Runtime: 0.1 sec
Completed work frac: 1.0
Num Stars Copied Between Processes: 0
Num Lps During Enumeration: 0
Total Num Lps: 0

Result: network is SAFE

[NNENUM] Result: 
<nnenum.result.Result object at 0x715913cd4340>
[NNENUM] Enumeration finished.
safe
[NNENUM] Found counter-example stars: 0
[NNENUM] Filtering result using SMT solver...
[SMT] SMT filtered out 0 stars (out of 0; TO: 0).
[QUERY] Looking for nonlinear input combinations...
.[QUERY] Found all non-linear combinations. Count: 1
[QUERY] Returning nonlinear disjunction
[CTRL] Considering conjunction with 39 input constraints and a disjunction of size 6
[APPROX] Checking cache: SNNT.Approx.ApproxCacheObject[]
[APPROX] Constructing Approximation
[APPROX] Resolving approximation
[CTRL] Initiating iterator over current linear queries
[APPROX] # Conjunctions over output: 6
[CTRL] Processing linear query no. 46
[NNENUM] Running nnenum now...
[NNENUM] lb: [0.0062499999999999995, 0.125, 5.000000171712609e-6, -0.21079675705898798, -0.005, -0.005, -0.005, -0.005, -0.005, -0.005, -0.005, -0.005, -0.005]
[NNENUM] ub: [0.5, 0.5, 5.000000171712609e-6, -0.08052249040043885, 0.004999999999999999, 0.004999999999999999, 0.004999999999999999, 0.004999999999999999, 0.004999999999999999, 0.004999999999999999, 0.004999999999999999, 0.004999999999999999, 0.004999999999999999]
[NNENUM] Creating LP Star...
[NNENUM] Checking feasibility
[NNENUM] Generating output Spec...
[NNENUM] Spec list length:  6
[NNENUM] Enumeration in progress... 
(0.1 sec) Q: 0, Sets: 0/1  (0.0%) CEs: 0 ETA: - (expected 1 stars)   
(0.2 sec) Q: 0, Sets: 0/2  (0.0%) CEs: 0 ETA: - (expected 1 stars)   
(0.3 sec) Q: 0, Sets: 2/5  (18.75%) CEs: 0 ETA: 1.4 sec (expected 11 stars)   
Total Stars: 10 (1 exact, 9 approx)
Unfinished Stars: 0
Runtime: 0.4 sec
Completed work frac: 1.0
Num Stars Copied Between Processes: 0
Num Lps During Enumeration: 152
Total Num Lps: 152

Result: network is SAFE

[NNENUM] Result: 
<nnenum.result.Result object at 0x7159140a9f70>
[NNENUM] Enumeration finished.
safe
[NNENUM] Found counter-example stars: 0
[NNENUM] Filtering result using SMT solver...
[SMT] SMT filtered out 0 stars (out of 0; TO: 0).
[QUERY] Looking for nonlinear input combinations...
.[QUERY] Found all non-linear combinations. Count: 4
[QUERY] Returning nonlinear disjunction
[CTRL] Considering conjunction with 39 input constraints and a disjunction of size 6
[APPROX] Checking cache: SNNT.Approx.ApproxCacheObject[]
[APPROX] Constructing Approximation
[APPROX] Resolving approximation
[CTRL] Initiating iterator over current linear queries
[APPROX] # Conjunctions over output: 6
[CTRL] Processing linear query no. 47
[NNENUM] Running nnenum now...
[NNENUM] lb: [0.0062499999999999995, 0.125, 5.000000171712609e-6, -0.21079675705898798, -0.005, -0.005, -0.005, -0.005, -0.005, -0.005, -0.005, -0.005, -0.005]
[NNENUM] ub: [0.5, 0.5, 5.000000171712609e-6, -0.08052249040043885, 0.004999999999999999, 0.004999999999999999, 0.004999999999999999, 0.004999999999999999, 0.004999999999999999, 0.004999999999999999, 0.004999999999999999, 0.004999999999999999, 0.004999999999999999]
[NNENUM] Creating LP Star...
[NNENUM] Checking feasibility
[NNENUM] Generating output Spec...
[NNENUM] Spec list length:  6
[NNENUM] Enumeration in progress... 
(0.1 sec) Q: 0, Sets: 0/1  (0.0%) CEs: 0 ETA: - (expected 1 stars)   
(0.2 sec) Q: 0, Sets: 5/7  (75.0%) CEs: 0 ETA: 0.1 sec (expected 7 stars)   

Total Stars: 7 (0 exact, 7 approx)
Unfinished Stars: 0
Runtime: 0.2 sec
Completed work frac: 1.0
Num Stars Copied Between Processes: 0
Num Lps During Enumeration: 0
Total Num Lps: 0

Result: network is SAFE

[NNENUM] Result: 
<nnenum.result.Result object at 0x715913cf8c70>
[NNENUM] Enumeration finished.
safe
[NNENUM] Found counter-example stars: 0
[NNENUM] Filtering result using SMT solver...
[SMT] SMT filtered out 0 stars (out of 0; TO: 0).
[QUERY] Looking for nonlinear input combinations...
[QUERY] Found all non-linear combinations. Count: 1
[QUERY] Returning nonlinear disjunction
[CTRL] Considering conjunction with 39 input constraints and a disjunction of size 6
[APPROX] Checking cache: SNNT.Approx.ApproxCacheObject[]
[APPROX] Constructing Approximation
[APPROX] Resolving approximation
[CTRL] Initiating iterator over current linear queries
[APPROX] # Conjunctions over output: 6
[CTRL] Processing linear query no. 48
[NNENUM] Running nnenum now...
[NNENUM] lb: [0.0062499999999999995, 0.125, 5.000000171712609e-6, -0.21079675705898798, -0.005, -0.005, -0.005, -0.005, -0.005, -0.005, -0.005, -0.005, -0.005]
[NNENUM] ub: [0.5, 0.5, 5.000000171712609e-6, -0.08052249040043885, 0.004999999999999999, 0.004999999999999999, 0.004999999999999999, 0.004999999999999999, 0.004999999999999999, 0.004999999999999999, 0.004999999999999999, 0.004999999999999999, 0.004999999999999999]
[NNENUM] Creating LP Star...
[NNENUM] Checking feasibility
[NNENUM] Generating output Spec...
[NNENUM] Spec list length:  6
[NNENUM] Enumeration in progress... 
(0.1 sec) Q: 0, Sets: 0/1  (0.0%) CEs: 0 ETA: - (expected 1 stars)   
(0.3 sec) Q: 0, Sets: 0/2  (0.0%) CEs: 0 ETA: - (expected 1 stars)   

Total Stars: 7 (4 exact, 3 approx)
Unfinished Stars: 0
Runtime: 0.3 sec
Completed work frac: 1.0
Num Stars Copied Between Processes: 0
Num Lps During Enumeration: 221
Total Num Lps: 221

Result: network is SAFE

[NNENUM] Result: 
<nnenum.result.Result object at 0x715913cfd130>
[NNENUM] Enumeration finished.
safe
[NNENUM] Found counter-example stars: 0
[NNENUM] Filtering result using SMT solver...
[SMT] SMT filtered out 0 stars (out of 0; TO: 0).
[QUERY] Looking for nonlinear input combinations...
....[QUERY] Found all non-linear combinations. Count: 2
[QUERY] Returning nonlinear disjunction
[CTRL] Considering conjunction with 39 input constraints and a disjunction of size 6
[APPROX] Checking cache: SNNT.Approx.ApproxCacheObject[]
[APPROX] Constructing Approximation
[APPROX] Resolving approximation
[CTRL] Initiating iterator over current linear queries
[APPROX] # Conjunctions over output: 6
[CTRL] Processing linear query no. 49
[NNENUM] Running nnenum now...
[NNENUM] lb: [0.0062499999999999995, 0.125, 5.000000171712609e-6, -0.21079675705898798, -0.005, -0.005, -0.005, -0.005, -0.005, -0.005, -0.005, -0.005, -0.005]
[NNENUM] ub: [0.5, 0.5, 5.000000171712609e-6, -0.08052249040043885, 0.004999999999999999, 0.004999999999999999, 0.004999999999999999, 0.004999999999999999, 0.004999999999999999, 0.004999999999999999, 0.004999999999999999, 0.004999999999999999, 0.004999999999999999]
[NNENUM] Creating LP Star...
[NNENUM] Checking feasibility
[NNENUM] Generating output Spec...
[NNENUM] Spec list length:  6
[NNENUM] Enumeration in progress... 

[NNENUM] Result: 
<nnenum.result.Result object at 0x715913cfd7f0>
[NNENUM] Enumeration finished.
safe
[NNENUM] Filtering result using SMT solver...
[SMT] SMT filtered out 0 stars (out of 0; TO: 0).
[QUERY] Looking for nonlinear input combinations...
..[QUERY] Found all non-linear combinations. Count: 2
[QUERY] Returning nonlinear disjunction
[CTRL] Considering conjunction with 39 input constraints and a disjunction of size 6
[APPROX] Checking cache: SNNT.Approx.ApproxCacheObject[]
[APPROX] Constructing Approximation
[APPROX] Resolving approximation
[CTRL] Initiating iterator over current linear queries
[APPROX] # Conjunctions over output: 6
[CTRL] Processing linear query no. 50
[NNENUM] Running nnenum now...
[NNENUM] lb: [0.0062499999999999995, 0.125, 5.000000171712609e-6, -0.21079675705898798, -0.005, -0.005, -0.005, -0.005, -0.005, -0.005, -0.005, -0.005, -0.005]
[NNENUM] ub: [0.5, 0.5, 5.000000171712609e-6, -0.08052249040043885, 0.004999999999999999, 0.004999999999999999, 0.004999999999999999, 0.004999999999999999, 0.004999999999999999, 0.004999999999999999, 0.004999999999999999, 0.004999999999999999, 0.004999999999999999]
[NNENUM] Creating LP Star...
[NNENUM] Checking feasibility
[NNENUM] Generating output Spec...
[NNENUM] Spec list length:  6
[NNENUM] Enumeration in progress... 
(0.1 sec) Q: 0, Sets: 0/1  (0.0%) CEs: 0 ETA: - (expected 1 stars)   
(0.2 sec) Q: 0, Sets: 0/2  (0.0%) CEs: 0 ETA: - (expected 1 stars)   

Total Stars: 6 (2 exact, 4 approx)
Unfinished Stars: 0
Runtime: 0.3 sec
Completed work frac: 1.0
Num Stars Copied Between Processes: 0
Num Lps During Enumeration: 318
Total Num Lps: 318

Result: network is SAFE

[NNENUM] Result: 
<nnenum.result.Result object at 0x715913cee2e0>
[NNENUM] Enumeration finished.
safe
[NNENUM] Found counter-example stars: 0
[NNENUM] Filtering result using SMT solver...
[SMT] SMT filtered out 0 stars (out of 0; TO: 0).
[QUERY] Looking for nonlinear input combinations...
[QUERY] Found all non-linear combinations. Count: 1
[QUERY] Returning nonlinear disjunction
[CTRL] Considering conjunction with 39 input constraints and a disjunction of size 5
[APPROX] Checking cache: SNNT.Approx.ApproxCacheObject[]
[APPROX] Constructing Approximation
[APPROX] Resolving approximation
[CTRL] Initiating iterator over current linear queries
[APPROX] # Conjunctions over output: 5
[CTRL] Processing linear query no. 51
[NNENUM] Running nnenum now...
[NNENUM] lb: [0.0062499999999999995, 0.125, 5.000000171712609e-6, -0.21079675705898798, -0.005, -0.005, -0.005, -0.005, -0.005, -0.005, -0.005, -0.005, -0.005]
[NNENUM] ub: [0.5, 0.5, 5.000000171712609e-6, -0.08052249040043885, 0.004999999999999999, 0.004999999999999999, 0.004999999999999999, 0.004999999999999999, 0.004999999999999999, 0.004999999999999999, 0.004999999999999999, 0.004999999999999999, 0.004999999999999999]
[NNENUM] Creating LP Star...
[NNENUM] Checking feasibility
[NNENUM] Generating output Spec...
[NNENUM] Spec list length:  5
[NNENUM] Enumeration in progress... 
(0.1 sec) Q: 0, Sets: 0/1  (0.0%) CEs: 0 ETA: - (expected 1 stars)   

Total Stars: 5 (0 exact, 5 approx)
Unfinished Stars: 0
Runtime: 0.2 sec
Completed work frac: 1.0
Num Stars Copied Between Processes: 0
Num Lps During Enumeration: 0
Total Num Lps: 0

Result: network is SAFE

[NNENUM] Result: 
<nnenum.result.Result object at 0x715913cfd670>
[NNENUM] Enumeration finished.
safe
[NNENUM] Found counter-example stars: 0
[NNENUM] Filtering result using SMT solver...
[SMT] SMT filtered out 0 stars (out of 0; TO: 0).
[QUERY] Looking for nonlinear input combinations...
[QUERY] Found all non-linear combinations. Count: 1
[QUERY] Returning nonlinear disjunction
[CTRL] Considering conjunction with 39 input constraints and a disjunction of size 5
[APPROX] Checking cache: SNNT.Approx.ApproxCacheObject[]
[APPROX] Constructing Approximation
[APPROX] Resolving approximation
[CTRL] Initiating iterator over current linear queries
[APPROX] # Conjunctions over output: 5
[CTRL] Processing linear query no. 52
[NNENUM] Running nnenum now...
[NNENUM] lb: [-0.00625, 0.125, 5.000000171712609e-6, -0.21079675705898798, -0.005, -0.005, -0.005, -0.005, -0.005, -0.005, -0.005, -0.005, -0.005]
[NNENUM] ub: [0.0062499999999999995, 0.5, 5.000000171712609e-6, -0.08052249040043885, 0.004999999999999999, 0.004999999999999999, 0.004999999999999999, 0.004999999999999999, 0.004999999999999999, 0.004999999999999999, 0.004999999999999999, 0.004999999999999999, 0.004999999999999999]
[NNENUM] Creating LP Star...
[NNENUM] Checking feasibility
[NNENUM] Generating output Spec...
[NNENUM] Spec list length:  5
[NNENUM] Enumeration in progress... 
(0.2 sec) Q: 0, Sets: 0/1  (0.0%) CEs: 0 ETA: - (expected 1 stars)   
(0.3 sec) Q: 0, Sets: 0/2  (0.0%) CEs: 0 ETA: - (expected 1 stars)   
(0.4 sec) Q: 0, Sets: 3/5  (25.0%) CEs: 0 ETA: 1.1 sec (expected 12 stars)   
Total Stars: 5 (0 exact, 5 approx)
Unfinished Stars: 0
Runtime: 0.4 sec
Completed work frac: 1.0
Num Stars Copied Between Processes: 0
Num Lps During Enumeration: 0
Total Num Lps: 0

Result: network is SAFE

[NNENUM] Result: 
<nnenum.result.Result object at 0x7159136ca070>
[NNENUM] Enumeration finished.
safe
[NNENUM] Found counter-example stars: 0
[NNENUM] Filtering result using SMT solver...
[SMT] SMT filtered out 0 stars (out of 0; TO: 0).
[QUERY] Looking for nonlinear input combinations...
[QUERY] Found all non-linear combinations. Count: 2
[QUERY] Returning nonlinear disjunction
[CTRL] Considering conjunction with 39 input constraints and a disjunction of size 5
[APPROX] Checking cache: SNNT.Approx.ApproxCacheObject[]
[APPROX] Constructing Approximation
[APPROX] Resolving approximation
[CTRL] Initiating iterator over current linear queries
[APPROX] # Conjunctions over output: 5
[CTRL] Processing linear query no. 53
[NNENUM] Running nnenum now...
[NNENUM] lb: [-0.00625, 0.125, 5.000000171712609e-6, -0.21079675705898798, -0.005, -0.005, -0.005, -0.005, -0.005, -0.005, -0.005, -0.005, -0.005]
[NNENUM] ub: [0.0062499999999999995, 0.5, 5.000000171712609e-6, -0.08052249040043885, 0.004999999999999999, 0.004999999999999999, 0.004999999999999999, 0.004999999999999999, 0.004999999999999999, 0.004999999999999999, 0.004999999999999999, 0.004999999999999999, 0.004999999999999999]
[NNENUM] Creating LP Star...
[NNENUM] Checking feasibility
[NNENUM] Generating output Spec...
[NNENUM] Spec list length:  5
[NNENUM] Enumeration in progress... 
(0.1 sec) Q: 0, Sets: 0/1  (0.0%) CEs: 0 ETA: - (expected 1 stars)   

Total Stars: 2 (2 exact, 0 approx)
Unfinished Stars: 0
Runtime: 0.1 sec
Completed work frac: 1.0
Num Stars Copied Between Processes: 0
Num Lps During Enumeration: 127
Total Num Lps: 127

Result: network is SAFE

[NNENUM] Result: 
<nnenum.result.Result object at 0x715913cd4340>
[NNENUM] Enumeration finished.
safe
[NNENUM] Found counter-example stars: 0
[NNENUM] Filtering result using SMT solver...
[SMT] SMT filtered out 0 stars (out of 0; TO: 0).
[QUERY] Looking for nonlinear input combinations...
[QUERY] Found all non-linear combinations. Count: 1
[QUERY] Returning nonlinear disjunction
[CTRL] Considering conjunction with 39 input constraints and a disjunction of size 4
[APPROX] Checking cache: SNNT.Approx.ApproxCacheObject[]
[APPROX] Constructing Approximation
[APPROX] Resolving approximation
[CTRL] Initiating iterator over current linear queries
[APPROX] # Conjunctions over output: 4
[CTRL] Processing linear query no. 54
[NNENUM] Running nnenum now...
[NNENUM] lb: [-0.4999999701976776, 0.125, 5.000000171712609e-6, -0.21079675705898798, -0.005, -0.005, -0.005, -0.005, -0.005, -0.005, -0.005, -0.005, -0.005]
[NNENUM] ub: [-0.00625, 0.5, 5.000000171712609e-6, -0.08052249040043885, 0.004999999999999999, 0.004999999999999999, 0.004999999999999999, 0.004999999999999999, 0.004999999999999999, 0.004999999999999999, 0.004999999999999999, 0.004999999999999999, 0.004999999999999999]
[NNENUM] Creating LP Star...
[NNENUM] Checking feasibility
[NNENUM] Generating output Spec...
[NNENUM] Spec list length:  4
[NNENUM] Enumeration in progress... 
(0.1 sec) Q: 0, Sets: 0/1  (0.0%) CEs: 0 ETA: - (expected 1 stars)   
(0.2 sec) Q: 0, Sets: 0/2  (0.0%) CEs: 0 ETA: - (expected 1 stars)   

Total Stars: 4 (1 exact, 3 approx)
Unfinished Stars: 0
Runtime: 0.3 sec
Completed work frac: 1.0
Num Stars Copied Between Processes: 0
Num Lps During Enumeration: 9
Total Num Lps: 9

Result: network is SAFE

[NNENUM] Result: 
<nnenum.result.Result object at 0x7159136c17f0>
[NNENUM] Enumeration finished.
safe
[NNENUM] Found counter-example stars: 0
[NNENUM] Filtering result using SMT solver...
[SMT] SMT filtered out 0 stars (out of 0; TO: 0).
[QUERY] Looking for nonlinear input combinations...
[QUERY] Found all non-linear combinations. Count: 1
[QUERY] Returning nonlinear disjunction
[CTRL] Considering conjunction with 39 input constraints and a disjunction of size 4
[APPROX] Checking cache: SNNT.Approx.ApproxCacheObject[]
[APPROX] Constructing Approximation
[APPROX] Resolving approximation
[CTRL] Initiating iterator over current linear queries
[APPROX] # Conjunctions over output: 4
[CTRL] Processing linear query no. 55
[NNENUM] Running nnenum now...
[NNENUM] lb: [-0.4999999701976776, 0.125, 5.000000171712609e-6, -0.21079675705898798, -0.005, -0.005, -0.005, -0.005, -0.005, -0.005, -0.005, -0.005, -0.005]
[NNENUM] ub: [-0.00625, 0.5, 5.000000171712609e-6, -0.08052249040043885, 0.004999999999999999, 0.004999999999999999, 0.004999999999999999, 0.004999999999999999, 0.004999999999999999, 0.004999999999999999, 0.004999999999999999, 0.004999999999999999, 0.004999999999999999]
[NNENUM] Creating LP Star...
[NNENUM] Checking feasibility
[NNENUM] Generating output Spec...
[NNENUM] Spec list length:  4
[NNENUM] Enumeration in progress... 
(0.1 sec) Q: 0, Sets: 0/1  (0.0%) CEs: 0 ETA: - (expected 1 stars)   

Total Stars: 4 (1 exact, 3 approx)
Unfinished Stars: 0
Runtime: 0.2 sec
Completed work frac: 1.0
Num Stars Copied Between Processes: 0
Num Lps During Enumeration: 101
Total Num Lps: 101

Result: network is SAFE

[NNENUM] Result: 
<nnenum.result.Result object at 0x715913cff640>
[NNENUM] Enumeration finished.
safe
[NNENUM] Found counter-example stars: 0
[NNENUM] Filtering result using SMT solver...
[SMT] SMT filtered out 0 stars (out of 0; TO: 0).
[QUERY] Looking for nonlinear input combinations...
[QUERY] Found all non-linear combinations. Count: 1
[QUERY] Returning nonlinear disjunction
[CTRL] Considering conjunction with 39 input constraints and a disjunction of size 4
[APPROX] Checking cache: SNNT.Approx.ApproxCacheObject[]
[APPROX] Constructing Approximation
[APPROX] Resolving approximation
[CTRL] Initiating iterator over current linear queries
[APPROX] # Conjunctions over output: 4
[CTRL] Processing linear query no. 56
[NNENUM] Running nnenum now...
[NNENUM] lb: [-0.4999999701976776, 0.125, 5.000000171712609e-6, -0.21079675705898798, -0.005, -0.005, -0.005, -0.005, -0.005, -0.005, -0.005, -0.005, -0.005]
[NNENUM] ub: [-0.00625, 0.5, 5.000000171712609e-6, -0.08052249040043885, 0.004999999999999999, 0.004999999999999999, 0.004999999999999999, 0.004999999999999999, 0.004999999999999999, 0.004999999999999999, 0.004999999999999999, 0.004999999999999999, 0.004999999999999999]
[NNENUM] Creating LP Star...
[NNENUM] Checking feasibility
[NNENUM] Generating output Spec...
[NNENUM] Spec list length:  4
[NNENUM] Enumeration in progress... 
(0.1 sec) Q: 0, Sets: 0/1  (0.0%) CEs: 0 ETA: - (expected 1 stars)   
(0.2 sec) Q: 0, Sets: 0/2  (0.0%) CEs: 0 ETA: - (expected 1 stars)   

Total Stars: 2 (1 exact, 1 approx)
Unfinished Stars: 0
Runtime: 0.2 sec
Completed work frac: 1.0
Num Stars Copied Between Processes: 0
Num Lps During Enumeration: 102
Total Num Lps: 102

Result: network is SAFE

[NNENUM] Result: 
<nnenum.result.Result object at 0x7159136c8070>
[NNENUM] Enumeration finished.
safe
[NNENUM] Found counter-example stars: 0
[NNENUM] Filtering result using SMT solver...
[SMT] SMT filtered out 0 stars (out of 0; TO: 0).
[QUERY] Looking for nonlinear input combinations...
[QUERY] Found all non-linear combinations. Count: 2
[QUERY] Returning nonlinear disjunction
[CTRL] Considering conjunction with 39 input constraints and a disjunction of size 4
[APPROX] Checking cache: SNNT.Approx.ApproxCacheObject[]
[APPROX] Constructing Approximation
[APPROX] Resolving approximation
[CTRL] Initiating iterator over current linear queries
[APPROX] # Conjunctions over output: 4
[CTRL] Processing linear query no. 57
[NNENUM] Running nnenum now...
[NNENUM] lb: [-0.4999999701976776, 0.125, 5.000000171712609e-6, -0.21079675705898798, -0.005, -0.005, -0.005, -0.005, -0.005, -0.005, -0.005, -0.005, -0.005]
[NNENUM] ub: [-0.00625, 0.5, 5.000000171712609e-6, -0.08052249040043885, 0.004999999999999999, 0.004999999999999999, 0.004999999999999999, 0.004999999999999999, 0.004999999999999999, 0.004999999999999999, 0.004999999999999999, 0.004999999999999999, 0.004999999999999999]
[NNENUM] Creating LP Star...
[NNENUM] Checking feasibility
[NNENUM] Generating output Spec...
[NNENUM] Spec list length:  4
[NNENUM] Enumeration in progress... 
(0.0 sec) Q: 0, Sets: 0/1  (0.0%) CEs: 0 ETA: - (expected 1 stars)   

Total Stars: 2 (0 exact, 2 approx)
Unfinished Stars: 0
Runtime: 0.1 sec
Completed work frac: 1.0
Num Stars Copied Between Processes: 0
Num Lps During Enumeration: 0
Total Num Lps: 0

Result: network is SAFE

[NNENUM] Result: 
<nnenum.result.Result object at 0x715913cffeb0>
[NNENUM] Enumeration finished.
safe
[NNENUM] Found counter-example stars: 0
[NNENUM] Filtering result using SMT solver...
[SMT] SMT filtered out 0 stars (out of 0; TO: 0).
[QUERY] Looking for nonlinear input combinations...
[QUERY] Found all non-linear combinations. Count: 1
[QUERY] Returning nonlinear disjunction
[CTRL] Considering conjunction with 39 input constraints and a disjunction of size 4
[APPROX] Checking cache: SNNT.Approx.ApproxCacheObject[]
[APPROX] Constructing Approximation
[APPROX] Resolving approximation
[CTRL] Initiating iterator over current linear queries
[APPROX] # Conjunctions over output: 4
[CTRL] Processing linear query no. 58
[NNENUM] Running nnenum now...
[NNENUM] lb: [-0.4999999701976776, 0.125, 5.000000171712609e-6, -0.21079675705898798, -0.005, -0.005, -0.005, -0.005, -0.005, -0.005, -0.005, -0.005, -0.005]
[NNENUM] ub: [-0.00625, 0.5, 5.000000171712609e-6, -0.08052249040043885, 0.004999999999999999, 0.004999999999999999, 0.004999999999999999, 0.004999999999999999, 0.004999999999999999, 0.004999999999999999, 0.004999999999999999, 0.004999999999999999, 0.004999999999999999]
[NNENUM] Creating LP Star...
[NNENUM] Checking feasibility
[NNENUM] Generating output Spec...
[NNENUM] Spec list length:  4
[NNENUM] Enumeration in progress... 
(0.0 sec) Q: 0, Sets: 0/1  (0.0%) CEs: 0 ETA: - (expected 1 stars)   
(0.2 sec) Q: 0, Sets: 0/1  (0.0%) CEs: 0 ETA: - (expected 1 stars)   

Total Stars: 2 (1 exact, 1 approx)
Unfinished Stars: 0
Runtime: 0.2 sec
Completed work frac: 1.0
Num Stars Copied Between Processes: 0
Num Lps During Enumeration: 102
Total Num Lps: 102

Result: network is SAFE

[NNENUM] Result: 
<nnenum.result.Result object at 0x7159136c18b0>
[NNENUM] Enumeration finished.
safe
[NNENUM] Found counter-example stars: 0
[NNENUM] Filtering result using SMT solver...
[SMT] SMT filtered out 0 stars (out of 0; TO: 0).
[QUERY] Looking for nonlinear input combinations...
[QUERY] Found all non-linear combinations. Count: 1
[QUERY] Returning nonlinear disjunction
[CTRL] Considering conjunction with 39 input constraints and a disjunction of size 4
[APPROX] Checking cache: SNNT.Approx.ApproxCacheObject[]
[APPROX] Constructing Approximation
[APPROX] Resolving approximation
[CTRL] Initiating iterator over current linear queries
[APPROX] # Conjunctions over output: 4
[CTRL] Processing linear query no. 59
[NNENUM] Running nnenum now...
[NNENUM] lb: [-0.4999999701976776, 0.125, 5.000000171712609e-6, -0.21079675705898798, -0.005, -0.005, -0.005, -0.005, -0.005, -0.005, -0.005, -0.005, -0.005]
[NNENUM] ub: [-0.00625, 0.5, 5.000000171712609e-6, -0.08052249040043885, 0.004999999999999999, 0.004999999999999999, 0.004999999999999999, 0.004999999999999999, 0.004999999999999999, 0.004999999999999999, 0.004999999999999999, 0.004999999999999999, 0.004999999999999999]
[NNENUM] Creating LP Star...
[NNENUM] Checking feasibility
[NNENUM] Generating output Spec...
[NNENUM] Spec list length:  4
[NNENUM] Enumeration in progress... 
(0.0 sec) Q: 0, Sets: 0/1  (0.0%) CEs: 0 ETA: - (expected 1 stars)   

Total Stars: 2 (0 exact, 2 approx)
Unfinished Stars: 0
Runtime: 0.1 sec
Completed work frac: 1.0
Num Stars Copied Between Processes: 0
Num Lps During Enumeration: 0
Total Num Lps: 0

Result: network is SAFE

[NNENUM] Result: 
<nnenum.result.Result object at 0x7159136c1700>
[NNENUM] Enumeration finished.
safe
[NNENUM] Found counter-example stars: 0
[NNENUM] Filtering result using SMT solver...
[SMT] SMT filtered out 0 stars (out of 0; TO: 0).
[QUERY] Looking for nonlinear input combinations...
[QUERY] Found all non-linear combinations. Count: 1
[QUERY] Returning nonlinear disjunction
[CTRL] Considering conjunction with 39 input constraints and a disjunction of size 4
[APPROX] Checking cache: SNNT.Approx.ApproxCacheObject[]
[APPROX] Constructing Approximation
[APPROX] Resolving approximation
[CTRL] Initiating iterator over current linear queries
[APPROX] # Conjunctions over output: 4
[CTRL] Processing linear query no. 60
[NNENUM] Running nnenum now...
[NNENUM] lb: [-0.4999999701976776, 0.125, 5.000000171712609e-6, -0.21079675705898798, -0.005, -0.005, -0.005, -0.005, -0.005, -0.005, -0.005, -0.005, -0.005]
[NNENUM] ub: [-0.00625, 0.5, 5.000000171712609e-6, -0.08052249040043885, 0.004999999999999999, 0.004999999999999999, 0.004999999999999999, 0.004999999999999999, 0.004999999999999999, 0.004999999999999999, 0.004999999999999999, 0.004999999999999999, 0.004999999999999999]
[NNENUM] Creating LP Star...
[NNENUM] Checking feasibility
[NNENUM] Generating output Spec...
[NNENUM] Spec list length:  4
[NNENUM] Enumeration in progress... 
(0.1 sec) Q: 0, Sets: 0/1  (0.0%) CEs: 0 ETA: - (expected 1 stars)   
(0.2 sec) Q: 0, Sets: 0/2  (0.0%) CEs: 0 ETA: - (expected 1 stars)   

Total Stars: 3 (1 exact, 2 approx)
Unfinished Stars: 0
Runtime: 0.3 sec
Completed work frac: 1.0
Num Stars Copied Between Processes: 0
Num Lps During Enumeration: 163
Total Num Lps: 163

Result: network is SAFE

[NNENUM] Result: 
<nnenum.result.Result object at 0x7159136c2130>
[NNENUM] Enumeration finished.
safe
[NNENUM] Found counter-example stars: 0
[NNENUM] Filtering result using SMT solver...
[SMT] SMT filtered out 0 stars (out of 0; TO: 0).
[QUERY] Looking for nonlinear input combinations...
[QUERY] Found all non-linear combinations. Count: 2
[QUERY] Returning nonlinear disjunction
[CTRL] Considering conjunction with 39 input constraints and a disjunction of size 4
[APPROX] Checking cache: SNNT.Approx.ApproxCacheObject[]
[APPROX] Constructing Approximation
[APPROX] Resolving approximation
[CTRL] Initiating iterator over current linear queries
[APPROX] # Conjunctions over output: 4
[CTRL] Processing linear query no. 61
[NNENUM] Running nnenum now...
[NNENUM] lb: [-0.4999999701976776, 0.125, 5.000000171712609e-6, -0.21079675705898798, -0.005, -0.005, -0.005, -0.005, -0.005, -0.005, -0.005, -0.005, -0.005]
[NNENUM] ub: [-0.00625, 0.5, 5.000000171712609e-6, -0.08052249040043885, 0.004999999999999999, 0.004999999999999999, 0.004999999999999999, 0.004999999999999999, 0.004999999999999999, 0.004999999999999999, 0.004999999999999999, 0.004999999999999999, 0.004999999999999999]
[NNENUM] Creating LP Star...
[NNENUM] Checking feasibility
[NNENUM] Generating output Spec...
[NNENUM] Spec list length:  4
[NNENUM] Enumeration in progress... 
(0.2 sec) Q: 0, Sets: 0/1  (0.0%) CEs: 0 ETA: - (expected 1 stars)   

Total Stars: 3 (1 exact, 2 approx)
Unfinished Stars: 0
Runtime: 0.2 sec
Completed work frac: 1.0
Num Stars Copied Between Processes: 0
Num Lps During Enumeration: 169
Total Num Lps: 169

Result: network is SAFE

[NNENUM] Result: 
<nnenum.result.Result object at 0x7159136caf40>
[NNENUM] Enumeration finished.
safe
[NNENUM] Found counter-example stars: 0
[NNENUM] Filtering result using SMT solver...
[SMT] SMT filtered out 0 stars (out of 0; TO: 0).
[QUERY] Looking for nonlinear input combinations...
[QUERY] Found all non-linear combinations. Count: 1
[QUERY] Returning nonlinear disjunction
[CTRL] Considering conjunction with 39 input constraints and a disjunction of size 4
[APPROX] Checking cache: SNNT.Approx.ApproxCacheObject[]
[APPROX] Constructing Approximation
[APPROX] Resolving approximation
[CTRL] Initiating iterator over current linear queries
[APPROX] # Conjunctions over output: 4
[CTRL] Processing linear query no. 62
[NNENUM] Running nnenum now...
[NNENUM] lb: [-0.4999999701976776, 0.125, 5.000000171712609e-6, -0.21079675705898798, -0.005, -0.005, -0.005, -0.005, -0.005, -0.005, -0.005, -0.005, -0.005]
[NNENUM] ub: [-0.00625, 0.5, 5.000000171712609e-6, -0.08052249040043885, 0.004999999999999999, 0.004999999999999999, 0.004999999999999999, 0.004999999999999999, 0.004999999999999999, 0.004999999999999999, 0.004999999999999999, 0.004999999999999999, 0.004999999999999999]
[NNENUM] Creating LP Star...
[NNENUM] Checking feasibility
[NNENUM] Generating output Spec...
[NNENUM] Spec list length:  4
[NNENUM] Enumeration in progress... 
(0.1 sec) Q: 0, Sets: 0/1  (0.0%) CEs: 0 ETA: - (expected 1 stars)   
(0.2 sec) Q: 0, Sets: 0/2  (0.0%) CEs: 0 ETA: - (expected 1 stars)   

Total Stars: 5 (0 exact, 5 approx)
Unfinished Stars: 0
Runtime: 0.3 sec
Completed work frac: 1.0
Num Stars Copied Between Processes: 0
Num Lps During Enumeration: 0
Total Num Lps: 0

Result: network is SAFE

[NNENUM] Result: 
<nnenum.result.Result object at 0x7159136ce970>
[NNENUM] Enumeration finished.
safe
[NNENUM] Found counter-example stars: 0
[NNENUM] Filtering result using SMT solver...
[SMT] SMT filtered out 0 stars (out of 0; TO: 0).
[QUERY] Looking for nonlinear input combinations...
[QUERY] Found all non-linear combinations. Count: 1
[QUERY] Returning nonlinear disjunction
[CTRL] Considering conjunction with 39 input constraints and a disjunction of size 4
[APPROX] Checking cache: SNNT.Approx.ApproxCacheObject[]
[APPROX] Constructing Approximation
[APPROX] Resolving approximation
[CTRL] Initiating iterator over current linear queries
[APPROX] # Conjunctions over output: 4
[CTRL] Processing linear query no. 63
[NNENUM] Running nnenum now...
[NNENUM] lb: [-0.4999999701976776, 0.125, 5.000000171712609e-6, -0.21079675705898798, -0.005, -0.005, -0.005, -0.005, -0.005, -0.005, -0.005, -0.005, -0.005]
[NNENUM] ub: [-0.00625, 0.5, 5.000000171712609e-6, -0.08052249040043885, 0.004999999999999999, 0.004999999999999999, 0.004999999999999999, 0.004999999999999999, 0.004999999999999999, 0.004999999999999999, 0.004999999999999999, 0.004999999999999999, 0.004999999999999999]
[NNENUM] Creating LP Star...
[NNENUM] Checking feasibility
[NNENUM] Generating output Spec...
[NNENUM] Spec list length:  4
[NNENUM] Enumeration in progress... 
(0.1 sec) Q: 0, Sets: 0/1  (0.0%) CEs: 0 ETA: - (expected 1 stars)   

Total Stars: 3 (1 exact, 2 approx)
Unfinished Stars: 0
Runtime: 0.1 sec
Completed work frac: 1.0
Num Stars Copied Between Processes: 0
Num Lps During Enumeration: 18
Total Num Lps: 18

Result: network is SAFE

[NNENUM] Result: 
<nnenum.result.Result object at 0x7159136c67f0>
[NNENUM] Enumeration finished.
safe
[NNENUM] Found counter-example stars: 0
[NNENUM] Filtering result using SMT solver...
[SMT] SMT filtered out 0 stars (out of 0; TO: 0).
[QUERY] Looking for nonlinear input combinations...
[QUERY] Found all non-linear combinations. Count: 1
[QUERY] Returning nonlinear disjunction
[CTRL] Considering conjunction with 39 input constraints and a disjunction of size 4
[APPROX] Checking cache: SNNT.Approx.ApproxCacheObject[]
[APPROX] Constructing Approximation
[APPROX] Resolving approximation
[CTRL] Initiating iterator over current linear queries
[APPROX] # Conjunctions over output: 4
[CTRL] Processing linear query no. 64
[NNENUM] Running nnenum now...
[NNENUM] lb: [-0.4999999701976776, 0.125, 5.000000171712609e-6, -0.21079675705898798, -0.005, -0.005, -0.005, -0.005, -0.005, -0.005, -0.005, -0.005, -0.005]
[NNENUM] ub: [-0.00625, 0.5, 5.000000171712609e-6, -0.08052249040043885, 0.004999999999999999, 0.004999999999999999, 0.004999999999999999, 0.004999999999999999, 0.004999999999999999, 0.004999999999999999, 0.004999999999999999, 0.004999999999999999, 0.004999999999999999]
[NNENUM] Creating LP Star...
[NNENUM] Checking feasibility
[NNENUM] Generating output Spec...
[NNENUM] Spec list length:  4
[NNENUM] Enumeration in progress... 
(0.1 sec) Q: 0, Sets: 0/1  (0.0%) CEs: 0 ETA: - (expected 1 stars)   
(0.2 sec) Q: 0, Sets: 0/2  (0.0%) CEs: 0 ETA: - (expected 1 stars)   

Total Stars: 6 (0 exact, 6 approx)
Unfinished Stars: 0
Runtime: 0.3 sec
Completed work frac: 1.0
Num Stars Copied Between Processes: 0
Num Lps During Enumeration: 0
Total Num Lps: 0

Result: network is SAFE

[NNENUM] Result: 
<nnenum.result.Result object at 0x7159136c2220>
[NNENUM] Enumeration finished.
safe
[NNENUM] Found counter-example stars: 0
[NNENUM] Filtering result using SMT solver...
[SMT] SMT filtered out 0 stars (out of 0; TO: 0).
[QUERY] Looking for nonlinear input combinations...
[QUERY] Found all non-linear combinations. Count: 1
[QUERY] Returning nonlinear disjunction
[CTRL] Considering conjunction with 39 input constraints and a disjunction of size 4
[APPROX] Checking cache: SNNT.Approx.ApproxCacheObject[]
[APPROX] Constructing Approximation
[APPROX] Resolving approximation
[CTRL] Initiating iterator over current linear queries
[APPROX] # Conjunctions over output: 4
[CTRL] Processing linear query no. 65
[NNENUM] Running nnenum now...
[NNENUM] lb: [-0.4999999701976776, 0.125, 5.000000171712609e-6, -0.21079675705898798, -0.005, -0.005, -0.005, -0.005, -0.005, -0.005, -0.005, -0.005, -0.005]
[NNENUM] ub: [-0.00625, 0.5, 5.000000171712609e-6, -0.08052249040043885, 0.004999999999999999, 0.004999999999999999, 0.004999999999999999, 0.004999999999999999, 0.004999999999999999, 0.004999999999999999, 0.004999999999999999, 0.004999999999999999, 0.004999999999999999]
[NNENUM] Creating LP Star...
[NNENUM] Checking feasibility
[NNENUM] Generating output Spec...
[NNENUM] Spec list length:  4
[NNENUM] Enumeration in progress... 
(0.0 sec) Q: 0, Sets: 0/1  (0.0%) CEs: 0 ETA: - (expected 1 stars)   

Total Stars: 2 (0 exact, 2 approx)
Unfinished Stars: 0
Runtime: 0.1 sec
Completed work frac: 1.0
Num Stars Copied Between Processes: 0
Num Lps During Enumeration: 0
Total Num Lps: 0

Result: network is SAFE

[NNENUM] Result: 
<nnenum.result.Result object at 0x7159136c9070>
[NNENUM] Enumeration finished.
safe
[NNENUM] Found counter-example stars: 0
[NNENUM] Filtering result using SMT solver...
[SMT] SMT filtered out 0 stars (out of 0; TO: 0).
[QUERY] Looking for nonlinear input combinations...
[QUERY] Found all non-linear combinations. Count: 1
[QUERY] Returning nonlinear disjunction
[CTRL] Considering conjunction with 39 input constraints and a disjunction of size 4
[APPROX] Checking cache: SNNT.Approx.ApproxCacheObject[]
[APPROX] Constructing Approximation
[APPROX] Resolving approximation
[CTRL] Initiating iterator over current linear queries
[APPROX] # Conjunctions over output: 4
[CTRL] Processing linear query no. 66
[NNENUM] Running nnenum now...
[NNENUM] lb: [-0.4999999701976776, 0.125, 5.000000171712609e-6, -0.21079675705898798, -0.005, -0.005, -0.005, -0.005, -0.005, -0.005, -0.005, -0.005, -0.005]
[NNENUM] ub: [-0.00625, 0.5, 5.000000171712609e-6, -0.08052249040043885, 0.004999999999999999, 0.004999999999999999, 0.004999999999999999, 0.004999999999999999, 0.004999999999999999, 0.004999999999999999, 0.004999999999999999, 0.004999999999999999, 0.004999999999999999]
[NNENUM] Creating LP Star...
[NNENUM] Checking feasibility
[NNENUM] Generating output Spec...
[NNENUM] Spec list length:  4
[NNENUM] Enumeration in progress... 
(0.0 sec) Q: 0, Sets: 0/1  (0.0%) CEs: 0 ETA: - (expected 1 stars)   
(0.2 sec) Q: 0, Sets: 0/2  (0.0%) CEs: 0 ETA: - (expected 1 stars)   

Total Stars: 2 (0 exact, 2 approx)
Unfinished Stars: 0
Runtime: 0.2 sec
Completed work frac: 1.0
Num Stars Copied Between Processes: 0
Num Lps During Enumeration: 0
Total Num Lps: 0

Result: network is SAFE

[NNENUM] Result: 
<nnenum.result.Result object at 0x7159136cda60>
[NNENUM] Enumeration finished.
safe
[NNENUM] Found counter-example stars: 0
[NNENUM] Filtering result using SMT solver...
[SMT] SMT filtered out 0 stars (out of 0; TO: 0).
[QUERY] Looking for nonlinear input combinations...
[QUERY] Found all non-linear combinations. Count: 1
[QUERY] Returning nonlinear disjunction
[CTRL] Considering conjunction with 39 input constraints and a disjunction of size 4
[APPROX] Checking cache: SNNT.Approx.ApproxCacheObject[]
[APPROX] Constructing Approximation
[APPROX] Resolving approximation
[CTRL] Initiating iterator over current linear queries
[APPROX] # Conjunctions over output: 4
[CTRL] Processing linear query no. 67
[NNENUM] Running nnenum now...
[NNENUM] lb: [-0.4999999701976776, 0.125, 5.000000171712609e-6, -0.21079675705898798, -0.005, -0.005, -0.005, -0.005, -0.005, -0.005, -0.005, -0.005, -0.005]
[NNENUM] ub: [-0.00625, 0.5, 5.000000171712609e-6, -0.08052249040043885, 0.004999999999999999, 0.004999999999999999, 0.004999999999999999, 0.004999999999999999, 0.004999999999999999, 0.004999999999999999, 0.004999999999999999, 0.004999999999999999, 0.004999999999999999]
[NNENUM] Creating LP Star...
[NNENUM] Checking feasibility
[NNENUM] Generating output Spec...
[NNENUM] Spec list length:  4
[NNENUM] Enumeration in progress... 
(0.0 sec) Q: 0, Sets: 0/1  (0.0%) CEs: 0 ETA: - (expected 1 stars)   

Total Stars: 2 (1 exact, 1 approx)
Unfinished Stars: 0
Runtime: 0.1 sec
Completed work frac: 1.0
Num Stars Copied Between Processes: 0
Num Lps During Enumeration: 102
Total Num Lps: 102

Result: network is SAFE

[NNENUM] Result: 
<nnenum.result.Result object at 0x7159136c38b0>
[NNENUM] Enumeration finished.
safe
[NNENUM] Found counter-example stars: 0
[NNENUM] Filtering result using SMT solver...
[SMT] SMT filtered out 0 stars (out of 0; TO: 0).
[QUERY] Looking for nonlinear input combinations...
[QUERY] Found all non-linear combinations. Count: 1
[QUERY] Returning nonlinear disjunction
[CTRL] Considering conjunction with 39 input constraints and a disjunction of size 4
[APPROX] Checking cache: SNNT.Approx.ApproxCacheObject[]
[APPROX] Constructing Approximation
[APPROX] Resolving approximation
[CTRL] Initiating iterator over current linear queries
[APPROX] # Conjunctions over output: 4
[CTRL] Processing linear query no. 68
[NNENUM] Running nnenum now...
[NNENUM] lb: [-0.4999999701976776, 0.125, 5.000000171712609e-6, -0.21079675705898798, -0.005, -0.005, -0.005, -0.005, -0.005, -0.005, -0.005, -0.005, -0.005]
[NNENUM] ub: [-0.00625, 0.5, 5.000000171712609e-6, -0.08052249040043885, 0.004999999999999999, 0.004999999999999999, 0.004999999999999999, 0.004999999999999999, 0.004999999999999999, 0.004999999999999999, 0.004999999999999999, 0.004999999999999999, 0.004999999999999999]
[NNENUM] Creating LP Star...
[NNENUM] Checking feasibility
[NNENUM] Generating output Spec...
[NNENUM] Spec list length:  4
[NNENUM] Enumeration in progress... 
(0.1 sec) Q: 0, Sets: 0/1  (0.0%) CEs: 0 ETA: - (expected 1 stars)   
(0.2 sec) Q: 0, Sets: 0/2  (0.0%) CEs: 0 ETA: - (expected 1 stars)   

Total Stars: 2 (1 exact, 1 approx)
Unfinished Stars: 0
Runtime: 0.2 sec
Completed work frac: 1.0
Num Stars Copied Between Processes: 0
Num Lps During Enumeration: 102
Total Num Lps: 102

Result: network is SAFE

[NNENUM] Result: 
<nnenum.result.Result object at 0x7159136d12e0>
[NNENUM] Enumeration finished.
safe
[NNENUM] Found counter-example stars: 0
[NNENUM] Filtering result using SMT solver...
[SMT] SMT filtered out 0 stars (out of 0; TO: 0).
[QUERY] Looking for nonlinear input combinations...
[QUERY] Found all non-linear combinations. Count: 1
[QUERY] Returning nonlinear disjunction
[CTRL] Considering conjunction with 39 input constraints and a disjunction of size 4
[APPROX] Checking cache: SNNT.Approx.ApproxCacheObject[]
[APPROX] Constructing Approximation
[APPROX] Resolving approximation
[CTRL] Initiating iterator over current linear queries
[APPROX] # Conjunctions over output: 4
[CTRL] Processing linear query no. 69
[NNENUM] Running nnenum now...
[NNENUM] lb: [-0.4999999701976776, 0.125, 5.000000171712609e-6, -0.21079675705898798, -0.005, -0.005, -0.005, -0.005, -0.005, -0.005, -0.005, -0.005, -0.005]
[NNENUM] ub: [-0.00625, 0.5, 5.000000171712609e-6, -0.08052249040043885, 0.004999999999999999, 0.004999999999999999, 0.004999999999999999, 0.004999999999999999, 0.004999999999999999, 0.004999999999999999, 0.004999999999999999, 0.004999999999999999, 0.004999999999999999]
[NNENUM] Creating LP Star...
[NNENUM] Checking feasibility
[NNENUM] Generating output Spec...
[NNENUM] Spec list length:  4
[NNENUM] Enumeration in progress... 
(0.1 sec) Q: 0, Sets: 0/1  (0.0%) CEs: 0 ETA: - (expected 1 stars)   

Total Stars: 4 (1 exact, 3 approx)
Unfinished Stars: 0
Runtime: 0.1 sec
Completed work frac: 1.0
Num Stars Copied Between Processes: 0
Num Lps During Enumeration: 101
Total Num Lps: 101

Result: network is SAFE

[NNENUM] Result: 
<nnenum.result.Result object at 0x715913cfdd90>
[NNENUM] Enumeration finished.
safe
[NNENUM] Found counter-example stars: 0
[NNENUM] Filtering result using SMT solver...
[SMT] SMT filtered out 0 stars (out of 0; TO: 0).
[QUERY] Looking for nonlinear input combinations...
[QUERY] Found all non-linear combinations. Count: 1
[QUERY] Returning nonlinear disjunction
[CTRL] Considering conjunction with 39 input constraints and a disjunction of size 4
[APPROX] Checking cache: SNNT.Approx.ApproxCacheObject[]
[APPROX] Constructing Approximation
[APPROX] Resolving approximation
[CTRL] Initiating iterator over current linear queries
[APPROX] # Conjunctions over output: 4
[CTRL] Processing linear query no. 70
[NNENUM] Running nnenum now...
[NNENUM] lb: [-0.4999999701976776, 0.125, 5.000000171712609e-6, -0.3499999940395355, -0.005, -0.005, -0.005, -0.005, -0.005, -0.005, -0.005, -0.005, -0.005]
[NNENUM] ub: [-0.00625, 0.5, 5.000000171712609e-6, -0.21079675705898798, 0.004999999999999999, 0.004999999999999999, 0.004999999999999999, 0.004999999999999999, 0.004999999999999999, 0.004999999999999999, 0.004999999999999999, 0.004999999999999999, 0.004999999999999999]
[NNENUM] Creating LP Star...
[NNENUM] Checking feasibility
[NNENUM] Generating output Spec...
[NNENUM] Spec list length:  4
[NNENUM] Enumeration in progress... 
(0.2 sec) Q: 0, Sets: 0/1  (0.0%) CEs: 0 ETA: - (expected 1 stars)   
(0.3 sec) Q: 0, Sets: 0/2  (0.0%) CEs: 0 ETA: - (expected 1 stars)   

Total Stars: 5 (3 exact, 2 approx)
Unfinished Stars: 0
Runtime: 0.3 sec
Completed work frac: 1.0
Num Stars Copied Between Processes: 0
Num Lps During Enumeration: 129
Total Num Lps: 129

Result: network is SAFE

[NNENUM] Result: 
<nnenum.result.Result object at 0x715913cf89a0>
[NNENUM] Enumeration finished.
safe
[NNENUM] Found counter-example stars: 0
[NNENUM] Filtering result using SMT solver...
[SMT] SMT filtered out 0 stars (out of 0; TO: 0).
[QUERY] Looking for nonlinear input combinations...
.[QUERY] Found all non-linear combinations. Count: 1
[QUERY] Returning nonlinear disjunction
[CTRL] Considering conjunction with 39 input constraints and a disjunction of size 4
[APPROX] Checking cache: SNNT.Approx.ApproxCacheObject[]
[APPROX] Constructing Approximation
[APPROX] Resolving approximation
[CTRL] Initiating iterator over current linear queries
[APPROX] # Conjunctions over output: 4
[CTRL] Processing linear query no. 71
[NNENUM] Running nnenum now...
[NNENUM] lb: [-0.4999999701976776, 0.125, 5.000000171712609e-6, -0.3499999940395355, -0.005, -0.005, -0.005, -0.005, -0.005, -0.005, -0.005, -0.005, -0.005]
[NNENUM] ub: [-0.00625, 0.5, 5.000000171712609e-6, -0.21079675705898798, 0.004999999999999999, 0.004999999999999999, 0.004999999999999999, 0.004999999999999999, 0.004999999999999999, 0.004999999999999999, 0.004999999999999999, 0.004999999999999999, 0.004999999999999999]
[NNENUM] Creating LP Star...
[NNENUM] Checking feasibility
[NNENUM] Generating output Spec...
[NNENUM] Spec list length:  4
[NNENUM] Enumeration in progress... 
(0.1 sec) Q: 0, Sets: 0/1  (0.0%) CEs: 0 ETA: - (expected 1 stars)   

Total Stars: 2 (0 exact, 2 approx)
Unfinished Stars: 0
Runtime: 0.1 sec
Completed work frac: 1.0
Num Stars Copied Between Processes: 0
Num Lps During Enumeration: 0
Total Num Lps: 0

Result: network is SAFE

[NNENUM] Result: 
<nnenum.result.Result object at 0x7159136c2b80>
[NNENUM] Enumeration finished.
safe
[NNENUM] Found counter-example stars: 0
[NNENUM] Filtering result using SMT solver...
[SMT] SMT filtered out 0 stars (out of 0; TO: 0).
[QUERY] Looking for nonlinear input combinations...
[QUERY] Found all non-linear combinations. Count: 1
[QUERY] Returning nonlinear disjunction
[CTRL] Considering conjunction with 39 input constraints and a disjunction of size 4
[APPROX] Checking cache: SNNT.Approx.ApproxCacheObject[]
[APPROX] Constructing Approximation
[APPROX] Resolving approximation
[CTRL] Initiating iterator over current linear queries
[APPROX] # Conjunctions over output: 4
[CTRL] Processing linear query no. 72
[NNENUM] Running nnenum now...
[NNENUM] lb: [-0.4999999701976776, 0.125, 5.000000171712609e-6, -0.3499999940395355, -0.005, -0.005, -0.005, -0.005, -0.005, -0.005, -0.005, -0.005, -0.005]
[NNENUM] ub: [-0.00625, 0.5, 5.000000171712609e-6, -0.21079675705898798, 0.004999999999999999, 0.004999999999999999, 0.004999999999999999, 0.004999999999999999, 0.004999999999999999, 0.004999999999999999, 0.004999999999999999, 0.004999999999999999, 0.004999999999999999]
[NNENUM] Creating LP Star...
[NNENUM] Checking feasibility
[NNENUM] Generating output Spec...
[NNENUM] Spec list length:  4
[NNENUM] Enumeration in progress... 
(0.0 sec) Q: 0, Sets: 0/1  (0.0%) CEs: 0 ETA: - (expected 1 stars)   
(0.2 sec) Q: 0, Sets: 0/2  (0.0%) CEs: 0 ETA: - (expected 1 stars)   

Total Stars: 2 (1 exact, 1 approx)
Unfinished Stars: 0
Runtime: 0.2 sec
Completed work frac: 1.0
Num Stars Copied Between Processes: 0
Num Lps During Enumeration: 71
Total Num Lps: 71

Result: network is SAFE

[NNENUM] Result: 
<nnenum.result.Result object at 0x7159140bd1f0>
[NNENUM] Enumeration finished.
safe
[NNENUM] Found counter-example stars: 0
[NNENUM] Filtering result using SMT solver...
[SMT] SMT filtered out 0 stars (out of 0; TO: 0).
[QUERY] Looking for nonlinear input combinations...
[QUERY] Found all non-linear combinations. Count: 1
[QUERY] Returning nonlinear disjunction
[CTRL] Considering conjunction with 39 input constraints and a disjunction of size 4
[APPROX] Checking cache: SNNT.Approx.ApproxCacheObject[]
[APPROX] Constructing Approximation
[APPROX] Resolving approximation
[CTRL] Initiating iterator over current linear queries
[APPROX] # Conjunctions over output: 4
[CTRL] Processing linear query no. 73
[NNENUM] Running nnenum now...
[NNENUM] lb: [-0.4999999701976776, 0.125, 5.000000171712609e-6, -0.3499999940395355, -0.005, -0.005, -0.005, -0.005, -0.005, -0.005, -0.005, -0.005, -0.005]
[NNENUM] ub: [-0.00625, 0.5, 5.000000171712609e-6, -0.21079675705898798, 0.004999999999999999, 0.004999999999999999, 0.004999999999999999, 0.004999999999999999, 0.004999999999999999, 0.004999999999999999, 0.004999999999999999, 0.004999999999999999, 0.004999999999999999]
[NNENUM] Creating LP Star...
[NNENUM] Checking feasibility
[NNENUM] Generating output Spec...
[NNENUM] Spec list length:  4
[NNENUM] Enumeration in progress... 
(0.1 sec) Q: 0, Sets: 0/1  (0.0%) CEs: 0 ETA: - (expected 1 stars)   

Total Stars: 5 (3 exact, 2 approx)
Unfinished Stars: 0
Runtime: 0.2 sec
Completed work frac: 1.0
Num Stars Copied Between Processes: 0
Num Lps During Enumeration: 128
Total Num Lps: 128

Result: network is SAFE

[NNENUM] Result: 
<nnenum.result.Result object at 0x715913cf17f0>
[NNENUM] Enumeration finished.
safe
[NNENUM] Found counter-example stars: 0
[NNENUM] Filtering result using SMT solver...
[SMT] SMT filtered out 0 stars (out of 0; TO: 0).
[QUERY] Looking for nonlinear input combinations...
[QUERY] Found all non-linear combinations. Count: 1
[QUERY] Returning nonlinear disjunction
[CTRL] Considering conjunction with 39 input constraints and a disjunction of size 4
[APPROX] Checking cache: SNNT.Approx.ApproxCacheObject[]
[APPROX] Constructing Approximation
[APPROX] Resolving approximation
[CTRL] Initiating iterator over current linear queries
[APPROX] # Conjunctions over output: 4
[CTRL] Processing linear query no. 74
[NNENUM] Running nnenum now...
[NNENUM] lb: [-0.4999999701976776, 0.125, 5.000000171712609e-6, -0.3499999940395355, -0.005, -0.005, -0.005, -0.005, -0.005, -0.005, -0.005, -0.005, -0.005]
[NNENUM] ub: [-0.00625, 0.5, 5.000000171712609e-6, -0.21079675705898798, 0.004999999999999999, 0.004999999999999999, 0.004999999999999999, 0.004999999999999999, 0.004999999999999999, 0.004999999999999999, 0.004999999999999999, 0.004999999999999999, 0.004999999999999999]
[NNENUM] Creating LP Star...
[NNENUM] Checking feasibility
[NNENUM] Generating output Spec...
[NNENUM] Spec list length:  4
[NNENUM] Enumeration in progress... 
(0.1 sec) Q: 0, Sets: 0/1  (0.0%) CEs: 0 ETA: - (expected 1 stars)   
(0.2 sec) Q: 0, Sets: 0/2  (0.0%) CEs: 0 ETA: - (expected 1 stars)   

Total Stars: 5 (3 exact, 2 approx)
Unfinished Stars: 0
Runtime: 0.3 sec
Completed work frac: 1.0
Num Stars Copied Between Processes: 0
Num Lps During Enumeration: 130
Total Num Lps: 130

Result: network is SAFE

[NNENUM] Result: 
<nnenum.result.Result object at 0x7159136c31c0>
[NNENUM] Enumeration finished.
safe
[NNENUM] Found counter-example stars: 0
[NNENUM] Filtering result using SMT solver...
[SMT] SMT filtered out 0 stars (out of 0; TO: 0).
[QUERY] Looking for nonlinear input combinations...
[QUERY] Found all non-linear combinations. Count: 1
[QUERY] Returning nonlinear disjunction
[CTRL] Considering conjunction with 39 input constraints and a disjunction of size 4
[APPROX] Checking cache: SNNT.Approx.ApproxCacheObject[]
[APPROX] Constructing Approximation
[APPROX] Resolving approximation
[CTRL] Initiating iterator over current linear queries
[APPROX] # Conjunctions over output: 4
[CTRL] Processing linear query no. 75
[NNENUM] Running nnenum now...
[NNENUM] lb: [-0.4999999701976776, 0.125, 5.000000171712609e-6, -0.3499999940395355, -0.005, -0.005, -0.005, -0.005, -0.005, -0.005, -0.005, -0.005, -0.005]
[NNENUM] ub: [-0.00625, 0.5, 5.000000171712609e-6, -0.21079675705898798, 0.004999999999999999, 0.004999999999999999, 0.004999999999999999, 0.004999999999999999, 0.004999999999999999, 0.004999999999999999, 0.004999999999999999, 0.004999999999999999, 0.004999999999999999]
[NNENUM] Creating LP Star...
[NNENUM] Checking feasibility
[NNENUM] Generating output Spec...
[NNENUM] Spec list length:  4
[NNENUM] Enumeration in progress... 
(0.1 sec) Q: 0, Sets: 0/1  (0.0%) CEs: 0 ETA: - (expected 1 stars)   
(0.2 sec) Q: 0, Sets: 2/4  (50.0%) CEs: 0 ETA: 0.2 sec (expected 4 stars)   

Total Stars: 5 (3 exact, 2 approx)
Unfinished Stars: 0
Runtime: 0.2 sec
Completed work frac: 1.0
Num Stars Copied Between Processes: 0
Num Lps During Enumeration: 129
Total Num Lps: 129

Result: network is SAFE

[NNENUM] Result: 
<nnenum.result.Result object at 0x7159136c2910>
[NNENUM] Enumeration finished.
safe
[NNENUM] Found counter-example stars: 0
[NNENUM] Filtering result using SMT solver...
[SMT] SMT filtered out 0 stars (out of 0; TO: 0).
[QUERY] Looking for nonlinear input combinations...
.[QUERY] Found all non-linear combinations. Count: 1
[QUERY] Returning nonlinear disjunction
[CTRL] Considering conjunction with 39 input constraints and a disjunction of size 4
[APPROX] Checking cache: SNNT.Approx.ApproxCacheObject[]
[APPROX] Constructing Approximation
[APPROX] Resolving approximation
[CTRL] Initiating iterator over current linear queries
[APPROX] # Conjunctions over output: 4
[CTRL] Processing linear query no. 76
[NNENUM] Running nnenum now...
[NNENUM] lb: [-0.4999999701976776, 0.125, 5.000000171712609e-6, -0.3499999940395355, -0.005, -0.005, -0.005, -0.005, -0.005, -0.005, -0.005, -0.005, -0.005]
[NNENUM] ub: [-0.00625, 0.5, 5.000000171712609e-6, -0.21079675705898798, 0.004999999999999999, 0.004999999999999999, 0.004999999999999999, 0.004999999999999999, 0.004999999999999999, 0.004999999999999999, 0.004999999999999999, 0.004999999999999999, 0.004999999999999999]
[NNENUM] Creating LP Star...
[NNENUM] Checking feasibility
[NNENUM] Generating output Spec...
[NNENUM] Spec list length:  4
[NNENUM] Enumeration in progress... 
(0.1 sec) Q: 0, Sets: 0/1  (0.0%) CEs: 0 ETA: - (expected 1 stars)   
(0.2 sec) Q: 0, Sets: 0/1  (0.0%) CEs: 0 ETA: - (expected 1 stars)   

Total Stars: 3 (0 exact, 3 approx)
Unfinished Stars: 0
Runtime: 0.2 sec
Completed work frac: 1.0
Num Stars Copied Between Processes: 0
Num Lps During Enumeration: 0
Total Num Lps: 0

Result: network is SAFE

[NNENUM] Result: 
<nnenum.result.Result object at 0x7159136c3a00>
[NNENUM] Enumeration finished.
safe
[NNENUM] Found counter-example stars: 0
[NNENUM] Filtering result using SMT solver...
[SMT] SMT filtered out 0 stars (out of 0; TO: 0).
[QUERY] Looking for nonlinear input combinations...
[QUERY] Found all non-linear combinations. Count: 1
[QUERY] Returning nonlinear disjunction
[CTRL] Considering conjunction with 39 input constraints and a disjunction of size 4
[APPROX] Checking cache: SNNT.Approx.ApproxCacheObject[]
[APPROX] Constructing Approximation
[APPROX] Resolving approximation
[CTRL] Initiating iterator over current linear queries
[APPROX] # Conjunctions over output: 4
[CTRL] Processing linear query no. 77
[NNENUM] Running nnenum now...
[NNENUM] lb: [-0.4999999701976776, 0.125, 5.000000171712609e-6, -0.3499999940395355, -0.005, -0.005, -0.005, -0.005, -0.005, -0.005, -0.005, -0.005, -0.005]
[NNENUM] ub: [-0.00625, 0.5, 5.000000171712609e-6, -0.21079675705898798, 0.004999999999999999, 0.004999999999999999, 0.004999999999999999, 0.004999999999999999, 0.004999999999999999, 0.004999999999999999, 0.004999999999999999, 0.004999999999999999, 0.004999999999999999]
[NNENUM] Creating LP Star...
[NNENUM] Checking feasibility
[NNENUM] Generating output Spec...
[NNENUM] Spec list length:  4
[NNENUM] Enumeration in progress... 
(0.1 sec) Q: 0, Sets: 0/1  (0.0%) CEs: 0 ETA: - (expected 1 stars)   

Total Stars: 3 (0 exact, 3 approx)
Unfinished Stars: 0
Runtime: 0.1 sec
Completed work frac: 1.0
Num Stars Copied Between Processes: 0
Num Lps During Enumeration: 0
Total Num Lps: 0

Result: network is SAFE

[NNENUM] Result: 
<nnenum.result.Result object at 0x7159136ca850>
[NNENUM] Enumeration finished.
safe
[NNENUM] Found counter-example stars: 0
[NNENUM] Filtering result using SMT solver...
[SMT] SMT filtered out 0 stars (out of 0; TO: 0).
[QUERY] Looking for nonlinear input combinations...
[QUERY] Found all non-linear combinations. Count: 1
[QUERY] Returning nonlinear disjunction
[CTRL] Considering conjunction with 39 input constraints and a disjunction of size 4
[APPROX] Checking cache: SNNT.Approx.ApproxCacheObject[]
[APPROX] Constructing Approximation
[APPROX] Resolving approximation
[CTRL] Initiating iterator over current linear queries
[APPROX] # Conjunctions over output: 4
[CTRL] Processing linear query no. 78
[NNENUM] Running nnenum now...
[NNENUM] lb: [-0.4999999701976776, 0.125, 5.000000171712609e-6, -0.3499999940395355, -0.005, -0.005, -0.005, -0.005, -0.005, -0.005, -0.005, -0.005, -0.005]
[NNENUM] ub: [-0.00625, 0.5, 5.000000171712609e-6, -0.21079675705898798, 0.004999999999999999, 0.004999999999999999, 0.004999999999999999, 0.004999999999999999, 0.004999999999999999, 0.004999999999999999, 0.004999999999999999, 0.004999999999999999, 0.004999999999999999]
[NNENUM] Creating LP Star...
[NNENUM] Checking feasibility
[NNENUM] Generating output Spec...
[NNENUM] Spec list length:  4
[NNENUM] Enumeration in progress... 
(0.1 sec) Q: 0, Sets: 0/1  (0.0%) CEs: 0 ETA: - (expected 1 stars)   
(0.2 sec) Q: 0, Sets: 0/2  (0.0%) CEs: 0 ETA: - (expected 1 stars)   

Total Stars: 3 (1 exact, 2 approx)
Unfinished Stars: 0
Runtime: 0.3 sec
Completed work frac: 1.0
Num Stars Copied Between Processes: 0
Num Lps During Enumeration: 100
Total Num Lps: 100

Result: network is SAFE

[NNENUM] Result: 
<nnenum.result.Result object at 0x7159136c9280>
[NNENUM] Enumeration finished.
safe
[NNENUM] Found counter-example stars: 0
[NNENUM] Filtering result using SMT solver...
[SMT] SMT filtered out 0 stars (out of 0; TO: 0).
[QUERY] Looking for nonlinear input combinations...
[QUERY] Found all non-linear combinations. Count: 1
[QUERY] Returning nonlinear disjunction
[CTRL] Considering conjunction with 39 input constraints and a disjunction of size 4
[APPROX] Checking cache: SNNT.Approx.ApproxCacheObject[]
[APPROX] Constructing Approximation
[APPROX] Resolving approximation
[CTRL] Initiating iterator over current linear queries
[APPROX] # Conjunctions over output: 4
[CTRL] Processing linear query no. 79
[NNENUM] Running nnenum now...
[NNENUM] lb: [-0.4999999701976776, 0.125, 5.000000171712609e-6, -0.3499999940395355, -0.005, -0.005, -0.005, -0.005, -0.005, -0.005, -0.005, -0.005, -0.005]
[NNENUM] ub: [-0.00625, 0.5, 5.000000171712609e-6, -0.21079675705898798, 0.004999999999999999, 0.004999999999999999, 0.004999999999999999, 0.004999999999999999, 0.004999999999999999, 0.004999999999999999, 0.004999999999999999, 0.004999999999999999, 0.004999999999999999]
[NNENUM] Creating LP Star...
[NNENUM] Checking feasibility
[NNENUM] Generating output Spec...
[NNENUM] Spec list length:  4
[NNENUM] Enumeration in progress... 
(0.1 sec) Q: 0, Sets: 0/1  (0.0%) CEs: 0 ETA: - (expected 1 stars)   

Total Stars: 3 (1 exact, 2 approx)
Unfinished Stars: 0
Runtime: 0.1 sec
Completed work frac: 1.0
Num Stars Copied Between Processes: 0
Num Lps During Enumeration: 100
Total Num Lps: 100

Result: network is SAFE

[NNENUM] Result: 
<nnenum.result.Result object at 0x7159136d10d0>
[NNENUM] Enumeration finished.
safe
[NNENUM] Found counter-example stars: 0
[NNENUM] Filtering result using SMT solver...
[SMT] SMT filtered out 0 stars (out of 0; TO: 0).
[QUERY] Looking for nonlinear input combinations...
.[QUERY] Found all non-linear combinations. Count: 1
[QUERY] Returning nonlinear disjunction
[CTRL] Considering conjunction with 39 input constraints and a disjunction of size 4
[APPROX] Checking cache: SNNT.Approx.ApproxCacheObject[]
[APPROX] Constructing Approximation
[APPROX] Resolving approximation
[CTRL] Initiating iterator over current linear queries
[APPROX] # Conjunctions over output: 4
[CTRL] Processing linear query no. 80
[NNENUM] Running nnenum now...
[NNENUM] lb: [-0.4999999701976776, 0.125, 5.000000171712609e-6, -0.3499999940395355, -0.005, -0.005, -0.005, -0.005, -0.005, -0.005, -0.005, -0.005, -0.005]
[NNENUM] ub: [-0.00625, 0.5, 5.000000171712609e-6, -0.21079675705898798, 0.004999999999999999, 0.004999999999999999, 0.004999999999999999, 0.004999999999999999, 0.004999999999999999, 0.004999999999999999, 0.004999999999999999, 0.004999999999999999, 0.004999999999999999]
[NNENUM] Creating LP Star...
[NNENUM] Checking feasibility
[NNENUM] Generating output Spec...
[NNENUM] Spec list length:  4
[NNENUM] Enumeration in progress... 
(0.0 sec) Q: 0, Sets: 0/1  (0.0%) CEs: 0 ETA: - (expected 1 stars)   
(0.2 sec) Q: 0, Sets: 0/2  (0.0%) CEs: 0 ETA: - (expected 1 stars)   

Total Stars: 2 (0 exact, 2 approx)
Unfinished Stars: 0
Runtime: 0.2 sec
Completed work frac: 1.0
Num Stars Copied Between Processes: 0
Num Lps During Enumeration: 0
Total Num Lps: 0

Result: network is SAFE

[NNENUM] Result: 
<nnenum.result.Result object at 0x7159136c9af0>
[NNENUM] Enumeration finished.
safe
[NNENUM] Found counter-example stars: 0
[NNENUM] Filtering result using SMT solver...
[SMT] SMT filtered out 0 stars (out of 0; TO: 0).
[QUERY] Looking for nonlinear input combinations...
[QUERY] Found all non-linear combinations. Count: 1
[QUERY] Returning nonlinear disjunction
[CTRL] Considering conjunction with 39 input constraints and a disjunction of size 4
[APPROX] Checking cache: SNNT.Approx.ApproxCacheObject[]
[APPROX] Constructing Approximation
[APPROX] Resolving approximation
[CTRL] Initiating iterator over current linear queries
[APPROX] # Conjunctions over output: 4
[CTRL] Processing linear query no. 81
[NNENUM] Running nnenum now...
[NNENUM] lb: [-0.4999999701976776, 0.125, 5.000000171712609e-6, -0.3499999940395355, -0.005, -0.005, -0.005, -0.005, -0.005, -0.005, -0.005, -0.005, -0.005]
[NNENUM] ub: [-0.00625, 0.5, 5.000000171712609e-6, -0.21079675705898798, 0.004999999999999999, 0.004999999999999999, 0.004999999999999999, 0.004999999999999999, 0.004999999999999999, 0.004999999999999999, 0.004999999999999999, 0.004999999999999999, 0.004999999999999999]
[NNENUM] Creating LP Star...
[NNENUM] Checking feasibility
[NNENUM] Generating output Spec...
[NNENUM] Spec list length:  4
[NNENUM] Enumeration in progress... 
(0.0 sec) Q: 0, Sets: 0/1  (0.0%) CEs: 0 ETA: - (expected 1 stars)   

Total Stars: 2 (1 exact, 1 approx)
Unfinished Stars: 0
Runtime: 0.1 sec
Completed work frac: 1.0
Num Stars Copied Between Processes: 0
Num Lps During Enumeration: 71
Total Num Lps: 71

Result: network is SAFE

[NNENUM] Result: 
<nnenum.result.Result object at 0x7159136c9940>
[NNENUM] Enumeration finished.
safe
[NNENUM] Found counter-example stars: 0
[NNENUM] Filtering result using SMT solver...
[SMT] SMT filtered out 0 stars (out of 0; TO: 0).
┌ Warning: Beware: Use of isMax assumes that there always exists a *unique* maximum!
└ @ SNNT.QueryGeneration ~/Dokumente/Projects/CPS/NN-Safety-via-dL/repos/NCubeV-Reinstall/src/QueryGeneration/Skeleton.jl:269
┌ Warning: Beware: Use of isMax assumes that there always exists a *unique* maximum!
└ @ SNNT.QueryGeneration ~/Dokumente/Projects/CPS/NN-Safety-via-dL/repos/NCubeV-Reinstall/src/QueryGeneration/Skeleton.jl:269
┌ Warning: Beware: Use of isMax assumes that there always exists a *unique* maximum!
└ @ SNNT.QueryGeneration ~/Dokumente/Projects/CPS/NN-Safety-via-dL/repos/NCubeV-Reinstall/src/QueryGeneration/Skeleton.jl:269
┌ Warning: Beware: Use of isMax assumes that there always exists a *unique* maximum!
└ @ SNNT.QueryGeneration ~/Dokumente/Projects/CPS/NN-Safety-via-dL/repos/NCubeV-Reinstall/src/QueryGeneration/Skeleton.jl:269
┌ Warning: Beware: Use of isMax assumes that there always exists a *unique* maximum!
└ @ SNNT.QueryGeneration ~/Dokumente/Projects/CPS/NN-Safety-via-dL/repos/NCubeV-Reinstall/src/QueryGeneration/Skeleton.jl:269
┌ Warning: Generating independent linear disjunctions
└ @ SNNT.QueryGeneration ~/Dokumente/Projects/CPS/NN-Safety-via-dL/repos/NCubeV-Reinstall/src/QueryGeneration/Iterator.jl:420
┌ Warning: Make sure you are not using this option for non-mixed constraints!
└ @ SNNT.QueryGeneration ~/Dokumente/Projects/CPS/NN-Safety-via-dL/repos/NCubeV-Reinstall/src/QueryGeneration/Iterator.jl:421
┌ Warning: Generating independent linear disjunctions
└ @ SNNT.QueryGeneration ~/Dokumente/Projects/CPS/NN-Safety-via-dL/repos/NCubeV-Reinstall/src/QueryGeneration/Iterator.jl:420
┌ Warning: Make sure you are not using this option for non-mixed constraints!
└ @ SNNT.QueryGeneration ~/Dokumente/Projects/CPS/NN-Safety-via-dL/repos/NCubeV-Reinstall/src/QueryGeneration/Iterator.jl:421
┌ Warning: Generating independent linear disjunctions
└ @ SNNT.QueryGeneration ~/Dokumente/Projects/CPS/NN-Safety-via-dL/repos/NCubeV-Reinstall/src/QueryGeneration/Iterator.jl:420
┌ Warning: Make sure you are not using this option for non-mixed constraints!
└ @ SNNT.QueryGeneration ~/Dokumente/Projects/CPS/NN-Safety-via-dL/repos/NCubeV-Reinstall/src/QueryGeneration/Iterator.jl:421
┌ Warning: Generating independent linear disjunctions
└ @ SNNT.QueryGeneration ~/Dokumente/Projects/CPS/NN-Safety-via-dL/repos/NCubeV-Reinstall/src/QueryGeneration/Iterator.jl:420
┌ Warning: Make sure you are not using this option for non-mixed constraints!
└ @ SNNT.QueryGeneration ~/Dokumente/Projects/CPS/NN-Safety-via-dL/repos/NCubeV-Reinstall/src/QueryGeneration/Iterator.jl:421
┌ Warning: Generating independent linear disjunctions
└ @ SNNT.QueryGeneration ~/Dokumente/Projects/CPS/NN-Safety-via-dL/repos/NCubeV-Reinstall/src/QueryGeneration/Iterator.jl:420
┌ Warning: Make sure you are not using this option for non-mixed constraints!
└ @ SNNT.QueryGeneration ~/Dokumente/Projects/CPS/NN-Safety-via-dL/repos/NCubeV-Reinstall/src/QueryGeneration/Iterator.jl:421
┌ Warning: Generating independent linear disjunctions
└ @ SNNT.QueryGeneration ~/Dokumente/Projects/CPS/NN-Safety-via-dL/repos/NCubeV-Reinstall/src/QueryGeneration/Iterator.jl:420
┌ Warning: Make sure you are not using this option for non-mixed constraints!
└ @ SNNT.QueryGeneration ~/Dokumente/Projects/CPS/NN-Safety-via-dL/repos/NCubeV-Reinstall/src/QueryGeneration/Iterator.jl:421
┌ Warning: Generating independent linear disjunctions
└ @ SNNT.QueryGeneration ~/Dokumente/Projects/CPS/NN-Safety-via-dL/repos/NCubeV-Reinstall/src/QueryGeneration/Iterator.jl:420
┌ Warning: Make sure you are not using this option for non-mixed constraints!
└ @ SNNT.QueryGeneration ~/Dokumente/Projects/CPS/NN-Safety-via-dL/repos/NCubeV-Reinstall/src/QueryGeneration/Iterator.jl:421
┌ Warning: Generating independent linear disjunctions
└ @ SNNT.QueryGeneration ~/Dokumente/Projects/CPS/NN-Safety-via-dL/repos/NCubeV-Reinstall/src/QueryGeneration/Iterator.jl:420
┌ Warning: Make sure you are not using this option for non-mixed constraints!
└ @ SNNT.QueryGeneration ~/Dokumente/Projects/CPS/NN-Safety-via-dL/repos/NCubeV-Reinstall/src/QueryGeneration/Iterator.jl:421
┌ Warning: Generating independent linear disjunctions
└ @ SNNT.QueryGeneration ~/Dokumente/Projects/CPS/NN-Safety-via-dL/repos/NCubeV-Reinstall/src/QueryGeneration/Iterator.jl:420
┌ Warning: Make sure you are not using this option for non-mixed constraints!
└ @ SNNT.QueryGeneration ~/Dokumente/Projects/CPS/NN-Safety-via-dL/repos/NCubeV-Reinstall/src/QueryGeneration/Iterator.jl:421
┌ Warning: Generating independent linear disjunctions
└ @ SNNT.QueryGeneration ~/Dokumente/Projects/CPS/NN-Safety-via-dL/repos/NCubeV-Reinstall/src/QueryGeneration/Iterator.jl:420
┌ Warning: Make sure you are not using this option for non-mixed constraints!
└ @ SNNT.QueryGeneration ~/Dokumente/Projects/CPS/NN-Safety-via-dL/repos/NCubeV-Reinstall/src/QueryGeneration/Iterator.jl:421
┌ Warning: Generating independent linear disjunctions
└ @ SNNT.QueryGeneration ~/Dokumente/Projects/CPS/NN-Safety-via-dL/repos/NCubeV-Reinstall/src/QueryGeneration/Iterator.jl:420
┌ Warning: Make sure you are not using this option for non-mixed constraints!
└ @ SNNT.QueryGeneration ~/Dokumente/Projects/CPS/NN-Safety-via-dL/repos/NCubeV-Reinstall/src/QueryGeneration/Iterator.jl:421
┌ Warning: Generating independent linear disjunctions
└ @ SNNT.QueryGeneration ~/Dokumente/Projects/CPS/NN-Safety-via-dL/repos/NCubeV-Reinstall/src/QueryGeneration/Iterator.jl:420
┌ Warning: Make sure you are not using this option for non-mixed constraints!
└ @ SNNT.QueryGeneration ~/Dokumente/Projects/CPS/NN-Safety-via-dL/repos/NCubeV-Reinstall/src/QueryGeneration/Iterator.jl:421
┌ Warning: Generating independent linear disjunctions
└ @ SNNT.QueryGeneration ~/Dokumente/Projects/CPS/NN-Safety-via-dL/repos/NCubeV-Reinstall/src/QueryGeneration/Iterator.jl:420
┌ Warning: Make sure you are not using this option for non-mixed constraints!
└ @ SNNT.QueryGeneration ~/Dokumente/Projects/CPS/NN-Safety-via-dL/repos/NCubeV-Reinstall/src/QueryGeneration/Iterator.jl:421
┌ Warning: Generating independent linear disjunctions
└ @ SNNT.QueryGeneration ~/Dokumente/Projects/CPS/NN-Safety-via-dL/repos/NCubeV-Reinstall/src/QueryGeneration/Iterator.jl:420
┌ Warning: Make sure you are not using this option for non-mixed constraints!
└ @ SNNT.QueryGeneration ~/Dokumente/Projects/CPS/NN-Safety-via-dL/repos/NCubeV-Reinstall/src/QueryGeneration/Iterator.jl:421
┌ Warning: Generating independent linear disjunctions
└ @ SNNT.QueryGeneration ~/Dokumente/Projects/CPS/NN-Safety-via-dL/repos/NCubeV-Reinstall/src/QueryGeneration/Iterator.jl:420
┌ Warning: Make sure you are not using this option for non-mixed constraints!
└ @ SNNT.QueryGeneration ~/Dokumente/Projects/CPS/NN-Safety-via-dL/repos/NCubeV-Reinstall/src/QueryGeneration/Iterator.jl:421
┌ Warning: Generating independent linear disjunctions
└ @ SNNT.QueryGeneration ~/Dokumente/Projects/CPS/NN-Safety-via-dL/repos/NCubeV-Reinstall/src/QueryGeneration/Iterator.jl:420
┌ Warning: Make sure you are not using this option for non-mixed constraints!
└ @ SNNT.QueryGeneration ~/Dokumente/Projects/CPS/NN-Safety-via-dL/repos/NCubeV-Reinstall/src/QueryGeneration/Iterator.jl:421
┌ Warning: Generating independent linear disjunctions
└ @ SNNT.QueryGeneration ~/Dokumente/Projects/CPS/NN-Safety-via-dL/repos/NCubeV-Reinstall/src/QueryGeneration/Iterator.jl:420
┌ Warning: Make sure you are not using this option for non-mixed constraints!
└ @ SNNT.QueryGeneration ~/Dokumente/Projects/CPS/NN-Safety-via-dL/repos/NCubeV-Reinstall/src/QueryGeneration/Iterator.jl:421
┌ Warning: Generating independent linear disjunctions
└ @ SNNT.QueryGeneration ~/Dokumente/Projects/CPS/NN-Safety-via-dL/repos/NCubeV-Reinstall/src/QueryGeneration/Iterator.jl:420
┌ Warning: Make sure you are not using this option for non-mixed constraints!
└ @ SNNT.QueryGeneration ~/Dokumente/Projects/CPS/NN-Safety-via-dL/repos/NCubeV-Reinstall/src/QueryGeneration/Iterator.jl:421
┌ Warning: Generating independent linear disjunctions
└ @ SNNT.QueryGeneration ~/Dokumente/Projects/CPS/NN-Safety-via-dL/repos/NCubeV-Reinstall/src/QueryGeneration/Iterator.jl:420
┌ Warning: Make sure you are not using this option for non-mixed constraints!
└ @ SNNT.QueryGeneration ~/Dokumente/Projects/CPS/NN-Safety-via-dL/repos/NCubeV-Reinstall/src/QueryGeneration/Iterator.jl:421
┌ Warning: Generating independent linear disjunctions
└ @ SNNT.QueryGeneration ~/Dokumente/Projects/CPS/NN-Safety-via-dL/repos/NCubeV-Reinstall/src/QueryGeneration/Iterator.jl:420
┌ Warning: Make sure you are not using this option for non-mixed constraints!
└ @ SNNT.QueryGeneration ~/Dokumente/Projects/CPS/NN-Safety-via-dL/repos/NCubeV-Reinstall/src/QueryGeneration/Iterator.jl:421
┌ Warning: Generating independent linear disjunctions
└ @ SNNT.QueryGeneration ~/Dokumente/Projects/CPS/NN-Safety-via-dL/repos/NCubeV-Reinstall/src/QueryGeneration/Iterator.jl:420
┌ Warning: Make sure you are not using this option for non-mixed constraints!
└ @ SNNT.QueryGeneration ~/Dokumente/Projects/CPS/NN-Safety-via-dL/repos/NCubeV-Reinstall/src/QueryGeneration/Iterator.jl:421
┌ Warning: Generating independent linear disjunctions
└ @ SNNT.QueryGeneration ~/Dokumente/Projects/CPS/NN-Safety-via-dL/repos/NCubeV-Reinstall/src/QueryGeneration/Iterator.jl:420
┌ Warning: Make sure you are not using this option for non-mixed constraints!
└ @ SNNT.QueryGeneration ~/Dokumente/Projects/CPS/NN-Safety-via-dL/repos/NCubeV-Reinstall/src/QueryGeneration/Iterator.jl:421
┌ Warning: Generating independent linear disjunctions
└ @ SNNT.QueryGeneration ~/Dokumente/Projects/CPS/NN-Safety-via-dL/repos/NCubeV-Reinstall/src/QueryGeneration/Iterator.jl:420
┌ Warning: Make sure you are not using this option for non-mixed constraints!
└ @ SNNT.QueryGeneration ~/Dokumente/Projects/CPS/NN-Safety-via-dL/repos/NCubeV-Reinstall/src/QueryGeneration/Iterator.jl:421
┌ Warning: Generating independent linear disjunctions
└ @ SNNT.QueryGeneration ~/Dokumente/Projects/CPS/NN-Safety-via-dL/repos/NCubeV-Reinstall/src/QueryGeneration/Iterator.jl:420
┌ Warning: Make sure you are not using this option for non-mixed constraints!
└ @ SNNT.QueryGeneration ~/Dokumente/Projects/CPS/NN-Safety-via-dL/repos/NCubeV-Reinstall/src/QueryGeneration/Iterator.jl:421
┌ Warning: Generating independent linear disjunctions
└ @ SNNT.QueryGeneration ~/Dokumente/Projects/CPS/NN-Safety-via-dL/repos/NCubeV-Reinstall/src/QueryGeneration/Iterator.jl:420
┌ Warning: Make sure you are not using this option for non-mixed constraints!
└ @ SNNT.QueryGeneration ~/Dokumente/Projects/CPS/NN-Safety-via-dL/repos/NCubeV-Reinstall/src/QueryGeneration/Iterator.jl:421
┌ Warning: Generating independent linear disjunctions
└ @ SNNT.QueryGeneration ~/Dokumente/Projects/CPS/NN-Safety-via-dL/repos/NCubeV-Reinstall/src/QueryGeneration/Iterator.jl:420
┌ Warning: Make sure you are not using this option for non-mixed constraints!
└ @ SNNT.QueryGeneration ~/Dokumente/Projects/CPS/NN-Safety-via-dL/repos/NCubeV-Reinstall/src/QueryGeneration/Iterator.jl:421
┌ Warning: Generating independent linear disjunctions
└ @ SNNT.QueryGeneration ~/Dokumente/Projects/CPS/NN-Safety-via-dL/repos/NCubeV-Reinstall/src/QueryGeneration/Iterator.jl:420
┌ Warning: Make sure you are not using this option for non-mixed constraints!
└ @ SNNT.QueryGeneration ~/Dokumente/Projects/CPS/NN-Safety-via-dL/repos/NCubeV-Reinstall/src/QueryGeneration/Iterator.jl:421
┌ Warning: Generating independent linear disjunctions
└ @ SNNT.QueryGeneration ~/Dokumente/Projects/CPS/NN-Safety-via-dL/repos/NCubeV-Reinstall/src/QueryGeneration/Iterator.jl:420
┌ Warning: Make sure you are not using this option for non-mixed constraints!
└ @ SNNT.QueryGeneration ~/Dokumente/Projects/CPS/NN-Safety-via-dL/repos/NCubeV-Reinstall/src/QueryGeneration/Iterator.jl:421
┌ Warning: Generating independent linear disjunctions
└ @ SNNT.QueryGeneration ~/Dokumente/Projects/CPS/NN-Safety-via-dL/repos/NCubeV-Reinstall/src/QueryGeneration/Iterator.jl:420
┌ Warning: Make sure you are not using this option for non-mixed constraints!
└ @ SNNT.QueryGeneration ~/Dokumente/Projects/CPS/NN-Safety-via-dL/repos/NCubeV-Reinstall/src/QueryGeneration/Iterator.jl:421
┌ Warning: Generating independent linear disjunctions
└ @ SNNT.QueryGeneration ~/Dokumente/Projects/CPS/NN-Safety-via-dL/repos/NCubeV-Reinstall/src/QueryGeneration/Iterator.jl:420
┌ Warning: Make sure you are not using this option for non-mixed constraints!
└ @ SNNT.QueryGeneration ~/Dokumente/Projects/CPS/NN-Safety-via-dL/repos/NCubeV-Reinstall/src/QueryGeneration/Iterator.jl:421
┌ Warning: Generating independent linear disjunctions
└ @ SNNT.QueryGeneration ~/Dokumente/Projects/CPS/NN-Safety-via-dL/repos/NCubeV-Reinstall/src/QueryGeneration/Iterator.jl:420
┌ Warning: Make sure you are not using this option for non-mixed constraints!
└ @ SNNT.QueryGeneration ~/Dokumente/Projects/CPS/NN-Safety-via-dL/repos/NCubeV-Reinstall/src/QueryGeneration/Iterator.jl:421
┌ Warning: Generating independent linear disjunctions
└ @ SNNT.QueryGeneration ~/Dokumente/Projects/CPS/NN-Safety-via-dL/repos/NCubeV-Reinstall/src/QueryGeneration/Iterator.jl:420
┌ Warning: Make sure you are not using this option for non-mixed constraints!
└ @ SNNT.QueryGeneration ~/Dokumente/Projects/CPS/NN-Safety-via-dL/repos/NCubeV-Reinstall/src/QueryGeneration/Iterator.jl:421
┌ Warning: Generating independent linear disjunctions
└ @ SNNT.QueryGeneration ~/Dokumente/Projects/CPS/NN-Safety-via-dL/repos/NCubeV-Reinstall/src/QueryGeneration/Iterator.jl:420
┌ Warning: Make sure you are not using this option for non-mixed constraints!
└ @ SNNT.QueryGeneration ~/Dokumente/Projects/CPS/NN-Safety-via-dL/repos/NCubeV-Reinstall/src/QueryGeneration/Iterator.jl:421
┌ Warning: Generating independent linear disjunctions
└ @ SNNT.QueryGeneration ~/Dokumente/Projects/CPS/NN-Safety-via-dL/repos/NCubeV-Reinstall/src/QueryGeneration/Iterator.jl:420
┌ Warning: Make sure you are not using this option for non-mixed constraints!
└ @ SNNT.QueryGeneration ~/Dokumente/Projects/CPS/NN-Safety-via-dL/repos/NCubeV-Reinstall/src/QueryGeneration/Iterator.jl:421
┌ Warning: Generating independent linear disjunctions
└ @ SNNT.QueryGeneration ~/Dokumente/Projects/CPS/NN-Safety-via-dL/repos/NCubeV-Reinstall/src/QueryGeneration/Iterator.jl:420
┌ Warning: Make sure you are not using this option for non-mixed constraints!
└ @ SNNT.QueryGeneration ~/Dokumente/Projects/CPS/NN-Safety-via-dL/repos/NCubeV-Reinstall/src/QueryGeneration/Iterator.jl:421
┌ Warning: Generating independent linear disjunctions
└ @ SNNT.QueryGeneration ~/Dokumente/Projects/CPS/NN-Safety-via-dL/repos/NCubeV-Reinstall/src/QueryGeneration/Iterator.jl:420
┌ Warning: Make sure you are not using this option for non-mixed constraints!
└ @ SNNT.QueryGeneration ~/Dokumente/Projects/CPS/NN-Safety-via-dL/repos/NCubeV-Reinstall/src/QueryGeneration/Iterator.jl:421
┌ Warning: Generating independent linear disjunctions
└ @ SNNT.QueryGeneration ~/Dokumente/Projects/CPS/NN-Safety-via-dL/repos/NCubeV-Reinstall/src/QueryGeneration/Iterator.jl:420
┌ Warning: Make sure you are not using this option for non-mixed constraints!
└ @ SNNT.QueryGeneration ~/Dokumente/Projects/CPS/NN-Safety-via-dL/repos/NCubeV-Reinstall/src/QueryGeneration/Iterator.jl:421
┌ Warning: Generating independent linear disjunctions
└ @ SNNT.QueryGeneration ~/Dokumente/Projects/CPS/NN-Safety-via-dL/repos/NCubeV-Reinstall/src/QueryGeneration/Iterator.jl:420
┌ Warning: Make sure you are not using this option for non-mixed constraints!
└ @ SNNT.QueryGeneration ~/Dokumente/Projects/CPS/NN-Safety-via-dL/repos/NCubeV-Reinstall/src/QueryGeneration/Iterator.jl:421
┌ Warning: Generating independent linear disjunctions
└ @ SNNT.QueryGeneration ~/Dokumente/Projects/CPS/NN-Safety-via-dL/repos/NCubeV-Reinstall/src/QueryGeneration/Iterator.jl:420
┌ Warning: Make sure you are not using this option for non-mixed constraints!
└ @ SNNT.QueryGeneration ~/Dokumente/Projects/CPS/NN-Safety-via-dL/repos/NCubeV-Reinstall/src/QueryGeneration/Iterator.jl:421
┌ Warning: Generating independent linear disjunctions
└ @ SNNT.QueryGeneration ~/Dokumente/Projects/CPS/NN-Safety-via-dL/repos/NCubeV-Reinstall/src/QueryGeneration/Iterator.jl:420
┌ Warning: Make sure you are not using this option for non-mixed constraints!
└ @ SNNT.QueryGeneration ~/Dokumente/Projects/CPS/NN-Safety-via-dL/repos/NCubeV-Reinstall/src/QueryGeneration/Iterator.jl:421
┌ Warning: Generating independent linear disjunctions
└ @ SNNT.QueryGeneration ~/Dokumente/Projects/CPS/NN-Safety-via-dL/repos/NCubeV-Reinstall/src/QueryGeneration/Iterator.jl:420
┌ Warning: Make sure you are not using this option for non-mixed constraints!
└ @ SNNT.QueryGeneration ~/Dokumente/Projects/CPS/NN-Safety-via-dL/repos/NCubeV-Reinstall/src/QueryGeneration/Iterator.jl:421
┌ Warning: Generating independent linear disjunctions
└ @ SNNT.QueryGeneration ~/Dokumente/Projects/CPS/NN-Safety-via-dL/repos/NCubeV-Reinstall/src/QueryGeneration/Iterator.jl:420
┌ Warning: Make sure you are not using this option for non-mixed constraints!
└ @ SNNT.QueryGeneration ~/Dokumente/Projects/CPS/NN-Safety-via-dL/repos/NCubeV-Reinstall/src/QueryGeneration/Iterator.jl:421
┌ Warning: Generating independent linear disjunctions
└ @ SNNT.QueryGeneration ~/Dokumente/Projects/CPS/NN-Safety-via-dL/repos/NCubeV-Reinstall/src/QueryGeneration/Iterator.jl:420
┌ Warning: Make sure you are not using this option for non-mixed constraints!
└ @ SNNT.QueryGeneration ~/Dokumente/Projects/CPS/NN-Safety-via-dL/repos/NCubeV-Reinstall/src/QueryGeneration/Iterator.jl:421
┌ Warning: Generating independent linear disjunctions
└ @ SNNT.QueryGeneration ~/Dokumente/Projects/CPS/NN-Safety-via-dL/repos/NCubeV-Reinstall/src/QueryGeneration/Iterator.jl:420
┌ Warning: Make sure you are not using this option for non-mixed constraints!
└ @ SNNT.QueryGeneration ~/Dokumente/Projects/CPS/NN-Safety-via-dL/repos/NCubeV-Reinstall/src/QueryGeneration/Iterator.jl:421
┌ Warning: Generating independent linear disjunctions
└ @ SNNT.QueryGeneration ~/Dokumente/Projects/CPS/NN-Safety-via-dL/repos/NCubeV-Reinstall/src/QueryGeneration/Iterator.jl:420
┌ Warning: Make sure you are not using this option for non-mixed constraints!
└ @ SNNT.QueryGeneration ~/Dokumente/Projects/CPS/NN-Safety-via-dL/repos/NCubeV-Reinstall/src/QueryGeneration/Iterator.jl:421
┌ Warning: Generating independent linear disjunctions
└ @ SNNT.QueryGeneration ~/Dokumente/Projects/CPS/NN-Safety-via-dL/repos/NCubeV-Reinstall/src/QueryGeneration/Iterator.jl:420
┌ Warning: Make sure you are not using this option for non-mixed constraints!
└ @ SNNT.QueryGeneration ~/Dokumente/Projects/CPS/NN-Safety-via-dL/repos/NCubeV-Reinstall/src/QueryGeneration/Iterator.jl:421
┌ Warning: Generating independent linear disjunctions
└ @ SNNT.QueryGeneration ~/Dokumente/Projects/CPS/NN-Safety-via-dL/repos/NCubeV-Reinstall/src/QueryGeneration/Iterator.jl:420
┌ Warning: Make sure you are not using this option for non-mixed constraints!
└ @ SNNT.QueryGeneration ~/Dokumente/Projects/CPS/NN-Safety-via-dL/repos/NCubeV-Reinstall/src/QueryGeneration/Iterator.jl:421
┌ Warning: Generating independent linear disjunctions
└ @ SNNT.QueryGeneration ~/Dokumente/Projects/CPS/NN-Safety-via-dL/repos/NCubeV-Reinstall/src/QueryGeneration/Iterator.jl:420
┌ Warning: Make sure you are not using this option for non-mixed constraints!
└ @ SNNT.QueryGeneration ~/Dokumente/Projects/CPS/NN-Safety-via-dL/repos/NCubeV-Reinstall/src/QueryGeneration/Iterator.jl:421
┌ Warning: Generating independent linear disjunctions
└ @ SNNT.QueryGeneration ~/Dokumente/Projects/CPS/NN-Safety-via-dL/repos/NCubeV-Reinstall/src/QueryGeneration/Iterator.jl:420
┌ Warning: Make sure you are not using this option for non-mixed constraints!
└ @ SNNT.QueryGeneration ~/Dokumente/Projects/CPS/NN-Safety-via-dL/repos/NCubeV-Reinstall/src/QueryGeneration/Iterator.jl:421
┌ Warning: Generating independent linear disjunctions
└ @ SNNT.QueryGeneration ~/Dokumente/Projects/CPS/NN-Safety-via-dL/repos/NCubeV-Reinstall/src/QueryGeneration/Iterator.jl:420
┌ Warning: Make sure you are not using this option for non-mixed constraints!
└ @ SNNT.QueryGeneration ~/Dokumente/Projects/CPS/NN-Safety-via-dL/repos/NCubeV-Reinstall/src/QueryGeneration/Iterator.jl:421
┌ Warning: Generating independent linear disjunctions
└ @ SNNT.QueryGeneration ~/Dokumente/Projects/CPS/NN-Safety-via-dL/repos/NCubeV-Reinstall/src/QueryGeneration/Iterator.jl:420
┌ Warning: Make sure you are not using this option for non-mixed constraints!
└ @ SNNT.QueryGeneration ~/Dokumente/Projects/CPS/NN-Safety-via-dL/repos/NCubeV-Reinstall/src/QueryGeneration/Iterator.jl:421
┌ Warning: Generating independent linear disjunctions
└ @ SNNT.QueryGeneration ~/Dokumente/Projects/CPS/NN-Safety-via-dL/repos/NCubeV-Reinstall/src/QueryGeneration/Iterator.jl:420
┌ Warning: Make sure you are not using this option for non-mixed constraints!
└ @ SNNT.QueryGeneration ~/Dokumente/Projects/CPS/NN-Safety-via-dL/repos/NCubeV-Reinstall/src/QueryGeneration/Iterator.jl:421
┌ Warning: Generating independent linear disjunctions
└ @ SNNT.QueryGeneration ~/Dokumente/Projects/CPS/NN-Safety-via-dL/repos/NCubeV-Reinstall/src/QueryGeneration/Iterator.jl:420
┌ Warning: Make sure you are not using this option for non-mixed constraints!
└ @ SNNT.QueryGeneration ~/Dokumente/Projects/CPS/NN-Safety-via-dL/repos/NCubeV-Reinstall/src/QueryGeneration/Iterator.jl:421
┌ Warning: Generating independent linear disjunctions
└ @ SNNT.QueryGeneration ~/Dokumente/Projects/CPS/NN-Safety-via-dL/repos/NCubeV-Reinstall/src/QueryGeneration/Iterator.jl:420
┌ Warning: Make sure you are not using this option for non-mixed constraints!
└ @ SNNT.QueryGeneration ~/Dokumente/Projects/CPS/NN-Safety-via-dL/repos/NCubeV-Reinstall/src/QueryGeneration/Iterator.jl:421
┌ Warning: Generating independent linear disjunctions
└ @ SNNT.QueryGeneration ~/Dokumente/Projects/CPS/NN-Safety-via-dL/repos/NCubeV-Reinstall/src/QueryGeneration/Iterator.jl:420
┌ Warning: Make sure you are not using this option for non-mixed constraints!
└ @ SNNT.QueryGeneration ~/Dokumente/Projects/CPS/NN-Safety-via-dL/repos/NCubeV-Reinstall/src/QueryGeneration/Iterator.jl:421
┌ Warning: Generating independent linear disjunctions
└ @ SNNT.QueryGeneration ~/Dokumente/Projects/CPS/NN-Safety-via-dL/repos/NCubeV-Reinstall/src/QueryGeneration/Iterator.jl:420
┌ Warning: Make sure you are not using this option for non-mixed constraints!
└ @ SNNT.QueryGeneration ~/Dokumente/Projects/CPS/NN-Safety-via-dL/repos/NCubeV-Reinstall/src/QueryGeneration/Iterator.jl:421
┌ Warning: Generating independent linear disjunctions
└ @ SNNT.QueryGeneration ~/Dokumente/Projects/CPS/NN-Safety-via-dL/repos/NCubeV-Reinstall/src/QueryGeneration/Iterator.jl:420
┌ Warning: Make sure you are not using this option for non-mixed constraints!
└ @ SNNT.QueryGeneration ~/Dokumente/Projects/CPS/NN-Safety-via-dL/repos/NCubeV-Reinstall/src/QueryGeneration/Iterator.jl:421
┌ Warning: Generating independent linear disjunctions
└ @ SNNT.QueryGeneration ~/Dokumente/Projects/CPS/NN-Safety-via-dL/repos/NCubeV-Reinstall/src/QueryGeneration/Iterator.jl:420
┌ Warning: Make sure you are not using this option for non-mixed constraints!
└ @ SNNT.QueryGeneration ~/Dokumente/Projects/CPS/NN-Safety-via-dL/repos/NCubeV-Reinstall/src/QueryGeneration/Iterator.jl:421
┌ Warning: Generating independent linear disjunctions
└ @ SNNT.QueryGeneration ~/Dokumente/Projects/CPS/NN-Safety-via-dL/repos/NCubeV-Reinstall/src/QueryGeneration/Iterator.jl:420
┌ Warning: Make sure you are not using this option for non-mixed constraints!
└ @ SNNT.QueryGeneration ~/Dokumente/Projects/CPS/NN-Safety-via-dL/repos/NCubeV-Reinstall/src/QueryGeneration/Iterator.jl:421
┌ Warning: Generating independent linear disjunctions
└ @ SNNT.QueryGeneration ~/Dokumente/Projects/CPS/NN-Safety-via-dL/repos/NCubeV-Reinstall/src/QueryGeneration/Iterator.jl:420
┌ Warning: Make sure you are not using this option for non-mixed constraints!
└ @ SNNT.QueryGeneration ~/Dokumente/Projects/CPS/NN-Safety-via-dL/repos/NCubeV-Reinstall/src/QueryGeneration/Iterator.jl:421
┌ Warning: Generating independent linear disjunctions
└ @ SNNT.QueryGeneration ~/Dokumente/Projects/CPS/NN-Safety-via-dL/repos/NCubeV-Reinstall/src/QueryGeneration/Iterator.jl:420
┌ Warning: Make sure you are not using this option for non-mixed constraints!
└ @ SNNT.QueryGeneration ~/Dokumente/Projects/CPS/NN-Safety-via-dL/repos/NCubeV-Reinstall/src/QueryGeneration/Iterator.jl:421
┌ Warning: Generating independent linear disjunctions
└ @ SNNT.QueryGeneration ~/Dokumente/Projects/CPS/NN-Safety-via-dL/repos/NCubeV-Reinstall/src/QueryGeneration/Iterator.jl:420
┌ Warning: Make sure you are not using this option for non-mixed constraints!
└ @ SNNT.QueryGeneration ~/Dokumente/Projects/CPS/NN-Safety-via-dL/repos/NCubeV-Reinstall/src/QueryGeneration/Iterator.jl:421
┌ Warning: Generating independent linear disjunctions
└ @ SNNT.QueryGeneration ~/Dokumente/Projects/CPS/NN-Safety-via-dL/repos/NCubeV-Reinstall/src/QueryGeneration/Iterator.jl:420
┌ Warning: Make sure you are not using this option for non-mixed constraints!
└ @ SNNT.QueryGeneration ~/Dokumente/Projects/CPS/NN-Safety-via-dL/repos/NCubeV-Reinstall/src/QueryGeneration/Iterator.jl:421
┌ Warning: Generating independent linear disjunctions
└ @ SNNT.QueryGeneration ~/Dokumente/Projects/CPS/NN-Safety-via-dL/repos/NCubeV-Reinstall/src/QueryGeneration/Iterator.jl:420
┌ Warning: Make sure you are not using this option for non-mixed constraints!
└ @ SNNT.QueryGeneration ~/Dokumente/Projects/CPS/NN-Safety-via-dL/repos/NCubeV-Reinstall/src/QueryGeneration/Iterator.jl:421
┌ Warning: Generating independent linear disjunctions
└ @ SNNT.QueryGeneration ~/Dokumente/Projects/CPS/NN-Safety-via-dL/repos/NCubeV-Reinstall/src/QueryGeneration/Iterator.jl:420
┌ Warning: Make sure you are not using this option for non-mixed constraints!
└ @ SNNT.QueryGeneration ~/Dokumente/Projects/CPS/NN-Safety-via-dL/repos/NCubeV-Reinstall/src/QueryGeneration/Iterator.jl:421
┌ Warning: Generating independent linear disjunctions
└ @ SNNT.QueryGeneration ~/Dokumente/Projects/CPS/NN-Safety-via-dL/repos/NCubeV-Reinstall/src/QueryGeneration/Iterator.jl:420
┌ Warning: Make sure you are not using this option for non-mixed constraints!
└ @ SNNT.QueryGeneration ~/Dokumente/Projects/CPS/NN-Safety-via-dL/repos/NCubeV-Reinstall/src/QueryGeneration/Iterator.jl:421
┌ Warning: Generating independent linear disjunctions
└ @ SNNT.QueryGeneration ~/Dokumente/Projects/CPS/NN-Safety-via-dL/repos/NCubeV-Reinstall/src/QueryGeneration/Iterator.jl:420
┌ Warning: Make sure you are not using this option for non-mixed constraints!
└ @ SNNT.QueryGeneration ~/Dokumente/Projects/CPS/NN-Safety-via-dL/repos/NCubeV-Reinstall/src/QueryGeneration/Iterator.jl:421
┌ Warning: Generating independent linear disjunctions
└ @ SNNT.QueryGeneration ~/Dokumente/Projects/CPS/NN-Safety-via-dL/repos/NCubeV-Reinstall/src/QueryGeneration/Iterator.jl:420
┌ Warning: Make sure you are not using this option for non-mixed constraints!
└ @ SNNT.QueryGeneration ~/Dokumente/Projects/CPS/NN-Safety-via-dL/repos/NCubeV-Reinstall/src/QueryGeneration/Iterator.jl:421
┌ Warning: Generating independent linear disjunctions
└ @ SNNT.QueryGeneration ~/Dokumente/Projects/CPS/NN-Safety-via-dL/repos/NCubeV-Reinstall/src/QueryGeneration/Iterator.jl:420
┌ Warning: Make sure you are not using this option for non-mixed constraints!
└ @ SNNT.QueryGeneration ~/Dokumente/Projects/CPS/NN-Safety-via-dL/repos/NCubeV-Reinstall/src/QueryGeneration/Iterator.jl:421
┌ Warning: Generating independent linear disjunctions
└ @ SNNT.QueryGeneration ~/Dokumente/Projects/CPS/NN-Safety-via-dL/repos/NCubeV-Reinstall/src/QueryGeneration/Iterator.jl:420
┌ Warning: Make sure you are not using this option for non-mixed constraints!
└ @ SNNT.QueryGeneration ~/Dokumente/Projects/CPS/NN-Safety-via-dL/repos/NCubeV-Reinstall/src/QueryGeneration/Iterator.jl:421
┌ Warning: Generating independent linear disjunctions
└ @ SNNT.QueryGeneration ~/Dokumente/Projects/CPS/NN-Safety-via-dL/repos/NCubeV-Reinstall/src/QueryGeneration/Iterator.jl:420
┌ Warning: Make sure you are not using this option for non-mixed constraints!
└ @ SNNT.QueryGeneration ~/Dokumente/Projects/CPS/NN-Safety-via-dL/repos/NCubeV-Reinstall/src/QueryGeneration/Iterator.jl:421
┌ Warning: Generating independent linear disjunctions
└ @ SNNT.QueryGeneration ~/Dokumente/Projects/CPS/NN-Safety-via-dL/repos/NCubeV-Reinstall/src/QueryGeneration/Iterator.jl:420
┌ Warning: Make sure you are not using this option for non-mixed constraints!
└ @ SNNT.QueryGeneration ~/Dokumente/Projects/CPS/NN-Safety-via-dL/repos/NCubeV-Reinstall/src/QueryGeneration/Iterator.jl:421
┌ Warning: Generating independent linear disjunctions
└ @ SNNT.QueryGeneration ~/Dokumente/Projects/CPS/NN-Safety-via-dL/repos/NCubeV-Reinstall/src/QueryGeneration/Iterator.jl:420
┌ Warning: Make sure you are not using this option for non-mixed constraints!
└ @ SNNT.QueryGeneration ~/Dokumente/Projects/CPS/NN-Safety-via-dL/repos/NCubeV-Reinstall/src/QueryGeneration/Iterator.jl:421
┌ Warning: Generating independent linear disjunctions
└ @ SNNT.QueryGeneration ~/Dokumente/Projects/CPS/NN-Safety-via-dL/repos/NCubeV-Reinstall/src/QueryGeneration/Iterator.jl:420
┌ Warning: Make sure you are not using this option for non-mixed constraints!
└ @ SNNT.QueryGeneration ~/Dokumente/Projects/CPS/NN-Safety-via-dL/repos/NCubeV-Reinstall/src/QueryGeneration/Iterator.jl:421
┌ Warning: Generating independent linear disjunctions
└ @ SNNT.QueryGeneration ~/Dokumente/Projects/CPS/NN-Safety-via-dL/repos/NCubeV-Reinstall/src/QueryGeneration/Iterator.jl:420
┌ Warning: Make sure you are not using this option for non-mixed constraints!
└ @ SNNT.QueryGeneration ~/Dokumente/Projects/CPS/NN-Safety-via-dL/repos/NCubeV-Reinstall/src/QueryGeneration/Iterator.jl:421
┌ Warning: Generating independent linear disjunctions
└ @ SNNT.QueryGeneration ~/Dokumente/Projects/CPS/NN-Safety-via-dL/repos/NCubeV-Reinstall/src/QueryGeneration/Iterator.jl:420
┌ Warning: Make sure you are not using this option for non-mixed constraints!
└ @ SNNT.QueryGeneration ~/Dokumente/Projects/CPS/NN-Safety-via-dL/repos/NCubeV-Reinstall/src/QueryGeneration/Iterator.jl:421
┌ Warning: Generating independent linear disjunctions
└ @ SNNT.QueryGeneration ~/Dokumente/Projects/CPS/NN-Safety-via-dL/repos/NCubeV-Reinstall/src/QueryGeneration/Iterator.jl:420
┌ Warning: Make sure you are not using this option for non-mixed constraints!
└ @ SNNT.QueryGeneration ~/Dokumente/Projects/CPS/NN-Safety-via-dL/repos/NCubeV-Reinstall/src/QueryGeneration/Iterator.jl:421
┌ Warning: Generating independent linear disjunctions
└ @ SNNT.QueryGeneration ~/Dokumente/Projects/CPS/NN-Safety-via-dL/repos/NCubeV-Reinstall/src/QueryGeneration/Iterator.jl:420
┌ Warning: Make sure you are not using this option for non-mixed constraints!
└ @ SNNT.QueryGeneration ~/Dokumente/Projects/CPS/NN-Safety-via-dL/repos/NCubeV-Reinstall/src/QueryGeneration/Iterator.jl:421
┌ Warning: Generating independent linear disjunctions
└ @ SNNT.QueryGeneration ~/Dokumente/Projects/CPS/NN-Safety-via-dL/repos/NCubeV-Reinstall/src/QueryGeneration/Iterator.jl:420
┌ Warning: Make sure you are not using this option for non-mixed constraints!
└ @ SNNT.QueryGeneration ~/Dokumente/Projects/CPS/NN-Safety-via-dL/repos/NCubeV-Reinstall/src/QueryGeneration/Iterator.jl:421
┌ Warning: Generating independent linear disjunctions
└ @ SNNT.QueryGeneration ~/Dokumente/Projects/CPS/NN-Safety-via-dL/repos/NCubeV-Reinstall/src/QueryGeneration/Iterator.jl:420
┌ Warning: Make sure you are not using this option for non-mixed constraints!
└ @ SNNT.QueryGeneration ~/Dokumente/Projects/CPS/NN-Safety-via-dL/repos/NCubeV-Reinstall/src/QueryGeneration/Iterator.jl:421
┌ Warning: Generating independent linear disjunctions
└ @ SNNT.QueryGeneration ~/Dokumente/Projects/CPS/NN-Safety-via-dL/repos/NCubeV-Reinstall/src/QueryGeneration/Iterator.jl:420
[QUERY] Looking for nonlinear input combinations...
.[QUERY] Found all non-linear combinations. Count: 1
[QUERY] Returning nonlinear disjunction
[CTRL] Considering conjunction with 39 input constraints and a disjunction of size 4
[APPROX] Checking cache: SNNT.Approx.ApproxCacheObject[]
[APPROX] Constructing Approximation
[APPROX] Resolving approximation
[CTRL] Initiating iterator over current linear queries
[APPROX] # Conjunctions over output: 4
[CTRL] Processing linear query no. 82
[NNENUM] Running nnenum now...
[NNENUM] lb: [-0.4999999701976776, 0.125, 5.000000171712609e-6, -0.3499999940395355, -0.005, -0.005, -0.005, -0.005, -0.005, -0.005, -0.005, -0.005, -0.005]
[NNENUM] ub: [-0.00625, 0.5, 5.000000171712609e-6, -0.21079675705898798, 0.004999999999999999, 0.004999999999999999, 0.004999999999999999, 0.004999999999999999, 0.004999999999999999, 0.004999999999999999, 0.004999999999999999, 0.004999999999999999, 0.004999999999999999]
[NNENUM] Creating LP Star...
[NNENUM] Checking feasibility
[NNENUM] Generating output Spec...
[NNENUM] Spec list length:  4
[NNENUM] Enumeration in progress... 
(0.1 sec) Q: 0, Sets: 0/1  (0.0%) CEs: 0 ETA: - (expected 1 stars)   
(0.2 sec) Q: 0, Sets: 0/2  (0.0%) CEs: 0 ETA: - (expected 1 stars)   
(0.3 sec) Q: 0, Sets: 4/6  (93.75%) CEs: 0 ETA: 0.0 sec (expected 4 stars)   
Total Stars: 8 (1 exact, 7 approx)
Unfinished Stars: 0
Runtime: 0.3 sec
Completed work frac: 1.0
Num Stars Copied Between Processes: 0
Num Lps During Enumeration: 12
Total Num Lps: 12

Result: network is SAFE

[NNENUM] Result: 
<nnenum.result.Result object at 0x7159136c1370>
[NNENUM] Enumeration finished.
safe
[NNENUM] Found counter-example stars: 0
[NNENUM] Filtering result using SMT solver...
[SMT] SMT filtered out 0 stars (out of 0; TO: 0).
[QUERY] Looking for nonlinear input combinations...
[QUERY] Found all non-linear combinations. Count: 2
[QUERY] Returning nonlinear disjunction
[CTRL] Considering conjunction with 39 input constraints and a disjunction of size 4
[APPROX] Checking cache: SNNT.Approx.ApproxCacheObject[]
[APPROX] Constructing Approximation
[APPROX] Resolving approximation
[CTRL] Initiating iterator over current linear queries
[APPROX] # Conjunctions over output: 4
[CTRL] Processing linear query no. 83
[NNENUM] Running nnenum now...
[NNENUM] lb: [-0.4999999701976776, 0.125, 5.000000171712609e-6, -0.3499999940395355, -0.005, -0.005, -0.005, -0.005, -0.005, -0.005, -0.005, -0.005, -0.005]
[NNENUM] ub: [-0.00625, 0.5, 5.000000171712609e-6, -0.21079675705898798, 0.004999999999999999, 0.004999999999999999, 0.004999999999999999, 0.004999999999999999, 0.004999999999999999, 0.004999999999999999, 0.004999999999999999, 0.004999999999999999, 0.004999999999999999]
[NNENUM] Creating LP Star...
[NNENUM] Checking feasibility
[NNENUM] Generating output Spec...
[NNENUM] Spec list length:  4
[NNENUM] Enumeration in progress... 
(0.1 sec) Q: 0, Sets: 0/1  (0.0%) CEs: 0 ETA: - (expected 1 stars)   
(0.2 sec) Q: 0, Sets: 8/8  (100.0%) CEs: 0 ETA: 0.0 sec (expected 8 stars)   

Total Stars: 8 (2 exact, 6 approx)
Unfinished Stars: 0
Runtime: 0.2 sec
Completed work frac: 1.0
Num Stars Copied Between Processes: 0
Num Lps During Enumeration: 38
Total Num Lps: 38

Result: network is SAFE

[NNENUM] Result: 
<nnenum.result.Result object at 0x7159136ce1c0>
[NNENUM] Enumeration finished.
safe
[NNENUM] Found counter-example stars: 0
[NNENUM] Filtering result using SMT solver...
[SMT] SMT filtered out 0 stars (out of 0; TO: 0).
[QUERY] Looking for nonlinear input combinations...
..[QUERY] Found all non-linear combinations. Count: 1
[QUERY] Returning nonlinear disjunction
[CTRL] Considering conjunction with 39 input constraints and a disjunction of size 4
[APPROX] Checking cache: SNNT.Approx.ApproxCacheObject[]
[APPROX] Constructing Approximation
[APPROX] Resolving approximation
[CTRL] Initiating iterator over current linear queries
[APPROX] # Conjunctions over output: 4
[CTRL] Processing linear query no. 84
[NNENUM] Running nnenum now...
[NNENUM] lb: [-0.4999999701976776, 0.125, 5.000000171712609e-6, -0.3499999940395355, -0.005, -0.005, -0.005, -0.005, -0.005, -0.005, -0.005, -0.005, -0.005]
[NNENUM] ub: [-0.00625, 0.5, 5.000000171712609e-6, -0.21079675705898798, 0.004999999999999999, 0.004999999999999999, 0.004999999999999999, 0.004999999999999999, 0.004999999999999999, 0.004999999999999999, 0.004999999999999999, 0.004999999999999999, 0.004999999999999999]
[NNENUM] Creating LP Star...
[NNENUM] Checking feasibility
[NNENUM] Generating output Spec...
[NNENUM] Spec list length:  4
[NNENUM] Enumeration in progress... 
(0.0 sec) Q: 0, Sets: 0/1  (0.0%) CEs: 0 ETA: - (expected 1 stars)   
(0.2 sec) Q: 0, Sets: 0/2  (0.0%) CEs: 0 ETA: - (expected 1 stars)   

Total Stars: 2 (2 exact, 0 approx)
Unfinished Stars: 0
Runtime: 0.2 sec
Completed work frac: 1.0
Num Stars Copied Between Processes: 0
Num Lps During Enumeration: 161
Total Num Lps: 161

Result: network is SAFE

[NNENUM] Result: 
<nnenum.result.Result object at 0x7159136c9bb0>
[NNENUM] Enumeration finished.
safe
[NNENUM] Found counter-example stars: 0
[NNENUM] Filtering result using SMT solver...
[SMT] SMT filtered out 0 stars (out of 0; TO: 0).
[QUERY] Looking for nonlinear input combinations...
...[QUERY] Found all non-linear combinations. Count: 1
[QUERY] Returning nonlinear disjunction
[CTRL] Considering conjunction with 39 input constraints and a disjunction of size 4
[APPROX] Checking cache: SNNT.Approx.ApproxCacheObject[]
[APPROX] Constructing Approximation
[APPROX] Resolving approximation
[CTRL] Initiating iterator over current linear queries
[APPROX] # Conjunctions over output: 4
[CTRL] Processing linear query no. 85
[NNENUM] Running nnenum now...
[NNENUM] lb: [-0.4999999701976776, 0.125, 5.000000171712609e-6, -0.3499999940395355, -0.005, -0.005, -0.005, -0.005, -0.005, -0.005, -0.005, -0.005, -0.005]
[NNENUM] ub: [-0.00625, 0.5, 5.000000171712609e-6, -0.21079675705898798, 0.004999999999999999, 0.004999999999999999, 0.004999999999999999, 0.004999999999999999, 0.004999999999999999, 0.004999999999999999, 0.004999999999999999, 0.004999999999999999, 0.004999999999999999]
[NNENUM] Creating LP Star...
[NNENUM] Checking feasibility
[NNENUM] Generating output Spec...
[NNENUM] Spec list length:  4
[NNENUM] Enumeration in progress... 
(0.0 sec) Q: 0, Sets: 0/1  (0.0%) CEs: 0 ETA: - (expected 1 stars)   

Total Stars: 2 (1 exact, 1 approx)
Unfinished Stars: 0
Runtime: 0.1 sec
Completed work frac: 1.0
Num Stars Copied Between Processes: 0
Num Lps During Enumeration: 57
Total Num Lps: 57

Result: network is SAFE

[NNENUM] Result: 
<nnenum.result.Result object at 0x7159136c3a00>
[NNENUM] Enumeration finished.
safe
[NNENUM] Found counter-example stars: 0
[NNENUM] Filtering result using SMT solver...
[SMT] SMT filtered out 0 stars (out of 0; TO: 0).
[QUERY] Looking for nonlinear input combinations...
[QUERY] Found all non-linear combinations. Count: 2
[QUERY] Returning nonlinear disjunction
[CTRL] Considering conjunction with 39 input constraints and a disjunction of size 4
[APPROX] Checking cache: SNNT.Approx.ApproxCacheObject[]
[APPROX] Constructing Approximation
[APPROX] Resolving approximation
[CTRL] Initiating iterator over current linear queries
[APPROX] # Conjunctions over output: 4
[CTRL] Processing linear query no. 86
[NNENUM] Running nnenum now...
[NNENUM] lb: [-0.4999999701976776, 0.125, 5.000000171712609e-6, -0.3499999940395355, -0.005, -0.005, -0.005, -0.005, -0.005, -0.005, -0.005, -0.005, -0.005]
[NNENUM] ub: [-0.00625, 0.5, 5.000000171712609e-6, -0.21079675705898798, 0.004999999999999999, 0.004999999999999999, 0.004999999999999999, 0.004999999999999999, 0.004999999999999999, 0.004999999999999999, 0.004999999999999999, 0.004999999999999999, 0.004999999999999999]
[NNENUM] Creating LP Star...
[NNENUM] Checking feasibility
[NNENUM] Generating output Spec...
[NNENUM] Spec list length:  4
[NNENUM] Enumeration in progress... 
(0.1 sec) Q: 0, Sets: 0/1  (0.0%) CEs: 0 ETA: - (expected 1 stars)   
(0.2 sec) Q: 0, Sets: 0/2  (0.0%) CEs: 0 ETA: - (expected 1 stars)   

Total Stars: 8 (2 exact, 6 approx)
Unfinished Stars: 0
Runtime: 0.3 sec
Completed work frac: 1.0
Num Stars Copied Between Processes: 0
Num Lps During Enumeration: 99
Total Num Lps: 99

Result: network is SAFE

[NNENUM] Result: 
<nnenum.result.Result object at 0x7159136d3430>
[NNENUM] Enumeration finished.
safe
[NNENUM] Found counter-example stars: 0
[NNENUM] Filtering result using SMT solver...
[SMT] SMT filtered out 0 stars (out of 0; TO: 0).
[QUERY] Looking for nonlinear input combinations...
.[QUERY] Found all non-linear combinations. Count: 1
[QUERY] Returning nonlinear disjunction
[CTRL] Considering conjunction with 39 input constraints and a disjunction of size 4
[APPROX] Checking cache: SNNT.Approx.ApproxCacheObject[]
[APPROX] Constructing Approximation
[APPROX] Resolving approximation
[CTRL] Initiating iterator over current linear queries
[APPROX] # Conjunctions over output: 4
[CTRL] Processing linear query no. 87
[NNENUM] Running nnenum now...
[NNENUM] lb: [-0.4999999701976776, 0.125, 5.000000171712609e-6, -0.3499999940395355, -0.005, -0.005, -0.005, -0.005, -0.005, -0.005, -0.005, -0.005, -0.005]
[NNENUM] ub: [-0.00625, 0.5, 5.000000171712609e-6, -0.21079675705898798, 0.004999999999999999, 0.004999999999999999, 0.004999999999999999, 0.004999999999999999, 0.004999999999999999, 0.004999999999999999, 0.004999999999999999, 0.004999999999999999, 0.004999999999999999]
[NNENUM] Creating LP Star...
[NNENUM] Checking feasibility
[NNENUM] Generating output Spec...
[NNENUM] Spec list length:  4
[NNENUM] Enumeration in progress... 
(0.1 sec) Q: 0, Sets: 0/1  (0.0%) CEs: 0 ETA: - (expected 1 stars)   

Total Stars: 5 (2 exact, 3 approx)
Unfinished Stars: 0
Runtime: 0.1 sec
Completed work frac: 1.0
Num Stars Copied Between Processes: 0
Num Lps During Enumeration: 144
Total Num Lps: 144

Result: network is SAFE

[NNENUM] Result: 
<nnenum.result.Result object at 0x7159136ce280>
[NNENUM] Enumeration finished.
safe
[NNENUM] Found counter-example stars: 0
[NNENUM] Filtering result using SMT solver...
[SMT] SMT filtered out 0 stars (out of 0; TO: 0).
[QUERY] Looking for nonlinear input combinations...
..[QUERY] Found all non-linear combinations. Count: 1
[QUERY] Returning nonlinear disjunction
[CTRL] Considering conjunction with 39 input constraints and a disjunction of size 4
[APPROX] Checking cache: SNNT.Approx.ApproxCacheObject[]
[APPROX] Constructing Approximation
[APPROX] Resolving approximation
[CTRL] Initiating iterator over current linear queries
[APPROX] # Conjunctions over output: 4
[CTRL] Processing linear query no. 88
[NNENUM] Running nnenum now...
[NNENUM] lb: [-0.4999999701976776, 0.125, 5.000000171712609e-6, -0.3499999940395355, -0.005, -0.005, -0.005, -0.005, -0.005, -0.005, -0.005, -0.005, -0.005]
[NNENUM] ub: [-0.00625, 0.5, 5.000000171712609e-6, -0.21079675705898798, 0.004999999999999999, 0.004999999999999999, 0.004999999999999999, 0.004999999999999999, 0.004999999999999999, 0.004999999999999999, 0.004999999999999999, 0.004999999999999999, 0.004999999999999999]
[NNENUM] Creating LP Star...
[NNENUM] Checking feasibility
[NNENUM] Generating output Spec...
[NNENUM] Spec list length:  4
[NNENUM] Enumeration in progress... 
(0.1 sec) Q: 0, Sets: 0/1  (0.0%) CEs: 0 ETA: - (expected 1 stars)   
(0.2 sec) Q: 0, Sets: 0/2  (0.0%) CEs: 0 ETA: - (expected 1 stars)   

Total Stars: 3 (3 exact, 0 approx)
Unfinished Stars: 0
Runtime: 0.2 sec
Completed work frac: 1.0
Num Stars Copied Between Processes: 0
Num Lps During Enumeration: 183
Total Num Lps: 183

Result: network is SAFE

[NNENUM] Result: 
<nnenum.result.Result object at 0x7159136c3c70>
[NNENUM] Enumeration finished.
safe
[NNENUM] Found counter-example stars: 0
[NNENUM] Filtering result using SMT solver...
[SMT] SMT filtered out 0 stars (out of 0; TO: 0).
[QUERY] Looking for nonlinear input combinations...
.[QUERY] Found all non-linear combinations. Count: 1
[QUERY] Returning nonlinear disjunction
[CTRL] Considering conjunction with 39 input constraints and a disjunction of size 4
[APPROX] Checking cache: SNNT.Approx.ApproxCacheObject[]
[APPROX] Constructing Approximation
[APPROX] Resolving approximation
[CTRL] Initiating iterator over current linear queries
[APPROX] # Conjunctions over output: 4
[CTRL] Processing linear query no. 89
[NNENUM] Running nnenum now...
[NNENUM] lb: [-0.4999999701976776, 0.125, 5.000000171712609e-6, -0.3499999940395355, -0.005, -0.005, -0.005, -0.005, -0.005, -0.005, -0.005, -0.005, -0.005]
[NNENUM] ub: [-0.00625, 0.5, 5.000000171712609e-6, -0.21079675705898798, 0.004999999999999999, 0.004999999999999999, 0.004999999999999999, 0.004999999999999999, 0.004999999999999999, 0.004999999999999999, 0.004999999999999999, 0.004999999999999999, 0.004999999999999999]
[NNENUM] Creating LP Star...
[NNENUM] Checking feasibility
[NNENUM] Generating output Spec...
[NNENUM] Spec list length:  4
[NNENUM] Enumeration in progress... 
(0.1 sec) Q: 0, Sets: 0/1  (0.0%) CEs: 0 ETA: - (expected 1 stars)   

Total Stars: 2 (2 exact, 0 approx)
Unfinished Stars: 0
Runtime: 0.1 sec
Completed work frac: 1.0
Num Stars Copied Between Processes: 0
Num Lps During Enumeration: 161
Total Num Lps: 161

Result: network is SAFE

[NNENUM] Result: 
<nnenum.result.Result object at 0x7159136c3ac0>
[NNENUM] Enumeration finished.
safe
[NNENUM] Found counter-example stars: 0
[NNENUM] Filtering result using SMT solver...
[SMT] SMT filtered out 0 stars (out of 0; TO: 0).
[QUERY] Looking for nonlinear input combinations...
.[QUERY] Found all non-linear combinations. Count: 1
[QUERY] Returning nonlinear disjunction
[CTRL] Considering conjunction with 39 input constraints and a disjunction of size 4
[APPROX] Checking cache: SNNT.Approx.ApproxCacheObject[]
[APPROX] Constructing Approximation
[APPROX] Resolving approximation
[CTRL] Initiating iterator over current linear queries
[APPROX] # Conjunctions over output: 4
[CTRL] Processing linear query no. 90
[NNENUM] Running nnenum now...
[NNENUM] lb: [-0.4999999701976776, 0.125, 5.000000171712609e-6, -0.3499999940395355, -0.005, -0.005, -0.005, -0.005, -0.005, -0.005, -0.005, -0.005, -0.005]
[NNENUM] ub: [-0.00625, 0.5, 5.000000171712609e-6, -0.21079675705898798, 0.004999999999999999, 0.004999999999999999, 0.004999999999999999, 0.004999999999999999, 0.004999999999999999, 0.004999999999999999, 0.004999999999999999, 0.004999999999999999, 0.004999999999999999]
[NNENUM] Creating LP Star...
[NNENUM] Checking feasibility
[NNENUM] Generating output Spec...
[NNENUM] Spec list length:  4
[NNENUM] Enumeration in progress... 
(0.1 sec) Q: 0, Sets: 0/1  (0.0%) CEs: 0 ETA: - (expected 1 stars)   
(0.2 sec) Q: 0, Sets: 0/2  (0.0%) CEs: 0 ETA: - (expected 1 stars)   

Total Stars: 3 (3 exact, 0 approx)
Unfinished Stars: 0
Runtime: 0.2 sec
Completed work frac: 1.0
Num Stars Copied Between Processes: 0
Num Lps During Enumeration: 177
Total Num Lps: 177

Result: network is SAFE

[NNENUM] Result: 
<nnenum.result.Result object at 0x7159136c94f0>
[NNENUM] Enumeration finished.
safe
[NNENUM] Found counter-example stars: 0
[NNENUM] Filtering result using SMT solver...
[SMT] SMT filtered out 0 stars (out of 0; TO: 0).
[QUERY] Looking for nonlinear input combinations...
[QUERY] Found all non-linear combinations. Count: 1
[QUERY] Returning nonlinear disjunction
[CTRL] Considering conjunction with 39 input constraints and a disjunction of size 4
[APPROX] Checking cache: SNNT.Approx.ApproxCacheObject[]
[APPROX] Constructing Approximation
[APPROX] Resolving approximation
[CTRL] Initiating iterator over current linear queries
[APPROX] # Conjunctions over output: 4
[CTRL] Processing linear query no. 91
[NNENUM] Running nnenum now...
[NNENUM] lb: [-0.4999999701976776, 0.125, 5.000000171712609e-6, -0.3499999940395355, -0.005, -0.005, -0.005, -0.005, -0.005, -0.005, -0.005, -0.005, -0.005]
[NNENUM] ub: [-0.00625, 0.5, 5.000000171712609e-6, -0.21079675705898798, 0.004999999999999999, 0.004999999999999999, 0.004999999999999999, 0.004999999999999999, 0.004999999999999999, 0.004999999999999999, 0.004999999999999999, 0.004999999999999999, 0.004999999999999999]
[NNENUM] Creating LP Star...
[NNENUM] Checking feasibility
[NNENUM] Generating output Spec...
[NNENUM] Spec list length:  4
[NNENUM] Enumeration in progress... 
(0.0 sec) Q: 0, Sets: 0/1  (0.0%) CEs: 0 ETA: - (expected 1 stars)   

Total Stars: 2 (1 exact, 1 approx)
Unfinished Stars: 0
Runtime: 0.1 sec
Completed work frac: 1.0
Num Stars Copied Between Processes: 0
Num Lps During Enumeration: 56
Total Num Lps: 56

Result: network is SAFE

[NNENUM] Result: 
<nnenum.result.Result object at 0x7159136ce340>
[NNENUM] Enumeration finished.
safe
[NNENUM] Found counter-example stars: 0
[NNENUM] Filtering result using SMT solver...
[SMT] SMT filtered out 0 stars (out of 0; TO: 0).
[QUERY] Looking for nonlinear input combinations...
.[QUERY] Found all non-linear combinations. Count: 1
[QUERY] Returning nonlinear disjunction
[CTRL] Considering conjunction with 39 input constraints and a disjunction of size 4
[APPROX] Checking cache: SNNT.Approx.ApproxCacheObject[]
[APPROX] Constructing Approximation
[APPROX] Resolving approximation
[CTRL] Initiating iterator over current linear queries
[APPROX] # Conjunctions over output: 4
[CTRL] Processing linear query no. 92
[NNENUM] Running nnenum now...
[NNENUM] lb: [-0.4999999701976776, 0.125, 5.000000171712609e-6, -0.3499999940395355, -0.005, -0.005, -0.005, -0.005, -0.005, -0.005, -0.005, -0.005, -0.005]
[NNENUM] ub: [-0.00625, 0.5, 5.000000171712609e-6, -0.21079675705898798, 0.004999999999999999, 0.004999999999999999, 0.004999999999999999, 0.004999999999999999, 0.004999999999999999, 0.004999999999999999, 0.004999999999999999, 0.004999999999999999, 0.004999999999999999]
[NNENUM] Creating LP Star...
[NNENUM] Checking feasibility
[NNENUM] Generating output Spec...
[NNENUM] Spec list length:  4
[NNENUM] Enumeration in progress... 
(0.2 sec) Q: 0, Sets: 0/1  (0.0%) CEs: 0 ETA: - (expected 1 stars)   
(0.3 sec) Q: 0, Sets: 0/2  (0.0%) CEs: 0 ETA: - (expected 1 stars)   

Total Stars: 3 (3 exact, 0 approx)
Unfinished Stars: 0
Runtime: 0.3 sec
Completed work frac: 1.0
Num Stars Copied Between Processes: 0
Num Lps During Enumeration: 173
Total Num Lps: 173

Result: network is SAFE

[NNENUM] Result: 
<nnenum.result.Result object at 0x7159136d1d30>
[NNENUM] Enumeration finished.
safe
[NNENUM] Found counter-example stars: 0
[NNENUM] Filtering result using SMT solver...
[SMT] SMT filtered out 0 stars (out of 0; TO: 0).
[QUERY] Looking for nonlinear input combinations...
[QUERY] Found all non-linear combinations. Count: 1
[QUERY] Returning nonlinear disjunction
[CTRL] Considering conjunction with 39 input constraints and a disjunction of size 4
[APPROX] Checking cache: SNNT.Approx.ApproxCacheObject[]
[APPROX] Constructing Approximation
[APPROX] Resolving approximation
[CTRL] Initiating iterator over current linear queries
[APPROX] # Conjunctions over output: 4
[CTRL] Processing linear query no. 93
[NNENUM] Running nnenum now...
[NNENUM] lb: [-0.4999999701976776, 0.125, 5.000000171712609e-6, -0.3499999940395355, -0.005, -0.005, -0.005, -0.005, -0.005, -0.005, -0.005, -0.005, -0.005]
[NNENUM] ub: [-0.00625, 0.5, 5.000000171712609e-6, -0.21079675705898798, 0.004999999999999999, 0.004999999999999999, 0.004999999999999999, 0.004999999999999999, 0.004999999999999999, 0.004999999999999999, 0.004999999999999999, 0.004999999999999999, 0.004999999999999999]
[NNENUM] Creating LP Star...
[NNENUM] Checking feasibility
[NNENUM] Generating output Spec...
[NNENUM] Spec list length:  4
[NNENUM] Enumeration in progress... 
(0.2 sec) Q: 0, Sets: 0/1  (0.0%) CEs: 0 ETA: - (expected 1 stars)   

Total Stars: 3 (3 exact, 0 approx)
Unfinished Stars: 0
Runtime: 0.2 sec
Completed work frac: 1.0
Num Stars Copied Between Processes: 0
Num Lps During Enumeration: 175
Total Num Lps: 175

Result: network is SAFE

[NNENUM] Result: 
<nnenum.result.Result object at 0x7159136c2df0>
[NNENUM] Enumeration finished.
safe
[NNENUM] Found counter-example stars: 0
[NNENUM] Filtering result using SMT solver...
[SMT] SMT filtered out 0 stars (out of 0; TO: 0).
[QUERY] Looking for nonlinear input combinations...
.[QUERY] Found all non-linear combinations. Count: 1
[QUERY] Returning nonlinear disjunction
[CTRL] Considering conjunction with 39 input constraints and a disjunction of size 4
[APPROX] Checking cache: SNNT.Approx.ApproxCacheObject[]
[APPROX] Constructing Approximation
[APPROX] Resolving approximation
[CTRL] Initiating iterator over current linear queries
[APPROX] # Conjunctions over output: 4
[CTRL] Processing linear query no. 94
[NNENUM] Running nnenum now...
[NNENUM] lb: [-0.4999999701976776, 0.125, 5.000000171712609e-6, -0.3499999940395355, -0.005, -0.005, -0.005, -0.005, -0.005, -0.005, -0.005, -0.005, -0.005]
[NNENUM] ub: [-0.00625, 0.5, 5.000000171712609e-6, -0.21079675705898798, 0.004999999999999999, 0.004999999999999999, 0.004999999999999999, 0.004999999999999999, 0.004999999999999999, 0.004999999999999999, 0.004999999999999999, 0.004999999999999999, 0.004999999999999999]
[NNENUM] Creating LP Star...
[NNENUM] Checking feasibility
[NNENUM] Generating output Spec...
[NNENUM] Spec list length:  4
[NNENUM] Enumeration in progress... 
(0.1 sec) Q: 0, Sets: 0/1  (0.0%) CEs: 0 ETA: - (expected 1 stars)   
(0.2 sec) Q: 0, Sets: 0/2  (0.0%) CEs: 0 ETA: - (expected 1 stars)   

Total Stars: 3 (1 exact, 2 approx)
Unfinished Stars: 0
Runtime: 0.3 sec
Completed work frac: 1.0
Num Stars Copied Between Processes: 0
Num Lps During Enumeration: 121
Total Num Lps: 121

Result: network is SAFE

[NNENUM] Result: 
<nnenum.result.Result object at 0x7159136d3790>
[NNENUM] Enumeration finished.
safe
[NNENUM] Found counter-example stars: 0
[NNENUM] Filtering result using SMT solver...
[SMT] SMT filtered out 0 stars (out of 0; TO: 0).
[QUERY] Looking for nonlinear input combinations...
[QUERY] Found all non-linear combinations. Count: 1
[QUERY] Returning nonlinear disjunction
[CTRL] Considering conjunction with 39 input constraints and a disjunction of size 4
[APPROX] Checking cache: SNNT.Approx.ApproxCacheObject[]
[APPROX] Constructing Approximation
[APPROX] Resolving approximation
[CTRL] Initiating iterator over current linear queries
[APPROX] # Conjunctions over output: 4
[CTRL] Processing linear query no. 95
[NNENUM] Running nnenum now...
[NNENUM] lb: [-0.4999999701976776, 0.125, 5.000000171712609e-6, -0.3499999940395355, -0.005, -0.005, -0.005, -0.005, -0.005, -0.005, -0.005, -0.005, -0.005]
[NNENUM] ub: [-0.00625, 0.5, 5.000000171712609e-6, -0.21079675705898798, 0.004999999999999999, 0.004999999999999999, 0.004999999999999999, 0.004999999999999999, 0.004999999999999999, 0.004999999999999999, 0.004999999999999999, 0.004999999999999999, 0.004999999999999999]
[NNENUM] Creating LP Star...
[NNENUM] Checking feasibility
[NNENUM] Generating output Spec...
[NNENUM] Spec list length:  4
[NNENUM] Enumeration in progress... 
(0.1 sec) Q: 0, Sets: 0/1  (0.0%) CEs: 0 ETA: - (expected 1 stars)   

Total Stars: 2 (1 exact, 1 approx)
Unfinished Stars: 0
Runtime: 0.2 sec
Completed work frac: 1.0
Num Stars Copied Between Processes: 0
Num Lps During Enumeration: 121
Total Num Lps: 121

Result: network is SAFE

[NNENUM] Result: 
<nnenum.result.Result object at 0x7159136c90d0>
[NNENUM] Enumeration finished.
safe
[NNENUM] Found counter-example stars: 0
[NNENUM] Filtering result using SMT solver...
[SMT] SMT filtered out 0 stars (out of 0; TO: 0).
[QUERY] Looking for nonlinear input combinations...
.[QUERY] Found all non-linear combinations. Count: 1
[QUERY] Returning nonlinear disjunction
[CTRL] Considering conjunction with 39 input constraints and a disjunction of size 4
[APPROX] Checking cache: SNNT.Approx.ApproxCacheObject[]
[APPROX] Constructing Approximation
[APPROX] Resolving approximation
[CTRL] Initiating iterator over current linear queries
[APPROX] # Conjunctions over output: 4
[CTRL] Processing linear query no. 96
[NNENUM] Running nnenum now...
[NNENUM] lb: [-0.4999999701976776, 0.125, 5.000000171712609e-6, -0.3499999940395355, -0.005, -0.005, -0.005, -0.005, -0.005, -0.005, -0.005, -0.005, -0.005]
[NNENUM] ub: [-0.00625, 0.5, 5.000000171712609e-6, -0.21079675705898798, 0.004999999999999999, 0.004999999999999999, 0.004999999999999999, 0.004999999999999999, 0.004999999999999999, 0.004999999999999999, 0.004999999999999999, 0.004999999999999999, 0.004999999999999999]
[NNENUM] Creating LP Star...
[NNENUM] Checking feasibility
[NNENUM] Generating output Spec...
[NNENUM] Spec list length:  4
[NNENUM] Enumeration in progress... 
(0.1 sec) Q: 0, Sets: 0/1  (0.0%) CEs: 0 ETA: - (expected 1 stars)   

Total Stars: 2 (1 exact, 1 approx)
Unfinished Stars: 0
Runtime: 0.2 sec
Completed work frac: 1.0
Num Stars Copied Between Processes: 0
Num Lps During Enumeration: 121
Total Num Lps: 121

Result: network is SAFE

[NNENUM] Result: 
<nnenum.result.Result object at 0x715913cffb20>
[NNENUM] Enumeration finished.
safe
[NNENUM] Found counter-example stars: 0
[NNENUM] Filtering result using SMT solver...
[SMT] SMT filtered out 0 stars (out of 0; TO: 0).
[QUERY] Looking for nonlinear input combinations...
[QUERY] Found all non-linear combinations. Count: 2
[QUERY] Returning nonlinear disjunction
[CTRL] Considering conjunction with 39 input constraints and a disjunction of size 4
[APPROX] Checking cache: SNNT.Approx.ApproxCacheObject[]
[APPROX] Constructing Approximation
[APPROX] Resolving approximation
[CTRL] Initiating iterator over current linear queries
[APPROX] # Conjunctions over output: 4
[CTRL] Processing linear query no. 97
[NNENUM] Running nnenum now...
[NNENUM] lb: [-0.4999999701976776, 0.125, 5.000000171712609e-6, -0.3499999940395355, -0.005, -0.005, -0.005, -0.005, -0.005, -0.005, -0.005, -0.005, -0.005]
[NNENUM] ub: [-0.00625, 0.5, 5.000000171712609e-6, -0.21079675705898798, 0.004999999999999999, 0.004999999999999999, 0.004999999999999999, 0.004999999999999999, 0.004999999999999999, 0.004999999999999999, 0.004999999999999999, 0.004999999999999999, 0.004999999999999999]
[NNENUM] Creating LP Star...
[NNENUM] Checking feasibility
[NNENUM] Generating output Spec...
[NNENUM] Spec list length:  4
[NNENUM] Enumeration in progress... 
(0.1 sec) Q: 0, Sets: 0/1  (0.0%) CEs: 0 ETA: - (expected 1 stars)   

Total Stars: 6 (1 exact, 5 approx)
Unfinished Stars: 0
Runtime: 0.2 sec
Completed work frac: 1.0
Num Stars Copied Between Processes: 0
Num Lps During Enumeration: 86
Total Num Lps: 86

Result: network is SAFE

[NNENUM] Result: 
<nnenum.result.Result object at 0x7159136c2a90>
[NNENUM] Enumeration finished.
safe
[NNENUM] Found counter-example stars: 0
[NNENUM] Filtering result using SMT solver...
[SMT] SMT filtered out 0 stars (out of 0; TO: 0).
[QUERY] Looking for nonlinear input combinations...
[QUERY] Found all non-linear combinations. Count: 1
[QUERY] Returning nonlinear disjunction
[CTRL] Considering conjunction with 39 input constraints and a disjunction of size 4
[APPROX] Checking cache: SNNT.Approx.ApproxCacheObject[]
[APPROX] Constructing Approximation
[APPROX] Resolving approximation
[CTRL] Initiating iterator over current linear queries
[APPROX] # Conjunctions over output: 4
[CTRL] Processing linear query no. 98
[NNENUM] Running nnenum now...
[NNENUM] lb: [-0.4999999701976776, 0.125, 5.000000171712609e-6, -0.3499999940395355, -0.005, -0.005, -0.005, -0.005, -0.005, -0.005, -0.005, -0.005, -0.005]
[NNENUM] ub: [-0.00625, 0.5, 5.000000171712609e-6, -0.21079675705898798, 0.004999999999999999, 0.004999999999999999, 0.004999999999999999, 0.004999999999999999, 0.004999999999999999, 0.004999999999999999, 0.004999999999999999, 0.004999999999999999, 0.004999999999999999]
[NNENUM] Creating LP Star...
[NNENUM] Checking feasibility
[NNENUM] Generating output Spec...
[NNENUM] Spec list length:  4
[NNENUM] Enumeration in progress... 
(0.1 sec) Q: 0, Sets: 0/1  (0.0%) CEs: 0 ETA: - (expected 1 stars)   
(0.2 sec) Q: 0, Sets: 0/2  (0.0%) CEs: 0 ETA: - (expected 1 stars)   
(0.3 sec) Q: 0, Sets: 8/12  (28.125%) CEs: 0 ETA: 0.8 sec (expected 28 stars)   (0.4 sec) Q: 0, Sets: 11/14  (43.75%) CEs: 0 ETA: 0.5 sec (expected 25 stars)   

Total Stars: 19 (1 exact, 18 approx)
Unfinished Stars: 0
Runtime: 0.5 sec
Completed work frac: 1.0
Num Stars Copied Between Processes: 0
Num Lps During Enumeration: 40
Total Num Lps: 40

Result: network is SAFE

[NNENUM] Result: 
<nnenum.result.Result object at 0x7159140f0040>
[NNENUM] Enumeration finished.
safe
[NNENUM] Found counter-example stars: 0
[NNENUM] Filtering result using SMT solver...
[SMT] SMT filtered out 0 stars (out of 0; TO: 0).
[QUERY] Looking for nonlinear input combinations...
[QUERY] Found all non-linear combinations. Count: 1
[QUERY] Returning nonlinear disjunction
[CTRL] Considering conjunction with 39 input constraints and a disjunction of size 4
[APPROX] Checking cache: SNNT.Approx.ApproxCacheObject[]
[APPROX] Constructing Approximation
[APPROX] Resolving approximation
[CTRL] Initiating iterator over current linear queries
[APPROX] # Conjunctions over output: 4
[CTRL] Processing linear query no. 99
[NNENUM] Running nnenum now...
[NNENUM] lb: [-0.4999999701976776, 0.125, 5.000000171712609e-6, -0.3499999940395355, -0.005, -0.005, -0.005, -0.005, -0.005, -0.005, -0.005, -0.005, -0.005]
[NNENUM] ub: [-0.00625, 0.5, 5.000000171712609e-6, -0.21079675705898798, 0.004999999999999999, 0.004999999999999999, 0.004999999999999999, 0.004999999999999999, 0.004999999999999999, 0.004999999999999999, 0.004999999999999999, 0.004999999999999999, 0.004999999999999999]
[NNENUM] Creating LP Star...
[NNENUM] Checking feasibility
[NNENUM] Generating output Spec...
[NNENUM] Spec list length:  4
[NNENUM] Enumeration in progress... 
(0.1 sec) Q: 0, Sets: 0/1  (0.0%) CEs: 0 ETA: - (expected 1 stars)   
(0.2 sec) Q: 0, Sets: 1/6  (6.25%) CEs: 0 ETA: 3.2 sec (expected 16 stars)   
(0.3 sec) Q: 0, Sets: 6/10  (25.0%) CEs: 0 ETA: 1.0 sec (expected 24 stars)   (0.4 sec) Q: 0, Sets: 12/15  (45.312%) CEs: 0 ETA: 0.5 sec (expected 26 stars)   
(0.5 sec) Q: 0, Sets: 16/19  (65.625%) CEs: 0 ETA: 0.3 sec (expected 24 stars)   
Total Stars: 20 (1 exact, 19 approx)
Unfinished Stars: 0
Runtime: 0.6 sec
Completed work frac: 1.0
Num Stars Copied Between Processes: 0
Num Lps During Enumeration: 8
Total Num Lps: 8

Result: network is SAFE

[NNENUM] Result: 
<nnenum.result.Result object at 0x7159136c9370>
[NNENUM] Enumeration finished.
safe
[NNENUM] Found counter-example stars: 0
[NNENUM] Filtering result using SMT solver...
[SMT] SMT filtered out 0 stars (out of 0; TO: 0).
[QUERY] Looking for nonlinear input combinations...
[QUERY] Found all non-linear combinations. Count: 2
[QUERY] Returning nonlinear disjunction
[CTRL] Considering conjunction with 39 input constraints and a disjunction of size 4
[APPROX] Checking cache: SNNT.Approx.ApproxCacheObject[]
[APPROX] Constructing Approximation
[APPROX] Resolving approximation
[CTRL] Initiating iterator over current linear queries
[APPROX] # Conjunctions over output: 4
[CTRL] Processing linear query no. 100
[NNENUM] Running nnenum now...
[NNENUM] lb: [-0.4999999701976776, 0.125, 5.000000171712609e-6, -0.3499999940395355, -0.005, -0.005, -0.005, -0.005, -0.005, -0.005, -0.005, -0.005, -0.005]
[NNENUM] ub: [-0.00625, 0.5, 5.000000171712609e-6, -0.21079675705898798, 0.004999999999999999, 0.004999999999999999, 0.004999999999999999, 0.004999999999999999, 0.004999999999999999, 0.004999999999999999, 0.004999999999999999, 0.004999999999999999, 0.004999999999999999]
[NNENUM] Creating LP Star...
[NNENUM] Checking feasibility
[NNENUM] Generating output Spec...
[NNENUM] Spec list length:  4
[NNENUM] Enumeration in progress... 
(0.1 sec) Q: 0, Sets: 0/1  (0.0%) CEs: 0 ETA: - (expected 1 stars)   

Total Stars: 6 (2 exact, 4 approx)
Unfinished Stars: 0
Runtime: 0.2 sec
Completed work frac: 1.0
Num Stars Copied Between Processes: 0
Num Lps During Enumeration: 101
Total Num Lps: 101

Result: network is SAFE

[NNENUM] Result: 
<nnenum.result.Result object at 0x7159136d8130>
[NNENUM] Enumeration finished.
safe
[NNENUM] Found counter-example stars: 0
[NNENUM] Filtering result using SMT solver...
[SMT] SMT filtered out 0 stars (out of 0; TO: 0).
[QUERY] Looking for nonlinear input combinations...
[QUERY] Found all non-linear combinations. Count: 1
[QUERY] Returning nonlinear disjunction
[CTRL] Considering conjunction with 39 input constraints and a disjunction of size 4
[APPROX] Checking cache: SNNT.Approx.ApproxCacheObject[]
[APPROX] Constructing Approximation
[APPROX] Resolving approximation
[CTRL] Initiating iterator over current linear queries
[APPROX] # Conjunctions over output: 4
[CTRL] Processing linear query no. 101
[NNENUM] Running nnenum now...
[NNENUM] lb: [-0.4999999701976776, 0.125, 5.000000171712609e-6, -0.3499999940395355, -0.005, -0.005, -0.005, -0.005, -0.005, -0.005, -0.005, -0.005, -0.005]
[NNENUM] ub: [-0.00625, 0.5, 5.000000171712609e-6, -0.21079675705898798, 0.004999999999999999, 0.004999999999999999, 0.004999999999999999, 0.004999999999999999, 0.004999999999999999, 0.004999999999999999, 0.004999999999999999, 0.004999999999999999, 0.004999999999999999]
[NNENUM] Creating LP Star...
[NNENUM] Checking feasibility
[NNENUM] Generating output Spec...
[NNENUM] Spec list length:  4
[NNENUM] Enumeration in progress... 
(0.1 sec) Q: 0, Sets: 0/1  (0.0%) CEs: 0 ETA: - (expected 1 stars)   
(0.2 sec) Q: 0, Sets: 0/2  (0.0%) CEs: 0 ETA: - (expected 1 stars)   

Total Stars: 4 (1 exact, 3 approx)
Unfinished Stars: 0
Runtime: 0.3 sec
Completed work frac: 1.0
Num Stars Copied Between Processes: 0
Num Lps During Enumeration: 78
Total Num Lps: 78

Result: network is SAFE

[NNENUM] Result: 
<nnenum.result.Result object at 0x7159136d7b50>
[NNENUM] Enumeration finished.
safe
[NNENUM] Found counter-example stars: 0
[NNENUM] Filtering result using SMT solver...
[SMT] SMT filtered out 0 stars (out of 0; TO: 0).
[QUERY] Looking for nonlinear input combinations...
[QUERY] Found all non-linear combinations. Count: 2
[QUERY] Returning nonlinear disjunction
[CTRL] Considering conjunction with 39 input constraints and a disjunction of size 4
[APPROX] Checking cache: SNNT.Approx.ApproxCacheObject[]
[APPROX] Constructing Approximation
[APPROX] Resolving approximation
[CTRL] Initiating iterator over current linear queries
[APPROX] # Conjunctions over output: 4
[CTRL] Processing linear query no. 102
[NNENUM] Running nnenum now...
[NNENUM] lb: [-0.4999999701976776, 0.125, 5.000000171712609e-6, -0.3499999940395355, -0.005, -0.005, -0.005, -0.005, -0.005, -0.005, -0.005, -0.005, -0.005]
[NNENUM] ub: [-0.00625, 0.5, 5.000000171712609e-6, -0.21079675705898798, 0.004999999999999999, 0.004999999999999999, 0.004999999999999999, 0.004999999999999999, 0.004999999999999999, 0.004999999999999999, 0.004999999999999999, 0.004999999999999999, 0.004999999999999999]
[NNENUM] Creating LP Star...
[NNENUM] Checking feasibility
[NNENUM] Generating output Spec...
[NNENUM] Spec list length:  4
[NNENUM] Enumeration in progress... 
(0.0 sec) Q: 0, Sets: 0/1  (0.0%) CEs: 0 ETA: - (expected 1 stars)   

Total Stars: 3 (2 exact, 1 approx)
Unfinished Stars: 0
Runtime: 0.1 sec
Completed work frac: 1.0
Num Stars Copied Between Processes: 0
Num Lps During Enumeration: 147
Total Num Lps: 147

Result: network is SAFE

[NNENUM] Result: 
<nnenum.result.Result object at 0x7159136c8970>
[NNENUM] Enumeration finished.
safe
[NNENUM] Found counter-example stars: 0
[NNENUM] Filtering result using SMT solver...
[SMT] SMT filtered out 0 stars (out of 0; TO: 0).
[QUERY] Looking for nonlinear input combinations...
[QUERY] Found all non-linear combinations. Count: 1
[QUERY] Returning nonlinear disjunction
[CTRL] Considering conjunction with 39 input constraints and a disjunction of size 4
[APPROX] Checking cache: SNNT.Approx.ApproxCacheObject[]
[APPROX] Constructing Approximation
[APPROX] Resolving approximation
[CTRL] Initiating iterator over current linear queries
[APPROX] # Conjunctions over output: 4
[CTRL] Processing linear query no. 103
[NNENUM] Running nnenum now...
[NNENUM] lb: [-0.4999999701976776, 0.125, 5.000000171712609e-6, -0.3499999940395355, -0.005, -0.005, -0.005, -0.005, -0.005, -0.005, -0.005, -0.005, -0.005]
[NNENUM] ub: [-0.00625, 0.5, 5.000000171712609e-6, -0.21079675705898798, 0.004999999999999999, 0.004999999999999999, 0.004999999999999999, 0.004999999999999999, 0.004999999999999999, 0.004999999999999999, 0.004999999999999999, 0.004999999999999999, 0.004999999999999999]
[NNENUM] Creating LP Star...
[NNENUM] Checking feasibility
[NNENUM] Generating output Spec...
[NNENUM] Spec list length:  4
[NNENUM] Enumeration in progress... 

[NNENUM] Result: 
<nnenum.result.Result object at 0x715913cfd9d0>
[NNENUM] Enumeration finished.
safe
[NNENUM] Filtering result using SMT solver...
[SMT] SMT filtered out 0 stars (out of 0; TO: 0).
[QUERY] Looking for nonlinear input combinations...
[QUERY] Found all non-linear combinations. Count: 1
[QUERY] Returning nonlinear disjunction
[CTRL] Considering conjunction with 39 input constraints and a disjunction of size 4
[APPROX] Checking cache: SNNT.Approx.ApproxCacheObject[]
[APPROX] Constructing Approximation
[APPROX] Resolving approximation
[CTRL] Initiating iterator over current linear queries
[APPROX] # Conjunctions over output: 4
[CTRL] Processing linear query no. 104
[NNENUM] Running nnenum now...
[NNENUM] lb: [-0.4999999701976776, 0.125, 5.000000171712609e-6, -0.3499999940395355, -0.005, -0.005, -0.005, -0.005, -0.005, -0.005, -0.005, -0.005, -0.005]
[NNENUM] ub: [-0.00625, 0.5, 5.000000171712609e-6, -0.21079675705898798, 0.004999999999999999, 0.004999999999999999, 0.004999999999999999, 0.004999999999999999, 0.004999999999999999, 0.004999999999999999, 0.004999999999999999, 0.004999999999999999, 0.004999999999999999]
[NNENUM] Creating LP Star...
[NNENUM] Checking feasibility
[NNENUM] Generating output Spec...
[NNENUM] Spec list length:  4
[NNENUM] Enumeration in progress... 

[NNENUM] Result: 
<nnenum.result.Result object at 0x7159136c96d0>
[NNENUM] Enumeration finished.
safe
[NNENUM] Filtering result using SMT solver...
[SMT] SMT filtered out 0 stars (out of 0; TO: 0).
[QUERY] Looking for nonlinear input combinations...
[QUERY] Found all non-linear combinations. Count: 1
[QUERY] Returning nonlinear disjunction
[CTRL] Considering conjunction with 39 input constraints and a disjunction of size 4
[APPROX] Checking cache: SNNT.Approx.ApproxCacheObject[]
[APPROX] Constructing Approximation
[APPROX] Resolving approximation
[CTRL] Initiating iterator over current linear queries
[APPROX] # Conjunctions over output: 4
[CTRL] Processing linear query no. 105
[NNENUM] Running nnenum now...
[NNENUM] lb: [-0.4999999701976776, 0.125, 5.000000171712609e-6, -0.3499999940395355, -0.005, -0.005, -0.005, -0.005, -0.005, -0.005, -0.005, -0.005, -0.005]
[NNENUM] ub: [-0.00625, 0.5, 5.000000171712609e-6, -0.21079675705898798, 0.004999999999999999, 0.004999999999999999, 0.004999999999999999, 0.004999999999999999, 0.004999999999999999, 0.004999999999999999, 0.004999999999999999, 0.004999999999999999, 0.004999999999999999]
[NNENUM] Creating LP Star...
[NNENUM] Checking feasibility
[NNENUM] Generating output Spec...
[NNENUM] Spec list length:  4
[NNENUM] Enumeration in progress... 
(0.2 sec) Q: 0, Sets: 0/1  (0.0%) CEs: 0 ETA: - (expected 1 stars)   

Total Stars: 2 (1 exact, 1 approx)
Unfinished Stars: 0
Runtime: 0.2 sec
Completed work frac: 1.0
Num Stars Copied Between Processes: 0
Num Lps During Enumeration: 124
Total Num Lps: 124

Result: network is SAFE

[NNENUM] Result: 
<nnenum.result.Result object at 0x715913cfd8b0>
[NNENUM] Enumeration finished.
safe
[NNENUM] Found counter-example stars: 0
[NNENUM] Filtering result using SMT solver...
[SMT] SMT filtered out 0 stars (out of 0; TO: 0).
[QUERY] Looking for nonlinear input combinations...
[QUERY] Found all non-linear combinations. Count: 1
[QUERY] Returning nonlinear disjunction
[CTRL] Considering conjunction with 39 input constraints and a disjunction of size 4
[APPROX] Checking cache: SNNT.Approx.ApproxCacheObject[]
[APPROX] Constructing Approximation
[APPROX] Resolving approximation
[CTRL] Initiating iterator over current linear queries
[APPROX] # Conjunctions over output: 4
[CTRL] Processing linear query no. 106
[NNENUM] Running nnenum now...
[NNENUM] lb: [-0.4999999701976776, 0.125, 5.000000171712609e-6, -0.3499999940395355, -0.005, -0.005, -0.005, -0.005, -0.005, -0.005, -0.005, -0.005, -0.005]
[NNENUM] ub: [-0.00625, 0.5, 5.000000171712609e-6, -0.21079675705898798, 0.004999999999999999, 0.004999999999999999, 0.004999999999999999, 0.004999999999999999, 0.004999999999999999, 0.004999999999999999, 0.004999999999999999, 0.004999999999999999, 0.004999999999999999]
[NNENUM] Creating LP Star...
[NNENUM] Checking feasibility
[NNENUM] Generating output Spec...
[NNENUM] Spec list length:  4
[NNENUM] Enumeration in progress... 
(0.1 sec) Q: 0, Sets: 0/1  (0.0%) CEs: 0 ETA: - (expected 1 stars)   

Total Stars: 2 (1 exact, 1 approx)
Unfinished Stars: 0
Runtime: 0.1 sec
Completed work frac: 1.0
Num Stars Copied Between Processes: 0
Num Lps During Enumeration: 124
Total Num Lps: 124

Result: network is SAFE

[NNENUM] Result: 
<nnenum.result.Result object at 0x7159136d44f0>
[NNENUM] Enumeration finished.
safe
[NNENUM] Found counter-example stars: 0
[NNENUM] Filtering result using SMT solver...
[SMT] SMT filtered out 0 stars (out of 0; TO: 0).
[QUERY] Looking for nonlinear input combinations...
[QUERY] Found all non-linear combinations. Count: 1
[QUERY] Returning nonlinear disjunction
[CTRL] Considering conjunction with 39 input constraints and a disjunction of size 4
[APPROX] Checking cache: SNNT.Approx.ApproxCacheObject[]
[APPROX] Constructing Approximation
[APPROX] Resolving approximation
[CTRL] Initiating iterator over current linear queries
[APPROX] # Conjunctions over output: 4
[CTRL] Processing linear query no. 107
[NNENUM] Running nnenum now...
[NNENUM] lb: [-0.4999999701976776, 0.125, 5.000000171712609e-6, -0.3499999940395355, -0.005, -0.005, -0.005, -0.005, -0.005, -0.005, -0.005, -0.005, -0.005]
[NNENUM] ub: [-0.00625, 0.5, 5.000000171712609e-6, -0.21079675705898798, 0.004999999999999999, 0.004999999999999999, 0.004999999999999999, 0.004999999999999999, 0.004999999999999999, 0.004999999999999999, 0.004999999999999999, 0.004999999999999999, 0.004999999999999999]
[NNENUM] Creating LP Star...
[NNENUM] Checking feasibility
[NNENUM] Generating output Spec...
[NNENUM] Spec list length:  4
[NNENUM] Enumeration in progress... 
(0.1 sec) Q: 0, Sets: 0/1  (0.0%) CEs: 0 ETA: - (expected 1 stars)   
(0.2 sec) Q: 0, Sets: 0/2  (0.0%) CEs: 0 ETA: - (expected 1 stars)   

Total Stars: 2 (1 exact, 1 approx)
Unfinished Stars: 0
Runtime: 0.2 sec
Completed work frac: 1.0
Num Stars Copied Between Processes: 0
Num Lps During Enumeration: 124
Total Num Lps: 124

Result: network is SAFE

[NNENUM] Result: 
<nnenum.result.Result object at 0x7159136c8ee0>
[NNENUM] Enumeration finished.
safe
[NNENUM] Found counter-example stars: 0
[NNENUM] Filtering result using SMT solver...
[SMT] SMT filtered out 0 stars (out of 0; TO: 0).
[QUERY] Looking for nonlinear input combinations...
[QUERY] Found all non-linear combinations. Count: 1
[QUERY] Returning nonlinear disjunction
[CTRL] Considering conjunction with 39 input constraints and a disjunction of size 4
[APPROX] Checking cache: SNNT.Approx.ApproxCacheObject[]
[APPROX] Constructing Approximation
[APPROX] Resolving approximation
[CTRL] Initiating iterator over current linear queries
[APPROX] # Conjunctions over output: 4
[CTRL] Processing linear query no. 108
[NNENUM] Running nnenum now...
[NNENUM] lb: [-0.4999999701976776, 0.125, 5.000000171712609e-6, -0.3499999940395355, -0.005, -0.005, -0.005, -0.005, -0.005, -0.005, -0.005, -0.005, -0.005]
[NNENUM] ub: [-0.00625, 0.5, 5.000000171712609e-6, -0.21079675705898798, 0.004999999999999999, 0.004999999999999999, 0.004999999999999999, 0.004999999999999999, 0.004999999999999999, 0.004999999999999999, 0.004999999999999999, 0.004999999999999999, 0.004999999999999999]
[NNENUM] Creating LP Star...
[NNENUM] Checking feasibility
[NNENUM] Generating output Spec...
[NNENUM] Spec list length:  4
[NNENUM] Enumeration in progress... 
(0.2 sec) Q: 0, Sets: 0/1  (0.0%) CEs: 0 ETA: - (expected 1 stars)   

Total Stars: 2 (1 exact, 1 approx)
Unfinished Stars: 0
Runtime: 0.2 sec
Completed work frac: 1.0
Num Stars Copied Between Processes: 0
Num Lps During Enumeration: 124
Total Num Lps: 124

Result: network is SAFE

[NNENUM] Result: 
<nnenum.result.Result object at 0x7159136d4d60>
[NNENUM] Enumeration finished.
safe
[NNENUM] Found counter-example stars: 0
[NNENUM] Filtering result using SMT solver...
[SMT] SMT filtered out 0 stars (out of 0; TO: 0).
[QUERY] Looking for nonlinear input combinations...
[QUERY] Found all non-linear combinations. Count: 1
[QUERY] Returning nonlinear disjunction
[CTRL] Considering conjunction with 39 input constraints and a disjunction of size 4
[APPROX] Checking cache: SNNT.Approx.ApproxCacheObject[]
[APPROX] Constructing Approximation
[APPROX] Resolving approximation
[CTRL] Initiating iterator over current linear queries
[APPROX] # Conjunctions over output: 4
[CTRL] Processing linear query no. 109
[NNENUM] Running nnenum now...
[NNENUM] lb: [-0.4999999701976776, 0.125, 5.000000171712609e-6, -0.3499999940395355, -0.005, -0.005, -0.005, -0.005, -0.005, -0.005, -0.005, -0.005, -0.005]
[NNENUM] ub: [-0.00625, 0.5, 5.000000171712609e-6, -0.21079675705898798, 0.004999999999999999, 0.004999999999999999, 0.004999999999999999, 0.004999999999999999, 0.004999999999999999, 0.004999999999999999, 0.004999999999999999, 0.004999999999999999, 0.004999999999999999]
[NNENUM] Creating LP Star...
[NNENUM] Checking feasibility
[NNENUM] Generating output Spec...
[NNENUM] Spec list length:  4
[NNENUM] Enumeration in progress... 
(0.1 sec) Q: 0, Sets: 0/1  (0.0%) CEs: 0 ETA: - (expected 1 stars)   
(0.2 sec) Q: 0, Sets: 0/2  (0.0%) CEs: 0 ETA: - (expected 1 stars)   

Total Stars: 8 (2 exact, 6 approx)
Unfinished Stars: 0
Runtime: 0.3 sec
Completed work frac: 1.0
Num Stars Copied Between Processes: 0
Num Lps During Enumeration: 118
Total Num Lps: 118

Result: network is SAFE

[NNENUM] Result: 
<nnenum.result.Result object at 0x7159136c3760>
[NNENUM] Enumeration finished.
safe
[NNENUM] Found counter-example stars: 0
[NNENUM] Filtering result using SMT solver...
[SMT] SMT filtered out 0 stars (out of 0; TO: 0).
[QUERY] Looking for nonlinear input combinations...
[QUERY] Found all non-linear combinations. Count: 1
[QUERY] Returning nonlinear disjunction
[CTRL] Considering conjunction with 39 input constraints and a disjunction of size 4
[APPROX] Checking cache: SNNT.Approx.ApproxCacheObject[]
[APPROX] Constructing Approximation
[APPROX] Resolving approximation
[CTRL] Initiating iterator over current linear queries
[APPROX] # Conjunctions over output: 4
[CTRL] Processing linear query no. 110
[NNENUM] Running nnenum now...
[NNENUM] lb: [-0.4999999701976776, 0.125, 5.000000171712609e-6, -0.3499999940395355, -0.005, -0.005, -0.005, -0.005, -0.005, -0.005, -0.005, -0.005, -0.005]
[NNENUM] ub: [-0.00625, 0.5, 5.000000171712609e-6, -0.21079675705898798, 0.004999999999999999, 0.004999999999999999, 0.004999999999999999, 0.004999999999999999, 0.004999999999999999, 0.004999999999999999, 0.004999999999999999, 0.004999999999999999, 0.004999999999999999]
[NNENUM] Creating LP Star...
[NNENUM] Checking feasibility
[NNENUM] Generating output Spec...
[NNENUM] Spec list length:  4
[NNENUM] Enumeration in progress... 
(0.1 sec) Q: 0, Sets: 0/1  (0.0%) CEs: 0 ETA: - (expected 1 stars)   

Total Stars: 5 (3 exact, 2 approx)
Unfinished Stars: 0
Runtime: 0.2 sec
Completed work frac: 1.0
Num Stars Copied Between Processes: 0
Num Lps During Enumeration: 129
Total Num Lps: 129

Result: network is SAFE

[NNENUM] Result: 
<nnenum.result.Result object at 0x7159136c35b0>
[NNENUM] Enumeration finished.
safe
[NNENUM] Found counter-example stars: 0
[NNENUM] Filtering result using SMT solver...
[SMT] SMT filtered out 0 stars (out of 0; TO: 0).
[QUERY] Looking for nonlinear input combinations...
[QUERY] Found all non-linear combinations. Count: 2
[QUERY] Returning nonlinear disjunction
[CTRL] Considering conjunction with 39 input constraints and a disjunction of size 4
[APPROX] Checking cache: SNNT.Approx.ApproxCacheObject[]
[APPROX] Constructing Approximation
[APPROX] Resolving approximation
[CTRL] Initiating iterator over current linear queries
[APPROX] # Conjunctions over output: 4
[CTRL] Processing linear query no. 111
[NNENUM] Running nnenum now...
[NNENUM] lb: [-0.4999999701976776, 0.125, 5.000000171712609e-6, -0.3499999940395355, -0.005, -0.005, -0.005, -0.005, -0.005, -0.005, -0.005, -0.005, -0.005]
[NNENUM] ub: [-0.00625, 0.5, 5.000000171712609e-6, -0.21079675705898798, 0.004999999999999999, 0.004999999999999999, 0.004999999999999999, 0.004999999999999999, 0.004999999999999999, 0.004999999999999999, 0.004999999999999999, 0.004999999999999999, 0.004999999999999999]
[NNENUM] Creating LP Star...
[NNENUM] Checking feasibility
[NNENUM] Generating output Spec...
[NNENUM] Spec list length:  4
[NNENUM] Enumeration in progress... 
(0.1 sec) Q: 0, Sets: 0/1  (0.0%) CEs: 0 ETA: - (expected 1 stars)   
(0.2 sec) Q: 0, Sets: 0/2  (0.0%) CEs: 0 ETA: - (expected 1 stars)   

Total Stars: 8 (2 exact, 6 approx)
Unfinished Stars: 0
Runtime: 0.3 sec
Completed work frac: 1.0
Num Stars Copied Between Processes: 0
Num Lps During Enumeration: 117
Total Num Lps: 117

Result: network is SAFE

[NNENUM] Result: 
<nnenum.result.Result object at 0x7159136d6fa0>
[NNENUM] Enumeration finished.
safe
[NNENUM] Found counter-example stars: 0
[NNENUM] Filtering result using SMT solver...
[SMT] SMT filtered out 0 stars (out of 0; TO: 0).
[QUERY] Looking for nonlinear input combinations...
[QUERY] Found all non-linear combinations. Count: 1
[QUERY] Returning nonlinear disjunction
[CTRL] Considering conjunction with 39 input constraints and a disjunction of size 4
[APPROX] Checking cache: SNNT.Approx.ApproxCacheObject[]
[APPROX] Constructing Approximation
[APPROX] Resolving approximation
[CTRL] Initiating iterator over current linear queries
[APPROX] # Conjunctions over output: 4
[CTRL] Processing linear query no. 112
[NNENUM] Running nnenum now...
[NNENUM] lb: [-0.4999999701976776, 0.125, 5.000000171712609e-6, -0.3499999940395355, -0.005, -0.005, -0.005, -0.005, -0.005, -0.005, -0.005, -0.005, -0.005]
[NNENUM] ub: [-0.00625, 0.5, 5.000000171712609e-6, -0.21079675705898798, 0.004999999999999999, 0.004999999999999999, 0.004999999999999999, 0.004999999999999999, 0.004999999999999999, 0.004999999999999999, 0.004999999999999999, 0.004999999999999999, 0.004999999999999999]
[NNENUM] Creating LP Star...
[NNENUM] Checking feasibility
[NNENUM] Generating output Spec...
[NNENUM] Spec list length:  4
[NNENUM] Enumeration in progress... 
(0.2 sec) Q: 0, Sets: 0/1  (0.0%) CEs: 0 ETA: - (expected 1 stars)   

Total Stars: 5 (3 exact, 2 approx)
Unfinished Stars: 0
Runtime: 0.2 sec
Completed work frac: 1.0
Num Stars Copied Between Processes: 0
Num Lps During Enumeration: 128
Total Num Lps: 128

Result: network is SAFE

[NNENUM] Result: 
<nnenum.result.Result object at 0x7159136c3df0>
[NNENUM] Enumeration finished.
safe
[NNENUM] Found counter-example stars: 0
[NNENUM] Filtering result using SMT solver...
[SMT] SMT filtered out 0 stars (out of 0; TO: 0).
[QUERY] Looking for nonlinear input combinations...
[QUERY] Found all non-linear combinations. Count: 1
[QUERY] Returning nonlinear disjunction
[CTRL] Considering conjunction with 39 input constraints and a disjunction of size 4
[APPROX] Checking cache: SNNT.Approx.ApproxCacheObject[]
[APPROX] Constructing Approximation
[APPROX] Resolving approximation
[CTRL] Initiating iterator over current linear queries
[APPROX] # Conjunctions over output: 4
[CTRL] Processing linear query no. 113
[NNENUM] Running nnenum now...
[NNENUM] lb: [-0.4999999701976776, 0.125, 5.000000171712609e-6, -0.3499999940395355, -0.005, -0.005, -0.005, -0.005, -0.005, -0.005, -0.005, -0.005, -0.005]
[NNENUM] ub: [-0.00625, 0.5, 5.000000171712609e-6, -0.21079675705898798, 0.004999999999999999, 0.004999999999999999, 0.004999999999999999, 0.004999999999999999, 0.004999999999999999, 0.004999999999999999, 0.004999999999999999, 0.004999999999999999, 0.004999999999999999]
[NNENUM] Creating LP Star...
[NNENUM] Checking feasibility
[NNENUM] Generating output Spec...
[NNENUM] Spec list length:  4
[NNENUM] Enumeration in progress... 
(0.1 sec) Q: 0, Sets: 0/1  (0.0%) CEs: 0 ETA: - (expected 1 stars)   
(0.2 sec) Q: 0, Sets: 0/2  (0.0%) CEs: 0 ETA: - (expected 1 stars)   

Total Stars: 5 (2 exact, 3 approx)
Unfinished Stars: 0
Runtime: 0.2 sec
Completed work frac: 1.0
Num Stars Copied Between Processes: 0
Num Lps During Enumeration: 137
Total Num Lps: 137

Result: network is SAFE

[NNENUM] Result: 
<nnenum.result.Result object at 0x7159136da850>
[NNENUM] Enumeration finished.
safe
[NNENUM] Found counter-example stars: 0
[NNENUM] Filtering result using SMT solver...
[SMT] SMT filtered out 0 stars (out of 0; TO: 0).
[QUERY] Looking for nonlinear input combinations...
[QUERY] Found all non-linear combinations. Count: 1
[QUERY] Returning nonlinear disjunction
[CTRL] Considering conjunction with 39 input constraints and a disjunction of size 4
[APPROX] Checking cache: SNNT.Approx.ApproxCacheObject[]
[APPROX] Constructing Approximation
[APPROX] Resolving approximation
[CTRL] Initiating iterator over current linear queries
[APPROX] # Conjunctions over output: 4
[CTRL] Processing linear query no. 114
[NNENUM] Running nnenum now...
[NNENUM] lb: [-0.4999999701976776, 0.125, 5.000000171712609e-6, -0.3499999940395355, -0.005, -0.005, -0.005, -0.005, -0.005, -0.005, -0.005, -0.005, -0.005]
[NNENUM] ub: [-0.00625, 0.5, 5.000000171712609e-6, -0.21079675705898798, 0.004999999999999999, 0.004999999999999999, 0.004999999999999999, 0.004999999999999999, 0.004999999999999999, 0.004999999999999999, 0.004999999999999999, 0.004999999999999999, 0.004999999999999999]
[NNENUM] Creating LP Star...
[NNENUM] Checking feasibility
[NNENUM] Generating output Spec...
[NNENUM] Spec list length:  4
[NNENUM] Enumeration in progress... 
(0.1 sec) Q: 0, Sets: 0/1  (0.0%) CEs: 0 ETA: - (expected 1 stars)   

Total Stars: 5 (2 exact, 3 approx)
Unfinished Stars: 0
Runtime: 0.1 sec
Completed work frac: 1.0
Num Stars Copied Between Processes: 0
Num Lps During Enumeration: 137
Total Num Lps: 137

Result: network is SAFE

[NNENUM] Result: 
<nnenum.result.Result object at 0x7159136dc670>
[NNENUM] Enumeration finished.
safe
[NNENUM] Found counter-example stars: 0
[NNENUM] Filtering result using SMT solver...
[SMT] SMT filtered out 0 stars (out of 0; TO: 0).
[QUERY] Looking for nonlinear input combinations...
[QUERY] Found all non-linear combinations. Count: 1
[QUERY] Returning nonlinear disjunction
[CTRL] Considering conjunction with 39 input constraints and a disjunction of size 4
[APPROX] Checking cache: SNNT.Approx.ApproxCacheObject[]
[APPROX] Constructing Approximation
[APPROX] Resolving approximation
[CTRL] Initiating iterator over current linear queries
[APPROX] # Conjunctions over output: 4
[CTRL] Processing linear query no. 115
[NNENUM] Running nnenum now...
[NNENUM] lb: [-0.4999999701976776, 0.125, 5.000000171712609e-6, -0.3499999940395355, -0.005, -0.005, -0.005, -0.005, -0.005, -0.005, -0.005, -0.005, -0.005]
[NNENUM] ub: [-0.00625, 0.5, 5.000000171712609e-6, -0.21079675705898798, 0.004999999999999999, 0.004999999999999999, 0.004999999999999999, 0.004999999999999999, 0.004999999999999999, 0.004999999999999999, 0.004999999999999999, 0.004999999999999999, 0.004999999999999999]
[NNENUM] Creating LP Star...
[NNENUM] Checking feasibility
[NNENUM] Generating output Spec...
[NNENUM] Spec list length:  4
[NNENUM] Enumeration in progress... 
(0.1 sec) Q: 0, Sets: 0/1  (0.0%) CEs: 0 ETA: - (expected 1 stars)   
(0.2 sec) Q: 0, Sets: 0/2  (0.0%) CEs: 0 ETA: - (expected 1 stars)   

Total Stars: 6 (2 exact, 4 approx)
Unfinished Stars: 0
Runtime: 0.3 sec
Completed work frac: 1.0
Num Stars Copied Between Processes: 0
Num Lps During Enumeration: 85
Total Num Lps: 85

Result: network is SAFE

[NNENUM] Result: 
<nnenum.result.Result object at 0x7159136d40a0>
[NNENUM] Enumeration finished.
safe
[NNENUM] Found counter-example stars: 0
[NNENUM] Filtering result using SMT solver...
[SMT] SMT filtered out 0 stars (out of 0; TO: 0).
[QUERY] Looking for nonlinear input combinations...
[QUERY] Found all non-linear combinations. Count: 1
[QUERY] Returning nonlinear disjunction
[CTRL] Considering conjunction with 39 input constraints and a disjunction of size 4
[APPROX] Checking cache: SNNT.Approx.ApproxCacheObject[]
[APPROX] Constructing Approximation
[APPROX] Resolving approximation
[CTRL] Initiating iterator over current linear queries
[APPROX] # Conjunctions over output: 4
[CTRL] Processing linear query no. 116
[NNENUM] Running nnenum now...
[NNENUM] lb: [-0.4999999701976776, 0.125, 5.000000171712609e-6, -0.3499999940395355, -0.005, -0.005, -0.005, -0.005, -0.005, -0.005, -0.005, -0.005, -0.005]
[NNENUM] ub: [-0.00625, 0.5, 5.000000171712609e-6, -0.21079675705898798, 0.004999999999999999, 0.004999999999999999, 0.004999999999999999, 0.004999999999999999, 0.004999999999999999, 0.004999999999999999, 0.004999999999999999, 0.004999999999999999, 0.004999999999999999]
[NNENUM] Creating LP Star...
[NNENUM] Checking feasibility
[NNENUM] Generating output Spec...
[NNENUM] Spec list length:  4
[NNENUM] Enumeration in progress... 
(0.1 sec) Q: 0, Sets: 0/1  (0.0%) CEs: 0 ETA: - (expected 1 stars)   

Total Stars: 6 (3 exact, 3 approx)
Unfinished Stars: 0
Runtime: 0.2 sec
Completed work frac: 1.0
Num Stars Copied Between Processes: 0
Num Lps During Enumeration: 126
Total Num Lps: 126

Result: network is SAFE

[NNENUM] Result: 
<nnenum.result.Result object at 0x7159136d8eb0>
[NNENUM] Enumeration finished.
safe
[NNENUM] Found counter-example stars: 0
[NNENUM] Filtering result using SMT solver...
[SMT] SMT filtered out 0 stars (out of 0; TO: 0).
[QUERY] Looking for nonlinear input combinations...
[QUERY] Found all non-linear combinations. Count: 1
[QUERY] Returning nonlinear disjunction
[CTRL] Considering conjunction with 39 input constraints and a disjunction of size 4
[APPROX] Checking cache: SNNT.Approx.ApproxCacheObject[]
[APPROX] Constructing Approximation
[APPROX] Resolving approximation
[CTRL] Initiating iterator over current linear queries
[APPROX] # Conjunctions over output: 4
[CTRL] Processing linear query no. 117
[NNENUM] Running nnenum now...
[NNENUM] lb: [-0.4999999701976776, 0.125, 5.000000171712609e-6, -0.3499999940395355, -0.005, -0.005, -0.005, -0.005, -0.005, -0.005, -0.005, -0.005, -0.005]
[NNENUM] ub: [-0.00625, 0.5, 5.000000171712609e-6, -0.21079675705898798, 0.004999999999999999, 0.004999999999999999, 0.004999999999999999, 0.004999999999999999, 0.004999999999999999, 0.004999999999999999, 0.004999999999999999, 0.004999999999999999, 0.004999999999999999]
[NNENUM] Creating LP Star...
[NNENUM] Checking feasibility
[NNENUM] Generating output Spec...
[NNENUM] Spec list length:  4
[NNENUM] Enumeration in progress... 
(0.1 sec) Q: 0, Sets: 0/1  (0.0%) CEs: 0 ETA: - (expected 1 stars)   
(0.2 sec) Q: 0, Sets: 0/2  (0.0%) CEs: 0 ETA: - (expected 1 stars)   

Total Stars: 5 (3 exact, 2 approx)
Unfinished Stars: 0
Runtime: 0.3 sec
Completed work frac: 1.0
Num Stars Copied Between Processes: 0
Num Lps During Enumeration: 154
Total Num Lps: 154

Result: network is SAFE

[NNENUM] Result: 
<nnenum.result.Result object at 0x7159136dc910>
[NNENUM] Enumeration finished.
safe
[NNENUM] Found counter-example stars: 0
[NNENUM] Filtering result using SMT solver...
[SMT] SMT filtered out 0 stars (out of 0; TO: 0).
[QUERY] Looking for nonlinear input combinations...
[QUERY] Found all non-linear combinations. Count: 1
[QUERY] Returning nonlinear disjunction
[CTRL] Considering conjunction with 39 input constraints and a disjunction of size 4
[APPROX] Checking cache: SNNT.Approx.ApproxCacheObject[]
[APPROX] Constructing Approximation
[APPROX] Resolving approximation
[CTRL] Initiating iterator over current linear queries
[APPROX] # Conjunctions over output: 4
[CTRL] Processing linear query no. 118
[NNENUM] Running nnenum now...
[NNENUM] lb: [-0.4999999701976776, 0.125, 5.000000171712609e-6, -0.3499999940395355, -0.005, -0.005, -0.005, -0.005, -0.005, -0.005, -0.005, -0.005, -0.005]
[NNENUM] ub: [-0.00625, 0.5, 5.000000171712609e-6, -0.21079675705898798, 0.004999999999999999, 0.004999999999999999, 0.004999999999999999, 0.004999999999999999, 0.004999999999999999, 0.004999999999999999, 0.004999999999999999, 0.004999999999999999, 0.004999999999999999]
[NNENUM] Creating LP Star...
[NNENUM] Checking feasibility
[NNENUM] Generating output Spec...
[NNENUM] Spec list length:  4
[NNENUM] Enumeration in progress... 
(0.1 sec) Q: 0, Sets: 0/1  (0.0%) CEs: 0 ETA: - (expected 1 stars)   

Total Stars: 5 (3 exact, 2 approx)
Unfinished Stars: 0
Runtime: 0.1 sec
Completed work frac: 1.0
Num Stars Copied Between Processes: 0
Num Lps During Enumeration: 154
Total Num Lps: 154

Result: network is SAFE

[NNENUM] Result: 
<nnenum.result.Result object at 0x7159136d7940>
[NNENUM] Enumeration finished.
safe
[NNENUM] Found counter-example stars: 0
[NNENUM] Filtering result using SMT solver...
[SMT] SMT filtered out 0 stars (out of 0; TO: 0).
[QUERY] Looking for nonlinear input combinations...
[QUERY] Found all non-linear combinations. Count: 2
[QUERY] Returning nonlinear disjunction
[CTRL] Considering conjunction with 39 input constraints and a disjunction of size 4
[APPROX] Checking cache: SNNT.Approx.ApproxCacheObject[]
[APPROX] Constructing Approximation
[APPROX] Resolving approximation
[CTRL] Initiating iterator over current linear queries
[APPROX] # Conjunctions over output: 4
[CTRL] Processing linear query no. 119
[NNENUM] Running nnenum now...
[NNENUM] lb: [-0.4999999701976776, 0.125, 5.000000171712609e-6, -0.3499999940395355, -0.005, -0.005, -0.005, -0.005, -0.005, -0.005, -0.005, -0.005, -0.005]
[NNENUM] ub: [-0.00625, 0.5, 5.000000171712609e-6, -0.21079675705898798, 0.004999999999999999, 0.004999999999999999, 0.004999999999999999, 0.004999999999999999, 0.004999999999999999, 0.004999999999999999, 0.004999999999999999, 0.004999999999999999, 0.004999999999999999]
[NNENUM] Creating LP Star...
[NNENUM] Checking feasibility
[NNENUM] Generating output Spec...
[NNENUM] Spec list length:  4
[NNENUM] Enumeration in progress... 
(0.1 sec) Q: 0, Sets: 0/1  (0.0%) CEs: 0 ETA: - (expected 1 stars)   
(0.2 sec) Q: 0, Sets: 0/2  (0.0%) CEs: 0 ETA: - (expected 1 stars)   
(0.3 sec) Q: 0, Sets: 5/8  (93.75%) CEs: 0 ETA: 0.0 sec (expected 5 stars)   
Total Stars: 8 (3 exact, 5 approx)
Unfinished Stars: 0
Runtime: 0.3 sec
Completed work frac: 1.0
Num Stars Copied Between Processes: 0
Num Lps During Enumeration: 147
Total Num Lps: 147

Result: network is SAFE

[NNENUM] Result: 
<nnenum.result.Result object at 0x7159140f0640>
[NNENUM] Enumeration finished.
safe
[NNENUM] Found counter-example stars: 0
[NNENUM] Filtering result using SMT solver...
[SMT] SMT filtered out 0 stars (out of 0; TO: 0).
[QUERY] Looking for nonlinear input combinations...
[QUERY] Found all non-linear combinations. Count: 1
[QUERY] Returning nonlinear disjunction
[CTRL] Considering conjunction with 39 input constraints and a disjunction of size 4
[APPROX] Checking cache: SNNT.Approx.ApproxCacheObject[]
[APPROX] Constructing Approximation
[APPROX] Resolving approximation
[CTRL] Initiating iterator over current linear queries
[APPROX] # Conjunctions over output: 4
[CTRL] Processing linear query no. 120
[NNENUM] Running nnenum now...
[NNENUM] lb: [-0.4999999701976776, 0.125, 5.000000171712609e-6, -0.3499999940395355, -0.005, -0.005, -0.005, -0.005, -0.005, -0.005, -0.005, -0.005, -0.005]
[NNENUM] ub: [-0.00625, 0.5, 5.000000171712609e-6, -0.21079675705898798, 0.004999999999999999, 0.004999999999999999, 0.004999999999999999, 0.004999999999999999, 0.004999999999999999, 0.004999999999999999, 0.004999999999999999, 0.004999999999999999, 0.004999999999999999]
[NNENUM] Creating LP Star...
[NNENUM] Checking feasibility
[NNENUM] Generating output Spec...
[NNENUM] Spec list length:  4
[NNENUM] Enumeration in progress... 
(0.2 sec) Q: 0, Sets: 0/1  (0.0%) CEs: 0 ETA: - (expected 1 stars)   

Total Stars: 3 (1 exact, 2 approx)
Unfinished Stars: 0
Runtime: 0.2 sec
Completed work frac: 1.0
Num Stars Copied Between Processes: 0
Num Lps During Enumeration: 100
Total Num Lps: 100

Result: network is SAFE

[NNENUM] Result: 
<nnenum.result.Result object at 0x7159136db460>
[NNENUM] Enumeration finished.
safe
[NNENUM] Found counter-example stars: 0
[NNENUM] Filtering result using SMT solver...
[SMT] SMT filtered out 0 stars (out of 0; TO: 0).
[QUERY] Looking for nonlinear input combinations...
[QUERY] Found all non-linear combinations. Count: 1
[QUERY] Returning nonlinear disjunction
[CTRL] Considering conjunction with 39 input constraints and a disjunction of size 4
[APPROX] Checking cache: SNNT.Approx.ApproxCacheObject[]
[APPROX] Constructing Approximation
[APPROX] Resolving approximation
[CTRL] Initiating iterator over current linear queries
[APPROX] # Conjunctions over output: 4
[CTRL] Processing linear query no. 121
[NNENUM] Running nnenum now...
[NNENUM] lb: [-0.4999999701976776, 0.125, 5.000000171712609e-6, -0.3499999940395355, -0.005, -0.005, -0.005, -0.005, -0.005, -0.005, -0.005, -0.005, -0.005]
[NNENUM] ub: [-0.00625, 0.5, 5.000000171712609e-6, -0.21079675705898798, 0.004999999999999999, 0.004999999999999999, 0.004999999999999999, 0.004999999999999999, 0.004999999999999999, 0.004999999999999999, 0.004999999999999999, 0.004999999999999999, 0.004999999999999999]
[NNENUM] Creating LP Star...
[NNENUM] Checking feasibility
[NNENUM] Generating output Spec...
[NNENUM] Spec list length:  4
[NNENUM] Enumeration in progress... 
(0.1 sec) Q: 0, Sets: 0/1  (0.0%) CEs: 0 ETA: - (expected 1 stars)   
(0.2 sec) Q: 0, Sets: 0/2  (0.0%) CEs: 0 ETA: - (expected 1 stars)   

Total Stars: 4 (1 exact, 3 approx)
Unfinished Stars: 0
Runtime: 0.2 sec
Completed work frac: 1.0
Num Stars Copied Between Processes: 0
Num Lps During Enumeration: 90
Total Num Lps: 90

Result: network is SAFE

[NNENUM] Result: 
<nnenum.result.Result object at 0x7159136c1d00>
[NNENUM] Enumeration finished.
safe
[NNENUM] Found counter-example stars: 0
[NNENUM] Filtering result using SMT solver...
[SMT] SMT filtered out 0 stars (out of 0; TO: 0).
[QUERY] Looking for nonlinear input combinations...
[QUERY] Found all non-linear combinations. Count: 1
[QUERY] Returning nonlinear disjunction
[CTRL] Considering conjunction with 39 input constraints and a disjunction of size 4
[APPROX] Checking cache: SNNT.Approx.ApproxCacheObject[]
[APPROX] Constructing Approximation
[APPROX] Resolving approximation
[CTRL] Initiating iterator over current linear queries
[APPROX] # Conjunctions over output: 4
[CTRL] Processing linear query no. 122
[NNENUM] Running nnenum now...
[NNENUM] lb: [-0.4999999701976776, 0.125, 5.000000171712609e-6, -0.3499999940395355, -0.005, -0.005, -0.005, -0.005, -0.005, -0.005, -0.005, -0.005, -0.005]
[NNENUM] ub: [-0.00625, 0.5, 5.000000171712609e-6, -0.21079675705898798, 0.004999999999999999, 0.004999999999999999, 0.004999999999999999, 0.004999999999999999, 0.004999999999999999, 0.004999999999999999, 0.004999999999999999, 0.004999999999999999, 0.004999999999999999]
[NNENUM] Creating LP Star...
[NNENUM] Checking feasibility
[NNENUM] Generating output Spec...
[NNENUM] Spec list length:  4
[NNENUM] Enumeration in progress... 
(0.0 sec) Q: 0, Sets: 0/1  (0.0%) CEs: 0 ETA: - (expected 1 stars)   

Total Stars: 3 (2 exact, 1 approx)
Unfinished Stars: 0
Runtime: 0.1 sec
Completed work frac: 1.0
Num Stars Copied Between Processes: 0
Num Lps During Enumeration: 100
Total Num Lps: 100

Result: network is SAFE

[NNENUM] Result: 
<nnenum.result.Result object at 0x715913cfd130>
[NNENUM] Enumeration finished.
safe
[NNENUM] Found counter-example stars: 0
[NNENUM] Filtering result using SMT solver...
[SMT] SMT filtered out 0 stars (out of 0; TO: 0).
[QUERY] Looking for nonlinear input combinations...
[QUERY] Found all non-linear combinations. Count: 1
[QUERY] Returning nonlinear disjunction
[CTRL] Considering conjunction with 39 input constraints and a disjunction of size 4
[APPROX] Checking cache: SNNT.Approx.ApproxCacheObject[]
[APPROX] Constructing Approximation
[APPROX] Resolving approximation
[CTRL] Initiating iterator over current linear queries
[APPROX] # Conjunctions over output: 4
[CTRL] Processing linear query no. 123
[NNENUM] Running nnenum now...
[NNENUM] lb: [-0.4999999701976776, 0.125, 5.000000171712609e-6, -0.3499999940395355, -0.005, -0.005, -0.005, -0.005, -0.005, -0.005, -0.005, -0.005, -0.005]
[NNENUM] ub: [-0.00625, 0.5, 5.000000171712609e-6, -0.21079675705898798, 0.004999999999999999, 0.004999999999999999, 0.004999999999999999, 0.004999999999999999, 0.004999999999999999, 0.004999999999999999, 0.004999999999999999, 0.004999999999999999, 0.004999999999999999]
[NNENUM] Creating LP Star...
[NNENUM] Checking feasibility
[NNENUM] Generating output Spec...
[NNENUM] Spec list length:  4
[NNENUM] Enumeration in progress... 
(0.0 sec) Q: 0, Sets: 0/1  (0.0%) CEs: 0 ETA: - (expected 1 stars)   
(0.2 sec) Q: 0, Sets: 0/2  (0.0%) CEs: 0 ETA: - (expected 1 stars)   

Total Stars: 3 (2 exact, 1 approx)
Unfinished Stars: 0
Runtime: 0.2 sec
Completed work frac: 1.0
Num Stars Copied Between Processes: 0
Num Lps During Enumeration: 100
Total Num Lps: 100

Result: network is SAFE

[NNENUM] Result: 
<nnenum.result.Result object at 0x7159136d3d00>
[NNENUM] Enumeration finished.
safe
[NNENUM] Found counter-example stars: 0
[NNENUM] Filtering result using SMT solver...
[SMT] SMT filtered out 0 stars (out of 0; TO: 0).
[QUERY] Looking for nonlinear input combinations...
[QUERY] Found all non-linear combinations. Count: 1
[QUERY] Returning nonlinear disjunction
[CTRL] Considering conjunction with 39 input constraints and a disjunction of size 4
[APPROX] Checking cache: SNNT.Approx.ApproxCacheObject[]
[APPROX] Constructing Approximation
[APPROX] Resolving approximation
[CTRL] Initiating iterator over current linear queries
[APPROX] # Conjunctions over output: 4
[CTRL] Processing linear query no. 124
[NNENUM] Running nnenum now...
[NNENUM] lb: [-0.4999999701976776, 0.125, 5.000000171712609e-6, -0.3499999940395355, -0.005, -0.005, -0.005, -0.005, -0.005, -0.005, -0.005, -0.005, -0.005]
[NNENUM] ub: [-0.00625, 0.5, 5.000000171712609e-6, -0.21079675705898798, 0.004999999999999999, 0.004999999999999999, 0.004999999999999999, 0.004999999999999999, 0.004999999999999999, 0.004999999999999999, 0.004999999999999999, 0.004999999999999999, 0.004999999999999999]
[NNENUM] Creating LP Star...
[NNENUM] Checking feasibility
[NNENUM] Generating output Spec...
[NNENUM] Spec list length:  4
[NNENUM] Enumeration in progress... 
(0.1 sec) Q: 0, Sets: 0/1  (0.0%) CEs: 0 ETA: - (expected 1 stars)   

Total Stars: 4 (2 exact, 2 approx)
Unfinished Stars: 0
Runtime: 0.1 sec
Completed work frac: 1.0
Num Stars Copied Between Processes: 0
Num Lps During Enumeration: 97
Total Num Lps: 97

Result: network is SAFE

[NNENUM] Result: 
<nnenum.result.Result object at 0x7159136db700>
[NNENUM] Enumeration finished.
safe
[NNENUM] Found counter-example stars: 0
[NNENUM] Filtering result using SMT solver...
[SMT] SMT filtered out 0 stars (out of 0; TO: 0).
[QUERY] Looking for nonlinear input combinations...
[QUERY] Found all non-linear combinations. Count: 2
[QUERY] Returning nonlinear disjunction
[CTRL] Considering conjunction with 39 input constraints and a disjunction of size 4
[APPROX] Checking cache: SNNT.Approx.ApproxCacheObject[]
[APPROX] Constructing Approximation
[APPROX] Resolving approximation
[CTRL] Initiating iterator over current linear queries
[APPROX] # Conjunctions over output: 4
[CTRL] Processing linear query no. 125
[NNENUM] Running nnenum now...
[NNENUM] lb: [-0.4999999701976776, 0.125, 5.000000171712609e-6, -0.3499999940395355, -0.005, -0.005, -0.005, -0.005, -0.005, -0.005, -0.005, -0.005, -0.005]
[NNENUM] ub: [-0.00625, 0.5, 5.000000171712609e-6, -0.21079675705898798, 0.004999999999999999, 0.004999999999999999, 0.004999999999999999, 0.004999999999999999, 0.004999999999999999, 0.004999999999999999, 0.004999999999999999, 0.004999999999999999, 0.004999999999999999]
[NNENUM] Creating LP Star...
[NNENUM] Checking feasibility
[NNENUM] Generating output Spec...
[NNENUM] Spec list length:  4
[NNENUM] Enumeration in progress... 
(0.1 sec) Q: 0, Sets: 0/1  (0.0%) CEs: 0 ETA: - (expected 1 stars)   
(0.2 sec) Q: 0, Sets: 0/2  (0.0%) CEs: 0 ETA: - (expected 1 stars)   

Total Stars: 5 (2 exact, 3 approx)
Unfinished Stars: 0
Runtime: 0.3 sec
Completed work frac: 1.0
Num Stars Copied Between Processes: 0
Num Lps During Enumeration: 158
Total Num Lps: 158

Result: network is SAFE

[NNENUM] Result: 
<nnenum.result.Result object at 0x7159136dc070>
[NNENUM] Enumeration finished.
safe
[NNENUM] Found counter-example stars: 0
[NNENUM] Filtering result using SMT solver...
[SMT] SMT filtered out 0 stars (out of 0; TO: 0).
[QUERY] Looking for nonlinear input combinations...
[QUERY] Found all non-linear combinations. Count: 1
[QUERY] Returning nonlinear disjunction
[CTRL] Considering conjunction with 39 input constraints and a disjunction of size 4
[APPROX] Checking cache: SNNT.Approx.ApproxCacheObject[]
[APPROX] Constructing Approximation
[APPROX] Resolving approximation
[CTRL] Initiating iterator over current linear queries
[APPROX] # Conjunctions over output: 4
[CTRL] Processing linear query no. 126
[NNENUM] Running nnenum now...
[NNENUM] lb: [-0.4999999701976776, 0.125, 5.000000171712609e-6, -0.3499999940395355, -0.005, -0.005, -0.005, -0.005, -0.005, -0.005, -0.005, -0.005, -0.005]
[NNENUM] ub: [-0.00625, 0.5, 5.000000171712609e-6, -0.21079675705898798, 0.004999999999999999, 0.004999999999999999, 0.004999999999999999, 0.004999999999999999, 0.004999999999999999, 0.004999999999999999, 0.004999999999999999, 0.004999999999999999, 0.004999999999999999]
[NNENUM] Creating LP Star...
[NNENUM] Checking feasibility
[NNENUM] Generating output Spec...
[NNENUM] Spec list length:  4
[NNENUM] Enumeration in progress... 
(0.1 sec) Q: 0, Sets: 0/1  (0.0%) CEs: 0 ETA: - (expected 1 stars)   

Total Stars: 3 (2 exact, 1 approx)
Unfinished Stars: 0
Runtime: 0.1 sec
Completed work frac: 1.0
Num Stars Copied Between Processes: 0
Num Lps During Enumeration: 84
Total Num Lps: 84

Result: network is SAFE

[NNENUM] Result: 
<nnenum.result.Result object at 0x7159136d37c0>
[NNENUM] Enumeration finished.
safe
[NNENUM] Found counter-example stars: 0
[NNENUM] Filtering result using SMT solver...
[SMT] SMT filtered out 0 stars (out of 0; TO: 0).
[QUERY] Looking for nonlinear input combinations...
[QUERY] Found all non-linear combinations. Count: 2
[QUERY] Returning nonlinear disjunction
[CTRL] Considering conjunction with 39 input constraints and a disjunction of size 4
[APPROX] Checking cache: SNNT.Approx.ApproxCacheObject[]
[APPROX] Constructing Approximation
[APPROX] Resolving approximation
[CTRL] Initiating iterator over current linear queries
[APPROX] # Conjunctions over output: 4
[CTRL] Processing linear query no. 127
[NNENUM] Running nnenum now...
[NNENUM] lb: [-0.4999999701976776, 0.125, 5.000000171712609e-6, -0.3499999940395355, -0.005, -0.005, -0.005, -0.005, -0.005, -0.005, -0.005, -0.005, -0.005]
[NNENUM] ub: [-0.00625, 0.5, 5.000000171712609e-6, -0.21079675705898798, 0.004999999999999999, 0.004999999999999999, 0.004999999999999999, 0.004999999999999999, 0.004999999999999999, 0.004999999999999999, 0.004999999999999999, 0.004999999999999999, 0.004999999999999999]
[NNENUM] Creating LP Star...
[NNENUM] Checking feasibility
[NNENUM] Generating output Spec...
[NNENUM] Spec list length:  4
[NNENUM] Enumeration in progress... 
(0.0 sec) Q: 0, Sets: 0/1  (0.0%) CEs: 0 ETA: - (expected 1 stars)   
(0.2 sec) Q: 0, Sets: 0/2  (0.0%) CEs: 0 ETA: - (expected 1 stars)   

Total Stars: 3 (1 exact, 2 approx)
Unfinished Stars: 0
Runtime: 0.2 sec
Completed work frac: 1.0
Num Stars Copied Between Processes: 0
Num Lps During Enumeration: 77
Total Num Lps: 77

Result: network is SAFE

[NNENUM] Result: 
<nnenum.result.Result object at 0x7159136e08e0>
[NNENUM] Enumeration finished.
safe
[NNENUM] Found counter-example stars: 0
[NNENUM] Filtering result using SMT solver...
[SMT] SMT filtered out 0 stars (out of 0; TO: 0).
[QUERY] Looking for nonlinear input combinations...
[QUERY] Found all non-linear combinations. Count: 1
[QUERY] Returning nonlinear disjunction
[CTRL] Considering conjunction with 39 input constraints and a disjunction of size 4
[APPROX] Checking cache: SNNT.Approx.ApproxCacheObject[]
[APPROX] Constructing Approximation
[APPROX] Resolving approximation
[CTRL] Initiating iterator over current linear queries
[APPROX] # Conjunctions over output: 4
[CTRL] Processing linear query no. 128
[NNENUM] Running nnenum now...
[NNENUM] lb: [-0.4999999701976776, 0.125, 5.000000171712609e-6, -0.3499999940395355, -0.005, -0.005, -0.005, -0.005, -0.005, -0.005, -0.005, -0.005, -0.005]
[NNENUM] ub: [-0.00625, 0.5, 5.000000171712609e-6, -0.21079675705898798, 0.004999999999999999, 0.004999999999999999, 0.004999999999999999, 0.004999999999999999, 0.004999999999999999, 0.004999999999999999, 0.004999999999999999, 0.004999999999999999, 0.004999999999999999]
[NNENUM] Creating LP Star...
[NNENUM] Checking feasibility
[NNENUM] Generating output Spec...
[NNENUM] Spec list length:  4
[NNENUM] Enumeration in progress... 

[NNENUM] Result: 
<nnenum.result.Result object at 0x7159136ce7f0>
[NNENUM] Enumeration finished.
safe
[NNENUM] Filtering result using SMT solver...
[SMT] SMT filtered out 0 stars (out of 0; TO: 0).
[QUERY] Looking for nonlinear input combinations...
[QUERY] Found all non-linear combinations. Count: 1
[QUERY] Returning nonlinear disjunction
[CTRL] Considering conjunction with 39 input constraints and a disjunction of size 4
[APPROX] Checking cache: SNNT.Approx.ApproxCacheObject[]
[APPROX] Constructing Approximation
[APPROX] Resolving approximation
[CTRL] Initiating iterator over current linear queries
[APPROX] # Conjunctions over output: 4
[CTRL] Processing linear query no. 129
[NNENUM] Running nnenum now...
[NNENUM] lb: [-0.4999999701976776, 0.125, 5.000000171712609e-6, -0.3499999940395355, -0.005, -0.005, -0.005, -0.005, -0.005, -0.005, -0.005, -0.005, -0.005]
[NNENUM] ub: [-0.00625, 0.5, 5.000000171712609e-6, -0.21079675705898798, 0.004999999999999999, 0.004999999999999999, 0.004999999999999999, 0.004999999999999999, 0.004999999999999999, 0.004999999999999999, 0.004999999999999999, 0.004999999999999999, 0.004999999999999999]
[NNENUM] Creating LP Star...
[NNENUM] Checking feasibility
[NNENUM] Generating output Spec...
[NNENUM] Spec list length:  4
[NNENUM] Enumeration in progress... 
(0.1 sec) Q: 0, Sets: 0/1  (0.0%) CEs: 0 ETA: - (expected 1 stars)   
(0.2 sec) Q: 0, Sets: 0/2  (0.0%) CEs: 0 ETA: - (expected 1 stars)   

Total Stars: 3 (1 exact, 2 approx)
Unfinished Stars: 0
Runtime: 0.2 sec
Completed work frac: 1.0
Num Stars Copied Between Processes: 0
Num Lps During Enumeration: 121
Total Num Lps: 121

Result: network is SAFE

[NNENUM] Result: 
<nnenum.result.Result object at 0x7159136dc130>
[NNENUM] Enumeration finished.
safe
[NNENUM] Found counter-example stars: 0
[NNENUM] Filtering result using SMT solver...
[SMT] SMT filtered out 0 stars (out of 0; TO: 0).
[QUERY] Looking for nonlinear input combinations...
[QUERY] Found all non-linear combinations. Count: 1
[QUERY] Returning nonlinear disjunction
[CTRL] Considering conjunction with 39 input constraints and a disjunction of size 4
[APPROX] Checking cache: SNNT.Approx.ApproxCacheObject[]
[APPROX] Constructing Approximation
[APPROX] Resolving approximation
[CTRL] Initiating iterator over current linear queries
[APPROX] # Conjunctions over output: 4
[CTRL] Processing linear query no. 130
[NNENUM] Running nnenum now...
[NNENUM] lb: [-0.4999999701976776, 0.125, 5.000000171712609e-6, -0.3499999940395355, -0.005, -0.005, -0.005, -0.005, -0.005, -0.005, -0.005, -0.005, -0.005]
[NNENUM] ub: [-0.00625, 0.5, 5.000000171712609e-6, -0.21079675705898798, 0.004999999999999999, 0.004999999999999999, 0.004999999999999999, 0.004999999999999999, 0.004999999999999999, 0.004999999999999999, 0.004999999999999999, 0.004999999999999999, 0.004999999999999999]
[NNENUM] Creating LP Star...
[NNENUM] Checking feasibility
[NNENUM] Generating output Spec...
[NNENUM] Spec list length:  4
[NNENUM] Enumeration in progress... 

[NNENUM] Result: 
<nnenum.result.Result object at 0x7159136dbc70>
[NNENUM] Enumeration finished.
safe
[NNENUM] Filtering result using SMT solver...
[SMT] SMT filtered out 0 stars (out of 0; TO: 0).
[QUERY] Looking for nonlinear input combinations...
[QUERY] Found all non-linear combinations. Count: 1
[QUERY] Returning nonlinear disjunction
[CTRL] Considering conjunction with 39 input constraints and a disjunction of size 4
[APPROX] Checking cache: SNNT.Approx.ApproxCacheObject[]
[APPROX] Constructing Approximation
[APPROX] Resolving approximation
[CTRL] Initiating iterator over current linear queries
[APPROX] # Conjunctions over output: 4
[CTRL] Processing linear query no. 131
[NNENUM] Running nnenum now...
[NNENUM] lb: [-0.4999999701976776, 0.125, 5.000000171712609e-6, -0.3499999940395355, -0.005, -0.005, -0.005, -0.005, -0.005, -0.005, -0.005, -0.005, -0.005]
[NNENUM] ub: [-0.00625, 0.5, 5.000000171712609e-6, -0.21079675705898798, 0.004999999999999999, 0.004999999999999999, 0.004999999999999999, 0.004999999999999999, 0.004999999999999999, 0.004999999999999999, 0.004999999999999999, 0.004999999999999999, 0.004999999999999999]
[NNENUM] Creating LP Star...
[NNENUM] Checking feasibility
[NNENUM] Generating output Spec...
[NNENUM] Spec list length:  4
[NNENUM] Enumeration in progress... 
(0.1 sec) Q: 0, Sets: 0/1  (0.0%) CEs: 0 ETA: - (expected 1 stars)   
(0.2 sec) Q: 0, Sets: 0/2  (0.0%) CEs: 0 ETA: - (expected 1 stars)   

Total Stars: 4 (2 exact, 2 approx)
Unfinished Stars: 0
Runtime: 0.3 sec
Completed work frac: 1.0
Num Stars Copied Between Processes: 0
Num Lps During Enumeration: 152
Total Num Lps: 152

Result: network is SAFE

[NNENUM] Result: 
<nnenum.result.Result object at 0x7159136da9a0>
[NNENUM] Enumeration finished.
safe
[NNENUM] Found counter-example stars: 0
[NNENUM] Filtering result using SMT solver...
[SMT] SMT filtered out 0 stars (out of 0; TO: 0).
[QUERY] Looking for nonlinear input combinations...
[QUERY] Found all non-linear combinations. Count: 1
[QUERY] Returning nonlinear disjunction
[CTRL] Considering conjunction with 39 input constraints and a disjunction of size 4
[APPROX] Checking cache: SNNT.Approx.ApproxCacheObject[]
[APPROX] Constructing Approximation
[APPROX] Resolving approximation
[CTRL] Initiating iterator over current linear queries
[APPROX] # Conjunctions over output: 4
[CTRL] Processing linear query no. 132
[NNENUM] Running nnenum now...
[NNENUM] lb: [-0.4999999701976776, 0.125, 5.000000171712609e-6, -0.3499999940395355, -0.005, -0.005, -0.005, -0.005, -0.005, -0.005, -0.005, -0.005, -0.005]
[NNENUM] ub: [-0.00625, 0.5, 5.000000171712609e-6, -0.21079675705898798, 0.004999999999999999, 0.004999999999999999, 0.004999999999999999, 0.004999999999999999, 0.004999999999999999, 0.004999999999999999, 0.004999999999999999, 0.004999999999999999, 0.004999999999999999]
[NNENUM] Creating LP Star...
[NNENUM] Checking feasibility
[NNENUM] Generating output Spec...
[NNENUM] Spec list length:  4
[NNENUM] Enumeration in progress... 
(0.0 sec) Q: 0, Sets: 0/1  (0.0%) CEs: 0 ETA: - (expected 1 stars)   

Total Stars: 3 (2 exact, 1 approx)
Unfinished Stars: 0
Runtime: 0.1 sec
Completed work frac: 1.0
Num Stars Copied Between Processes: 0
Num Lps During Enumeration: 163
Total Num Lps: 163

Result: network is SAFE

[NNENUM] Result: 
<nnenum.result.Result object at 0x7159136da7c0>
[NNENUM] Enumeration finished.
safe
[NNENUM] Found counter-example stars: 0
[NNENUM] Filtering result using SMT solver...
[SMT] SMT filtered out 0 stars (out of 0; TO: 0).
[QUERY] Looking for nonlinear input combinations...
[QUERY] Found all non-linear combinations. Count: 1
[QUERY] Returning nonlinear disjunction
[CTRL] Considering conjunction with 39 input constraints and a disjunction of size 4
[APPROX] Checking cache: SNNT.Approx.ApproxCacheObject[]
[APPROX] Constructing Approximation
[APPROX] Resolving approximation
[CTRL] Initiating iterator over current linear queries
[APPROX] # Conjunctions over output: 4
[CTRL] Processing linear query no. 133
[NNENUM] Running nnenum now...
[NNENUM] lb: [-0.4999999701976776, 0.125, 5.000000171712609e-6, -0.3499999940395355, -0.005, -0.005, -0.005, -0.005, -0.005, -0.005, -0.005, -0.005, -0.005]
[NNENUM] ub: [-0.00625, 0.5, 5.000000171712609e-6, -0.21079675705898798, 0.004999999999999999, 0.004999999999999999, 0.004999999999999999, 0.004999999999999999, 0.004999999999999999, 0.004999999999999999, 0.004999999999999999, 0.004999999999999999, 0.004999999999999999]
[NNENUM] Creating LP Star...
[NNENUM] Checking feasibility
[NNENUM] Generating output Spec...
[NNENUM] Spec list length:  4
[NNENUM] Enumeration in progress... 
(0.1 sec) Q: 0, Sets: 0/1  (0.0%) CEs: 0 ETA: - (expected 1 stars)   
(0.2 sec) Q: 0, Sets: 0/2  (0.0%) CEs: 0 ETA: - (expected 1 stars)   

Total Stars: 3 (2 exact, 1 approx)
Unfinished Stars: 0
Runtime: 0.2 sec
Completed work frac: 1.0
Num Stars Copied Between Processes: 0
Num Lps During Enumeration: 163
Total Num Lps: 163

Result: network is SAFE

[NNENUM] Result: 
<nnenum.result.Result object at 0x7159136c81f0>
[NNENUM] Enumeration finished.
safe
[NNENUM] Found counter-example stars: 0
[NNENUM] Filtering result using SMT solver...
[SMT] SMT filtered out 0 stars (out of 0; TO: 0).
[QUERY] Looking for nonlinear input combinations...
[QUERY] Found all non-linear combinations. Count: 1
[QUERY] Returning nonlinear disjunction
[CTRL] Considering conjunction with 39 input constraints and a disjunction of size 4
[APPROX] Checking cache: SNNT.Approx.ApproxCacheObject[]
[APPROX] Constructing Approximation
[APPROX] Resolving approximation
[CTRL] Initiating iterator over current linear queries
[APPROX] # Conjunctions over output: 4
[CTRL] Processing linear query no. 134
[NNENUM] Running nnenum now...
[NNENUM] lb: [-0.4999999701976776, 0.125, 5.000000171712609e-6, -0.3499999940395355, -0.005, -0.005, -0.005, -0.005, -0.005, -0.005, -0.005, -0.005, -0.005]
[NNENUM] ub: [-0.00625, 0.5, 5.000000171712609e-6, -0.21079675705898798, 0.004999999999999999, 0.004999999999999999, 0.004999999999999999, 0.004999999999999999, 0.004999999999999999, 0.004999999999999999, 0.004999999999999999, 0.004999999999999999, 0.004999999999999999]
[NNENUM] Creating LP Star...
[NNENUM] Checking feasibility
[NNENUM] Generating output Spec...
[NNENUM] Spec list length:  4
[NNENUM] Enumeration in progress... 
(0.1 sec) Q: 0, Sets: 0/1  (0.0%) CEs: 0 ETA: - (expected 1 stars)   

Total Stars: 6 (3 exact, 3 approx)
Unfinished Stars: 0
Runtime: 0.2 sec
Completed work frac: 1.0
Num Stars Copied Between Processes: 0
Num Lps During Enumeration: 112
Total Num Lps: 112

Result: network is SAFE

[NNENUM] Result: 
<nnenum.result.Result object at 0x7159136da070>
[NNENUM] Enumeration finished.
safe
[NNENUM] Found counter-example stars: 0
[NNENUM] Filtering result using SMT solver...
[SMT] SMT filtered out 0 stars (out of 0; TO: 0).
[QUERY] Looking for nonlinear input combinations...
[QUERY] Found all non-linear combinations. Count: 2
[QUERY] Returning nonlinear disjunction
[CTRL] Considering conjunction with 39 input constraints and a disjunction of size 4
[APPROX] Checking cache: SNNT.Approx.ApproxCacheObject[]
[APPROX] Constructing Approximation
[APPROX] Resolving approximation
[CTRL] Initiating iterator over current linear queries
[APPROX] # Conjunctions over output: 4
[CTRL] Processing linear query no. 135
[NNENUM] Running nnenum now...
[NNENUM] lb: [-0.4999999701976776, 0.125, 5.000000171712609e-6, -0.3499999940395355, -0.005, -0.005, -0.005, -0.005, -0.005, -0.005, -0.005, -0.005, -0.005]
[NNENUM] ub: [-0.00625, 0.5, 5.000000171712609e-6, -0.21079675705898798, 0.004999999999999999, 0.004999999999999999, 0.004999999999999999, 0.004999999999999999, 0.004999999999999999, 0.004999999999999999, 0.004999999999999999, 0.004999999999999999, 0.004999999999999999]
[NNENUM] Creating LP Star...
[NNENUM] Checking feasibility
[NNENUM] Generating output Spec...
[NNENUM] Spec list length:  4
[NNENUM] Enumeration in progress... 
(0.1 sec) Q: 0, Sets: 0/1  (0.0%) CEs: 0 ETA: - (expected 1 stars)   
(0.2 sec) Q: 0, Sets: 0/2  (0.0%) CEs: 0 ETA: - (expected 1 stars)   

Total Stars: 7 (1 exact, 6 approx)
Unfinished Stars: 0
Runtime: 0.3 sec
Completed work frac: 1.0
Num Stars Copied Between Processes: 0
Num Lps During Enumeration: 8
Total Num Lps: 8

Result: network is SAFE

[NNENUM] Result: 
<nnenum.result.Result object at 0x7159136d4a30>
[NNENUM] Enumeration finished.
safe
[NNENUM] Found counter-example stars: 0
[NNENUM] Filtering result using SMT solver...
[SMT] SMT filtered out 0 stars (out of 0; TO: 0).
[QUERY] Looking for nonlinear input combinations...
.[QUERY] Found all non-linear combinations. Count: 1
[QUERY] Returning nonlinear disjunction
[CTRL] Considering conjunction with 39 input constraints and a disjunction of size 5
[APPROX] Checking cache: SNNT.Approx.ApproxCacheObject[]
[APPROX] Constructing Approximation
[APPROX] Resolving approximation
[CTRL] Initiating iterator over current linear queries
[APPROX] # Conjunctions over output: 5
[CTRL] Processing linear query no. 136
[NNENUM] Running nnenum now...
[NNENUM] lb: [-0.00625, 0.125, 5.000000171712609e-6, -0.3499999940395355, -0.005, -0.005, -0.005, -0.005, -0.005, -0.005, -0.005, -0.005, -0.005]
[NNENUM] ub: [0.0062499999999999995, 0.5, 5.000000171712609e-6, -0.21079675705898798, 0.004999999999999999, 0.004999999999999999, 0.004999999999999999, 0.004999999999999999, 0.004999999999999999, 0.004999999999999999, 0.004999999999999999, 0.004999999999999999, 0.004999999999999999]
[NNENUM] Creating LP Star...
[NNENUM] Checking feasibility
[NNENUM] Generating output Spec...
[NNENUM] Spec list length:  5
[NNENUM] Enumeration in progress... 
(0.1 sec) Q: 0, Sets: 0/1  (0.0%) CEs: 0 ETA: - (expected 1 stars)   

Total Stars: 3 (2 exact, 1 approx)
Unfinished Stars: 0
Runtime: 0.2 sec
Completed work frac: 1.0
Num Stars Copied Between Processes: 0
Num Lps During Enumeration: 73
Total Num Lps: 73

Result: network is SAFE

[NNENUM] Result: 
<nnenum.result.Result object at 0x7159136d4940>
[NNENUM] Enumeration finished.
safe
[NNENUM] Found counter-example stars: 0
[NNENUM] Filtering result using SMT solver...
[SMT] SMT filtered out 0 stars (out of 0; TO: 0).
[QUERY] Looking for nonlinear input combinations...
..[QUERY] Found all non-linear combinations. Count: 1
[QUERY] Returning nonlinear disjunction
[CTRL] Considering conjunction with 39 input constraints and a disjunction of size 5
[APPROX] Checking cache: SNNT.Approx.ApproxCacheObject[]
[APPROX] Constructing Approximation
[APPROX] Resolving approximation
[CTRL] Initiating iterator over current linear queries
[APPROX] # Conjunctions over output: 5
[CTRL] Processing linear query no. 137
[NNENUM] Running nnenum now...
[NNENUM] lb: [-0.00625, 0.125, 5.000000171712609e-6, -0.3499999940395355, -0.005, -0.005, -0.005, -0.005, -0.005, -0.005, -0.005, -0.005, -0.005]
[NNENUM] ub: [0.0062499999999999995, 0.5, 5.000000171712609e-6, -0.21079675705898798, 0.004999999999999999, 0.004999999999999999, 0.004999999999999999, 0.004999999999999999, 0.004999999999999999, 0.004999999999999999, 0.004999999999999999, 0.004999999999999999, 0.004999999999999999]
[NNENUM] Creating LP Star...
[NNENUM] Checking feasibility
[NNENUM] Generating output Spec...
[NNENUM] Spec list length:  5
[NNENUM] Enumeration in progress... 
(0.1 sec) Q: 0, Sets: 0/1  (0.0%) CEs: 0 ETA: - (expected 1 stars)   
(0.2 sec) Q: 0, Sets: 0/2  (0.0%) CEs: 0 ETA: - (expected 1 stars)   
(0.3 sec) Q: 0, Sets: 4/6  (75.0%) CEs: 0 ETA: 0.1 sec (expected 5 stars)   
Total Stars: 7 (0 exact, 7 approx)
Unfinished Stars: 0
Runtime: 0.3 sec
Completed work frac: 1.0
Num Stars Copied Between Processes: 0
Num Lps During Enumeration: 0
Total Num Lps: 0

Result: network is SAFE

[NNENUM] Result: 
<nnenum.result.Result object at 0x7159136dc370>
[NNENUM] Enumeration finished.
safe
[NNENUM] Found counter-example stars: 0
[NNENUM] Filtering result using SMT solver...
[SMT] SMT filtered out 0 stars (out of 0; TO: 0).
[QUERY] Looking for nonlinear input combinations...
[QUERY] Found all non-linear combinations. Count: 1
[QUERY] Returning nonlinear disjunction
[CTRL] Considering conjunction with 39 input constraints and a disjunction of size 5
[APPROX] Checking cache: SNNT.Approx.ApproxCacheObject[]
[APPROX] Constructing Approximation
[APPROX] Resolving approximation
[CTRL] Initiating iterator over current linear queries
[APPROX] # Conjunctions over output: 5
[CTRL] Processing linear query no. 138
[NNENUM] Running nnenum now...
[NNENUM] lb: [-0.00625, 0.125, 5.000000171712609e-6, -0.3499999940395355, -0.005, -0.005, -0.005, -0.005, -0.005, -0.005, -0.005, -0.005, -0.005]
[NNENUM] ub: [0.0062499999999999995, 0.5, 5.000000171712609e-6, -0.21079675705898798, 0.004999999999999999, 0.004999999999999999, 0.004999999999999999, 0.004999999999999999, 0.004999999999999999, 0.004999999999999999, 0.004999999999999999, 0.004999999999999999, 0.004999999999999999]
[NNENUM] Creating LP Star...
[NNENUM] Checking feasibility
[NNENUM] Generating output Spec...
[NNENUM] Spec list length:  5
[NNENUM] Enumeration in progress... 
(0.1 sec) Q: 0, Sets: 0/1  (0.0%) CEs: 0 ETA: - (expected 1 stars)   
(0.2 sec) Q: 0, Sets: 2/4  (25.0%) CEs: 0 ETA: 0.6 sec (expected 8 stars)   

Total Stars: 10 (1 exact, 9 approx)
Unfinished Stars: 0
Runtime: 0.3 sec
Completed work frac: 1.0
Num Stars Copied Between Processes: 0
Num Lps During Enumeration: 37
Total Num Lps: 37

Result: network is SAFE

[NNENUM] Result: 
<nnenum.result.Result object at 0x7159136e31c0>
[NNENUM] Enumeration finished.
safe
[NNENUM] Found counter-example stars: 0
[NNENUM] Filtering result using SMT solver...
[SMT] SMT filtered out 0 stars (out of 0; TO: 0).
[QUERY] Looking for nonlinear input combinations...
[QUERY] Found all non-linear combinations. Count: 1
[QUERY] Returning nonlinear disjunction
[CTRL] Considering conjunction with 39 input constraints and a disjunction of size 5
[APPROX] Checking cache: SNNT.Approx.ApproxCacheObject[]
[APPROX] Constructing Approximation
[APPROX] Resolving approximation
[CTRL] Initiating iterator over current linear queries
[APPROX] # Conjunctions over output: 5
[CTRL] Processing linear query no. 139
[NNENUM] Running nnenum now...
[NNENUM] lb: [-0.00625, 0.125, 5.000000171712609e-6, -0.3499999940395355, -0.005, -0.005, -0.005, -0.005, -0.005, -0.005, -0.005, -0.005, -0.005]
[NNENUM] ub: [0.0062499999999999995, 0.5, 5.000000171712609e-6, -0.21079675705898798, 0.004999999999999999, 0.004999999999999999, 0.004999999999999999, 0.004999999999999999, 0.004999999999999999, 0.004999999999999999, 0.004999999999999999, 0.004999999999999999, 0.004999999999999999]
[NNENUM] Creating LP Star...
[NNENUM] Checking feasibility
[NNENUM] Generating output Spec...
[NNENUM] Spec list length:  5
[NNENUM] Enumeration in progress... 

[NNENUM] Result: 
<nnenum.result.Result object at 0x7159136c8af0>
[NNENUM] Enumeration finished.
safe
[NNENUM] Filtering result using SMT solver...
[SMT] SMT filtered out 0 stars (out of 0; TO: 0).
[QUERY] Looking for nonlinear input combinations...
[QUERY] Found all non-linear combinations. Count: 1
[QUERY] Returning nonlinear disjunction
[CTRL] Considering conjunction with 39 input constraints and a disjunction of size 5
[APPROX] Checking cache: SNNT.Approx.ApproxCacheObject[]
[APPROX] Constructing Approximation
[APPROX] Resolving approximation
[CTRL] Initiating iterator over current linear queries
[APPROX] # Conjunctions over output: 5
[CTRL] Processing linear query no. 140
[NNENUM] Running nnenum now...
[NNENUM] lb: [-0.00625, 0.125, 5.000000171712609e-6, -0.3499999940395355, -0.005, -0.005, -0.005, -0.005, -0.005, -0.005, -0.005, -0.005, -0.005]
[NNENUM] ub: [0.0062499999999999995, 0.5, 5.000000171712609e-6, -0.21079675705898798, 0.004999999999999999, 0.004999999999999999, 0.004999999999999999, 0.004999999999999999, 0.004999999999999999, 0.004999999999999999, 0.004999999999999999, 0.004999999999999999, 0.004999999999999999]
[NNENUM] Creating LP Star...
[NNENUM] Checking feasibility
[NNENUM] Generating output Spec...
[NNENUM] Spec list length:  5
[NNENUM] Enumeration in progress... 

[NNENUM] Result: 
<nnenum.result.Result object at 0x7159136e1790>
[NNENUM] Enumeration finished.
safe
[NNENUM] Filtering result using SMT solver...
[SMT] SMT filtered out 0 stars (out of 0; TO: 0).
[QUERY] Looking for nonlinear input combinations...
[QUERY] Found all non-linear combinations. Count: 1
[QUERY] Returning nonlinear disjunction
[CTRL] Considering conjunction with 39 input constraints and a disjunction of size 5
[APPROX] Checking cache: SNNT.Approx.ApproxCacheObject[]
[APPROX] Constructing Approximation
[APPROX] Resolving approximation
[CTRL] Initiating iterator over current linear queries
[APPROX] # Conjunctions over output: 5
[CTRL] Processing linear query no. 141
[NNENUM] Running nnenum now...
[NNENUM] lb: [-0.00625, 0.125, 5.000000171712609e-6, -0.3499999940395355, -0.005, -0.005, -0.005, -0.005, -0.005, -0.005, -0.005, -0.005, -0.005]
[NNENUM] ub: [0.0062499999999999995, 0.5, 5.000000171712609e-6, -0.21079675705898798, 0.004999999999999999, 0.004999999999999999, 0.004999999999999999, 0.004999999999999999, 0.004999999999999999, 0.004999999999999999, 0.004999999999999999, 0.004999999999999999, 0.004999999999999999]
[NNENUM] Creating LP Star...
[NNENUM] Checking feasibility
[NNENUM] Generating output Spec...
[NNENUM] Spec list length:  5
[NNENUM] Enumeration in progress... 

[NNENUM] Result: 
<nnenum.result.Result object at 0x7159136e2220>
[NNENUM] Enumeration finished.
safe
[NNENUM] Filtering result using SMT solver...
[SMT] SMT filtered out 0 stars (out of 0; TO: 0).
[QUERY] Looking for nonlinear input combinations...
.[QUERY] Found all non-linear combinations. Count: 2
[QUERY] Returning nonlinear disjunction
[CTRL] Considering conjunction with 39 input constraints and a disjunction of size 5
[APPROX] Checking cache: SNNT.Approx.ApproxCacheObject[]
[APPROX] Constructing Approximation
[APPROX] Resolving approximation
[CTRL] Initiating iterator over current linear queries
[APPROX] # Conjunctions over output: 5
[CTRL] Processing linear query no. 142
[NNENUM] Running nnenum now...
[NNENUM] lb: [-0.00625, 0.125, 5.000000171712609e-6, -0.3499999940395355, -0.005, -0.005, -0.005, -0.005, -0.005, -0.005, -0.005, -0.005, -0.005]
[NNENUM] ub: [0.0062499999999999995, 0.5, 5.000000171712609e-6, -0.21079675705898798, 0.004999999999999999, 0.004999999999999999, 0.004999999999999999, 0.004999999999999999, 0.004999999999999999, 0.004999999999999999, 0.004999999999999999, 0.004999999999999999, 0.004999999999999999]
[NNENUM] Creating LP Star...
[NNENUM] Checking feasibility
[NNENUM] Generating output Spec...
[NNENUM] Spec list length:  5
[NNENUM] Enumeration in progress... 
(0.1 sec) Q: 0, Sets: 0/1  (0.0%) CEs: 0 ETA: - (expected 1 stars)   
(0.2 sec) Q: 0, Sets: 2/4  (25.0%) CEs: 0 ETA: 0.6 sec (expected 8 stars)   

Total Stars: 8 (1 exact, 7 approx)
Unfinished Stars: 0
Runtime: 0.2 sec
Completed work frac: 1.0
Num Stars Copied Between Processes: 0
Num Lps During Enumeration: 37
Total Num Lps: 37

Result: network is SAFE

[NNENUM] Result: 
<nnenum.result.Result object at 0x7159136e28e0>
[NNENUM] Enumeration finished.
safe
[NNENUM] Found counter-example stars: 0
[NNENUM] Filtering result using SMT solver...
[SMT] SMT filtered out 0 stars (out of 0; TO: 0).
[QUERY] Looking for nonlinear input combinations...
[QUERY] Found all non-linear combinations. Count: 1
[QUERY] Returning nonlinear disjunction
[CTRL] Considering conjunction with 39 input constraints and a disjunction of size 5
[APPROX] Checking cache: SNNT.Approx.ApproxCacheObject[]
[APPROX] Constructing Approximation
[APPROX] Resolving approximation
[CTRL] Initiating iterator over current linear queries
[APPROX] # Conjunctions over output: 5
[CTRL] Processing linear query no. 143
[NNENUM] Running nnenum now...
[NNENUM] lb: [-0.00625, 0.125, 5.000000171712609e-6, -0.3499999940395355, -0.005, -0.005, -0.005, -0.005, -0.005, -0.005, -0.005, -0.005, -0.005]
[NNENUM] ub: [0.0062499999999999995, 0.5, 5.000000171712609e-6, -0.21079675705898798, 0.004999999999999999, 0.004999999999999999, 0.004999999999999999, 0.004999999999999999, 0.004999999999999999, 0.004999999999999999, 0.004999999999999999, 0.004999999999999999, 0.004999999999999999]
[NNENUM] Creating LP Star...
[NNENUM] Checking feasibility
[NNENUM] Generating output Spec...
[NNENUM] Spec list length:  5
[NNENUM] Enumeration in progress... 

[NNENUM] Result: 
<nnenum.result.Result object at 0x7159136dce80>
[NNENUM] Enumeration finished.
safe
[NNENUM] Filtering result using SMT solver...
[SMT] SMT filtered out 0 stars (out of 0; TO: 0).
[QUERY] Looking for nonlinear input combinations...
[QUERY] Found all non-linear combinations. Count: 2
[QUERY] Returning nonlinear disjunction
[CTRL] Considering conjunction with 39 input constraints and a disjunction of size 5
[APPROX] Checking cache: SNNT.Approx.ApproxCacheObject[]
[APPROX] Constructing Approximation
[APPROX] Resolving approximation
[CTRL] Initiating iterator over current linear queries
[APPROX] # Conjunctions over output: 5
[CTRL] Processing linear query no. 144
[NNENUM] Running nnenum now...
[NNENUM] lb: [-0.00625, 0.125, 5.000000171712609e-6, -0.3499999940395355, -0.005, -0.005, -0.005, -0.005, -0.005, -0.005, -0.005, -0.005, -0.005]
[NNENUM] ub: [0.0062499999999999995, 0.5, 5.000000171712609e-6, -0.21079675705898798, 0.004999999999999999, 0.004999999999999999, 0.004999999999999999, 0.004999999999999999, 0.004999999999999999, 0.004999999999999999, 0.004999999999999999, 0.004999999999999999, 0.004999999999999999]
[NNENUM] Creating LP Star...
[NNENUM] Checking feasibility
[NNENUM] Generating output Spec...
[NNENUM] Spec list length:  5
[NNENUM] Enumeration in progress... 
(0.1 sec) Q: 0, Sets: 0/1  (0.0%) CEs: 0 ETA: - (expected 1 stars)   
(0.2 sec) Q: 0, Sets: 0/2  (0.0%) CEs: 0 ETA: - (expected 1 stars)   
(0.3 sec) Q: 0, Sets: 3/5  (50.0%) CEs: 0 ETA: 0.3 sec (expected 6 stars)   
Total Stars: 7 (1 exact, 6 approx)
Unfinished Stars: 0
Runtime: 0.3 sec
Completed work frac: 1.0
Num Stars Copied Between Processes: 0
Num Lps During Enumeration: 7
Total Num Lps: 7

Result: network is SAFE

[NNENUM] Result: 
<nnenum.result.Result object at 0x7159136e0c10>
[NNENUM] Enumeration finished.
safe
[NNENUM] Found counter-example stars: 0
[NNENUM] Filtering result using SMT solver...
[SMT] SMT filtered out 0 stars (out of 0; TO: 0).
[QUERY] Looking for nonlinear input combinations...
.[QUERY] Found all non-linear combinations. Count: 1
[QUERY] Returning nonlinear disjunction
[CTRL] Considering conjunction with 39 input constraints and a disjunction of size 5
[APPROX] Checking cache: SNNT.Approx.ApproxCacheObject[]
[APPROX] Constructing Approximation
[APPROX] Resolving approximation
[CTRL] Initiating iterator over current linear queries
[APPROX] # Conjunctions over output: 5
[CTRL] Processing linear query no. 145
[NNENUM] Running nnenum now...
[NNENUM] lb: [-0.00625, 0.125, 5.000000171712609e-6, -0.3499999940395355, -0.005, -0.005, -0.005, -0.005, -0.005, -0.005, -0.005, -0.005, -0.005]
[NNENUM] ub: [0.0062499999999999995, 0.5, 5.000000171712609e-6, -0.21079675705898798, 0.004999999999999999, 0.004999999999999999, 0.004999999999999999, 0.004999999999999999, 0.004999999999999999, 0.004999999999999999, 0.004999999999999999, 0.004999999999999999, 0.004999999999999999]
[NNENUM] Creating LP Star...
[NNENUM] Checking feasibility
[NNENUM] Generating output Spec...
[NNENUM] Spec list length:  5
[NNENUM] Enumeration in progress... 

[NNENUM] Result: 
<nnenum.result.Result object at 0x7159136e0640>
[NNENUM] Enumeration finished.
safe
[NNENUM] Filtering result using SMT solver...
[SMT] SMT filtered out 0 stars (out of 0; TO: 0).
[QUERY] Looking for nonlinear input combinations...
[QUERY] Found all non-linear combinations. Count: 1
[QUERY] Returning nonlinear disjunction
[CTRL] Considering conjunction with 39 input constraints and a disjunction of size 5
[APPROX] Checking cache: SNNT.Approx.ApproxCacheObject[]
[APPROX] Constructing Approximation
[APPROX] Resolving approximation
[CTRL] Initiating iterator over current linear queries
[APPROX] # Conjunctions over output: 5
[CTRL] Processing linear query no. 146
[NNENUM] Running nnenum now...
[NNENUM] lb: [-0.00625, 0.125, 5.000000171712609e-6, -0.3499999940395355, -0.005, -0.005, -0.005, -0.005, -0.005, -0.005, -0.005, -0.005, -0.005]
[NNENUM] ub: [0.0062499999999999995, 0.5, 5.000000171712609e-6, -0.21079675705898798, 0.004999999999999999, 0.004999999999999999, 0.004999999999999999, 0.004999999999999999, 0.004999999999999999, 0.004999999999999999, 0.004999999999999999, 0.004999999999999999, 0.004999999999999999]
[NNENUM] Creating LP Star...
[NNENUM] Checking feasibility
[NNENUM] Generating output Spec...
[NNENUM] Spec list length:  5
[NNENUM] Enumeration in progress... 

[NNENUM] Result: 
<nnenum.result.Result object at 0x7159136e1160>
[NNENUM] Enumeration finished.
safe
[NNENUM] Filtering result using SMT solver...
[SMT] SMT filtered out 0 stars (out of 0; TO: 0).
[QUERY] Looking for nonlinear input combinations...
[QUERY] Found all non-linear combinations. Count: 2
[QUERY] Returning nonlinear disjunction
[CTRL] Considering conjunction with 39 input constraints and a disjunction of size 5
[APPROX] Checking cache: SNNT.Approx.ApproxCacheObject[]
[APPROX] Constructing Approximation
[APPROX] Resolving approximation
[CTRL] Initiating iterator over current linear queries
[APPROX] # Conjunctions over output: 5
[CTRL] Processing linear query no. 147
[NNENUM] Running nnenum now...
[NNENUM] lb: [-0.00625, 0.125, 5.000000171712609e-6, -0.3499999940395355, -0.005, -0.005, -0.005, -0.005, -0.005, -0.005, -0.005, -0.005, -0.005]
[NNENUM] ub: [0.0062499999999999995, 0.5, 5.000000171712609e-6, -0.21079675705898798, 0.004999999999999999, 0.004999999999999999, 0.004999999999999999, 0.004999999999999999, 0.004999999999999999, 0.004999999999999999, 0.004999999999999999, 0.004999999999999999, 0.004999999999999999]
[NNENUM] Creating LP Star...
[NNENUM] Checking feasibility
[NNENUM] Generating output Spec...
[NNENUM] Spec list length:  5
[NNENUM] Enumeration in progress... 
(0.2 sec) Q: 0, Sets: 0/1  (0.0%) CEs: 0 ETA: - (expected 1 stars)   
(0.3 sec) Q: 0, Sets: 2/4  (50.0%) CEs: 0 ETA: 0.3 sec (expected 4 stars)   

Total Stars: 8 (2 exact, 6 approx)
Unfinished Stars: 0
Runtime: 0.4 sec
Completed work frac: 1.0
Num Stars Copied Between Processes: 0
Num Lps During Enumeration: 61
Total Num Lps: 61

Result: network is SAFE

[NNENUM] Result: 
<nnenum.result.Result object at 0x7159136dc970>
[NNENUM] Enumeration finished.
safe
[NNENUM] Found counter-example stars: 0
[NNENUM] Filtering result using SMT solver...
[SMT] SMT filtered out 0 stars (out of 0; TO: 0).
[QUERY] Looking for nonlinear input combinations...
.[QUERY] Found all non-linear combinations. Count: 2
[QUERY] Returning nonlinear disjunction
[CTRL] Considering conjunction with 39 input constraints and a disjunction of size 5
[APPROX] Checking cache: SNNT.Approx.ApproxCacheObject[]
[APPROX] Constructing Approximation
[APPROX] Resolving approximation
[CTRL] Initiating iterator over current linear queries
[APPROX] # Conjunctions over output: 5
[CTRL] Processing linear query no. 148
[NNENUM] Running nnenum now...
[NNENUM] lb: [-0.00625, 0.125, 5.000000171712609e-6, -0.3499999940395355, -0.005, -0.005, -0.005, -0.005, -0.005, -0.005, -0.005, -0.005, -0.005]
[NNENUM] ub: [0.0062499999999999995, 0.5, 5.000000171712609e-6, -0.21079675705898798, 0.004999999999999999, 0.004999999999999999, 0.004999999999999999, 0.004999999999999999, 0.004999999999999999, 0.004999999999999999, 0.004999999999999999, 0.004999999999999999, 0.004999999999999999]
[NNENUM] Creating LP Star...
[NNENUM] Checking feasibility
[NNENUM] Generating output Spec...
[NNENUM] Spec list length:  5
[NNENUM] Enumeration in progress... 
(0.1 sec) Q: 0, Sets: 0/1  (0.0%) CEs: 0 ETA: - (expected 1 stars)   

Total Stars: 7 (3 exact, 4 approx)
Unfinished Stars: 0
Runtime: 0.1 sec
Completed work frac: 1.0
Num Stars Copied Between Processes: 0
Num Lps During Enumeration: 99
Total Num Lps: 99

Result: network is SAFE

[NNENUM] Result: 
<nnenum.result.Result object at 0x7159136c8730>
[NNENUM] Enumeration finished.
safe
[NNENUM] Found counter-example stars: 0
[NNENUM] Filtering result using SMT solver...
[SMT] SMT filtered out 0 stars (out of 0; TO: 0).
[QUERY] Looking for nonlinear input combinations...
.[QUERY] Found all non-linear combinations. Count: 1
[QUERY] Returning nonlinear disjunction
[CTRL] Considering conjunction with 40 input constraints and a disjunction of size 5
[APPROX] Checking cache: SNNT.Approx.ApproxCacheObject[]
[APPROX] Constructing Approximation
[APPROX] Resolving approximation
[CTRL] Initiating iterator over current linear queries
[APPROX] # Conjunctions over output: 5
[CTRL] Processing linear query no. 149
[NNENUM] Running nnenum now...
[NNENUM] lb: [0.0062499999999999995, 1.4901162970204707e-8, 5.000000171712609e-6, 0.075, -0.005, -0.005, -0.005, -0.005, -0.005, -0.005, -0.005, -0.005, -0.005]
[NNENUM] ub: [0.5, 1.4901162970204707e-8, 5.000000171712609e-6, 0.5, 0.004999999999999999, 0.004999999999999999, 0.004999999999999999, 0.004999999999999999, 0.004999999999999999, 0.004999999999999999, 0.004999999999999999, 0.004999999999999999, 0.004999999999999999]
[NNENUM] Creating LP Star...
[NNENUM] Checking feasibility
[NNENUM] Generating output Spec...
[NNENUM] Spec list length:  5
[NNENUM] Enumeration in progress... 
(0.0 sec) Q: 0, Sets: 0/1  (0.0%) CEs: 0 ETA: - (expected 1 stars)   
(0.2 sec) Q: 0, Sets: 0/2  (0.0%) CEs: 0 ETA: - (expected 1 stars)   

Total Stars: 4 (2 exact, 2 approx)
Unfinished Stars: 0
Runtime: 0.2 sec
Completed work frac: 1.0
Num Stars Copied Between Processes: 0
Num Lps During Enumeration: 22
Total Num Lps: 22

Result: network is SAFE

[NNENUM] Result: 
<nnenum.result.Result object at 0x7159136c8ca0>
[NNENUM] Enumeration finished.
safe
[NNENUM] Found counter-example stars: 0
[NNENUM] Filtering result using SMT solver...
[SMT] SMT filtered out 0 stars (out of 0; TO: 0).
[QUERY] Looking for nonlinear input combinations...
[QUERY] Found all non-linear combinations. Count: 1
[QUERY] Returning nonlinear disjunction
[CTRL] Considering conjunction with 40 input constraints and a disjunction of size 5
[APPROX] Checking cache: SNNT.Approx.ApproxCacheObject[]
[APPROX] Constructing Approximation
[APPROX] Resolving approximation
[CTRL] Initiating iterator over current linear queries
[APPROX] # Conjunctions over output: 5
[CTRL] Processing linear query no. 150
[NNENUM] Running nnenum now...
[NNENUM] lb: [0.0062499999999999995, 1.4901162970204707e-8, 5.000000171712609e-6, 0.075, -0.005, -0.005, -0.005, -0.005, -0.005, -0.005, -0.005, -0.005, -0.005]
[NNENUM] ub: [0.5, 1.4901162970204707e-8, 5.000000171712609e-6, 0.5, 0.004999999999999999, 0.004999999999999999, 0.004999999999999999, 0.004999999999999999, 0.004999999999999999, 0.004999999999999999, 0.004999999999999999, 0.004999999999999999, 0.004999999999999999]
[NNENUM] Creating LP Star...
[NNENUM] Checking feasibility
[NNENUM] Generating output Spec...
[NNENUM] Spec list length:  5
[NNENUM] Enumeration in progress... 
(0.1 sec) Q: 0, Sets: 0/1  (0.0%) CEs: 0 ETA: - (expected 1 stars)   
(0.2 sec) Q: 0, Sets: 6/6  (100.0%) CEs: 0 ETA: 0.0 sec (expected 6 stars)   

Total Stars: 6 (1 exact, 5 approx)
Unfinished Stars: 0
Runtime: 0.2 sec
Completed work frac: 1.0
Num Stars Copied Between Processes: 0
Num Lps During Enumeration: 134
Total Num Lps: 134

Result: network is SAFE

[NNENUM] Result: 
<nnenum.result.Result object at 0x7159136e2eb0>
[NNENUM] Enumeration finished.
safe
[NNENUM] Found counter-example stars: 0
[NNENUM] Filtering result using SMT solver...
[SMT] SMT filtered out 0 stars (out of 0; TO: 0).
[QUERY] Looking for nonlinear input combinations...
[QUERY] Found all non-linear combinations. Count: 1
[QUERY] Returning nonlinear disjunction
[CTRL] Considering conjunction with 40 input constraints and a disjunction of size 5
[APPROX] Checking cache: SNNT.Approx.ApproxCacheObject[]
[APPROX] Constructing Approximation
[APPROX] Resolving approximation
[CTRL] Initiating iterator over current linear queries
[APPROX] # Conjunctions over output: 5
[CTRL] Processing linear query no. 151
[NNENUM] Running nnenum now...
[NNENUM] lb: [0.0062499999999999995, 1.4901162970204707e-8, 5.000000171712609e-6, 0.075, -0.005, -0.005, -0.005, -0.005, -0.005, -0.005, -0.005, -0.005, -0.005]
[NNENUM] ub: [0.5, 1.4901162970204707e-8, 5.000000171712609e-6, 0.5, 0.004999999999999999, 0.004999999999999999, 0.004999999999999999, 0.004999999999999999, 0.004999999999999999, 0.004999999999999999, 0.004999999999999999, 0.004999999999999999, 0.004999999999999999]
[NNENUM] Creating LP Star...
[NNENUM] Checking feasibility
[NNENUM] Generating output Spec...
[NNENUM] Spec list length:  5
[NNENUM] Enumeration in progress... 
(0.1 sec) Q: 0, Sets: 0/1  (0.0%) CEs: 0 ETA: - (expected 1 stars)   
(0.3 sec) Q: 0, Sets: 0/2  (0.0%) CEs: 0 ETA: - (expected 1 stars)   

Total Stars: 7 (1 exact, 6 approx)
Unfinished Stars: 0
Runtime: 0.3 sec
Completed work frac: 1.0
Num Stars Copied Between Processes: 0
Num Lps During Enumeration: 55
Total Num Lps: 55

Result: network is SAFE

[NNENUM] Result: 
<nnenum.result.Result object at 0x7159136e27f0>
[NNENUM] Enumeration finished.
safe
[NNENUM] Found counter-example stars: 0
[NNENUM] Filtering result using SMT solver...
[SMT] SMT filtered out 0 stars (out of 0; TO: 0).
[QUERY] Looking for nonlinear input combinations...
[QUERY] Found all non-linear combinations. Count: 1
[QUERY] Returning nonlinear disjunction
[CTRL] Considering conjunction with 41 input constraints and a disjunction of size 5
[APPROX] Checking cache: SNNT.Approx.ApproxCacheObject[]
[APPROX] Constructing Approximation
[APPROX] Resolving approximation
[CTRL] Initiating iterator over current linear queries
[APPROX] # Conjunctions over output: 5
[CTRL] Processing linear query no. 152
[NNENUM] Running nnenum now...
[NNENUM] lb: [0.0062499999999999995, 1.4901162970204707e-8, 5.000000171712609e-6, 0.075, -0.005, -0.005, -0.005, -0.005, -0.005, -0.005, -0.005, -0.005, -0.005]
[NNENUM] ub: [0.5, 1.4901162970204707e-8, 5.000000171712609e-6, 0.5, 0.004999999999999999, 0.004999999999999999, 0.004999999999999999, 0.004999999999999999, 0.004999999999999999, 0.004999999999999999, 0.004999999999999999, 0.004999999999999999, 0.004999999999999999]
[NNENUM] Creating LP Star...
[NNENUM] Checking feasibility
[NNENUM] Generating output Spec...
[NNENUM] Spec list length:  5
[NNENUM] Enumeration in progress... 
(0.2 sec) Q: 0, Sets: 0/1  (0.0%) CEs: 0 ETA: - (expected 1 stars)   
(0.3 sec) Q: 0, Sets: 4/6  (50.0%) CEs: 0 ETA: 0.3 sec (expected 8 stars)   

Total Stars: 8 (4 exact, 4 approx)
Unfinished Stars: 0
Runtime: 0.3 sec
Completed work frac: 1.0
Num Stars Copied Between Processes: 0
Num Lps During Enumeration: 171
Total Num Lps: 171

Result: network is SAFE

[NNENUM] Result: 
<nnenum.result.Result object at 0x7159136e1f40>
[NNENUM] Enumeration finished.
safe
[NNENUM] Found counter-example stars: 0
[NNENUM] Filtering result using SMT solver...
[SMT] SMT filtered out 0 stars (out of 0; TO: 0).
[QUERY] Looking for nonlinear input combinations...
[QUERY] Found all non-linear combinations. Count: 1
[QUERY] Returning nonlinear disjunction
[CTRL] Considering conjunction with 41 input constraints and a disjunction of size 5
[APPROX] Checking cache: SNNT.Approx.ApproxCacheObject[]
[APPROX] Constructing Approximation
[APPROX] Resolving approximation
[CTRL] Initiating iterator over current linear queries
[APPROX] # Conjunctions over output: 5
[CTRL] Processing linear query no. 153
[NNENUM] Running nnenum now...
[NNENUM] lb: [0.0062499999999999995, 1.4901162970204707e-8, 5.000000171712609e-6, 0.075, -0.005, -0.005, -0.005, -0.005, -0.005, -0.005, -0.005, -0.005, -0.005]
[NNENUM] ub: [0.5, 0.125, 5.000000171712609e-6, 0.5, 0.004999999999999999, 0.004999999999999999, 0.004999999999999999, 0.004999999999999999, 0.004999999999999999, 0.004999999999999999, 0.004999999999999999, 0.004999999999999999, 0.004999999999999999]
[NNENUM] Creating LP Star...
[NNENUM] Checking feasibility
[NNENUM] Generating output Spec...
[NNENUM] Spec list length:  5
[NNENUM] Enumeration in progress... 
(0.1 sec) Q: 0, Sets: 0/1  (0.0%) CEs: 0 ETA: - (expected 1 stars)   
(0.2 sec) Q: 0, Sets: 0/2  (0.0%) CEs: 0 ETA: - (expected 1 stars)   
(0.3 sec) Q: 0, Sets: 4/7  (25.0%) CEs: 0 ETA: 0.9 sec (expected 16 stars)   
Total Stars: 9 (1 exact, 8 approx)
Unfinished Stars: 0
Runtime: 0.3 sec
Completed work frac: 1.0
Num Stars Copied Between Processes: 0
Num Lps During Enumeration: 160
Total Num Lps: 160

Result: network is SAFE

[NNENUM] Result: 
<nnenum.result.Result object at 0x7159136c80d0>
[NNENUM] Enumeration finished.
safe
[NNENUM] Found counter-example stars: 0
[NNENUM] Filtering result using SMT solver...
[SMT] SMT filtered out 0 stars (out of 0; TO: 0).
[QUERY] Looking for nonlinear input combinations...
[QUERY] Found all non-linear combinations. Count: 1
[QUERY] Returning nonlinear disjunction
[CTRL] Considering conjunction with 41 input constraints and a disjunction of size 5
[APPROX] Checking cache: SNNT.Approx.ApproxCacheObject[]
[APPROX] Constructing Approximation
[APPROX] Resolving approximation
[CTRL] Initiating iterator over current linear queries
[APPROX] # Conjunctions over output: 5
[CTRL] Processing linear query no. 154
[NNENUM] Running nnenum now...
[NNENUM] lb: [0.0062499999999999995, 1.4901162970204707e-8, 5.000000171712609e-6, 0.075, -0.005, -0.005, -0.005, -0.005, -0.005, -0.005, -0.005, -0.005, -0.005]
[NNENUM] ub: [0.5, 0.125, 5.000000171712609e-6, 0.5, 0.004999999999999999, 0.004999999999999999, 0.004999999999999999, 0.004999999999999999, 0.004999999999999999, 0.004999999999999999, 0.004999999999999999, 0.004999999999999999, 0.004999999999999999]
[NNENUM] Creating LP Star...
[NNENUM] Checking feasibility
[NNENUM] Generating output Spec...
[NNENUM] Spec list length:  5
[NNENUM] Enumeration in progress... 
(0.1 sec) Q: 0, Sets: 0/1  (0.0%) CEs: 0 ETA: - (expected 1 stars)   
(0.2 sec) Q: 0, Sets: 4/6  (25.0%) CEs: 0 ETA: 0.6 sec (expected 16 stars)   

Total Stars: 10 (2 exact, 8 approx)
Unfinished Stars: 0
Runtime: 0.2 sec
Completed work frac: 1.0
Num Stars Copied Between Processes: 0
Num Lps During Enumeration: 179
Total Num Lps: 179

Result: network is SAFE

[NNENUM] Result: 
<nnenum.result.Result object at 0x7159136e2760>
[NNENUM] Enumeration finished.
safe
[NNENUM] Found counter-example stars: 0
[NNENUM] Filtering result using SMT solver...
[SMT] SMT filtered out 0 stars (out of 0; TO: 0).
[QUERY] Looking for nonlinear input combinations...
[QUERY] Found all non-linear combinations. Count: 1
[QUERY] Returning nonlinear disjunction
[CTRL] Considering conjunction with 41 input constraints and a disjunction of size 5
[APPROX] Checking cache: SNNT.Approx.ApproxCacheObject[]
[APPROX] Constructing Approximation
[APPROX] Resolving approximation
[CTRL] Initiating iterator over current linear queries
[APPROX] # Conjunctions over output: 5
[CTRL] Processing linear query no. 155
[NNENUM] Running nnenum now...
[NNENUM] lb: [0.0062499999999999995, 1.4901162970204707e-8, 5.000000171712609e-6, 0.075, -0.005, -0.005, -0.005, -0.005, -0.005, -0.005, -0.005, -0.005, -0.005]
[NNENUM] ub: [0.5, 0.125, 5.000000171712609e-6, 0.5, 0.004999999999999999, 0.004999999999999999, 0.004999999999999999, 0.004999999999999999, 0.004999999999999999, 0.004999999999999999, 0.004999999999999999, 0.004999999999999999, 0.004999999999999999]
[NNENUM] Creating LP Star...
[NNENUM] Checking feasibility
[NNENUM] Generating output Spec...
[NNENUM] Spec list length:  5
[NNENUM] Enumeration in progress... 
(0.1 sec) Q: 0, Sets: 0/1  (0.0%) CEs: 0 ETA: - (expected 1 stars)   
(0.2 sec) Q: 0, Sets: 0/2  (0.0%) CEs: 0 ETA: - (expected 1 stars)   
(0.3 sec) Q: 0, Sets: 3/11  (0.391%) CEs: 0 ETA: 1.4 min (expected 768 stars)   (0.5 sec) Q: 0, Sets: 5/11  (1.562%) CEs: 0 ETA: 31.4 sec (expected 320 stars)   
(0.7 sec) Q: 0, Sets: 7/11  (6.25%) CEs: 0 ETA: 10.0 sec (expected 112 stars)   (0.8 sec) Q: 0, Sets: 9/11  (25.0%) CEs: 0 ETA: 2.4 sec (expected 36 stars)   
Total Stars: 11 (0 exact, 11 approx)
Unfinished Stars: 0
Runtime: 0.9 sec
Completed work frac: 1.0
Num Stars Copied Between Processes: 0
Num Lps During Enumeration: 0
Total Num Lps: 0

Result: network is SAFE

[NNENUM] Result: 
<nnenum.result.Result object at 0x7159136e21f0>
[NNENUM] Enumeration finished.
safe
[NNENUM] Found counter-example stars: 0
[NNENUM] Filtering result using SMT solver...
[SMT] SMT filtered out 0 stars (out of 0; TO: 0).
[QUERY] Looking for nonlinear input combinations...
[QUERY] Found all non-linear combinations. Count: 1
[QUERY] Returning nonlinear disjunction
[CTRL] Considering conjunction with 41 input constraints and a disjunction of size 5
[APPROX] Checking cache: SNNT.Approx.ApproxCacheObject[]
[APPROX] Constructing Approximation
[APPROX] Resolving approximation
[CTRL] Initiating iterator over current linear queries
[APPROX] # Conjunctions over output: 5
[CTRL] Processing linear query no. 156
[NNENUM] Running nnenum now...
[NNENUM] lb: [0.0062499999999999995, 1.4901162970204707e-8, 5.000000171712609e-6, 0.075, -0.005, -0.005, -0.005, -0.005, -0.005, -0.005, -0.005, -0.005, -0.005]
[NNENUM] ub: [0.5, 0.125, 5.000000171712609e-6, 0.5, 0.004999999999999999, 0.004999999999999999, 0.004999999999999999, 0.004999999999999999, 0.004999999999999999, 0.004999999999999999, 0.004999999999999999, 0.004999999999999999, 0.004999999999999999]
[NNENUM] Creating LP Star...
[NNENUM] Checking feasibility
[NNENUM] Generating output Spec...
[NNENUM] Spec list length:  5
[NNENUM] Enumeration in progress... 
(0.1 sec) Q: 0, Sets: 0/1  (0.0%) CEs: 0 ETA: - (expected 1 stars)   
(0.2 sec) Q: 0, Sets: 3/7  (6.25%) CEs: 0 ETA: 3.4 sec (expected 48 stars)   
(0.3 sec) Q: 0, Sets: 5/7  (25.0%) CEs: 0 ETA: 1.0 sec (expected 20 stars)   (0.5 sec) Q: 0, Sets: 5/7  (25.0%) CEs: 0 ETA: 1.4 sec (expected 20 stars)   

Total Stars: 7 (0 exact, 7 approx)
Unfinished Stars: 0
Runtime: 0.5 sec
Completed work frac: 1.0
Num Stars Copied Between Processes: 0
Num Lps During Enumeration: 0
Total Num Lps: 0

Result: network is SAFE

[NNENUM] Result: 
<nnenum.result.Result object at 0x7159136c9a30>
[NNENUM] Enumeration finished.
safe
[NNENUM] Found counter-example stars: 0
[NNENUM] Filtering result using SMT solver...
[SMT] SMT filtered out 0 stars (out of 0; TO: 0).
[QUERY] Looking for nonlinear input combinations...
[QUERY] Found all non-linear combinations. Count: 1
[QUERY] Returning nonlinear disjunction
[CTRL] Considering conjunction with 41 input constraints and a disjunction of size 5
[APPROX] Checking cache: SNNT.Approx.ApproxCacheObject[]
[APPROX] Constructing Approximation
[APPROX] Resolving approximation
[CTRL] Initiating iterator over current linear queries
[APPROX] # Conjunctions over output: 5
[CTRL] Processing linear query no. 157
[NNENUM] Running nnenum now...
[NNENUM] lb: [0.0062499999999999995, 1.4901162970204707e-8, 5.000000171712609e-6, 0.075, -0.005, -0.005, -0.005, -0.005, -0.005, -0.005, -0.005, -0.005, -0.005]
[NNENUM] ub: [0.5, 0.125, 5.000000171712609e-6, 0.5, 0.004999999999999999, 0.004999999999999999, 0.004999999999999999, 0.004999999999999999, 0.004999999999999999, 0.004999999999999999, 0.004999999999999999, 0.004999999999999999, 0.004999999999999999]
[NNENUM] Creating LP Star...
[NNENUM] Checking feasibility
[NNENUM] Generating output Spec...
[NNENUM] Spec list length:  5
[NNENUM] Enumeration in progress... 
(0.1 sec) Q: 0, Sets: 0/1  (0.0%) CEs: 0 ETA: - (expected 1 stars)   
(0.3 sec) Q: 0, Sets: 2/7  (15.625%) CEs: 0 ETA: 1.4 sec (expected 13 stars)   
(0.4 sec) Q: 0, Sets: 8/14  (56.25%) CEs: 0 ETA: 0.3 sec (expected 14 stars)   
Total Stars: 15 (2 exact, 13 approx)
Unfinished Stars: 0
Runtime: 0.4 sec
Completed work frac: 1.0
Num Stars Copied Between Processes: 0
Num Lps During Enumeration: 163
Total Num Lps: 163

Result: network is SAFE

[NNENUM] Result: 
<nnenum.result.Result object at 0x7159136e2f10>
[NNENUM] Enumeration finished.
safe
[NNENUM] Found counter-example stars: 0
[NNENUM] Filtering result using SMT solver...
[SMT] SMT filtered out 0 stars (out of 0; TO: 0).
[QUERY] Looking for nonlinear input combinations...
[QUERY] Found all non-linear combinations. Count: 1
[QUERY] Returning nonlinear disjunction
[CTRL] Considering conjunction with 42 input constraints and a disjunction of size 6
[APPROX] Checking cache: SNNT.Approx.ApproxCacheObject[]
[APPROX] Constructing Approximation
[APPROX] Resolving approximation
[CTRL] Initiating iterator over current linear queries
[APPROX] # Conjunctions over output: 6
[CTRL] Processing linear query no. 158
[NNENUM] Running nnenum now...
[NNENUM] lb: [0.0062499999999999995, -0.18296763576522218, 5.000000171712609e-6, -0.3499999940395355, -0.005, -0.005, -0.005, -0.005, -0.005, -0.005, -0.005, -0.005, -0.005]
[NNENUM] ub: [0.5, -0.125, 5.000000171712609e-6, -0.21079675705898798, 0.004999999999999999, 0.004999999999999999, 0.004999999999999999, 0.004999999999999999, 0.004999999999999999, 0.004999999999999999, 0.004999999999999999, 0.004999999999999999, 0.004999999999999999]
[NNENUM] Creating LP Star...
[NNENUM] Checking feasibility
[NNENUM] Generating output Spec...
[NNENUM] Spec list length:  6
[NNENUM] Enumeration in progress... 
(0.1 sec) Q: 0, Sets: 0/1  (0.0%) CEs: 0 ETA: - (expected 1 stars)   
(0.2 sec) Q: 0, Sets: 4/6  (75.0%) CEs: 0 ETA: 0.1 sec (expected 5 stars)   

Total Stars: 10 (0 exact, 10 approx)
Unfinished Stars: 0
Runtime: 0.2 sec
Completed work frac: 1.0
Num Stars Copied Between Processes: 0
Num Lps During Enumeration: 0
Total Num Lps: 0

Result: network is SAFE

[NNENUM] Result: 
<nnenum.result.Result object at 0x7159136d7a90>
[NNENUM] Enumeration finished.
safe
[NNENUM] Found counter-example stars: 0
[NNENUM] Filtering result using SMT solver...
[SMT] SMT filtered out 0 stars (out of 0; TO: 0).
[QUERY] Looking for nonlinear input combinations...
[QUERY] Found all non-linear combinations. Count: 1
[QUERY] Returning nonlinear disjunction
[CTRL] Considering conjunction with 42 input constraints and a disjunction of size 6
[APPROX] Checking cache: SNNT.Approx.ApproxCacheObject[]
[APPROX] Constructing Approximation
[APPROX] Resolving approximation
[CTRL] Initiating iterator over current linear queries
[APPROX] # Conjunctions over output: 6
[CTRL] Processing linear query no. 159
[NNENUM] Running nnenum now...
[NNENUM] lb: [0.0062499999999999995, -0.18296763576522218, 5.000000171712609e-6, -0.3499999940395355, -0.005, -0.005, -0.005, -0.005, -0.005, -0.005, -0.005, -0.005, -0.005]
[NNENUM] ub: [0.5, -0.125, 5.000000171712609e-6, -0.21079675705898798, 0.004999999999999999, 0.004999999999999999, 0.004999999999999999, 0.004999999999999999, 0.004999999999999999, 0.004999999999999999, 0.004999999999999999, 0.004999999999999999, 0.004999999999999999]
[NNENUM] Creating LP Star...
[NNENUM] Checking feasibility
[NNENUM] Generating output Spec...
[NNENUM] Spec list length:  6
[NNENUM] Enumeration in progress... 
(0.2 sec) Q: 0, Sets: 0/1  (0.0%) CEs: 0 ETA: - (expected 1 stars)   
(0.3 sec) Q: 0, Sets: 0/2  (0.0%) CEs: 0 ETA: - (expected 1 stars)   
(0.4 sec) Q: 0, Sets: 8/8  (100.0%) CEs: 0 ETA: 0.0 sec (expected 8 stars)   
Total Stars: 8 (1 exact, 7 approx)
Unfinished Stars: 0
Runtime: 0.4 sec
Completed work frac: 1.0
Num Stars Copied Between Processes: 0
Num Lps During Enumeration: 11
Total Num Lps: 11

Result: network is SAFE

[NNENUM] Result: 
<nnenum.result.Result object at 0x7159136da070>
[NNENUM] Enumeration finished.
safe
[NNENUM] Found counter-example stars: 0
[NNENUM] Filtering result using SMT solver...
[SMT] SMT filtered out 0 stars (out of 0; TO: 0).
[QUERY] Looking for nonlinear input combinations...
[QUERY] Found all non-linear combinations. Count: 1
[QUERY] Returning nonlinear disjunction
[CTRL] Considering conjunction with 42 input constraints and a disjunction of size 6
[APPROX] Checking cache: SNNT.Approx.ApproxCacheObject[]
[APPROX] Constructing Approximation
[APPROX] Resolving approximation
[CTRL] Initiating iterator over current linear queries
[APPROX] # Conjunctions over output: 6
[CTRL] Processing linear query no. 160
[NNENUM] Running nnenum now...
[NNENUM] lb: [0.0062499999999999995, -0.18296763576522218, 5.000000171712609e-6, -0.3499999940395355, -0.005, -0.005, -0.005, -0.005, -0.005, -0.005, -0.005, -0.005, -0.005]
[NNENUM] ub: [0.5, -0.125, 5.000000171712609e-6, -0.21079675705898798, 0.004999999999999999, 0.004999999999999999, 0.004999999999999999, 0.004999999999999999, 0.004999999999999999, 0.004999999999999999, 0.004999999999999999, 0.004999999999999999, 0.004999999999999999]
[NNENUM] Creating LP Star...
[NNENUM] Checking feasibility
[NNENUM] Generating output Spec...
[NNENUM] Spec list length:  6
[NNENUM] Enumeration in progress... 
(0.1 sec) Q: 0, Sets: 0/1  (0.0%) CEs: 0 ETA: - (expected 1 stars)   
(0.2 sec) Q: 0, Sets: 3/5  (50.0%) CEs: 0 ETA: 0.2 sec (expected 6 stars)   

Total Stars: 9 (1 exact, 8 approx)
Unfinished Stars: 0
Runtime: 0.3 sec
Completed work frac: 1.0
Num Stars Copied Between Processes: 0
Num Lps During Enumeration: 11
Total Num Lps: 11

Result: network is SAFE

[NNENUM] Result: 
<nnenum.result.Result object at 0x7159136c2940>
[NNENUM] Enumeration finished.
safe
[NNENUM] Found counter-example stars: 0
[NNENUM] Filtering result using SMT solver...
[SMT] SMT filtered out 0 stars (out of 0; TO: 0).
[QUERY] Looking for nonlinear input combinations...
[QUERY] Found all non-linear combinations. Count: 1
[QUERY] Returning nonlinear disjunction
[CTRL] Considering conjunction with 42 input constraints and a disjunction of size 6
[APPROX] Checking cache: SNNT.Approx.ApproxCacheObject[]
[APPROX] Constructing Approximation
[APPROX] Resolving approximation
[CTRL] Initiating iterator over current linear queries
[APPROX] # Conjunctions over output: 6
[CTRL] Processing linear query no. 161
[NNENUM] Running nnenum now...
[NNENUM] lb: [0.0062499999999999995, -0.18296763576522218, 5.000000171712609e-6, -0.3499999940395355, -0.005, -0.005, -0.005, -0.005, -0.005, -0.005, -0.005, -0.005, -0.005]
[NNENUM] ub: [0.5, -0.125, 5.000000171712609e-6, -0.21079675705898798, 0.004999999999999999, 0.004999999999999999, 0.004999999999999999, 0.004999999999999999, 0.004999999999999999, 0.004999999999999999, 0.004999999999999999, 0.004999999999999999, 0.004999999999999999]
[NNENUM] Creating LP Star...
[NNENUM] Checking feasibility
[NNENUM] Generating output Spec...
[NNENUM] Spec list length:  6
[NNENUM] Enumeration in progress... 
(0.2 sec) Q: 0, Sets: 0/1  (0.0%) CEs: 0 ETA: - (expected 1 stars)   
(0.3 sec) Q: 0, Sets: 2/6  (18.75%) CEs: 0 ETA: 1.2 sec (expected 11 stars)   
(0.4 sec) Q: 0, Sets: 6/10  (31.25%) CEs: 0 ETA: 0.9 sec (expected 19 stars)   
Total Stars: 13 (3 exact, 10 approx)
Unfinished Stars: 0
Runtime: 0.5 sec
Completed work frac: 1.0
Num Stars Copied Between Processes: 0
Num Lps During Enumeration: 138
Total Num Lps: 138

Result: network is SAFE

[NNENUM] Result: 
<nnenum.result.Result object at 0x7159136da8b0>
[NNENUM] Enumeration finished.
safe
[NNENUM] Found counter-example stars: 0
[NNENUM] Filtering result using SMT solver...
[SMT] SMT filtered out 0 stars (out of 0; TO: 0).
[QUERY] Looking for nonlinear input combinations...
[QUERY] Found all non-linear combinations. Count: 1
[QUERY] Returning nonlinear disjunction
[CTRL] Considering conjunction with 42 input constraints and a disjunction of size 6
[APPROX] Checking cache: SNNT.Approx.ApproxCacheObject[]
[APPROX] Constructing Approximation
[APPROX] Resolving approximation
[CTRL] Initiating iterator over current linear queries
[APPROX] # Conjunctions over output: 6
[CTRL] Processing linear query no. 162
[NNENUM] Running nnenum now...
[NNENUM] lb: [0.0062499999999999995, -0.18296763576522218, 5.000000171712609e-6, -0.3499999940395355, -0.005, -0.005, -0.005, -0.005, -0.005, -0.005, -0.005, -0.005, -0.005]
[NNENUM] ub: [0.5, -0.125, 5.000000171712609e-6, -0.21079675705898798, 0.004999999999999999, 0.004999999999999999, 0.004999999999999999, 0.004999999999999999, 0.004999999999999999, 0.004999999999999999, 0.004999999999999999, 0.004999999999999999, 0.004999999999999999]
[NNENUM] Creating LP Star...
[NNENUM] Checking feasibility
[NNENUM] Generating output Spec...
[NNENUM] Spec list length:  6
[NNENUM] Enumeration in progress... 
(0.1 sec) Q: 0, Sets: 0/1  (0.0%) CEs: 0 ETA: - (expected 1 stars)   
(0.2 sec) Q: 0, Sets: 3/6  (25.0%) CEs: 0 ETA: 0.7 sec (expected 12 stars)   
(0.3 sec) Q: 0, Sets: 8/11  (75.0%) CEs: 0 ETA: 0.1 sec (expected 11 stars)   
Total Stars: 14 (2 exact, 12 approx)
Unfinished Stars: 0
Runtime: 0.4 sec
Completed work frac: 1.0
Num Stars Copied Between Processes: 0
Num Lps During Enumeration: 76
Total Num Lps: 76

Result: network is SAFE

[NNENUM] Result: 
<nnenum.result.Result object at 0x7159136ec700>
[NNENUM] Enumeration finished.
safe
[NNENUM] Found counter-example stars: 0
[NNENUM] Filtering result using SMT solver...
[SMT] SMT filtered out 0 stars (out of 0; TO: 0).
[QUERY] Looking for nonlinear input combinations...
[QUERY] Found all non-linear combinations. Count: 1
[QUERY] Returning nonlinear disjunction
[CTRL] Considering conjunction with 42 input constraints and a disjunction of size 6
[APPROX] Checking cache: SNNT.Approx.ApproxCacheObject[]
[APPROX] Constructing Approximation
[APPROX] Resolving approximation
[CTRL] Initiating iterator over current linear queries
[APPROX] # Conjunctions over output: 6
[CTRL] Processing linear query no. 163
[NNENUM] Running nnenum now...
[NNENUM] lb: [0.0062499999999999995, -0.18296763576522218, 5.000000171712609e-6, -0.3499999940395355, -0.005, -0.005, -0.005, -0.005, -0.005, -0.005, -0.005, -0.005, -0.005]
[NNENUM] ub: [0.5, -0.125, 5.000000171712609e-6, -0.21079675705898798, 0.004999999999999999, 0.004999999999999999, 0.004999999999999999, 0.004999999999999999, 0.004999999999999999, 0.004999999999999999, 0.004999999999999999, 0.004999999999999999, 0.004999999999999999]
[NNENUM] Creating LP Star...
[NNENUM] Checking feasibility
[NNENUM] Generating output Spec...
[NNENUM] Spec list length:  6
[NNENUM] Enumeration in progress... 
(0.1 sec) Q: 0, Sets: 0/1  (0.0%) CEs: 0 ETA: - (expected 1 stars)   
(0.2 sec) Q: 0, Sets: 0/2  (0.0%) CEs: 0 ETA: - (expected 1 stars)   
(0.3 sec) Q: 0, Sets: 3/5  (50.0%) CEs: 0 ETA: 0.3 sec (expected 6 stars)   (0.5 sec) Q: 0, Sets: 8/10  (75.0%) CEs: 0 ETA: 0.2 sec (expected 11 stars)   
(0.6 sec) Q: 0, Sets: 12/15  (91.406%) CEs: 0 ETA: 0.1 sec (expected 13 stars)   
Total Stars: 15 (0 exact, 15 approx)
Unfinished Stars: 0
Runtime: 0.6 sec
Completed work frac: 1.0
Num Stars Copied Between Processes: 0
Num Lps During Enumeration: 0
Total Num Lps: 0

Result: network is SAFE

[NNENUM] Result: 
<nnenum.result.Result object at 0x7159136e9190>
[NNENUM] Enumeration finished.
safe
[NNENUM] Found counter-example stars: 0
[NNENUM] Filtering result using SMT solver...
[SMT] SMT filtered out 0 stars (out of 0; TO: 0).
[QUERY] Looking for nonlinear input combinations...
[QUERY] Found all non-linear combinations. Count: 2
[QUERY] Returning nonlinear disjunction
[CTRL] Considering conjunction with 42 input constraints and a disjunction of size 6
[APPROX] Checking cache: SNNT.Approx.ApproxCacheObject[]
[APPROX] Constructing Approximation
[APPROX] Resolving approximation
[CTRL] Initiating iterator over current linear queries
[APPROX] # Conjunctions over output: 6
[CTRL] Processing linear query no. 164
[NNENUM] Running nnenum now...
[NNENUM] lb: [0.0062499999999999995, -0.4999999701976776, 5.000000171712609e-6, -0.3499999940395355, -0.005, -0.005, -0.005, -0.005, -0.005, -0.005, -0.005, -0.005, -0.005]
[NNENUM] ub: [0.5, -0.33623147889292704, 5.000000171712609e-6, -0.21079675705898798, 0.004999999999999999, 0.004999999999999999, 0.004999999999999999, 0.004999999999999999, 0.004999999999999999, 0.004999999999999999, 0.004999999999999999, 0.004999999999999999, 0.004999999999999999]
[NNENUM] Creating LP Star...
[NNENUM] Checking feasibility
[NNENUM] Generating output Spec...
[NNENUM] Spec list length:  6
[NNENUM] Enumeration in progress... 
(0.1 sec) Q: 0, Sets: 0/1  (0.0%) CEs: 0 ETA: - (expected 1 stars)   
(0.2 sec) Q: 0, Sets: 2/4  (25.0%) CEs: 0 ETA: 0.7 sec (expected 8 stars)   

Total Stars: 8 (2 exact, 6 approx)
Unfinished Stars: 0
Runtime: 0.3 sec
Completed work frac: 1.0
Num Stars Copied Between Processes: 0
Num Lps During Enumeration: 135
Total Num Lps: 135

Result: network is SAFE

[NNENUM] Result: 
<nnenum.result.Result object at 0x7159136e18b0>
[NNENUM] Enumeration finished.
safe
[NNENUM] Found counter-example stars: 0
[NNENUM] Filtering result using SMT solver...
[SMT] SMT filtered out 0 stars (out of 0; TO: 0).
[QUERY] Looking for nonlinear input combinations...
[QUERY] Found all non-linear combinations. Count: 1
[QUERY] Returning nonlinear disjunction
[CTRL] Considering conjunction with 42 input constraints and a disjunction of size 6
[APPROX] Checking cache: SNNT.Approx.ApproxCacheObject[]
[APPROX] Constructing Approximation
[APPROX] Resolving approximation
[CTRL] Initiating iterator over current linear queries
[APPROX] # Conjunctions over output: 6
[CTRL] Processing linear query no. 165
[NNENUM] Running nnenum now...
[NNENUM] lb: [0.0062499999999999995, -0.4999999701976776, 5.000000171712609e-6, -0.3499999940395355, -0.005, -0.005, -0.005, -0.005, -0.005, -0.005, -0.005, -0.005, -0.005]
[NNENUM] ub: [0.5, -0.33623147889292704, 5.000000171712609e-6, -0.21079675705898798, 0.004999999999999999, 0.004999999999999999, 0.004999999999999999, 0.004999999999999999, 0.004999999999999999, 0.004999999999999999, 0.004999999999999999, 0.004999999999999999, 0.004999999999999999]
[NNENUM] Creating LP Star...
[NNENUM] Checking feasibility
[NNENUM] Generating output Spec...
[NNENUM] Spec list length:  6
[NNENUM] Enumeration in progress... 
(0.1 sec) Q: 0, Sets: 0/1  (0.0%) CEs: 0 ETA: - (expected 1 stars)   
(0.2 sec) Q: 0, Sets: 0/2  (0.0%) CEs: 0 ETA: - (expected 1 stars)   
(0.3 sec) Q: 0, Sets: 4/7  (25.0%) CEs: 0 ETA: 1.0 sec (expected 16 stars)   
Total Stars: 7 (1 exact, 6 approx)
Unfinished Stars: 0
Runtime: 0.4 sec
Completed work frac: 1.0
Num Stars Copied Between Processes: 0
Num Lps During Enumeration: 86
Total Num Lps: 86

Result: network is SAFE

[NNENUM] Result: 
<nnenum.result.Result object at 0x7159136e89d0>
[NNENUM] Enumeration finished.
safe
[NNENUM] Found counter-example stars: 0
[NNENUM] Filtering result using SMT solver...
[SMT] SMT filtered out 0 stars (out of 0; TO: 0).
┌ Warning: Make sure you are not using this option for non-mixed constraints!
└ @ SNNT.QueryGeneration ~/Dokumente/Projects/CPS/NN-Safety-via-dL/repos/NCubeV-Reinstall/src/QueryGeneration/Iterator.jl:421
┌ Warning: Generating independent linear disjunctions
└ @ SNNT.QueryGeneration ~/Dokumente/Projects/CPS/NN-Safety-via-dL/repos/NCubeV-Reinstall/src/QueryGeneration/Iterator.jl:420
┌ Warning: Make sure you are not using this option for non-mixed constraints!
└ @ SNNT.QueryGeneration ~/Dokumente/Projects/CPS/NN-Safety-via-dL/repos/NCubeV-Reinstall/src/QueryGeneration/Iterator.jl:421
┌ Warning: Generating independent linear disjunctions
└ @ SNNT.QueryGeneration ~/Dokumente/Projects/CPS/NN-Safety-via-dL/repos/NCubeV-Reinstall/src/QueryGeneration/Iterator.jl:420
┌ Warning: Make sure you are not using this option for non-mixed constraints!
└ @ SNNT.QueryGeneration ~/Dokumente/Projects/CPS/NN-Safety-via-dL/repos/NCubeV-Reinstall/src/QueryGeneration/Iterator.jl:421
┌ Warning: Generating independent linear disjunctions
└ @ SNNT.QueryGeneration ~/Dokumente/Projects/CPS/NN-Safety-via-dL/repos/NCubeV-Reinstall/src/QueryGeneration/Iterator.jl:420
┌ Warning: Make sure you are not using this option for non-mixed constraints!
└ @ SNNT.QueryGeneration ~/Dokumente/Projects/CPS/NN-Safety-via-dL/repos/NCubeV-Reinstall/src/QueryGeneration/Iterator.jl:421
┌ Warning: Generating independent linear disjunctions
└ @ SNNT.QueryGeneration ~/Dokumente/Projects/CPS/NN-Safety-via-dL/repos/NCubeV-Reinstall/src/QueryGeneration/Iterator.jl:420
┌ Warning: Make sure you are not using this option for non-mixed constraints!
└ @ SNNT.QueryGeneration ~/Dokumente/Projects/CPS/NN-Safety-via-dL/repos/NCubeV-Reinstall/src/QueryGeneration/Iterator.jl:421
┌ Warning: Generating independent linear disjunctions
└ @ SNNT.QueryGeneration ~/Dokumente/Projects/CPS/NN-Safety-via-dL/repos/NCubeV-Reinstall/src/QueryGeneration/Iterator.jl:420
┌ Warning: Make sure you are not using this option for non-mixed constraints!
└ @ SNNT.QueryGeneration ~/Dokumente/Projects/CPS/NN-Safety-via-dL/repos/NCubeV-Reinstall/src/QueryGeneration/Iterator.jl:421
┌ Warning: Generating independent linear disjunctions
└ @ SNNT.QueryGeneration ~/Dokumente/Projects/CPS/NN-Safety-via-dL/repos/NCubeV-Reinstall/src/QueryGeneration/Iterator.jl:420
┌ Warning: Make sure you are not using this option for non-mixed constraints!
└ @ SNNT.QueryGeneration ~/Dokumente/Projects/CPS/NN-Safety-via-dL/repos/NCubeV-Reinstall/src/QueryGeneration/Iterator.jl:421
┌ Warning: Generating independent linear disjunctions
└ @ SNNT.QueryGeneration ~/Dokumente/Projects/CPS/NN-Safety-via-dL/repos/NCubeV-Reinstall/src/QueryGeneration/Iterator.jl:420
┌ Warning: Make sure you are not using this option for non-mixed constraints!
└ @ SNNT.QueryGeneration ~/Dokumente/Projects/CPS/NN-Safety-via-dL/repos/NCubeV-Reinstall/src/QueryGeneration/Iterator.jl:421
┌ Warning: Generating independent linear disjunctions
└ @ SNNT.QueryGeneration ~/Dokumente/Projects/CPS/NN-Safety-via-dL/repos/NCubeV-Reinstall/src/QueryGeneration/Iterator.jl:420
┌ Warning: Make sure you are not using this option for non-mixed constraints!
└ @ SNNT.QueryGeneration ~/Dokumente/Projects/CPS/NN-Safety-via-dL/repos/NCubeV-Reinstall/src/QueryGeneration/Iterator.jl:421
┌ Warning: Generating independent linear disjunctions
└ @ SNNT.QueryGeneration ~/Dokumente/Projects/CPS/NN-Safety-via-dL/repos/NCubeV-Reinstall/src/QueryGeneration/Iterator.jl:420
┌ Warning: Make sure you are not using this option for non-mixed constraints!
└ @ SNNT.QueryGeneration ~/Dokumente/Projects/CPS/NN-Safety-via-dL/repos/NCubeV-Reinstall/src/QueryGeneration/Iterator.jl:421
┌ Warning: Generating independent linear disjunctions
└ @ SNNT.QueryGeneration ~/Dokumente/Projects/CPS/NN-Safety-via-dL/repos/NCubeV-Reinstall/src/QueryGeneration/Iterator.jl:420
┌ Warning: Make sure you are not using this option for non-mixed constraints!
└ @ SNNT.QueryGeneration ~/Dokumente/Projects/CPS/NN-Safety-via-dL/repos/NCubeV-Reinstall/src/QueryGeneration/Iterator.jl:421
┌ Warning: Generating independent linear disjunctions
└ @ SNNT.QueryGeneration ~/Dokumente/Projects/CPS/NN-Safety-via-dL/repos/NCubeV-Reinstall/src/QueryGeneration/Iterator.jl:420
┌ Warning: Make sure you are not using this option for non-mixed constraints!
└ @ SNNT.QueryGeneration ~/Dokumente/Projects/CPS/NN-Safety-via-dL/repos/NCubeV-Reinstall/src/QueryGeneration/Iterator.jl:421
┌ Warning: Generating independent linear disjunctions
└ @ SNNT.QueryGeneration ~/Dokumente/Projects/CPS/NN-Safety-via-dL/repos/NCubeV-Reinstall/src/QueryGeneration/Iterator.jl:420
┌ Warning: Make sure you are not using this option for non-mixed constraints!
└ @ SNNT.QueryGeneration ~/Dokumente/Projects/CPS/NN-Safety-via-dL/repos/NCubeV-Reinstall/src/QueryGeneration/Iterator.jl:421
┌ Warning: Generating independent linear disjunctions
└ @ SNNT.QueryGeneration ~/Dokumente/Projects/CPS/NN-Safety-via-dL/repos/NCubeV-Reinstall/src/QueryGeneration/Iterator.jl:420
┌ Warning: Make sure you are not using this option for non-mixed constraints!
└ @ SNNT.QueryGeneration ~/Dokumente/Projects/CPS/NN-Safety-via-dL/repos/NCubeV-Reinstall/src/QueryGeneration/Iterator.jl:421
┌ Warning: Generating independent linear disjunctions
└ @ SNNT.QueryGeneration ~/Dokumente/Projects/CPS/NN-Safety-via-dL/repos/NCubeV-Reinstall/src/QueryGeneration/Iterator.jl:420
┌ Warning: Make sure you are not using this option for non-mixed constraints!
└ @ SNNT.QueryGeneration ~/Dokumente/Projects/CPS/NN-Safety-via-dL/repos/NCubeV-Reinstall/src/QueryGeneration/Iterator.jl:421
┌ Warning: Generating independent linear disjunctions
└ @ SNNT.QueryGeneration ~/Dokumente/Projects/CPS/NN-Safety-via-dL/repos/NCubeV-Reinstall/src/QueryGeneration/Iterator.jl:420
┌ Warning: Make sure you are not using this option for non-mixed constraints!
└ @ SNNT.QueryGeneration ~/Dokumente/Projects/CPS/NN-Safety-via-dL/repos/NCubeV-Reinstall/src/QueryGeneration/Iterator.jl:421
┌ Warning: Generating independent linear disjunctions
└ @ SNNT.QueryGeneration ~/Dokumente/Projects/CPS/NN-Safety-via-dL/repos/NCubeV-Reinstall/src/QueryGeneration/Iterator.jl:420
┌ Warning: Make sure you are not using this option for non-mixed constraints!
└ @ SNNT.QueryGeneration ~/Dokumente/Projects/CPS/NN-Safety-via-dL/repos/NCubeV-Reinstall/src/QueryGeneration/Iterator.jl:421
┌ Warning: Generating independent linear disjunctions
└ @ SNNT.QueryGeneration ~/Dokumente/Projects/CPS/NN-Safety-via-dL/repos/NCubeV-Reinstall/src/QueryGeneration/Iterator.jl:420
┌ Warning: Make sure you are not using this option for non-mixed constraints!
└ @ SNNT.QueryGeneration ~/Dokumente/Projects/CPS/NN-Safety-via-dL/repos/NCubeV-Reinstall/src/QueryGeneration/Iterator.jl:421
┌ Warning: Generating independent linear disjunctions
└ @ SNNT.QueryGeneration ~/Dokumente/Projects/CPS/NN-Safety-via-dL/repos/NCubeV-Reinstall/src/QueryGeneration/Iterator.jl:420
┌ Warning: Make sure you are not using this option for non-mixed constraints!
└ @ SNNT.QueryGeneration ~/Dokumente/Projects/CPS/NN-Safety-via-dL/repos/NCubeV-Reinstall/src/QueryGeneration/Iterator.jl:421
┌ Warning: Generating independent linear disjunctions
└ @ SNNT.QueryGeneration ~/Dokumente/Projects/CPS/NN-Safety-via-dL/repos/NCubeV-Reinstall/src/QueryGeneration/Iterator.jl:420
┌ Warning: Make sure you are not using this option for non-mixed constraints!
└ @ SNNT.QueryGeneration ~/Dokumente/Projects/CPS/NN-Safety-via-dL/repos/NCubeV-Reinstall/src/QueryGeneration/Iterator.jl:421
┌ Warning: Generating independent linear disjunctions
└ @ SNNT.QueryGeneration ~/Dokumente/Projects/CPS/NN-Safety-via-dL/repos/NCubeV-Reinstall/src/QueryGeneration/Iterator.jl:420
┌ Warning: Make sure you are not using this option for non-mixed constraints!
└ @ SNNT.QueryGeneration ~/Dokumente/Projects/CPS/NN-Safety-via-dL/repos/NCubeV-Reinstall/src/QueryGeneration/Iterator.jl:421
┌ Warning: Generating independent linear disjunctions
└ @ SNNT.QueryGeneration ~/Dokumente/Projects/CPS/NN-Safety-via-dL/repos/NCubeV-Reinstall/src/QueryGeneration/Iterator.jl:420
┌ Warning: Make sure you are not using this option for non-mixed constraints!
└ @ SNNT.QueryGeneration ~/Dokumente/Projects/CPS/NN-Safety-via-dL/repos/NCubeV-Reinstall/src/QueryGeneration/Iterator.jl:421
┌ Warning: Generating independent linear disjunctions
└ @ SNNT.QueryGeneration ~/Dokumente/Projects/CPS/NN-Safety-via-dL/repos/NCubeV-Reinstall/src/QueryGeneration/Iterator.jl:420
┌ Warning: Make sure you are not using this option for non-mixed constraints!
└ @ SNNT.QueryGeneration ~/Dokumente/Projects/CPS/NN-Safety-via-dL/repos/NCubeV-Reinstall/src/QueryGeneration/Iterator.jl:421
┌ Warning: Generating independent linear disjunctions
└ @ SNNT.QueryGeneration ~/Dokumente/Projects/CPS/NN-Safety-via-dL/repos/NCubeV-Reinstall/src/QueryGeneration/Iterator.jl:420
┌ Warning: Make sure you are not using this option for non-mixed constraints!
└ @ SNNT.QueryGeneration ~/Dokumente/Projects/CPS/NN-Safety-via-dL/repos/NCubeV-Reinstall/src/QueryGeneration/Iterator.jl:421
┌ Warning: Generating independent linear disjunctions
└ @ SNNT.QueryGeneration ~/Dokumente/Projects/CPS/NN-Safety-via-dL/repos/NCubeV-Reinstall/src/QueryGeneration/Iterator.jl:420
┌ Warning: Make sure you are not using this option for non-mixed constraints!
└ @ SNNT.QueryGeneration ~/Dokumente/Projects/CPS/NN-Safety-via-dL/repos/NCubeV-Reinstall/src/QueryGeneration/Iterator.jl:421
┌ Warning: Generating independent linear disjunctions
└ @ SNNT.QueryGeneration ~/Dokumente/Projects/CPS/NN-Safety-via-dL/repos/NCubeV-Reinstall/src/QueryGeneration/Iterator.jl:420
┌ Warning: Make sure you are not using this option for non-mixed constraints!
└ @ SNNT.QueryGeneration ~/Dokumente/Projects/CPS/NN-Safety-via-dL/repos/NCubeV-Reinstall/src/QueryGeneration/Iterator.jl:421
┌ Warning: Generating independent linear disjunctions
└ @ SNNT.QueryGeneration ~/Dokumente/Projects/CPS/NN-Safety-via-dL/repos/NCubeV-Reinstall/src/QueryGeneration/Iterator.jl:420
┌ Warning: Make sure you are not using this option for non-mixed constraints!
└ @ SNNT.QueryGeneration ~/Dokumente/Projects/CPS/NN-Safety-via-dL/repos/NCubeV-Reinstall/src/QueryGeneration/Iterator.jl:421
┌ Warning: Generating independent linear disjunctions
└ @ SNNT.QueryGeneration ~/Dokumente/Projects/CPS/NN-Safety-via-dL/repos/NCubeV-Reinstall/src/QueryGeneration/Iterator.jl:420
┌ Warning: Make sure you are not using this option for non-mixed constraints!
└ @ SNNT.QueryGeneration ~/Dokumente/Projects/CPS/NN-Safety-via-dL/repos/NCubeV-Reinstall/src/QueryGeneration/Iterator.jl:421
┌ Warning: Generating independent linear disjunctions
└ @ SNNT.QueryGeneration ~/Dokumente/Projects/CPS/NN-Safety-via-dL/repos/NCubeV-Reinstall/src/QueryGeneration/Iterator.jl:420
┌ Warning: Make sure you are not using this option for non-mixed constraints!
└ @ SNNT.QueryGeneration ~/Dokumente/Projects/CPS/NN-Safety-via-dL/repos/NCubeV-Reinstall/src/QueryGeneration/Iterator.jl:421
┌ Warning: Generating independent linear disjunctions
└ @ SNNT.QueryGeneration ~/Dokumente/Projects/CPS/NN-Safety-via-dL/repos/NCubeV-Reinstall/src/QueryGeneration/Iterator.jl:420
┌ Warning: Make sure you are not using this option for non-mixed constraints!
└ @ SNNT.QueryGeneration ~/Dokumente/Projects/CPS/NN-Safety-via-dL/repos/NCubeV-Reinstall/src/QueryGeneration/Iterator.jl:421
┌ Warning: Generating independent linear disjunctions
└ @ SNNT.QueryGeneration ~/Dokumente/Projects/CPS/NN-Safety-via-dL/repos/NCubeV-Reinstall/src/QueryGeneration/Iterator.jl:420
┌ Warning: Make sure you are not using this option for non-mixed constraints!
└ @ SNNT.QueryGeneration ~/Dokumente/Projects/CPS/NN-Safety-via-dL/repos/NCubeV-Reinstall/src/QueryGeneration/Iterator.jl:421
┌ Warning: Generating independent linear disjunctions
└ @ SNNT.QueryGeneration ~/Dokumente/Projects/CPS/NN-Safety-via-dL/repos/NCubeV-Reinstall/src/QueryGeneration/Iterator.jl:420
┌ Warning: Make sure you are not using this option for non-mixed constraints!
└ @ SNNT.QueryGeneration ~/Dokumente/Projects/CPS/NN-Safety-via-dL/repos/NCubeV-Reinstall/src/QueryGeneration/Iterator.jl:421
┌ Warning: Generating independent linear disjunctions
└ @ SNNT.QueryGeneration ~/Dokumente/Projects/CPS/NN-Safety-via-dL/repos/NCubeV-Reinstall/src/QueryGeneration/Iterator.jl:420
┌ Warning: Make sure you are not using this option for non-mixed constraints!
└ @ SNNT.QueryGeneration ~/Dokumente/Projects/CPS/NN-Safety-via-dL/repos/NCubeV-Reinstall/src/QueryGeneration/Iterator.jl:421
┌ Warning: Generating independent linear disjunctions
└ @ SNNT.QueryGeneration ~/Dokumente/Projects/CPS/NN-Safety-via-dL/repos/NCubeV-Reinstall/src/QueryGeneration/Iterator.jl:420
┌ Warning: Make sure you are not using this option for non-mixed constraints!
└ @ SNNT.QueryGeneration ~/Dokumente/Projects/CPS/NN-Safety-via-dL/repos/NCubeV-Reinstall/src/QueryGeneration/Iterator.jl:421
┌ Warning: Generating independent linear disjunctions
└ @ SNNT.QueryGeneration ~/Dokumente/Projects/CPS/NN-Safety-via-dL/repos/NCubeV-Reinstall/src/QueryGeneration/Iterator.jl:420
┌ Warning: Make sure you are not using this option for non-mixed constraints!
└ @ SNNT.QueryGeneration ~/Dokumente/Projects/CPS/NN-Safety-via-dL/repos/NCubeV-Reinstall/src/QueryGeneration/Iterator.jl:421
┌ Warning: Generating independent linear disjunctions
└ @ SNNT.QueryGeneration ~/Dokumente/Projects/CPS/NN-Safety-via-dL/repos/NCubeV-Reinstall/src/QueryGeneration/Iterator.jl:420
┌ Warning: Make sure you are not using this option for non-mixed constraints!
└ @ SNNT.QueryGeneration ~/Dokumente/Projects/CPS/NN-Safety-via-dL/repos/NCubeV-Reinstall/src/QueryGeneration/Iterator.jl:421
┌ Warning: Generating independent linear disjunctions
└ @ SNNT.QueryGeneration ~/Dokumente/Projects/CPS/NN-Safety-via-dL/repos/NCubeV-Reinstall/src/QueryGeneration/Iterator.jl:420
┌ Warning: Make sure you are not using this option for non-mixed constraints!
└ @ SNNT.QueryGeneration ~/Dokumente/Projects/CPS/NN-Safety-via-dL/repos/NCubeV-Reinstall/src/QueryGeneration/Iterator.jl:421
┌ Warning: Generating independent linear disjunctions
└ @ SNNT.QueryGeneration ~/Dokumente/Projects/CPS/NN-Safety-via-dL/repos/NCubeV-Reinstall/src/QueryGeneration/Iterator.jl:420
┌ Warning: Make sure you are not using this option for non-mixed constraints!
└ @ SNNT.QueryGeneration ~/Dokumente/Projects/CPS/NN-Safety-via-dL/repos/NCubeV-Reinstall/src/QueryGeneration/Iterator.jl:421
┌ Warning: Generating independent linear disjunctions
└ @ SNNT.QueryGeneration ~/Dokumente/Projects/CPS/NN-Safety-via-dL/repos/NCubeV-Reinstall/src/QueryGeneration/Iterator.jl:420
┌ Warning: Make sure you are not using this option for non-mixed constraints!
└ @ SNNT.QueryGeneration ~/Dokumente/Projects/CPS/NN-Safety-via-dL/repos/NCubeV-Reinstall/src/QueryGeneration/Iterator.jl:421
┌ Warning: Generating independent linear disjunctions
└ @ SNNT.QueryGeneration ~/Dokumente/Projects/CPS/NN-Safety-via-dL/repos/NCubeV-Reinstall/src/QueryGeneration/Iterator.jl:420
┌ Warning: Make sure you are not using this option for non-mixed constraints!
└ @ SNNT.QueryGeneration ~/Dokumente/Projects/CPS/NN-Safety-via-dL/repos/NCubeV-Reinstall/src/QueryGeneration/Iterator.jl:421
┌ Warning: Generating independent linear disjunctions
└ @ SNNT.QueryGeneration ~/Dokumente/Projects/CPS/NN-Safety-via-dL/repos/NCubeV-Reinstall/src/QueryGeneration/Iterator.jl:420
┌ Warning: Make sure you are not using this option for non-mixed constraints!
└ @ SNNT.QueryGeneration ~/Dokumente/Projects/CPS/NN-Safety-via-dL/repos/NCubeV-Reinstall/src/QueryGeneration/Iterator.jl:421
┌ Warning: Generating independent linear disjunctions
└ @ SNNT.QueryGeneration ~/Dokumente/Projects/CPS/NN-Safety-via-dL/repos/NCubeV-Reinstall/src/QueryGeneration/Iterator.jl:420
┌ Warning: Make sure you are not using this option for non-mixed constraints!
└ @ SNNT.QueryGeneration ~/Dokumente/Projects/CPS/NN-Safety-via-dL/repos/NCubeV-Reinstall/src/QueryGeneration/Iterator.jl:421
┌ Warning: Generating independent linear disjunctions
└ @ SNNT.QueryGeneration ~/Dokumente/Projects/CPS/NN-Safety-via-dL/repos/NCubeV-Reinstall/src/QueryGeneration/Iterator.jl:420
┌ Warning: Make sure you are not using this option for non-mixed constraints!
└ @ SNNT.QueryGeneration ~/Dokumente/Projects/CPS/NN-Safety-via-dL/repos/NCubeV-Reinstall/src/QueryGeneration/Iterator.jl:421
┌ Warning: Generating independent linear disjunctions
└ @ SNNT.QueryGeneration ~/Dokumente/Projects/CPS/NN-Safety-via-dL/repos/NCubeV-Reinstall/src/QueryGeneration/Iterator.jl:420
┌ Warning: Make sure you are not using this option for non-mixed constraints!
└ @ SNNT.QueryGeneration ~/Dokumente/Projects/CPS/NN-Safety-via-dL/repos/NCubeV-Reinstall/src/QueryGeneration/Iterator.jl:421
┌ Warning: Generating independent linear disjunctions
└ @ SNNT.QueryGeneration ~/Dokumente/Projects/CPS/NN-Safety-via-dL/repos/NCubeV-Reinstall/src/QueryGeneration/Iterator.jl:420
┌ Warning: Make sure you are not using this option for non-mixed constraints!
└ @ SNNT.QueryGeneration ~/Dokumente/Projects/CPS/NN-Safety-via-dL/repos/NCubeV-Reinstall/src/QueryGeneration/Iterator.jl:421
┌ Warning: Generating independent linear disjunctions
└ @ SNNT.QueryGeneration ~/Dokumente/Projects/CPS/NN-Safety-via-dL/repos/NCubeV-Reinstall/src/QueryGeneration/Iterator.jl:420
┌ Warning: Make sure you are not using this option for non-mixed constraints!
└ @ SNNT.QueryGeneration ~/Dokumente/Projects/CPS/NN-Safety-via-dL/repos/NCubeV-Reinstall/src/QueryGeneration/Iterator.jl:421
┌ Warning: Generating independent linear disjunctions
└ @ SNNT.QueryGeneration ~/Dokumente/Projects/CPS/NN-Safety-via-dL/repos/NCubeV-Reinstall/src/QueryGeneration/Iterator.jl:420
┌ Warning: Make sure you are not using this option for non-mixed constraints!
└ @ SNNT.QueryGeneration ~/Dokumente/Projects/CPS/NN-Safety-via-dL/repos/NCubeV-Reinstall/src/QueryGeneration/Iterator.jl:421
┌ Warning: Generating independent linear disjunctions
└ @ SNNT.QueryGeneration ~/Dokumente/Projects/CPS/NN-Safety-via-dL/repos/NCubeV-Reinstall/src/QueryGeneration/Iterator.jl:420
┌ Warning: Make sure you are not using this option for non-mixed constraints!
└ @ SNNT.QueryGeneration ~/Dokumente/Projects/CPS/NN-Safety-via-dL/repos/NCubeV-Reinstall/src/QueryGeneration/Iterator.jl:421
┌ Warning: Generating independent linear disjunctions
└ @ SNNT.QueryGeneration ~/Dokumente/Projects/CPS/NN-Safety-via-dL/repos/NCubeV-Reinstall/src/QueryGeneration/Iterator.jl:420
┌ Warning: Make sure you are not using this option for non-mixed constraints!
└ @ SNNT.QueryGeneration ~/Dokumente/Projects/CPS/NN-Safety-via-dL/repos/NCubeV-Reinstall/src/QueryGeneration/Iterator.jl:421
┌ Warning: Generating independent linear disjunctions
└ @ SNNT.QueryGeneration ~/Dokumente/Projects/CPS/NN-Safety-via-dL/repos/NCubeV-Reinstall/src/QueryGeneration/Iterator.jl:420
┌ Warning: Make sure you are not using this option for non-mixed constraints!
└ @ SNNT.QueryGeneration ~/Dokumente/Projects/CPS/NN-Safety-via-dL/repos/NCubeV-Reinstall/src/QueryGeneration/Iterator.jl:421
┌ Warning: Generating independent linear disjunctions
└ @ SNNT.QueryGeneration ~/Dokumente/Projects/CPS/NN-Safety-via-dL/repos/NCubeV-Reinstall/src/QueryGeneration/Iterator.jl:420
┌ Warning: Make sure you are not using this option for non-mixed constraints!
└ @ SNNT.QueryGeneration ~/Dokumente/Projects/CPS/NN-Safety-via-dL/repos/NCubeV-Reinstall/src/QueryGeneration/Iterator.jl:421
┌ Warning: Generating independent linear disjunctions
└ @ SNNT.QueryGeneration ~/Dokumente/Projects/CPS/NN-Safety-via-dL/repos/NCubeV-Reinstall/src/QueryGeneration/Iterator.jl:420
┌ Warning: Make sure you are not using this option for non-mixed constraints!
└ @ SNNT.QueryGeneration ~/Dokumente/Projects/CPS/NN-Safety-via-dL/repos/NCubeV-Reinstall/src/QueryGeneration/Iterator.jl:421
┌ Warning: Generating independent linear disjunctions
└ @ SNNT.QueryGeneration ~/Dokumente/Projects/CPS/NN-Safety-via-dL/repos/NCubeV-Reinstall/src/QueryGeneration/Iterator.jl:420
┌ Warning: Make sure you are not using this option for non-mixed constraints!
└ @ SNNT.QueryGeneration ~/Dokumente/Projects/CPS/NN-Safety-via-dL/repos/NCubeV-Reinstall/src/QueryGeneration/Iterator.jl:421
┌ Warning: Generating independent linear disjunctions
└ @ SNNT.QueryGeneration ~/Dokumente/Projects/CPS/NN-Safety-via-dL/repos/NCubeV-Reinstall/src/QueryGeneration/Iterator.jl:420
┌ Warning: Make sure you are not using this option for non-mixed constraints!
└ @ SNNT.QueryGeneration ~/Dokumente/Projects/CPS/NN-Safety-via-dL/repos/NCubeV-Reinstall/src/QueryGeneration/Iterator.jl:421
┌ Warning: Generating independent linear disjunctions
└ @ SNNT.QueryGeneration ~/Dokumente/Projects/CPS/NN-Safety-via-dL/repos/NCubeV-Reinstall/src/QueryGeneration/Iterator.jl:420
┌ Warning: Make sure you are not using this option for non-mixed constraints!
└ @ SNNT.QueryGeneration ~/Dokumente/Projects/CPS/NN-Safety-via-dL/repos/NCubeV-Reinstall/src/QueryGeneration/Iterator.jl:421
┌ Warning: Generating independent linear disjunctions
└ @ SNNT.QueryGeneration ~/Dokumente/Projects/CPS/NN-Safety-via-dL/repos/NCubeV-Reinstall/src/QueryGeneration/Iterator.jl:420
┌ Warning: Make sure you are not using this option for non-mixed constraints!
└ @ SNNT.QueryGeneration ~/Dokumente/Projects/CPS/NN-Safety-via-dL/repos/NCubeV-Reinstall/src/QueryGeneration/Iterator.jl:421
┌ Warning: Generating independent linear disjunctions
└ @ SNNT.QueryGeneration ~/Dokumente/Projects/CPS/NN-Safety-via-dL/repos/NCubeV-Reinstall/src/QueryGeneration/Iterator.jl:420
┌ Warning: Make sure you are not using this option for non-mixed constraints!
└ @ SNNT.QueryGeneration ~/Dokumente/Projects/CPS/NN-Safety-via-dL/repos/NCubeV-Reinstall/src/QueryGeneration/Iterator.jl:421
┌ Warning: Generating independent linear disjunctions
└ @ SNNT.QueryGeneration ~/Dokumente/Projects/CPS/NN-Safety-via-dL/repos/NCubeV-Reinstall/src/QueryGeneration/Iterator.jl:420
┌ Warning: Make sure you are not using this option for non-mixed constraints!
└ @ SNNT.QueryGeneration ~/Dokumente/Projects/CPS/NN-Safety-via-dL/repos/NCubeV-Reinstall/src/QueryGeneration/Iterator.jl:421
┌ Warning: Generating independent linear disjunctions
└ @ SNNT.QueryGeneration ~/Dokumente/Projects/CPS/NN-Safety-via-dL/repos/NCubeV-Reinstall/src/QueryGeneration/Iterator.jl:420
┌ Warning: Make sure you are not using this option for non-mixed constraints!
└ @ SNNT.QueryGeneration ~/Dokumente/Projects/CPS/NN-Safety-via-dL/repos/NCubeV-Reinstall/src/QueryGeneration/Iterator.jl:421
┌ Warning: Generating independent linear disjunctions
└ @ SNNT.QueryGeneration ~/Dokumente/Projects/CPS/NN-Safety-via-dL/repos/NCubeV-Reinstall/src/QueryGeneration/Iterator.jl:420
┌ Warning: Make sure you are not using this option for non-mixed constraints!
└ @ SNNT.QueryGeneration ~/Dokumente/Projects/CPS/NN-Safety-via-dL/repos/NCubeV-Reinstall/src/QueryGeneration/Iterator.jl:421
┌ Warning: Generating independent linear disjunctions
└ @ SNNT.QueryGeneration ~/Dokumente/Projects/CPS/NN-Safety-via-dL/repos/NCubeV-Reinstall/src/QueryGeneration/Iterator.jl:420
┌ Warning: Make sure you are not using this option for non-mixed constraints!
└ @ SNNT.QueryGeneration ~/Dokumente/Projects/CPS/NN-Safety-via-dL/repos/NCubeV-Reinstall/src/QueryGeneration/Iterator.jl:421
┌ Warning: Generating independent linear disjunctions
└ @ SNNT.QueryGeneration ~/Dokumente/Projects/CPS/NN-Safety-via-dL/repos/NCubeV-Reinstall/src/QueryGeneration/Iterator.jl:420
┌ Warning: Make sure you are not using this option for non-mixed constraints!
└ @ SNNT.QueryGeneration ~/Dokumente/Projects/CPS/NN-Safety-via-dL/repos/NCubeV-Reinstall/src/QueryGeneration/Iterator.jl:421
┌ Warning: Generating independent linear disjunctions
└ @ SNNT.QueryGeneration ~/Dokumente/Projects/CPS/NN-Safety-via-dL/repos/NCubeV-Reinstall/src/QueryGeneration/Iterator.jl:420
┌ Warning: Make sure you are not using this option for non-mixed constraints!
└ @ SNNT.QueryGeneration ~/Dokumente/Projects/CPS/NN-Safety-via-dL/repos/NCubeV-Reinstall/src/QueryGeneration/Iterator.jl:421
┌ Warning: Generating independent linear disjunctions
└ @ SNNT.QueryGeneration ~/Dokumente/Projects/CPS/NN-Safety-via-dL/repos/NCubeV-Reinstall/src/QueryGeneration/Iterator.jl:420
┌ Warning: Make sure you are not using this option for non-mixed constraints!
└ @ SNNT.QueryGeneration ~/Dokumente/Projects/CPS/NN-Safety-via-dL/repos/NCubeV-Reinstall/src/QueryGeneration/Iterator.jl:421
┌ Warning: Generating independent linear disjunctions
└ @ SNNT.QueryGeneration ~/Dokumente/Projects/CPS/NN-Safety-via-dL/repos/NCubeV-Reinstall/src/QueryGeneration/Iterator.jl:420
┌ Warning: Make sure you are not using this option for non-mixed constraints!
└ @ SNNT.QueryGeneration ~/Dokumente/Projects/CPS/NN-Safety-via-dL/repos/NCubeV-Reinstall/src/QueryGeneration/Iterator.jl:421
┌ Warning: Generating independent linear disjunctions
└ @ SNNT.QueryGeneration ~/Dokumente/Projects/CPS/NN-Safety-via-dL/repos/NCubeV-Reinstall/src/QueryGeneration/Iterator.jl:420
┌ Warning: Make sure you are not using this option for non-mixed constraints!
└ @ SNNT.QueryGeneration ~/Dokumente/Projects/CPS/NN-Safety-via-dL/repos/NCubeV-Reinstall/src/QueryGeneration/Iterator.jl:421
┌ Warning: Generating independent linear disjunctions
└ @ SNNT.QueryGeneration ~/Dokumente/Projects/CPS/NN-Safety-via-dL/repos/NCubeV-Reinstall/src/QueryGeneration/Iterator.jl:420
┌ Warning: Make sure you are not using this option for non-mixed constraints!
└ @ SNNT.QueryGeneration ~/Dokumente/Projects/CPS/NN-Safety-via-dL/repos/NCubeV-Reinstall/src/QueryGeneration/Iterator.jl:421
┌ Warning: Generating independent linear disjunctions
└ @ SNNT.QueryGeneration ~/Dokumente/Projects/CPS/NN-Safety-via-dL/repos/NCubeV-Reinstall/src/QueryGeneration/Iterator.jl:420
┌ Warning: Make sure you are not using this option for non-mixed constraints!
└ @ SNNT.QueryGeneration ~/Dokumente/Projects/CPS/NN-Safety-via-dL/repos/NCubeV-Reinstall/src/QueryGeneration/Iterator.jl:421
┌ Warning: Generating independent linear disjunctions
└ @ SNNT.QueryGeneration ~/Dokumente/Projects/CPS/NN-Safety-via-dL/repos/NCubeV-Reinstall/src/QueryGeneration/Iterator.jl:420
┌ Warning: Make sure you are not using this option for non-mixed constraints!
└ @ SNNT.QueryGeneration ~/Dokumente/Projects/CPS/NN-Safety-via-dL/repos/NCubeV-Reinstall/src/QueryGeneration/Iterator.jl:421
┌ Warning: Generating independent linear disjunctions
└ @ SNNT.QueryGeneration ~/Dokumente/Projects/CPS/NN-Safety-via-dL/repos/NCubeV-Reinstall/src/QueryGeneration/Iterator.jl:420
┌ Warning: Make sure you are not using this option for non-mixed constraints!
└ @ SNNT.QueryGeneration ~/Dokumente/Projects/CPS/NN-Safety-via-dL/repos/NCubeV-Reinstall/src/QueryGeneration/Iterator.jl:421
┌ Warning: Generating independent linear disjunctions
└ @ SNNT.QueryGeneration ~/Dokumente/Projects/CPS/NN-Safety-via-dL/repos/NCubeV-Reinstall/src/QueryGeneration/Iterator.jl:420
┌ Warning: Make sure you are not using this option for non-mixed constraints!
└ @ SNNT.QueryGeneration ~/Dokumente/Projects/CPS/NN-Safety-via-dL/repos/NCubeV-Reinstall/src/QueryGeneration/Iterator.jl:421
┌ Warning: Generating independent linear disjunctions
└ @ SNNT.QueryGeneration ~/Dokumente/Projects/CPS/NN-Safety-via-dL/repos/NCubeV-Reinstall/src/QueryGeneration/Iterator.jl:420
┌ Warning: Make sure you are not using this option for non-mixed constraints!
└ @ SNNT.QueryGeneration ~/Dokumente/Projects/CPS/NN-Safety-via-dL/repos/NCubeV-Reinstall/src/QueryGeneration/Iterator.jl:421
┌ Warning: Generating independent linear disjunctions
└ @ SNNT.QueryGeneration ~/Dokumente/Projects/CPS/NN-Safety-via-dL/repos/NCubeV-Reinstall/src/QueryGeneration/Iterator.jl:420
┌ Warning: Make sure you are not using this option for non-mixed constraints!
└ @ SNNT.QueryGeneration ~/Dokumente/Projects/CPS/NN-Safety-via-dL/repos/NCubeV-Reinstall/src/QueryGeneration/Iterator.jl:421
┌ Warning: Generating independent linear disjunctions
└ @ SNNT.QueryGeneration ~/Dokumente/Projects/CPS/NN-Safety-via-dL/repos/NCubeV-Reinstall/src/QueryGeneration/Iterator.jl:420
┌ Warning: Make sure you are not using this option for non-mixed constraints!
└ @ SNNT.QueryGeneration ~/Dokumente/Projects/CPS/NN-Safety-via-dL/repos/NCubeV-Reinstall/src/QueryGeneration/Iterator.jl:421
┌ Warning: Generating independent linear disjunctions
└ @ SNNT.QueryGeneration ~/Dokumente/Projects/CPS/NN-Safety-via-dL/repos/NCubeV-Reinstall/src/QueryGeneration/Iterator.jl:420
┌ Warning: Make sure you are not using this option for non-mixed constraints!
└ @ SNNT.QueryGeneration ~/Dokumente/Projects/CPS/NN-Safety-via-dL/repos/NCubeV-Reinstall/src/QueryGeneration/Iterator.jl:421
┌ Warning: Generating independent linear disjunctions
└ @ SNNT.QueryGeneration ~/Dokumente/Projects/CPS/NN-Safety-via-dL/repos/NCubeV-Reinstall/src/QueryGeneration/Iterator.jl:420
┌ Warning: Make sure you are not using this option for non-mixed constraints!
└ @ SNNT.QueryGeneration ~/Dokumente/Projects/CPS/NN-Safety-via-dL/repos/NCubeV-Reinstall/src/QueryGeneration/Iterator.jl:421
┌ Warning: Generating independent linear disjunctions
└ @ SNNT.QueryGeneration ~/Dokumente/Projects/CPS/NN-Safety-via-dL/repos/NCubeV-Reinstall/src/QueryGeneration/Iterator.jl:420
┌ Warning: Make sure you are not using this option for non-mixed constraints!
└ @ SNNT.QueryGeneration ~/Dokumente/Projects/CPS/NN-Safety-via-dL/repos/NCubeV-Reinstall/src/QueryGeneration/Iterator.jl:421
┌ Warning: Generating independent linear disjunctions
└ @ SNNT.QueryGeneration ~/Dokumente/Projects/CPS/NN-Safety-via-dL/repos/NCubeV-Reinstall/src/QueryGeneration/Iterator.jl:420
┌ Warning: Make sure you are not using this option for non-mixed constraints!
└ @ SNNT.QueryGeneration ~/Dokumente/Projects/CPS/NN-Safety-via-dL/repos/NCubeV-Reinstall/src/QueryGeneration/Iterator.jl:421
┌ Warning: Generating independent linear disjunctions
└ @ SNNT.QueryGeneration ~/Dokumente/Projects/CPS/NN-Safety-via-dL/repos/NCubeV-Reinstall/src/QueryGeneration/Iterator.jl:420
┌ Warning: Make sure you are not using this option for non-mixed constraints!
└ @ SNNT.QueryGeneration ~/Dokumente/Projects/CPS/NN-Safety-via-dL/repos/NCubeV-Reinstall/src/QueryGeneration/Iterator.jl:421
┌ Warning: Generating independent linear disjunctions
└ @ SNNT.QueryGeneration ~/Dokumente/Projects/CPS/NN-Safety-via-dL/repos/NCubeV-Reinstall/src/QueryGeneration/Iterator.jl:420
┌ Warning: Make sure you are not using this option for non-mixed constraints!
└ @ SNNT.QueryGeneration ~/Dokumente/Projects/CPS/NN-Safety-via-dL/repos/NCubeV-Reinstall/src/QueryGeneration/Iterator.jl:421
┌ Warning: Generating independent linear disjunctions
└ @ SNNT.QueryGeneration ~/Dokumente/Projects/CPS/NN-Safety-via-dL/repos/NCubeV-Reinstall/src/QueryGeneration/Iterator.jl:420
┌ Warning: Make sure you are not using this option for non-mixed constraints!
└ @ SNNT.QueryGeneration ~/Dokumente/Projects/CPS/NN-Safety-via-dL/repos/NCubeV-Reinstall/src/QueryGeneration/Iterator.jl:421
┌ Warning: Generating independent linear disjunctions
└ @ SNNT.QueryGeneration ~/Dokumente/Projects/CPS/NN-Safety-via-dL/repos/NCubeV-Reinstall/src/QueryGeneration/Iterator.jl:420
┌ Warning: Make sure you are not using this option for non-mixed constraints!
└ @ SNNT.QueryGeneration ~/Dokumente/Projects/CPS/NN-Safety-via-dL/repos/NCubeV-Reinstall/src/QueryGeneration/Iterator.jl:421
┌ Warning: Generating independent linear disjunctions
└ @ SNNT.QueryGeneration ~/Dokumente/Projects/CPS/NN-Safety-via-dL/repos/NCubeV-Reinstall/src/QueryGeneration/Iterator.jl:420
┌ Warning: Make sure you are not using this option for non-mixed constraints!
└ @ SNNT.QueryGeneration ~/Dokumente/Projects/CPS/NN-Safety-via-dL/repos/NCubeV-Reinstall/src/QueryGeneration/Iterator.jl:421
┌ Warning: Generating independent linear disjunctions
└ @ SNNT.QueryGeneration ~/Dokumente/Projects/CPS/NN-Safety-via-dL/repos/NCubeV-Reinstall/src/QueryGeneration/Iterator.jl:420
┌ Warning: Make sure you are not using this option for non-mixed constraints!
└ @ SNNT.QueryGeneration ~/Dokumente/Projects/CPS/NN-Safety-via-dL/repos/NCubeV-Reinstall/src/QueryGeneration/Iterator.jl:421
[QUERY] Looking for nonlinear input combinations...
[QUERY] Found all non-linear combinations. Count: 1
[QUERY] Returning nonlinear disjunction
[CTRL] Considering conjunction with 42 input constraints and a disjunction of size 6
[APPROX] Checking cache: SNNT.Approx.ApproxCacheObject[]
[APPROX] Constructing Approximation
[APPROX] Resolving approximation
[CTRL] Initiating iterator over current linear queries
[APPROX] # Conjunctions over output: 6
[CTRL] Processing linear query no. 166
[NNENUM] Running nnenum now...
[NNENUM] lb: [0.0062499999999999995, -0.4999999701976776, 5.000000171712609e-6, -0.3499999940395355, -0.005, -0.005, -0.005, -0.005, -0.005, -0.005, -0.005, -0.005, -0.005]
[NNENUM] ub: [0.5, -0.33623147889292704, 5.000000171712609e-6, -0.21079675705898798, 0.004999999999999999, 0.004999999999999999, 0.004999999999999999, 0.004999999999999999, 0.004999999999999999, 0.004999999999999999, 0.004999999999999999, 0.004999999999999999, 0.004999999999999999]
[NNENUM] Creating LP Star...
[NNENUM] Checking feasibility
[NNENUM] Generating output Spec...
[NNENUM] Spec list length:  6
[NNENUM] Enumeration in progress... 
(0.1 sec) Q: 0, Sets: 0/1  (0.0%) CEs: 0 ETA: - (expected 1 stars)   
(0.2 sec) Q: 0, Sets: 2/5  (31.25%) CEs: 0 ETA: 0.4 sec (expected 6 stars)   

Total Stars: 10 (3 exact, 7 approx)
Unfinished Stars: 0
Runtime: 0.2 sec
Completed work frac: 1.0
Num Stars Copied Between Processes: 0
Num Lps During Enumeration: 196
Total Num Lps: 196

Result: network is SAFE

[NNENUM] Result: 
<nnenum.result.Result object at 0x7159136e8820>
[NNENUM] Enumeration finished.
safe
[NNENUM] Found counter-example stars: 0
[NNENUM] Filtering result using SMT solver...
[SMT] SMT filtered out 0 stars (out of 0; TO: 0).
[QUERY] Looking for nonlinear input combinations...
[QUERY] Found all non-linear combinations. Count: 1
[QUERY] Returning nonlinear disjunction
[CTRL] Considering conjunction with 42 input constraints and a disjunction of size 6
[APPROX] Checking cache: SNNT.Approx.ApproxCacheObject[]
[APPROX] Constructing Approximation
[APPROX] Resolving approximation
[CTRL] Initiating iterator over current linear queries
[APPROX] # Conjunctions over output: 6
[CTRL] Processing linear query no. 167
[NNENUM] Running nnenum now...
[NNENUM] lb: [0.0062499999999999995, -0.33623147889292704, 5.000000171712609e-6, -0.3499999940395355, -0.005, -0.005, -0.005, -0.005, -0.005, -0.005, -0.005, -0.005, -0.005]
[NNENUM] ub: [0.5, -0.18296763576522218, 5.000000171712609e-6, -0.21079675705898798, 0.004999999999999999, 0.004999999999999999, 0.004999999999999999, 0.004999999999999999, 0.004999999999999999, 0.004999999999999999, 0.004999999999999999, 0.004999999999999999, 0.004999999999999999]
[NNENUM] Creating LP Star...
[NNENUM] Checking feasibility
[NNENUM] Generating output Spec...
[NNENUM] Spec list length:  6
[NNENUM] Enumeration in progress... 
(0.2 sec) Q: 0, Sets: 0/1  (0.0%) CEs: 0 ETA: - (expected 1 stars)   
(0.3 sec) Q: 0, Sets: 0/2  (0.0%) CEs: 0 ETA: - (expected 1 stars)   
(0.4 sec) Q: 0, Sets: 3/6  (18.75%) CEs: 0 ETA: 1.6 sec (expected 16 stars)   (0.5 sec) Q: 0, Sets: 7/10  (42.188%) CEs: 0 ETA: 0.7 sec (expected 17 stars)   
(0.7 sec) Q: 0, Sets: 8/10  (43.75%) CEs: 0 ETA: 0.9 sec (expected 18 stars)   (0.8 sec) Q: 0, Sets: 13/15  (75.0%) CEs: 0 ETA: 0.3 sec (expected 17 stars)   (0.9 sec) Q: 0, Sets: 16/18  (84.375%) CEs: 0 ETA: 0.2 sec (expected 19 stars)   (1.0 sec) Q: 0, Sets: 16/18  (84.375%) CEs: 0 ETA: 0.2 sec (expected 19 stars)   

Total Stars: 20 (1 exact, 19 approx)
Unfinished Stars: 0
Runtime: 1.1 sec
Completed work frac: 1.0
Num Stars Copied Between Processes: 0
Num Lps During Enumeration: 29
Total Num Lps: 29

Result: network is SAFE

[NNENUM] Result: 
<nnenum.result.Result object at 0x7159136f0250>
[NNENUM] Enumeration finished.
safe
[NNENUM] Found counter-example stars: 0
[NNENUM] Filtering result using SMT solver...
[SMT] SMT filtered out 0 stars (out of 0; TO: 0).
[QUERY] Looking for nonlinear input combinations...
[QUERY] Found all non-linear combinations. Count: 1
[QUERY] Returning nonlinear disjunction
[CTRL] Considering conjunction with 42 input constraints and a disjunction of size 6
[APPROX] Checking cache: SNNT.Approx.ApproxCacheObject[]
[APPROX] Constructing Approximation
[APPROX] Resolving approximation
[CTRL] Initiating iterator over current linear queries
[APPROX] # Conjunctions over output: 6
[CTRL] Processing linear query no. 168
[NNENUM] Running nnenum now...
[NNENUM] lb: [0.0062499999999999995, -0.33623147889292704, 5.000000171712609e-6, -0.3499999940395355, -0.005, -0.005, -0.005, -0.005, -0.005, -0.005, -0.005, -0.005, -0.005]
[NNENUM] ub: [0.5, -0.18296763576522218, 5.000000171712609e-6, -0.21079675705898798, 0.004999999999999999, 0.004999999999999999, 0.004999999999999999, 0.004999999999999999, 0.004999999999999999, 0.004999999999999999, 0.004999999999999999, 0.004999999999999999, 0.004999999999999999]
[NNENUM] Creating LP Star...
[NNENUM] Checking feasibility
[NNENUM] Generating output Spec...
[NNENUM] Spec list length:  6
[NNENUM] Enumeration in progress... 
(0.2 sec) Q: 0, Sets: 0/1  (0.0%) CEs: 0 ETA: - (expected 1 stars)   
(0.3 sec) Q: 0, Sets: 3/5  (50.0%) CEs: 0 ETA: 0.3 sec (expected 6 stars)   
(0.4 sec) Q: 0, Sets: 7/11  (75.0%) CEs: 0 ETA: 0.1 sec (expected 9 stars)   (0.6 sec) Q: 0, Sets: 12/15  (83.594%) CEs: 0 ETA: 0.1 sec (expected 14 stars)   
(0.7 sec) Q: 0, Sets: 14/16  (87.5%) CEs: 0 ETA: 0.1 sec (expected 16 stars)   
Total Stars: 17 (0 exact, 17 approx)
Unfinished Stars: 0
Runtime: 0.8 sec
Completed work frac: 1.0
Num Stars Copied Between Processes: 0
Num Lps During Enumeration: 0
Total Num Lps: 0

Result: network is SAFE

[NNENUM] Result: 
<nnenum.result.Result object at 0x7159136e2b80>
[NNENUM] Enumeration finished.
safe
[NNENUM] Found counter-example stars: 0
[NNENUM] Filtering result using SMT solver...
[SMT] SMT filtered out 0 stars (out of 0; TO: 0).
[QUERY] Looking for nonlinear input combinations...
[QUERY] Found all non-linear combinations. Count: 1
[QUERY] Returning nonlinear disjunction
[CTRL] Considering conjunction with 42 input constraints and a disjunction of size 6
[APPROX] Checking cache: SNNT.Approx.ApproxCacheObject[]
[APPROX] Constructing Approximation
[APPROX] Resolving approximation
[CTRL] Initiating iterator over current linear queries
[APPROX] # Conjunctions over output: 6
[CTRL] Processing linear query no. 169
[NNENUM] Running nnenum now...
[NNENUM] lb: [0.0062499999999999995, -0.33623147889292704, 5.000000171712609e-6, -0.3499999940395355, -0.005, -0.005, -0.005, -0.005, -0.005, -0.005, -0.005, -0.005, -0.005]
[NNENUM] ub: [0.5, -0.18296763576522218, 5.000000171712609e-6, -0.21079675705898798, 0.004999999999999999, 0.004999999999999999, 0.004999999999999999, 0.004999999999999999, 0.004999999999999999, 0.004999999999999999, 0.004999999999999999, 0.004999999999999999, 0.004999999999999999]
[NNENUM] Creating LP Star...
[NNENUM] Checking feasibility
[NNENUM] Generating output Spec...
[NNENUM] Spec list length:  6
[NNENUM] Enumeration in progress... 
(0.1 sec) Q: 0, Sets: 0/1  (0.0%) CEs: 0 ETA: - (expected 1 stars)   
(0.3 sec) Q: 0, Sets: 5/10  (7.812%) CEs: 0 ETA: 3.0 sec (expected 64 stars)   
(0.4 sec) Q: 0, Sets: 8/13  (14.062%) CEs: 0 ETA: 2.2 sec (expected 57 stars)   (0.5 sec) Q: 0, Sets: 13/16  (18.75%) CEs: 0 ETA: 2.0 sec (expected 69 stars)   
(0.6 sec) Q: 0, Sets: 18/22  (32.812%) CEs: 0 ETA: 1.2 sec (expected 55 stars)   (0.7 sec) Q: 0, Sets: 22/28  (50.781%) CEs: 0 ETA: 0.7 sec (expected 43 stars)   (0.8 sec) Q: 0, Sets: 24/29  (52.344%) CEs: 0 ETA: 0.7 sec (expected 46 stars)   (0.9 sec) Q: 0, Sets: 30/32  (75.0%) CEs: 0 ETA: 0.3 sec (expected 40 stars)   
(1.0 sec) Q: 0, Sets: 33/38  (78.516%) CEs: 0 ETA: 0.3 sec (expected 42 stars)   (1.2 sec) Q: 0, Sets: 35/38  (79.688%) CEs: 0 ETA: 0.3 sec (expected 44 stars)   (1.3 sec) Q: 0, Sets: 39/42  (83.984%) CEs: 0 ETA: 0.2 sec (expected 46 stars)   (1.4 sec) Q: 0, Sets: 41/44  (85.156%) CEs: 0 ETA: 0.2 sec (expected 48 stars)   (1.5 sec) Q: 0, Sets: 43/45  (87.5%) CEs: 0 ETA: 0.2 sec (expected 49 stars)   (1.6 sec) Q: 0, Sets: 46/48  (93.75%) CEs: 0 ETA: 0.1 sec (expected 49 stars)   (1.7 sec) Q: 0, Sets: 50/52  (96.875%) CEs: 0 ETA: 0.1 sec (expected 52 stars)   
Total Stars: 53 (1 exact, 52 approx)
Unfinished Stars: 0
Runtime: 1.7 sec
Completed work frac: 1.0
Num Stars Copied Between Processes: 0
Num Lps During Enumeration: 9
Total Num Lps: 9

Result: network is SAFE

[NNENUM] Result: 
<nnenum.result.Result object at 0x715913cc3fa0>
[NNENUM] Enumeration finished.
safe
[NNENUM] Found counter-example stars: 0
[NNENUM] Filtering result using SMT solver...
[SMT] SMT filtered out 0 stars (out of 0; TO: 0).
[QUERY] Looking for nonlinear input combinations...
[QUERY] Found all non-linear combinations. Count: 1
[QUERY] Returning nonlinear disjunction
[CTRL] Considering conjunction with 42 input constraints and a disjunction of size 6
[APPROX] Checking cache: SNNT.Approx.ApproxCacheObject[]
[APPROX] Constructing Approximation
[APPROX] Resolving approximation
[CTRL] Initiating iterator over current linear queries
[APPROX] # Conjunctions over output: 6
[CTRL] Processing linear query no. 170
[NNENUM] Running nnenum now...
[NNENUM] lb: [0.0062499999999999995, -0.4999999701976776, 5.000000171712609e-6, -0.3499999940395355, -0.005, -0.005, -0.005, -0.005, -0.005, -0.005, -0.005, -0.005, -0.005]
[NNENUM] ub: [0.5, -0.33623147889292704, 5.000000171712609e-6, -0.21079675705898798, 0.004999999999999999, 0.004999999999999999, 0.004999999999999999, 0.004999999999999999, 0.004999999999999999, 0.004999999999999999, 0.004999999999999999, 0.004999999999999999, 0.004999999999999999]
[NNENUM] Creating LP Star...
[NNENUM] Checking feasibility
[NNENUM] Generating output Spec...
[NNENUM] Spec list length:  6
[NNENUM] Enumeration in progress... 
(0.1 sec) Q: 0, Sets: 0/1  (0.0%) CEs: 0 ETA: - (expected 1 stars)   
(0.2 sec) Q: 0, Sets: 3/6  (31.25%) CEs: 0 ETA: 0.5 sec (expected 10 stars)   
(0.4 sec) Q: 0, Sets: 5/7  (50.0%) CEs: 0 ETA: 0.4 sec (expected 10 stars)   (0.5 sec) Q: 0, Sets: 10/13  (79.688%) CEs: 0 ETA: 0.1 sec (expected 13 stars)   
(0.6 sec) Q: 0, Sets: 17/19  (84.375%) CEs: 0 ETA: 0.1 sec (expected 20 stars)   (0.7 sec) Q: 0, Sets: 25/25  (100.0%) CEs: 0 ETA: 0.0 sec (expected 25 stars)   
Total Stars: 25 (0 exact, 25 approx)
Unfinished Stars: 0
Runtime: 0.7 sec
Completed work frac: 1.0
Num Stars Copied Between Processes: 0
Num Lps During Enumeration: 0
Total Num Lps: 0

Result: network is SAFE

[NNENUM] Result: 
<nnenum.result.Result object at 0x715913cc3400>
[NNENUM] Enumeration finished.
safe
[NNENUM] Found counter-example stars: 0
[NNENUM] Filtering result using SMT solver...
[SMT] SMT filtered out 0 stars (out of 0; TO: 0).
[QUERY] Looking for nonlinear input combinations...
[QUERY] Found all non-linear combinations. Count: 1
[QUERY] Returning nonlinear disjunction
[CTRL] Considering conjunction with 42 input constraints and a disjunction of size 6
[APPROX] Checking cache: SNNT.Approx.ApproxCacheObject[]
[APPROX] Constructing Approximation
[APPROX] Resolving approximation
[CTRL] Initiating iterator over current linear queries
[APPROX] # Conjunctions over output: 6
[CTRL] Processing linear query no. 171
[NNENUM] Running nnenum now...
[NNENUM] lb: [0.0062499999999999995, -0.4999999701976776, 5.000000171712609e-6, -0.3499999940395355, -0.005, -0.005, -0.005, -0.005, -0.005, -0.005, -0.005, -0.005, -0.005]
[NNENUM] ub: [0.5, -0.33623147889292704, 5.000000171712609e-6, -0.21079675705898798, 0.004999999999999999, 0.004999999999999999, 0.004999999999999999, 0.004999999999999999, 0.004999999999999999, 0.004999999999999999, 0.004999999999999999, 0.004999999999999999, 0.004999999999999999]
[NNENUM] Creating LP Star...
[NNENUM] Checking feasibility
[NNENUM] Generating output Spec...
[NNENUM] Spec list length:  6
[NNENUM] Enumeration in progress... 
(0.1 sec) Q: 0, Sets: 0/1  (0.0%) CEs: 0 ETA: - (expected 1 stars)   
(0.2 sec) Q: 0, Sets: 2/6  (37.5%) CEs: 0 ETA: 0.4 sec (expected 5 stars)   
(0.3 sec) Q: 0, Sets: 13/13  (100.0%) CEs: 0 ETA: 0.0 sec (expected 13 stars)   
Total Stars: 13 (3 exact, 10 approx)
Unfinished Stars: 0
Runtime: 0.3 sec
Completed work frac: 1.0
Num Stars Copied Between Processes: 0
Num Lps During Enumeration: 74
Total Num Lps: 74

Result: network is SAFE

[NNENUM] Result: 
<nnenum.result.Result object at 0x7159136c8f70>
[NNENUM] Enumeration finished.
safe
[NNENUM] Found counter-example stars: 0
[NNENUM] Filtering result using SMT solver...
[SMT] SMT filtered out 0 stars (out of 0; TO: 0).
[QUERY] Looking for nonlinear input combinations...
[QUERY] Found all non-linear combinations. Count: 1
[QUERY] Returning nonlinear disjunction
[CTRL] Considering conjunction with 42 input constraints and a disjunction of size 6
[APPROX] Checking cache: SNNT.Approx.ApproxCacheObject[]
[APPROX] Constructing Approximation
[APPROX] Resolving approximation
[CTRL] Initiating iterator over current linear queries
[APPROX] # Conjunctions over output: 6
[CTRL] Processing linear query no. 172
[NNENUM] Running nnenum now...
[NNENUM] lb: [0.0062499999999999995, -0.4999999701976776, 5.000000171712609e-6, -0.3499999940395355, -0.005, -0.005, -0.005, -0.005, -0.005, -0.005, -0.005, -0.005, -0.005]
[NNENUM] ub: [0.5, -0.33623147889292704, 5.000000171712609e-6, -0.21079675705898798, 0.004999999999999999, 0.004999999999999999, 0.004999999999999999, 0.004999999999999999, 0.004999999999999999, 0.004999999999999999, 0.004999999999999999, 0.004999999999999999, 0.004999999999999999]
[NNENUM] Creating LP Star...
[NNENUM] Checking feasibility
[NNENUM] Generating output Spec...
[NNENUM] Spec list length:  6
[NNENUM] Enumeration in progress... 
(0.1 sec) Q: 0, Sets: 0/1  (0.0%) CEs: 0 ETA: - (expected 1 stars)   
(0.2 sec) Q: 0, Sets: 3/6  (18.75%) CEs: 0 ETA: 0.9 sec (expected 16 stars)   

Total Stars: 10 (2 exact, 8 approx)
Unfinished Stars: 0
Runtime: 0.2 sec
Completed work frac: 1.0
Num Stars Copied Between Processes: 0
Num Lps During Enumeration: 72
Total Num Lps: 72

Result: network is SAFE

[NNENUM] Result: 
<nnenum.result.Result object at 0x7159136c1b50>
[NNENUM] Enumeration finished.
safe
[NNENUM] Found counter-example stars: 0
[NNENUM] Filtering result using SMT solver...
[SMT] SMT filtered out 0 stars (out of 0; TO: 0).
[QUERY] Looking for nonlinear input combinations...
[QUERY] Found all non-linear combinations. Count: 1
[QUERY] Returning nonlinear disjunction
[CTRL] Considering conjunction with 42 input constraints and a disjunction of size 6
[APPROX] Checking cache: SNNT.Approx.ApproxCacheObject[]
[APPROX] Constructing Approximation
[APPROX] Resolving approximation
[CTRL] Initiating iterator over current linear queries
[APPROX] # Conjunctions over output: 6
[CTRL] Processing linear query no. 173
[NNENUM] Running nnenum now...
[NNENUM] lb: [0.0062499999999999995, -0.4999999701976776, 5.000000171712609e-6, -0.3499999940395355, -0.005, -0.005, -0.005, -0.005, -0.005, -0.005, -0.005, -0.005, -0.005]
[NNENUM] ub: [0.5, -0.33623147889292704, 5.000000171712609e-6, -0.21079675705898798, 0.004999999999999999, 0.004999999999999999, 0.004999999999999999, 0.004999999999999999, 0.004999999999999999, 0.004999999999999999, 0.004999999999999999, 0.004999999999999999, 0.004999999999999999]
[NNENUM] Creating LP Star...
[NNENUM] Checking feasibility
[NNENUM] Generating output Spec...
[NNENUM] Spec list length:  6
[NNENUM] Enumeration in progress... 
(0.2 sec) Q: 0, Sets: 0/1  (0.0%) CEs: 0 ETA: - (expected 1 stars)   

Total Stars: 3 (0 exact, 3 approx)
Unfinished Stars: 0
Runtime: 0.3 sec
Completed work frac: 1.0
Num Stars Copied Between Processes: 0
Num Lps During Enumeration: 0
Total Num Lps: 0

Result: network is SAFE

[NNENUM] Result: 
<nnenum.result.Result object at 0x7159140a9310>
[NNENUM] Enumeration finished.
safe
[NNENUM] Found counter-example stars: 0
[NNENUM] Filtering result using SMT solver...
[SMT] SMT filtered out 0 stars (out of 0; TO: 0).
[QUERY] Looking for nonlinear input combinations...
[QUERY] Found all non-linear combinations. Count: 1
[QUERY] Returning nonlinear disjunction
[CTRL] Considering conjunction with 42 input constraints and a disjunction of size 6
[APPROX] Checking cache: SNNT.Approx.ApproxCacheObject[]
[APPROX] Constructing Approximation
[APPROX] Resolving approximation
[CTRL] Initiating iterator over current linear queries
[APPROX] # Conjunctions over output: 6
[CTRL] Processing linear query no. 174
[NNENUM] Running nnenum now...
[NNENUM] lb: [0.0062499999999999995, -0.4999999701976776, 5.000000171712609e-6, -0.3499999940395355, -0.005, -0.005, -0.005, -0.005, -0.005, -0.005, -0.005, -0.005, -0.005]
[NNENUM] ub: [0.5, -0.33623147889292704, 5.000000171712609e-6, -0.21079675705898798, 0.004999999999999999, 0.004999999999999999, 0.004999999999999999, 0.004999999999999999, 0.004999999999999999, 0.004999999999999999, 0.004999999999999999, 0.004999999999999999, 0.004999999999999999]
[NNENUM] Creating LP Star...
[NNENUM] Checking feasibility
[NNENUM] Generating output Spec...
[NNENUM] Spec list length:  6
[NNENUM] Enumeration in progress... 
(0.1 sec) Q: 0, Sets: 0/1  (0.0%) CEs: 0 ETA: - (expected 1 stars)   

Total Stars: 7 (2 exact, 5 approx)
Unfinished Stars: 0
Runtime: 0.2 sec
Completed work frac: 1.0
Num Stars Copied Between Processes: 0
Num Lps During Enumeration: 47
Total Num Lps: 47

Result: network is SAFE

[NNENUM] Result: 
<nnenum.result.Result object at 0x715913ce1df0>
[NNENUM] Enumeration finished.
safe
[NNENUM] Found counter-example stars: 0
[NNENUM] Filtering result using SMT solver...
[SMT] SMT filtered out 0 stars (out of 0; TO: 0).
[QUERY] Looking for nonlinear input combinations...
[QUERY] Found all non-linear combinations. Count: 1
[QUERY] Returning nonlinear disjunction
[CTRL] Considering conjunction with 42 input constraints and a disjunction of size 6
[APPROX] Checking cache: SNNT.Approx.ApproxCacheObject[]
[APPROX] Constructing Approximation
[APPROX] Resolving approximation
[CTRL] Initiating iterator over current linear queries
[APPROX] # Conjunctions over output: 6
[CTRL] Processing linear query no. 175
[NNENUM] Running nnenum now...
[NNENUM] lb: [0.0062499999999999995, -0.4999999701976776, 5.000000171712609e-6, -0.3499999940395355, -0.005, -0.005, -0.005, -0.005, -0.005, -0.005, -0.005, -0.005, -0.005]
[NNENUM] ub: [0.5, -0.33623147889292704, 5.000000171712609e-6, -0.21079675705898798, 0.004999999999999999, 0.004999999999999999, 0.004999999999999999, 0.004999999999999999, 0.004999999999999999, 0.004999999999999999, 0.004999999999999999, 0.004999999999999999, 0.004999999999999999]
[NNENUM] Creating LP Star...
[NNENUM] Checking feasibility
[NNENUM] Generating output Spec...
[NNENUM] Spec list length:  6
[NNENUM] Enumeration in progress... 
(0.1 sec) Q: 0, Sets: 0/1  (0.0%) CEs: 0 ETA: - (expected 1 stars)   
(0.2 sec) Q: 0, Sets: 0/2  (0.0%) CEs: 0 ETA: - (expected 1 stars)   

Total Stars: 2 (2 exact, 0 approx)
Unfinished Stars: 0
Runtime: 0.2 sec
Completed work frac: 1.0
Num Stars Copied Between Processes: 0
Num Lps During Enumeration: 113
Total Num Lps: 113

Result: network is SAFE

[NNENUM] Result: 
<nnenum.result.Result object at 0x7159136ec5e0>
[NNENUM] Enumeration finished.
safe
[NNENUM] Found counter-example stars: 0
[NNENUM] Filtering result using SMT solver...
[SMT] SMT filtered out 0 stars (out of 0; TO: 0).
[QUERY] Looking for nonlinear input combinations...
[QUERY] Found all non-linear combinations. Count: 1
[QUERY] Returning nonlinear disjunction
[CTRL] Considering conjunction with 42 input constraints and a disjunction of size 6
[APPROX] Checking cache: SNNT.Approx.ApproxCacheObject[]
[APPROX] Constructing Approximation
[APPROX] Resolving approximation
[CTRL] Initiating iterator over current linear queries
[APPROX] # Conjunctions over output: 6
[CTRL] Processing linear query no. 176
[NNENUM] Running nnenum now...
[NNENUM] lb: [0.0062499999999999995, -0.33623147889292704, 5.000000171712609e-6, -0.3499999940395355, -0.005, -0.005, -0.005, -0.005, -0.005, -0.005, -0.005, -0.005, -0.005]
[NNENUM] ub: [0.5, -0.18296763576522218, 5.000000171712609e-6, -0.21079675705898798, 0.004999999999999999, 0.004999999999999999, 0.004999999999999999, 0.004999999999999999, 0.004999999999999999, 0.004999999999999999, 0.004999999999999999, 0.004999999999999999, 0.004999999999999999]
[NNENUM] Creating LP Star...
[NNENUM] Checking feasibility
[NNENUM] Generating output Spec...
[NNENUM] Spec list length:  6
[NNENUM] Enumeration in progress... 
(0.1 sec) Q: 0, Sets: 0/1  (0.0%) CEs: 0 ETA: - (expected 1 stars)   
(0.2 sec) Q: 0, Sets: 3/5  (37.5%) CEs: 0 ETA: 0.3 sec (expected 8 stars)   
(0.3 sec) Q: 0, Sets: 9/11  (81.25%) CEs: 0 ETA: 0.1 sec (expected 11 stars)   
Total Stars: 13 (0 exact, 13 approx)
Unfinished Stars: 0
Runtime: 0.4 sec
Completed work frac: 1.0
Num Stars Copied Between Processes: 0
Num Lps During Enumeration: 0
Total Num Lps: 0

Result: network is SAFE

[NNENUM] Result: 
<nnenum.result.Result object at 0x715913cc34c0>
[NNENUM] Enumeration finished.
safe
[NNENUM] Found counter-example stars: 0
[NNENUM] Filtering result using SMT solver...
[SMT] SMT filtered out 0 stars (out of 0; TO: 0).
[QUERY] Looking for nonlinear input combinations...
[QUERY] Found all non-linear combinations. Count: 1
[QUERY] Returning nonlinear disjunction
[CTRL] Considering conjunction with 42 input constraints and a disjunction of size 6
[APPROX] Checking cache: SNNT.Approx.ApproxCacheObject[]
[APPROX] Constructing Approximation
[APPROX] Resolving approximation
[CTRL] Initiating iterator over current linear queries
[APPROX] # Conjunctions over output: 6
[CTRL] Processing linear query no. 177
[NNENUM] Running nnenum now...
[NNENUM] lb: [0.0062499999999999995, -0.33623147889292704, 5.000000171712609e-6, -0.3499999940395355, -0.005, -0.005, -0.005, -0.005, -0.005, -0.005, -0.005, -0.005, -0.005]
[NNENUM] ub: [0.5, -0.18296763576522218, 5.000000171712609e-6, -0.21079675705898798, 0.004999999999999999, 0.004999999999999999, 0.004999999999999999, 0.004999999999999999, 0.004999999999999999, 0.004999999999999999, 0.004999999999999999, 0.004999999999999999, 0.004999999999999999]
[NNENUM] Creating LP Star...
[NNENUM] Checking feasibility
[NNENUM] Generating output Spec...
[NNENUM] Spec list length:  6
[NNENUM] Enumeration in progress... 
(0.1 sec) Q: 0, Sets: 0/1  (0.0%) CEs: 0 ETA: - (expected 1 stars)   
(0.2 sec) Q: 0, Sets: 0/2  (0.0%) CEs: 0 ETA: - (expected 1 stars)   
(0.3 sec) Q: 0, Sets: 3/5  (25.0%) CEs: 0 ETA: 1.0 sec (expected 12 stars)   (0.4 sec) Q: 0, Sets: 9/12  (56.25%) CEs: 0 ETA: 0.3 sec (expected 16 stars)   
(0.5 sec) Q: 0, Sets: 12/14  (75.0%) CEs: 0 ETA: 0.2 sec (expected 16 stars)   (0.6 sec) Q: 0, Sets: 14/19  (87.891%) CEs: 0 ETA: 0.1 sec (expected 16 stars)   
Total Stars: 19 (0 exact, 19 approx)
Unfinished Stars: 0
Runtime: 0.7 sec
Completed work frac: 1.0
Num Stars Copied Between Processes: 0
Num Lps During Enumeration: 0
Total Num Lps: 0

Result: network is SAFE

[NNENUM] Result: 
<nnenum.result.Result object at 0x7159136ec130>
[NNENUM] Enumeration finished.
safe
[NNENUM] Found counter-example stars: 0
[NNENUM] Filtering result using SMT solver...
[SMT] SMT filtered out 0 stars (out of 0; TO: 0).
[QUERY] Looking for nonlinear input combinations...
[QUERY] Found all non-linear combinations. Count: 1
[QUERY] Returning nonlinear disjunction
[CTRL] Considering conjunction with 42 input constraints and a disjunction of size 6
[APPROX] Checking cache: SNNT.Approx.ApproxCacheObject[]
[APPROX] Constructing Approximation
[APPROX] Resolving approximation
[CTRL] Initiating iterator over current linear queries
[APPROX] # Conjunctions over output: 6
[CTRL] Processing linear query no. 178
[NNENUM] Running nnenum now...
[NNENUM] lb: [0.0062499999999999995, -0.33623147889292704, 5.000000171712609e-6, -0.3499999940395355, -0.005, -0.005, -0.005, -0.005, -0.005, -0.005, -0.005, -0.005, -0.005]
[NNENUM] ub: [0.5, -0.18296763576522218, 5.000000171712609e-6, -0.21079675705898798, 0.004999999999999999, 0.004999999999999999, 0.004999999999999999, 0.004999999999999999, 0.004999999999999999, 0.004999999999999999, 0.004999999999999999, 0.004999999999999999, 0.004999999999999999]
[NNENUM] Creating LP Star...
[NNENUM] Checking feasibility
[NNENUM] Generating output Spec...
[NNENUM] Spec list length:  6
[NNENUM] Enumeration in progress... 
(0.1 sec) Q: 0, Sets: 0/1  (0.0%) CEs: 0 ETA: - (expected 1 stars)   
(0.2 sec) Q: 0, Sets: 2/6  (6.25%) CEs: 0 ETA: 3.4 sec (expected 32 stars)   
(0.3 sec) Q: 0, Sets: 8/10  (37.5%) CEs: 0 ETA: 0.6 sec (expected 21 stars)   (0.5 sec) Q: 0, Sets: 10/15  (53.125%) CEs: 0 ETA: 0.4 sec (expected 19 stars)   
(0.6 sec) Q: 0, Sets: 17/20  (78.125%) CEs: 0 ETA: 0.2 sec (expected 22 stars)   (0.7 sec) Q: 0, Sets: 20/22  (81.25%) CEs: 0 ETA: 0.2 sec (expected 25 stars)   (0.9 sec) Q: 0, Sets: 26/26  (100.0%) CEs: 0 ETA: 0.0 sec (expected 26 stars)   
Total Stars: 26 (0 exact, 26 approx)
Unfinished Stars: 0
Runtime: 0.9 sec
Completed work frac: 1.0
Num Stars Copied Between Processes: 0
Num Lps During Enumeration: 0
Total Num Lps: 0

Result: network is SAFE

[NNENUM] Result: 
<nnenum.result.Result object at 0x7159136c16a0>
[NNENUM] Enumeration finished.
safe
[NNENUM] Found counter-example stars: 0
[NNENUM] Filtering result using SMT solver...
[SMT] SMT filtered out 0 stars (out of 0; TO: 0).
[QUERY] Looking for nonlinear input combinations...
[QUERY] Found all non-linear combinations. Count: 1
[QUERY] Returning nonlinear disjunction
[CTRL] Considering conjunction with 42 input constraints and a disjunction of size 6
[APPROX] Checking cache: SNNT.Approx.ApproxCacheObject[]
[APPROX] Constructing Approximation
[APPROX] Resolving approximation
[CTRL] Initiating iterator over current linear queries
[APPROX] # Conjunctions over output: 6
[CTRL] Processing linear query no. 179
[NNENUM] Running nnenum now...
[NNENUM] lb: [0.0062499999999999995, -0.33623147889292704, 5.000000171712609e-6, -0.3499999940395355, -0.005, -0.005, -0.005, -0.005, -0.005, -0.005, -0.005, -0.005, -0.005]
[NNENUM] ub: [0.5, -0.18296763576522218, 5.000000171712609e-6, -0.21079675705898798, 0.004999999999999999, 0.004999999999999999, 0.004999999999999999, 0.004999999999999999, 0.004999999999999999, 0.004999999999999999, 0.004999999999999999, 0.004999999999999999, 0.004999999999999999]
[NNENUM] Creating LP Star...
[NNENUM] Checking feasibility
[NNENUM] Generating output Spec...
[NNENUM] Spec list length:  6
[NNENUM] Enumeration in progress... 
(0.1 sec) Q: 0, Sets: 0/1  (0.0%) CEs: 0 ETA: - (expected 1 stars)   
(0.2 sec) Q: 0, Sets: 3/5  (43.75%) CEs: 0 ETA: 0.3 sec (expected 7 stars)   

Total Stars: 7 (0 exact, 7 approx)
Unfinished Stars: 0
Runtime: 0.2 sec
Completed work frac: 1.0
Num Stars Copied Between Processes: 0
Num Lps During Enumeration: 0
Total Num Lps: 0

Result: network is SAFE

[NNENUM] Result: 
<nnenum.result.Result object at 0x7159136d7400>
[NNENUM] Enumeration finished.
safe
[NNENUM] Found counter-example stars: 0
[NNENUM] Filtering result using SMT solver...
[SMT] SMT filtered out 0 stars (out of 0; TO: 0).
[QUERY] Looking for nonlinear input combinations...
[QUERY] Found all non-linear combinations. Count: 1
[QUERY] Returning nonlinear disjunction
[CTRL] Considering conjunction with 42 input constraints and a disjunction of size 6
[APPROX] Checking cache: SNNT.Approx.ApproxCacheObject[]
[APPROX] Constructing Approximation
[APPROX] Resolving approximation
[CTRL] Initiating iterator over current linear queries
[APPROX] # Conjunctions over output: 6
[CTRL] Processing linear query no. 180
[NNENUM] Running nnenum now...
[NNENUM] lb: [0.0062499999999999995, -0.33623147889292704, 5.000000171712609e-6, -0.3499999940395355, -0.005, -0.005, -0.005, -0.005, -0.005, -0.005, -0.005, -0.005, -0.005]
[NNENUM] ub: [0.5, -0.18296763576522218, 5.000000171712609e-6, -0.21079675705898798, 0.004999999999999999, 0.004999999999999999, 0.004999999999999999, 0.004999999999999999, 0.004999999999999999, 0.004999999999999999, 0.004999999999999999, 0.004999999999999999, 0.004999999999999999]
[NNENUM] Creating LP Star...
[NNENUM] Checking feasibility
[NNENUM] Generating output Spec...
[NNENUM] Spec list length:  6
[NNENUM] Enumeration in progress... 
(0.2 sec) Q: 0, Sets: 0/1  (0.0%) CEs: 0 ETA: - (expected 1 stars)   
(0.3 sec) Q: 0, Sets: 4/6  (75.0%) CEs: 0 ETA: 0.1 sec (expected 5 stars)   

Total Stars: 9 (4 exact, 5 approx)
Unfinished Stars: 0
Runtime: 0.3 sec
Completed work frac: 1.0
Num Stars Copied Between Processes: 0
Num Lps During Enumeration: 140
Total Num Lps: 140

Result: network is SAFE

[NNENUM] Result: 
<nnenum.result.Result object at 0x7159136ce250>
[NNENUM] Enumeration finished.
safe
[NNENUM] Found counter-example stars: 0
[NNENUM] Filtering result using SMT solver...
[SMT] SMT filtered out 0 stars (out of 0; TO: 0).
[QUERY] Looking for nonlinear input combinations...
[QUERY] Found all non-linear combinations. Count: 1
[QUERY] Returning nonlinear disjunction
[CTRL] Considering conjunction with 42 input constraints and a disjunction of size 6
[APPROX] Checking cache: SNNT.Approx.ApproxCacheObject[]
[APPROX] Constructing Approximation
[APPROX] Resolving approximation
[CTRL] Initiating iterator over current linear queries
[APPROX] # Conjunctions over output: 6
[CTRL] Processing linear query no. 181
[NNENUM] Running nnenum now...
[NNENUM] lb: [0.0062499999999999995, -0.33623147889292704, 5.000000171712609e-6, -0.3499999940395355, -0.005, -0.005, -0.005, -0.005, -0.005, -0.005, -0.005, -0.005, -0.005]
[NNENUM] ub: [0.5, -0.18296763576522218, 5.000000171712609e-6, -0.21079675705898798, 0.004999999999999999, 0.004999999999999999, 0.004999999999999999, 0.004999999999999999, 0.004999999999999999, 0.004999999999999999, 0.004999999999999999, 0.004999999999999999, 0.004999999999999999]
[NNENUM] Creating LP Star...
[NNENUM] Checking feasibility
[NNENUM] Generating output Spec...
[NNENUM] Spec list length:  6
[NNENUM] Enumeration in progress... 
(0.1 sec) Q: 0, Sets: 0/1  (0.0%) CEs: 0 ETA: - (expected 1 stars)   
(0.3 sec) Q: 0, Sets: 2/4  (37.5%) CEs: 0 ETA: 0.4 sec (expected 5 stars)   

Total Stars: 6 (0 exact, 6 approx)
Unfinished Stars: 0
Runtime: 0.3 sec
Completed work frac: 1.0
Num Stars Copied Between Processes: 0
Num Lps During Enumeration: 0
Total Num Lps: 0

Result: network is SAFE

[NNENUM] Result: 
<nnenum.result.Result object at 0x7159136c1af0>
[NNENUM] Enumeration finished.
safe
[NNENUM] Found counter-example stars: 0
[NNENUM] Filtering result using SMT solver...
[SMT] SMT filtered out 0 stars (out of 0; TO: 0).
[QUERY] Looking for nonlinear input combinations...
[QUERY] Found all non-linear combinations. Count: 1
[QUERY] Returning nonlinear disjunction
[CTRL] Considering conjunction with 42 input constraints and a disjunction of size 6
[APPROX] Checking cache: SNNT.Approx.ApproxCacheObject[]
[APPROX] Constructing Approximation
[APPROX] Resolving approximation
[CTRL] Initiating iterator over current linear queries
[APPROX] # Conjunctions over output: 6
[CTRL] Processing linear query no. 182
[NNENUM] Running nnenum now...
[NNENUM] lb: [0.0062499999999999995, -0.33623147889292704, 5.000000171712609e-6, -0.3499999940395355, -0.005, -0.005, -0.005, -0.005, -0.005, -0.005, -0.005, -0.005, -0.005]
[NNENUM] ub: [0.5, -0.18296763576522218, 5.000000171712609e-6, -0.21079675705898798, 0.004999999999999999, 0.004999999999999999, 0.004999999999999999, 0.004999999999999999, 0.004999999999999999, 0.004999999999999999, 0.004999999999999999, 0.004999999999999999, 0.004999999999999999]
[NNENUM] Creating LP Star...
[NNENUM] Checking feasibility
[NNENUM] Generating output Spec...
[NNENUM] Spec list length:  6
[NNENUM] Enumeration in progress... 
(0.1 sec) Q: 0, Sets: 0/1  (0.0%) CEs: 0 ETA: - (expected 1 stars)   
(0.2 sec) Q: 0, Sets: 0/2  (0.0%) CEs: 0 ETA: - (expected 1 stars)   
(0.3 sec) Q: 0, Sets: 4/6  (25.0%) CEs: 0 ETA: 1.0 sec (expected 16 stars)   (0.4 sec) Q: 0, Sets: 11/13  (84.375%) CEs: 0 ETA: 0.1 sec (expected 13 stars)   

Total Stars: 15 (2 exact, 13 approx)
Unfinished Stars: 0
Runtime: 0.5 sec
Completed work frac: 1.0
Num Stars Copied Between Processes: 0
Num Lps During Enumeration: 78
Total Num Lps: 78

Result: network is SAFE

[NNENUM] Result: 
<nnenum.result.Result object at 0x7159136ceb20>
[NNENUM] Enumeration finished.
safe
[NNENUM] Found counter-example stars: 0
[NNENUM] Filtering result using SMT solver...
[SMT] SMT filtered out 0 stars (out of 0; TO: 0).
[QUERY] Looking for nonlinear input combinations...
[QUERY] Found all non-linear combinations. Count: 1
[QUERY] Returning nonlinear disjunction
[CTRL] Considering conjunction with 42 input constraints and a disjunction of size 6
[APPROX] Checking cache: SNNT.Approx.ApproxCacheObject[]
[APPROX] Constructing Approximation
[APPROX] Resolving approximation
[CTRL] Initiating iterator over current linear queries
[APPROX] # Conjunctions over output: 6
[CTRL] Processing linear query no. 183
[NNENUM] Running nnenum now...
[NNENUM] lb: [0.0062499999999999995, -0.33623147889292704, 5.000000171712609e-6, -0.3499999940395355, -0.005, -0.005, -0.005, -0.005, -0.005, -0.005, -0.005, -0.005, -0.005]
[NNENUM] ub: [0.5, -0.18296763576522218, 5.000000171712609e-6, -0.21079675705898798, 0.004999999999999999, 0.004999999999999999, 0.004999999999999999, 0.004999999999999999, 0.004999999999999999, 0.004999999999999999, 0.004999999999999999, 0.004999999999999999, 0.004999999999999999]
[NNENUM] Creating LP Star...
[NNENUM] Checking feasibility
[NNENUM] Generating output Spec...
[NNENUM] Spec list length:  6
[NNENUM] Enumeration in progress... 
(0.1 sec) Q: 0, Sets: 0/1  (0.0%) CEs: 0 ETA: - (expected 1 stars)   
(0.2 sec) Q: 0, Sets: 2/6  (6.25%) CEs: 0 ETA: 2.9 sec (expected 32 stars)   
(0.3 sec) Q: 0, Sets: 7/10  (25.0%) CEs: 0 ETA: 0.9 sec (expected 28 stars)   (0.4 sec) Q: 0, Sets: 11/13  (37.5%) CEs: 0 ETA: 0.7 sec (expected 29 stars)   
(0.5 sec) Q: 0, Sets: 12/14  (50.0%) CEs: 0 ETA: 0.5 sec (expected 24 stars)   (0.7 sec) Q: 0, Sets: 15/18  (75.0%) CEs: 0 ETA: 0.2 sec (expected 20 stars)   
Total Stars: 23 (2 exact, 21 approx)
Unfinished Stars: 0
Runtime: 0.8 sec
Completed work frac: 1.0
Num Stars Copied Between Processes: 0
Num Lps During Enumeration: 16
Total Num Lps: 16

Result: network is SAFE

[NNENUM] Result: 
<nnenum.result.Result object at 0x7159136d7e50>
[NNENUM] Enumeration finished.
safe
[NNENUM] Found counter-example stars: 0
[NNENUM] Filtering result using SMT solver...
[SMT] SMT filtered out 0 stars (out of 0; TO: 0).
[QUERY] Looking for nonlinear input combinations...
[QUERY] Found all non-linear combinations. Count: 1
[QUERY] Returning nonlinear disjunction
[CTRL] Considering conjunction with 42 input constraints and a disjunction of size 6
[APPROX] Checking cache: SNNT.Approx.ApproxCacheObject[]
[APPROX] Constructing Approximation
[APPROX] Resolving approximation
[CTRL] Initiating iterator over current linear queries
[APPROX] # Conjunctions over output: 6
[CTRL] Processing linear query no. 184
[NNENUM] Running nnenum now...
[NNENUM] lb: [0.0062499999999999995, -0.33623147889292704, 5.000000171712609e-6, -0.3499999940395355, -0.005, -0.005, -0.005, -0.005, -0.005, -0.005, -0.005, -0.005, -0.005]
[NNENUM] ub: [0.5, -0.18296763576522218, 5.000000171712609e-6, -0.21079675705898798, 0.004999999999999999, 0.004999999999999999, 0.004999999999999999, 0.004999999999999999, 0.004999999999999999, 0.004999999999999999, 0.004999999999999999, 0.004999999999999999, 0.004999999999999999]
[NNENUM] Creating LP Star...
[NNENUM] Checking feasibility
[NNENUM] Generating output Spec...
[NNENUM] Spec list length:  6
[NNENUM] Enumeration in progress... 
(0.1 sec) Q: 0, Sets: 0/1  (0.0%) CEs: 0 ETA: - (expected 1 stars)   
(0.2 sec) Q: 0, Sets: 3/5  (50.0%) CEs: 0 ETA: 0.2 sec (expected 6 stars)   

Total Stars: 7 (1 exact, 6 approx)
Unfinished Stars: 0
Runtime: 0.3 sec
Completed work frac: 1.0
Num Stars Copied Between Processes: 0
Num Lps During Enumeration: 104
Total Num Lps: 104

Result: network is SAFE

[NNENUM] Result: 
<nnenum.result.Result object at 0x7159136db430>
[NNENUM] Enumeration finished.
safe
[NNENUM] Found counter-example stars: 0
[NNENUM] Filtering result using SMT solver...
[SMT] SMT filtered out 0 stars (out of 0; TO: 0).
[QUERY] Looking for nonlinear input combinations...
[QUERY] Found all non-linear combinations. Count: 1
[QUERY] Returning nonlinear disjunction
[CTRL] Considering conjunction with 42 input constraints and a disjunction of size 6
[APPROX] Checking cache: SNNT.Approx.ApproxCacheObject[]
[APPROX] Constructing Approximation
[APPROX] Resolving approximation
[CTRL] Initiating iterator over current linear queries
[APPROX] # Conjunctions over output: 6
[CTRL] Processing linear query no. 185
[NNENUM] Running nnenum now...
[NNENUM] lb: [0.0062499999999999995, -0.33623147889292704, 5.000000171712609e-6, -0.3499999940395355, -0.005, -0.005, -0.005, -0.005, -0.005, -0.005, -0.005, -0.005, -0.005]
[NNENUM] ub: [0.5, -0.18296763576522218, 5.000000171712609e-6, -0.21079675705898798, 0.004999999999999999, 0.004999999999999999, 0.004999999999999999, 0.004999999999999999, 0.004999999999999999, 0.004999999999999999, 0.004999999999999999, 0.004999999999999999, 0.004999999999999999]
[NNENUM] Creating LP Star...
[NNENUM] Checking feasibility
[NNENUM] Generating output Spec...
[NNENUM] Spec list length:  6
[NNENUM] Enumeration in progress... 
(0.3 sec) Q: 0, Sets: 0/1  (0.0%) CEs: 0 ETA: - (expected 1 stars)   
(0.4 sec) Q: 0, Sets: 2/4  (50.0%) CEs: 0 ETA: 0.4 sec (expected 4 stars)   

Total Stars: 8 (4 exact, 4 approx)
Unfinished Stars: 0
Runtime: 0.4 sec
Completed work frac: 1.0
Num Stars Copied Between Processes: 0
Num Lps During Enumeration: 140
Total Num Lps: 140

Result: network is SAFE

[NNENUM] Result: 
<nnenum.result.Result object at 0x7159136ce6d0>
[NNENUM] Enumeration finished.
safe
[NNENUM] Found counter-example stars: 0
[NNENUM] Filtering result using SMT solver...
[SMT] SMT filtered out 0 stars (out of 0; TO: 0).
[QUERY] Looking for nonlinear input combinations...
.[QUERY] Found all non-linear combinations. Count: 1
[QUERY] Returning nonlinear disjunction
[CTRL] Considering conjunction with 42 input constraints and a disjunction of size 6
[APPROX] Checking cache: SNNT.Approx.ApproxCacheObject[]
[APPROX] Constructing Approximation
[APPROX] Resolving approximation
[CTRL] Initiating iterator over current linear queries
[APPROX] # Conjunctions over output: 6
[CTRL] Processing linear query no. 186
[NNENUM] Running nnenum now...
[NNENUM] lb: [0.0062499999999999995, -0.4999999701976776, 5.000000171712609e-6, -0.3499999940395355, -0.005, -0.005, -0.005, -0.005, -0.005, -0.005, -0.005, -0.005, -0.005]
[NNENUM] ub: [0.5, -0.33623147889292704, 5.000000171712609e-6, -0.21079675705898798, 0.004999999999999999, 0.004999999999999999, 0.004999999999999999, 0.004999999999999999, 0.004999999999999999, 0.004999999999999999, 0.004999999999999999, 0.004999999999999999, 0.004999999999999999]
[NNENUM] Creating LP Star...
[NNENUM] Checking feasibility
[NNENUM] Generating output Spec...
[NNENUM] Spec list length:  6
[NNENUM] Enumeration in progress... 

[NNENUM] Result: 
<nnenum.result.Result object at 0x7159136d7e80>
[NNENUM] Enumeration finished.
safe
[NNENUM] Filtering result using SMT solver...
[SMT] SMT filtered out 0 stars (out of 0; TO: 0).
[QUERY] Looking for nonlinear input combinations...
[QUERY] Found all non-linear combinations. Count: 1
[QUERY] Returning nonlinear disjunction
[CTRL] Considering conjunction with 42 input constraints and a disjunction of size 6
[APPROX] Checking cache: SNNT.Approx.ApproxCacheObject[]
[APPROX] Constructing Approximation
[APPROX] Resolving approximation
[CTRL] Initiating iterator over current linear queries
[APPROX] # Conjunctions over output: 6
[CTRL] Processing linear query no. 187
[NNENUM] Running nnenum now...
[NNENUM] lb: [0.0062499999999999995, -0.4999999701976776, 5.000000171712609e-6, -0.3499999940395355, -0.005, -0.005, -0.005, -0.005, -0.005, -0.005, -0.005, -0.005, -0.005]
[NNENUM] ub: [0.5, -0.33623147889292704, 5.000000171712609e-6, -0.21079675705898798, 0.004999999999999999, 0.004999999999999999, 0.004999999999999999, 0.004999999999999999, 0.004999999999999999, 0.004999999999999999, 0.004999999999999999, 0.004999999999999999, 0.004999999999999999]
[NNENUM] Creating LP Star...
[NNENUM] Checking feasibility
[NNENUM] Generating output Spec...
[NNENUM] Spec list length:  6
[NNENUM] Enumeration in progress... 
(0.1 sec) Q: 0, Sets: 0/1  (0.0%) CEs: 0 ETA: - (expected 1 stars)   
(0.3 sec) Q: 0, Sets: 0/2  (0.0%) CEs: 0 ETA: - (expected 1 stars)   
(0.4 sec) Q: 0, Sets: 1/5  (6.25%) CEs: 0 ETA: 6.1 sec (expected 16 stars)   
Total Stars: 6 (1 exact, 5 approx)
Unfinished Stars: 0
Runtime: 0.5 sec
Completed work frac: 1.0
Num Stars Copied Between Processes: 0
Num Lps During Enumeration: 91
Total Num Lps: 91

Result: network is SAFE

[NNENUM] Result: 
<nnenum.result.Result object at 0x7159136c9310>
[NNENUM] Enumeration finished.
safe
[NNENUM] Found counter-example stars: 0
[NNENUM] Filtering result using SMT solver...
[SMT] SMT filtered out 0 stars (out of 0; TO: 0).
[QUERY] Looking for nonlinear input combinations...
[QUERY] Found all non-linear combinations. Count: 2
[QUERY] Returning nonlinear disjunction
[CTRL] Considering conjunction with 42 input constraints and a disjunction of size 6
[APPROX] Checking cache: SNNT.Approx.ApproxCacheObject[]
[APPROX] Constructing Approximation
[APPROX] Resolving approximation
[CTRL] Initiating iterator over current linear queries
[APPROX] # Conjunctions over output: 6
[CTRL] Processing linear query no. 188
[NNENUM] Running nnenum now...
[NNENUM] lb: [0.0062499999999999995, -0.4999999701976776, 5.000000171712609e-6, -0.3499999940395355, -0.005, -0.005, -0.005, -0.005, -0.005, -0.005, -0.005, -0.005, -0.005]
[NNENUM] ub: [0.5, -0.33623147889292704, 5.000000171712609e-6, -0.21079675705898798, 0.004999999999999999, 0.004999999999999999, 0.004999999999999999, 0.004999999999999999, 0.004999999999999999, 0.004999999999999999, 0.004999999999999999, 0.004999999999999999, 0.004999999999999999]
[NNENUM] Creating LP Star...
[NNENUM] Checking feasibility
[NNENUM] Generating output Spec...
[NNENUM] Spec list length:  6
[NNENUM] Enumeration in progress... 
(0.1 sec) Q: 0, Sets: 0/1  (0.0%) CEs: 0 ETA: - (expected 1 stars)   
(0.2 sec) Q: 0, Sets: 1/5  (6.25%) CEs: 0 ETA: 3.4 sec (expected 16 stars)   
(0.3 sec) Q: 0, Sets: 3/5  (25.0%) CEs: 0 ETA: 1.0 sec (expected 12 stars)   
Total Stars: 10 (3 exact, 7 approx)
Unfinished Stars: 0
Runtime: 0.4 sec
Completed work frac: 1.0
Num Stars Copied Between Processes: 0
Num Lps During Enumeration: 85
Total Num Lps: 85

Result: network is SAFE

[NNENUM] Result: 
<nnenum.result.Result object at 0x7159136db070>
[NNENUM] Enumeration finished.
safe
[NNENUM] Found counter-example stars: 0
[NNENUM] Filtering result using SMT solver...
[SMT] SMT filtered out 0 stars (out of 0; TO: 0).
[QUERY] Looking for nonlinear input combinations...
[QUERY] Found all non-linear combinations. Count: 1
[QUERY] Returning nonlinear disjunction
[CTRL] Considering conjunction with 42 input constraints and a disjunction of size 6
[APPROX] Checking cache: SNNT.Approx.ApproxCacheObject[]
[APPROX] Constructing Approximation
[APPROX] Resolving approximation
[CTRL] Initiating iterator over current linear queries
[APPROX] # Conjunctions over output: 6
[CTRL] Processing linear query no. 189
[NNENUM] Running nnenum now...
[NNENUM] lb: [0.0062499999999999995, -0.4999999701976776, 5.000000171712609e-6, -0.3499999940395355, -0.005, -0.005, -0.005, -0.005, -0.005, -0.005, -0.005, -0.005, -0.005]
[NNENUM] ub: [0.5, -0.33623147889292704, 5.000000171712609e-6, -0.21079675705898798, 0.004999999999999999, 0.004999999999999999, 0.004999999999999999, 0.004999999999999999, 0.004999999999999999, 0.004999999999999999, 0.004999999999999999, 0.004999999999999999, 0.004999999999999999]
[NNENUM] Creating LP Star...
[NNENUM] Checking feasibility
[NNENUM] Generating output Spec...
[NNENUM] Spec list length:  6
[NNENUM] Enumeration in progress... 
(0.1 sec) Q: 0, Sets: 0/1  (0.0%) CEs: 0 ETA: - (expected 1 stars)   
(0.2 sec) Q: 0, Sets: 0/2  (0.0%) CEs: 0 ETA: - (expected 1 stars)   
(0.3 sec) Q: 0, Sets: 2/7  (4.688%) CEs: 0 ETA: 6.8 sec (expected 43 stars)   (0.5 sec) Q: 0, Sets: 6/10  (20.312%) CEs: 0 ETA: 1.8 sec (expected 30 stars)   
(0.6 sec) Q: 0, Sets: 10/13  (31.25%) CEs: 0 ETA: 1.4 sec (expected 32 stars)   (0.7 sec) Q: 0, Sets: 12/14  (50.0%) CEs: 0 ETA: 0.7 sec (expected 24 stars)   
Total Stars: 15 (2 exact, 13 approx)
Unfinished Stars: 0
Runtime: 0.8 sec
Completed work frac: 1.0
Num Stars Copied Between Processes: 0
Num Lps During Enumeration: 105
Total Num Lps: 105

Result: network is SAFE

[NNENUM] Result: 
<nnenum.result.Result object at 0x7159136ec400>
[NNENUM] Enumeration finished.
safe
[NNENUM] Found counter-example stars: 0
[NNENUM] Filtering result using SMT solver...
[SMT] SMT filtered out 0 stars (out of 0; TO: 0).
[QUERY] Looking for nonlinear input combinations...
[QUERY] Found all non-linear combinations. Count: 2
[QUERY] Returning nonlinear disjunction
[CTRL] Considering conjunction with 42 input constraints and a disjunction of size 6
[APPROX] Checking cache: SNNT.Approx.ApproxCacheObject[]
[APPROX] Constructing Approximation
[APPROX] Resolving approximation
[CTRL] Initiating iterator over current linear queries
[APPROX] # Conjunctions over output: 6
[CTRL] Processing linear query no. 190
[NNENUM] Running nnenum now...
[NNENUM] lb: [0.0062499999999999995, -0.4999999701976776, 5.000000171712609e-6, -0.3499999940395355, -0.005, -0.005, -0.005, -0.005, -0.005, -0.005, -0.005, -0.005, -0.005]
[NNENUM] ub: [0.5, -0.33623147889292704, 5.000000171712609e-6, -0.21079675705898798, 0.004999999999999999, 0.004999999999999999, 0.004999999999999999, 0.004999999999999999, 0.004999999999999999, 0.004999999999999999, 0.004999999999999999, 0.004999999999999999, 0.004999999999999999]
[NNENUM] Creating LP Star...
[NNENUM] Checking feasibility
[NNENUM] Generating output Spec...
[NNENUM] Spec list length:  6
[NNENUM] Enumeration in progress... 
(0.1 sec) Q: 0, Sets: 0/1  (0.0%) CEs: 0 ETA: - (expected 1 stars)   
(0.2 sec) Q: 0, Sets: 3/7  (10.938%) CEs: 0 ETA: 1.9 sec (expected 27 stars)   
(0.3 sec) Q: 0, Sets: 5/9  (15.625%) CEs: 0 ETA: 1.8 sec (expected 32 stars)   (0.5 sec) Q: 0, Sets: 8/11  (23.438%) CEs: 0 ETA: 1.5 sec (expected 34 stars)   
(0.6 sec) Q: 0, Sets: 16/16  (100.0%) CEs: 0 ETA: 0.0 sec (expected 16 stars)   
Total Stars: 16 (3 exact, 13 approx)
Unfinished Stars: 0
Runtime: 0.6 sec
Completed work frac: 1.0
Num Stars Copied Between Processes: 0
Num Lps During Enumeration: 86
Total Num Lps: 86

Result: network is SAFE

[NNENUM] Result: 
<nnenum.result.Result object at 0x7159136db460>
[NNENUM] Enumeration finished.
safe
[NNENUM] Found counter-example stars: 0
[NNENUM] Filtering result using SMT solver...
[SMT] SMT filtered out 0 stars (out of 0; TO: 0).
[QUERY] Looking for nonlinear input combinations...
.[QUERY] Found all non-linear combinations. Count: 1
[QUERY] Returning nonlinear disjunction
[CTRL] Considering conjunction with 42 input constraints and a disjunction of size 6
[APPROX] Checking cache: SNNT.Approx.ApproxCacheObject[]
[APPROX] Constructing Approximation
[APPROX] Resolving approximation
[CTRL] Initiating iterator over current linear queries
[APPROX] # Conjunctions over output: 6
[CTRL] Processing linear query no. 191
[NNENUM] Running nnenum now...
[NNENUM] lb: [0.0062499999999999995, -0.4999999701976776, 5.000000171712609e-6, -0.3499999940395355, -0.005, -0.005, -0.005, -0.005, -0.005, -0.005, -0.005, -0.005, -0.005]
[NNENUM] ub: [0.5, -0.33623147889292704, 5.000000171712609e-6, -0.21079675705898798, 0.004999999999999999, 0.004999999999999999, 0.004999999999999999, 0.004999999999999999, 0.004999999999999999, 0.004999999999999999, 0.004999999999999999, 0.004999999999999999, 0.004999999999999999]
[NNENUM] Creating LP Star...
[NNENUM] Checking feasibility
[NNENUM] Generating output Spec...
[NNENUM] Spec list length:  6
[NNENUM] Enumeration in progress... 
(0.1 sec) Q: 0, Sets: 0/1  (0.0%) CEs: 0 ETA: - (expected 1 stars)   

Total Stars: 2 (1 exact, 1 approx)
Unfinished Stars: 0
Runtime: 0.1 sec
Completed work frac: 1.0
Num Stars Copied Between Processes: 0
Num Lps During Enumeration: 88
Total Num Lps: 88

Result: network is SAFE

[NNENUM] Result: 
<nnenum.result.Result object at 0x7159136c84c0>
[NNENUM] Enumeration finished.
safe
[NNENUM] Found counter-example stars: 0
[NNENUM] Filtering result using SMT solver...
[SMT] SMT filtered out 0 stars (out of 0; TO: 0).
[QUERY] Looking for nonlinear input combinations...
[QUERY] Found all non-linear combinations. Count: 2
[QUERY] Returning nonlinear disjunction
[CTRL] Considering conjunction with 42 input constraints and a disjunction of size 6
[APPROX] Checking cache: SNNT.Approx.ApproxCacheObject[]
[APPROX] Constructing Approximation
[APPROX] Resolving approximation
[CTRL] Initiating iterator over current linear queries
[APPROX] # Conjunctions over output: 6
[CTRL] Processing linear query no. 192
[NNENUM] Running nnenum now...
[NNENUM] lb: [0.0062499999999999995, -0.4999999701976776, 5.000000171712609e-6, -0.3499999940395355, -0.005, -0.005, -0.005, -0.005, -0.005, -0.005, -0.005, -0.005, -0.005]
[NNENUM] ub: [0.5, -0.33623147889292704, 5.000000171712609e-6, -0.21079675705898798, 0.004999999999999999, 0.004999999999999999, 0.004999999999999999, 0.004999999999999999, 0.004999999999999999, 0.004999999999999999, 0.004999999999999999, 0.004999999999999999, 0.004999999999999999]
[NNENUM] Creating LP Star...
[NNENUM] Checking feasibility
[NNENUM] Generating output Spec...
[NNENUM] Spec list length:  6
[NNENUM] Enumeration in progress... 
(0.1 sec) Q: 0, Sets: 0/1  (0.0%) CEs: 0 ETA: - (expected 1 stars)   
(0.2 sec) Q: 0, Sets: 0/2  (0.0%) CEs: 0 ETA: - (expected 1 stars)   
(0.4 sec) Q: 0, Sets: 3/5  (25.0%) CEs: 0 ETA: 1.1 sec (expected 12 stars)   (0.5 sec) Q: 0, Sets: 8/10  (62.5%) CEs: 0 ETA: 0.3 sec (expected 13 stars)   
(0.6 sec) Q: 0, Sets: 10/14  (66.406%) CEs: 0 ETA: 0.3 sec (expected 15 stars)   
Total Stars: 15 (3 exact, 12 approx)
Unfinished Stars: 0
Runtime: 0.6 sec
Completed work frac: 1.0
Num Stars Copied Between Processes: 0
Num Lps During Enumeration: 78
Total Num Lps: 78

Result: network is SAFE

[NNENUM] Result: 
<nnenum.result.Result object at 0x7159136ce760>
[NNENUM] Enumeration finished.
safe
[NNENUM] Found counter-example stars: 0
[NNENUM] Filtering result using SMT solver...
[SMT] SMT filtered out 0 stars (out of 0; TO: 0).
[QUERY] Looking for nonlinear input combinations...
[QUERY] Found all non-linear combinations. Count: 1
[QUERY] Returning nonlinear disjunction
[CTRL] Considering conjunction with 42 input constraints and a disjunction of size 6
[APPROX] Checking cache: SNNT.Approx.ApproxCacheObject[]
[APPROX] Constructing Approximation
[APPROX] Resolving approximation
[CTRL] Initiating iterator over current linear queries
[APPROX] # Conjunctions over output: 6
[CTRL] Processing linear query no. 193
[NNENUM] Running nnenum now...
[NNENUM] lb: [0.0062499999999999995, -0.4999999701976776, 5.000000171712609e-6, -0.3499999940395355, -0.005, -0.005, -0.005, -0.005, -0.005, -0.005, -0.005, -0.005, -0.005]
[NNENUM] ub: [0.5, -0.33623147889292704, 5.000000171712609e-6, -0.21079675705898798, 0.004999999999999999, 0.004999999999999999, 0.004999999999999999, 0.004999999999999999, 0.004999999999999999, 0.004999999999999999, 0.004999999999999999, 0.004999999999999999, 0.004999999999999999]
[NNENUM] Creating LP Star...
[NNENUM] Checking feasibility
[NNENUM] Generating output Spec...
[NNENUM] Spec list length:  6
[NNENUM] Enumeration in progress... 
(0.1 sec) Q: 0, Sets: 0/1  (0.0%) CEs: 0 ETA: - (expected 1 stars)   
(0.2 sec) Q: 0, Sets: 2/5  (12.5%) CEs: 0 ETA: 1.3 sec (expected 16 stars)   
(0.3 sec) Q: 0, Sets: 3/5  (25.0%) CEs: 0 ETA: 1.0 sec (expected 12 stars)   
Total Stars: 8 (3 exact, 5 approx)
Unfinished Stars: 0
Runtime: 0.4 sec
Completed work frac: 1.0
Num Stars Copied Between Processes: 0
Num Lps During Enumeration: 119
Total Num Lps: 119

Result: network is SAFE

[NNENUM] Result: 
<nnenum.result.Result object at 0x7159136dba90>
[NNENUM] Enumeration finished.
safe
[NNENUM] Found counter-example stars: 0
[NNENUM] Filtering result using SMT solver...
[SMT] SMT filtered out 0 stars (out of 0; TO: 0).
[QUERY] Looking for nonlinear input combinations...
[QUERY] Found all non-linear combinations. Count: 1
[QUERY] Returning nonlinear disjunction
[CTRL] Considering conjunction with 42 input constraints and a disjunction of size 4
[APPROX] Checking cache: SNNT.Approx.ApproxCacheObject[]
[APPROX] Constructing Approximation
[APPROX] Resolving approximation
[CTRL] Initiating iterator over current linear queries
[APPROX] # Conjunctions over output: 4
[CTRL] Processing linear query no. 194
[NNENUM] Running nnenum now...
[NNENUM] lb: [0.0062499999999999995, -0.4999999701976776, 5.000000171712609e-6, -0.3499999940395355, -0.005, -0.005, -0.005, -0.005, -0.005, -0.005, -0.005, -0.005, -0.005]
[NNENUM] ub: [0.5, -0.33623147889292704, 5.000000171712609e-6, -0.21079675705898798, 0.004999999999999999, 0.004999999999999999, 0.004999999999999999, 0.004999999999999999, 0.004999999999999999, 0.004999999999999999, 0.004999999999999999, 0.004999999999999999, 0.004999999999999999]
[NNENUM] Creating LP Star...
[NNENUM] Checking feasibility
[NNENUM] Generating output Spec...
[NNENUM] Spec list length:  4
[NNENUM] Enumeration in progress... 
(0.1 sec) Q: 0, Sets: 0/1  (0.0%) CEs: 0 ETA: - (expected 1 stars)   
(0.2 sec) Q: 0, Sets: 0/2  (0.0%) CEs: 0 ETA: - (expected 1 stars)   

Total Stars: 3 (2 exact, 1 approx)
Unfinished Stars: 0
Runtime: 0.2 sec
Completed work frac: 1.0
Num Stars Copied Between Processes: 0
Num Lps During Enumeration: 138
Total Num Lps: 138

Result: network is SAFE

[NNENUM] Result: 
<nnenum.result.Result object at 0x715913cc3100>
[NNENUM] Enumeration finished.
safe
[NNENUM] Found counter-example stars: 0
[NNENUM] Filtering result using SMT solver...
[SMT] SMT filtered out 0 stars (out of 0; TO: 0).
[QUERY] Looking for nonlinear input combinations...
[QUERY] Found all non-linear combinations. Count: 1
[QUERY] Returning nonlinear disjunction
[CTRL] Considering conjunction with 42 input constraints and a disjunction of size 6
[APPROX] Checking cache: SNNT.Approx.ApproxCacheObject[]
[APPROX] Constructing Approximation
[APPROX] Resolving approximation
[CTRL] Initiating iterator over current linear queries
[APPROX] # Conjunctions over output: 6
[CTRL] Processing linear query no. 195
[NNENUM] Running nnenum now...
[NNENUM] lb: [0.0062499999999999995, -0.4999999701976776, 5.000000171712609e-6, -0.3499999940395355, -0.005, -0.005, -0.005, -0.005, -0.005, -0.005, -0.005, -0.005, -0.005]
[NNENUM] ub: [0.5, -0.33623147889292704, 5.000000171712609e-6, -0.21079675705898798, 0.004999999999999999, 0.004999999999999999, 0.004999999999999999, 0.004999999999999999, 0.004999999999999999, 0.004999999999999999, 0.004999999999999999, 0.004999999999999999, 0.004999999999999999]
[NNENUM] Creating LP Star...
[NNENUM] Checking feasibility
[NNENUM] Generating output Spec...
[NNENUM] Spec list length:  6
[NNENUM] Enumeration in progress... 
(0.1 sec) Q: 0, Sets: 0/1  (0.0%) CEs: 0 ETA: - (expected 1 stars)   
(0.2 sec) Q: 0, Sets: 1/4  (12.5%) CEs: 0 ETA: 1.4 sec (expected 8 stars)   

Total Stars: 4 (1 exact, 3 approx)
Unfinished Stars: 0
Runtime: 0.2 sec
Completed work frac: 1.0
Num Stars Copied Between Processes: 0
Num Lps During Enumeration: 85
Total Num Lps: 85

Result: network is SAFE

[NNENUM] Result: 
<nnenum.result.Result object at 0x7159136c8280>
[NNENUM] Enumeration finished.
safe
[NNENUM] Found counter-example stars: 0
[NNENUM] Filtering result using SMT solver...
[SMT] SMT filtered out 0 stars (out of 0; TO: 0).
[QUERY] Looking for nonlinear input combinations...
[QUERY] Found all non-linear combinations. Count: 1
[QUERY] Returning nonlinear disjunction
[CTRL] Considering conjunction with 42 input constraints and a disjunction of size 6
[APPROX] Checking cache: SNNT.Approx.ApproxCacheObject[]
[APPROX] Constructing Approximation
[APPROX] Resolving approximation
[CTRL] Initiating iterator over current linear queries
[APPROX] # Conjunctions over output: 6
[CTRL] Processing linear query no. 196
[NNENUM] Running nnenum now...
[NNENUM] lb: [0.0062499999999999995, -0.4999999701976776, 5.000000171712609e-6, -0.3499999940395355, -0.005, -0.005, -0.005, -0.005, -0.005, -0.005, -0.005, -0.005, -0.005]
[NNENUM] ub: [0.5, -0.33623147889292704, 5.000000171712609e-6, -0.21079675705898798, 0.004999999999999999, 0.004999999999999999, 0.004999999999999999, 0.004999999999999999, 0.004999999999999999, 0.004999999999999999, 0.004999999999999999, 0.004999999999999999, 0.004999999999999999]
[NNENUM] Creating LP Star...
[NNENUM] Checking feasibility
[NNENUM] Generating output Spec...
[NNENUM] Spec list length:  6
[NNENUM] Enumeration in progress... 
(0.1 sec) Q: 0, Sets: 0/1  (0.0%) CEs: 0 ETA: - (expected 1 stars)   
(0.2 sec) Q: 0, Sets: 0/2  (0.0%) CEs: 0 ETA: - (expected 1 stars)   

Total Stars: 7 (3 exact, 4 approx)
Unfinished Stars: 0
Runtime: 0.3 sec
Completed work frac: 1.0
Num Stars Copied Between Processes: 0
Num Lps During Enumeration: 211
Total Num Lps: 211

Result: network is SAFE

[NNENUM] Result: 
<nnenum.result.Result object at 0x71591a5594f0>
[NNENUM] Enumeration finished.
safe
[NNENUM] Found counter-example stars: 0
[NNENUM] Filtering result using SMT solver...
[SMT] SMT filtered out 0 stars (out of 0; TO: 0).
[QUERY] Looking for nonlinear input combinations...
[QUERY] Found all non-linear combinations. Count: 1
[QUERY] Returning nonlinear disjunction
[CTRL] Considering conjunction with 42 input constraints and a disjunction of size 6
[APPROX] Checking cache: SNNT.Approx.ApproxCacheObject[]
[APPROX] Constructing Approximation
[APPROX] Resolving approximation
[CTRL] Initiating iterator over current linear queries
[APPROX] # Conjunctions over output: 6
[CTRL] Processing linear query no. 197
[NNENUM] Running nnenum now...
[NNENUM] lb: [0.0062499999999999995, -0.4999999701976776, 5.000000171712609e-6, -0.3499999940395355, -0.005, -0.005, -0.005, -0.005, -0.005, -0.005, -0.005, -0.005, -0.005]
[NNENUM] ub: [0.5, -0.33623147889292704, 5.000000171712609e-6, -0.21079675705898798, 0.004999999999999999, 0.004999999999999999, 0.004999999999999999, 0.004999999999999999, 0.004999999999999999, 0.004999999999999999, 0.004999999999999999, 0.004999999999999999, 0.004999999999999999]
[NNENUM] Creating LP Star...
[NNENUM] Checking feasibility
[NNENUM] Generating output Spec...
[NNENUM] Spec list length:  6
[NNENUM] Enumeration in progress... 
(0.1 sec) Q: 0, Sets: 0/1  (0.0%) CEs: 0 ETA: - (expected 1 stars)   
(0.2 sec) Q: 0, Sets: 1/5  (6.25%) CEs: 0 ETA: 3.4 sec (expected 16 stars)   
(0.3 sec) Q: 0, Sets: 5/7  (37.5%) CEs: 0 ETA: 0.6 sec (expected 13 stars)   
Total Stars: 9 (2 exact, 7 approx)
Unfinished Stars: 0
Runtime: 0.4 sec
Completed work frac: 1.0
Num Stars Copied Between Processes: 0
Num Lps During Enumeration: 100
Total Num Lps: 100

Result: network is SAFE

[NNENUM] Result: 
<nnenum.result.Result object at 0x7159136dbb20>
[NNENUM] Enumeration finished.
safe
[NNENUM] Found counter-example stars: 0
[NNENUM] Filtering result using SMT solver...
[SMT] SMT filtered out 0 stars (out of 0; TO: 0).
[QUERY] Looking for nonlinear input combinations...
.[QUERY] Found all non-linear combinations. Count: 2
[QUERY] Returning nonlinear disjunction
[CTRL] Considering conjunction with 42 input constraints and a disjunction of size 6
[APPROX] Checking cache: SNNT.Approx.ApproxCacheObject[]
[APPROX] Constructing Approximation
[APPROX] Resolving approximation
[CTRL] Initiating iterator over current linear queries
[APPROX] # Conjunctions over output: 6
[CTRL] Processing linear query no. 198
[NNENUM] Running nnenum now...
[NNENUM] lb: [0.0062499999999999995, -0.4999999701976776, 5.000000171712609e-6, -0.3499999940395355, -0.005, -0.005, -0.005, -0.005, -0.005, -0.005, -0.005, -0.005, -0.005]
[NNENUM] ub: [0.5, -0.33623147889292704, 5.000000171712609e-6, -0.21079675705898798, 0.004999999999999999, 0.004999999999999999, 0.004999999999999999, 0.004999999999999999, 0.004999999999999999, 0.004999999999999999, 0.004999999999999999, 0.004999999999999999, 0.004999999999999999]
[NNENUM] Creating LP Star...
[NNENUM] Checking feasibility
[NNENUM] Generating output Spec...
[NNENUM] Spec list length:  6
[NNENUM] Enumeration in progress... 
(0.1 sec) Q: 0, Sets: 0/1  (0.0%) CEs: 0 ETA: - (expected 1 stars)   
(0.2 sec) Q: 0, Sets: 0/2  (0.0%) CEs: 0 ETA: - (expected 1 stars)   
(0.3 sec) Q: 0, Sets: 2/4  (25.0%) CEs: 0 ETA: 1.0 sec (expected 8 stars)   
Total Stars: 7 (1 exact, 6 approx)
Unfinished Stars: 0
Runtime: 0.4 sec
Completed work frac: 1.0
Num Stars Copied Between Processes: 0
Num Lps During Enumeration: 110
Total Num Lps: 110

Result: network is SAFE

[NNENUM] Result: 
<nnenum.result.Result object at 0x715913ce1430>
[NNENUM] Enumeration finished.
safe
[NNENUM] Found counter-example stars: 0
[NNENUM] Filtering result using SMT solver...
[SMT] SMT filtered out 0 stars (out of 0; TO: 0).
[QUERY] Looking for nonlinear input combinations...
[QUERY] Found all non-linear combinations. Count: 1
[QUERY] Returning nonlinear disjunction
[CTRL] Considering conjunction with 42 input constraints and a disjunction of size 4
[APPROX] Checking cache: SNNT.Approx.ApproxCacheObject[]
[APPROX] Constructing Approximation
[APPROX] Resolving approximation
[CTRL] Initiating iterator over current linear queries
[APPROX] # Conjunctions over output: 4
[CTRL] Processing linear query no. 199
[NNENUM] Running nnenum now...
[NNENUM] lb: [0.0062499999999999995, -0.4999999701976776, 5.000000171712609e-6, -0.3499999940395355, -0.005, -0.005, -0.005, -0.005, -0.005, -0.005, -0.005, -0.005, -0.005]
[NNENUM] ub: [0.5, -0.33623147889292704, 5.000000171712609e-6, -0.21079675705898798, 0.004999999999999999, 0.004999999999999999, 0.004999999999999999, 0.004999999999999999, 0.004999999999999999, 0.004999999999999999, 0.004999999999999999, 0.004999999999999999, 0.004999999999999999]
[NNENUM] Creating LP Star...
[NNENUM] Checking feasibility
[NNENUM] Generating output Spec...
[NNENUM] Spec list length:  4
[NNENUM] Enumeration in progress... 
(0.0 sec) Q: 0, Sets: 0/1  (0.0%) CEs: 0 ETA: - (expected 1 stars)   

Total Stars: 5 (1 exact, 4 approx)
Unfinished Stars: 0
Runtime: 0.1 sec
Completed work frac: 1.0
Num Stars Copied Between Processes: 0
Num Lps During Enumeration: 174
Total Num Lps: 174

Result: network is SAFE

[NNENUM] Result: 
<nnenum.result.Result object at 0x7159140f0160>
[NNENUM] Enumeration finished.
safe
[NNENUM] Found counter-example stars: 0
[NNENUM] Filtering result using SMT solver...
[SMT] SMT filtered out 0 stars (out of 0; TO: 0).
[QUERY] Looking for nonlinear input combinations...
.[QUERY] Found all non-linear combinations. Count: 2
[QUERY] Returning nonlinear disjunction
[CTRL] Considering conjunction with 42 input constraints and a disjunction of size 4
[APPROX] Checking cache: SNNT.Approx.ApproxCacheObject[]
[APPROX] Constructing Approximation
[APPROX] Resolving approximation
[CTRL] Initiating iterator over current linear queries
[APPROX] # Conjunctions over output: 4
[CTRL] Processing linear query no. 200
[NNENUM] Running nnenum now...
[NNENUM] lb: [0.0062499999999999995, -0.4999999701976776, 5.000000171712609e-6, -0.3499999940395355, -0.005, -0.005, -0.005, -0.005, -0.005, -0.005, -0.005, -0.005, -0.005]
[NNENUM] ub: [0.5, -0.33623147889292704, 5.000000171712609e-6, -0.21079675705898798, 0.004999999999999999, 0.004999999999999999, 0.004999999999999999, 0.004999999999999999, 0.004999999999999999, 0.004999999999999999, 0.004999999999999999, 0.004999999999999999, 0.004999999999999999]
[NNENUM] Creating LP Star...
[NNENUM] Checking feasibility
[NNENUM] Generating output Spec...
[NNENUM] Spec list length:  4
[NNENUM] Enumeration in progress... 
(0.1 sec) Q: 0, Sets: 0/1  (0.0%) CEs: 0 ETA: - (expected 1 stars)   
(0.2 sec) Q: 0, Sets: 0/2  (0.0%) CEs: 0 ETA: - (expected 1 stars)   

Total Stars: 6 (2 exact, 4 approx)
Unfinished Stars: 0
Runtime: 0.3 sec
Completed work frac: 1.0
Num Stars Copied Between Processes: 0
Num Lps During Enumeration: 102
Total Num Lps: 102

Result: network is SAFE

[NNENUM] Result: 
<nnenum.result.Result object at 0x7159136c1af0>
[NNENUM] Enumeration finished.
safe
[NNENUM] Found counter-example stars: 0
[NNENUM] Filtering result using SMT solver...
[SMT] SMT filtered out 0 stars (out of 0; TO: 0).
[QUERY] Looking for nonlinear input combinations...
.[QUERY] Found all non-linear combinations. Count: 1
[QUERY] Returning nonlinear disjunction
[CTRL] Considering conjunction with 42 input constraints and a disjunction of size 6
[APPROX] Checking cache: SNNT.Approx.ApproxCacheObject[]
[APPROX] Constructing Approximation
[APPROX] Resolving approximation
[CTRL] Initiating iterator over current linear queries
[APPROX] # Conjunctions over output: 6
[CTRL] Processing linear query no. 201
[NNENUM] Running nnenum now...
[NNENUM] lb: [0.0062499999999999995, -0.4999999701976776, 5.000000171712609e-6, -0.3499999940395355, -0.005, -0.005, -0.005, -0.005, -0.005, -0.005, -0.005, -0.005, -0.005]
[NNENUM] ub: [0.5, -0.33623147889292704, 5.000000171712609e-6, -0.21079675705898798, 0.004999999999999999, 0.004999999999999999, 0.004999999999999999, 0.004999999999999999, 0.004999999999999999, 0.004999999999999999, 0.004999999999999999, 0.004999999999999999, 0.004999999999999999]
[NNENUM] Creating LP Star...
[NNENUM] Checking feasibility
[NNENUM] Generating output Spec...
[NNENUM] Spec list length:  6
[NNENUM] Enumeration in progress... 
(0.1 sec) Q: 0, Sets: 0/1  (0.0%) CEs: 0 ETA: - (expected 1 stars)   
(0.2 sec) Q: 0, Sets: 2/4  (37.5%) CEs: 0 ETA: 0.4 sec (expected 5 stars)   

Total Stars: 7 (2 exact, 5 approx)
Unfinished Stars: 0
Runtime: 0.2 sec
Completed work frac: 1.0
Num Stars Copied Between Processes: 0
Num Lps During Enumeration: 102
Total Num Lps: 102

Result: network is SAFE

[NNENUM] Result: 
<nnenum.result.Result object at 0x71591a59d9d0>
[NNENUM] Enumeration finished.
safe
[NNENUM] Found counter-example stars: 0
[NNENUM] Filtering result using SMT solver...
[SMT] SMT filtered out 0 stars (out of 0; TO: 0).
[QUERY] Looking for nonlinear input combinations...
[QUERY] Found all non-linear combinations. Count: 1
[QUERY] Returning nonlinear disjunction
[CTRL] Considering conjunction with 42 input constraints and a disjunction of size 6
[APPROX] Checking cache: SNNT.Approx.ApproxCacheObject[]
[APPROX] Constructing Approximation
[APPROX] Resolving approximation
[CTRL] Initiating iterator over current linear queries
[APPROX] # Conjunctions over output: 6
[CTRL] Processing linear query no. 202
[NNENUM] Running nnenum now...
[NNENUM] lb: [0.0062499999999999995, -0.4999999701976776, 5.000000171712609e-6, -0.3499999940395355, -0.005, -0.005, -0.005, -0.005, -0.005, -0.005, -0.005, -0.005, -0.005]
[NNENUM] ub: [0.5, -0.33623147889292704, 5.000000171712609e-6, -0.21079675705898798, 0.004999999999999999, 0.004999999999999999, 0.004999999999999999, 0.004999999999999999, 0.004999999999999999, 0.004999999999999999, 0.004999999999999999, 0.004999999999999999, 0.004999999999999999]
[NNENUM] Creating LP Star...
[NNENUM] Checking feasibility
[NNENUM] Generating output Spec...
[NNENUM] Spec list length:  6
[NNENUM] Enumeration in progress... 
(0.1 sec) Q: 0, Sets: 0/1  (0.0%) CEs: 0 ETA: - (expected 1 stars)   
(0.2 sec) Q: 0, Sets: 0/2  (0.0%) CEs: 0 ETA: - (expected 1 stars)   
(0.3 sec) Q: 0, Sets: 4/6  (50.0%) CEs: 0 ETA: 0.3 sec (expected 8 stars)   
Total Stars: 9 (3 exact, 6 approx)
Unfinished Stars: 0
Runtime: 0.4 sec
Completed work frac: 1.0
Num Stars Copied Between Processes: 0
Num Lps During Enumeration: 123
Total Num Lps: 123

Result: network is SAFE

[NNENUM] Result: 
<nnenum.result.Result object at 0x715913ce19d0>
[NNENUM] Enumeration finished.
safe
[NNENUM] Found counter-example stars: 0
[NNENUM] Filtering result using SMT solver...
[SMT] SMT filtered out 0 stars (out of 0; TO: 0).
[QUERY] Looking for nonlinear input combinations...
[QUERY] Found all non-linear combinations. Count: 1
[QUERY] Returning nonlinear disjunction
[CTRL] Considering conjunction with 42 input constraints and a disjunction of size 4
[APPROX] Checking cache: SNNT.Approx.ApproxCacheObject[]
[APPROX] Constructing Approximation
[APPROX] Resolving approximation
[CTRL] Initiating iterator over current linear queries
[APPROX] # Conjunctions over output: 4
[CTRL] Processing linear query no. 203
[NNENUM] Running nnenum now...
[NNENUM] lb: [0.0062499999999999995, -0.4999999701976776, 5.000000171712609e-6, -0.3499999940395355, -0.005, -0.005, -0.005, -0.005, -0.005, -0.005, -0.005, -0.005, -0.005]
[NNENUM] ub: [0.5, -0.33623147889292704, 5.000000171712609e-6, -0.21079675705898798, 0.004999999999999999, 0.004999999999999999, 0.004999999999999999, 0.004999999999999999, 0.004999999999999999, 0.004999999999999999, 0.004999999999999999, 0.004999999999999999, 0.004999999999999999]
[NNENUM] Creating LP Star...
[NNENUM] Checking feasibility
[NNENUM] Generating output Spec...
[NNENUM] Spec list length:  4
[NNENUM] Enumeration in progress... 
(0.1 sec) Q: 0, Sets: 0/1  (0.0%) CEs: 0 ETA: - (expected 1 stars)   

Total Stars: 5 (2 exact, 3 approx)
Unfinished Stars: 0
Runtime: 0.2 sec
Completed work frac: 1.0
Num Stars Copied Between Processes: 0
Num Lps During Enumeration: 103
Total Num Lps: 103

Result: network is SAFE

[NNENUM] Result: 
<nnenum.result.Result object at 0x7159140f0610>
[NNENUM] Enumeration finished.
safe
[NNENUM] Found counter-example stars: 0
[NNENUM] Filtering result using SMT solver...
[SMT] SMT filtered out 0 stars (out of 0; TO: 0).
[QUERY] Looking for nonlinear input combinations...
[QUERY] Found all non-linear combinations. Count: 1
[QUERY] Returning nonlinear disjunction
[CTRL] Considering conjunction with 42 input constraints and a disjunction of size 4
[APPROX] Checking cache: SNNT.Approx.ApproxCacheObject[]
[APPROX] Constructing Approximation
[APPROX] Resolving approximation
[CTRL] Initiating iterator over current linear queries
[APPROX] # Conjunctions over output: 4
[CTRL] Processing linear query no. 204
[NNENUM] Running nnenum now...
[NNENUM] lb: [0.0062499999999999995, -0.4999999701976776, 5.000000171712609e-6, -0.3499999940395355, -0.005, -0.005, -0.005, -0.005, -0.005, -0.005, -0.005, -0.005, -0.005]
[NNENUM] ub: [0.5, -0.33623147889292704, 5.000000171712609e-6, -0.21079675705898798, 0.004999999999999999, 0.004999999999999999, 0.004999999999999999, 0.004999999999999999, 0.004999999999999999, 0.004999999999999999, 0.004999999999999999, 0.004999999999999999, 0.004999999999999999]
[NNENUM] Creating LP Star...
[NNENUM] Checking feasibility
[NNENUM] Generating output Spec...
[NNENUM] Spec list length:  4
[NNENUM] Enumeration in progress... 
(0.1 sec) Q: 0, Sets: 0/1  (0.0%) CEs: 0 ETA: - (expected 1 stars)   
(0.3 sec) Q: 0, Sets: 0/2  (0.0%) CEs: 0 ETA: - (expected 1 stars)   
(0.4 sec) Q: 0, Sets: 3/7  (20.312%) CEs: 0 ETA: 1.4 sec (expected 15 stars)   
Total Stars: 13 (3 exact, 10 approx)
Unfinished Stars: 0
Runtime: 0.4 sec
Completed work frac: 1.0
Num Stars Copied Between Processes: 0
Num Lps During Enumeration: 153
Total Num Lps: 153

Result: network is SAFE

[NNENUM] Result: 
<nnenum.result.Result object at 0x7159136d3b50>
[NNENUM] Enumeration finished.
safe
[NNENUM] Found counter-example stars: 0
[NNENUM] Filtering result using SMT solver...
[SMT] SMT filtered out 0 stars (out of 0; TO: 0).
[QUERY] Looking for nonlinear input combinations...
[QUERY] Found all non-linear combinations. Count: 1
[QUERY] Returning nonlinear disjunction
[CTRL] Considering conjunction with 42 input constraints and a disjunction of size 6
[APPROX] Checking cache: SNNT.Approx.ApproxCacheObject[]
[APPROX] Constructing Approximation
[APPROX] Resolving approximation
[CTRL] Initiating iterator over current linear queries
[APPROX] # Conjunctions over output: 6
[CTRL] Processing linear query no. 205
[NNENUM] Running nnenum now...
[NNENUM] lb: [0.0062499999999999995, -0.33623147889292704, 5.000000171712609e-6, -0.3499999940395355, -0.005, -0.005, -0.005, -0.005, -0.005, -0.005, -0.005, -0.005, -0.005]
[NNENUM] ub: [0.5, -0.18296763576522218, 5.000000171712609e-6, -0.21079675705898798, 0.004999999999999999, 0.004999999999999999, 0.004999999999999999, 0.004999999999999999, 0.004999999999999999, 0.004999999999999999, 0.004999999999999999, 0.004999999999999999, 0.004999999999999999]
[NNENUM] Creating LP Star...
[NNENUM] Checking feasibility
[NNENUM] Generating output Spec...
[NNENUM] Spec list length:  6
[NNENUM] Enumeration in progress... 
(0.0 sec) Q: 0, Sets: 0/1  (0.0%) CEs: 0 ETA: - (expected 1 stars)   

Total Stars: 4 (1 exact, 3 approx)
Unfinished Stars: 0
Runtime: 0.1 sec
Completed work frac: 1.0
Num Stars Copied Between Processes: 0
Num Lps During Enumeration: 110
Total Num Lps: 110

Result: network is SAFE

[NNENUM] Result: 
<nnenum.result.Result object at 0x715913ce1eb0>
[NNENUM] Enumeration finished.
safe
[NNENUM] Found counter-example stars: 0
[NNENUM] Filtering result using SMT solver...
[SMT] SMT filtered out 0 stars (out of 0; TO: 0).
[QUERY] Looking for nonlinear input combinations...
[QUERY] Found all non-linear combinations. Count: 2
[QUERY] Returning nonlinear disjunction
[CTRL] Considering conjunction with 42 input constraints and a disjunction of size 6
[APPROX] Checking cache: SNNT.Approx.ApproxCacheObject[]
[APPROX] Constructing Approximation
[APPROX] Resolving approximation
[CTRL] Initiating iterator over current linear queries
[APPROX] # Conjunctions over output: 6
[CTRL] Processing linear query no. 206
[NNENUM] Running nnenum now...
[NNENUM] lb: [0.0062499999999999995, -0.33623147889292704, 5.000000171712609e-6, -0.3499999940395355, -0.005, -0.005, -0.005, -0.005, -0.005, -0.005, -0.005, -0.005, -0.005]
[NNENUM] ub: [0.5, -0.18296763576522218, 5.000000171712609e-6, -0.21079675705898798, 0.004999999999999999, 0.004999999999999999, 0.004999999999999999, 0.004999999999999999, 0.004999999999999999, 0.004999999999999999, 0.004999999999999999, 0.004999999999999999, 0.004999999999999999]
[NNENUM] Creating LP Star...
[NNENUM] Checking feasibility
[NNENUM] Generating output Spec...
[NNENUM] Spec list length:  6
[NNENUM] Enumeration in progress... 
(0.2 sec) Q: 0, Sets: 0/1  (0.0%) CEs: 0 ETA: - (expected 1 stars)   
(0.3 sec) Q: 0, Sets: 0/2  (0.0%) CEs: 0 ETA: - (expected 1 stars)   

Total Stars: 3 (0 exact, 3 approx)
Unfinished Stars: 0
Runtime: 0.3 sec
Completed work frac: 1.0
Num Stars Copied Between Processes: 0
Num Lps During Enumeration: 0
Total Num Lps: 0

Result: network is SAFE

[NNENUM] Result: 
<nnenum.result.Result object at 0x7159136c2dc0>
[NNENUM] Enumeration finished.
safe
[NNENUM] Found counter-example stars: 0
[NNENUM] Filtering result using SMT solver...
[SMT] SMT filtered out 0 stars (out of 0; TO: 0).
[QUERY] Looking for nonlinear input combinations...
[QUERY] Found all non-linear combinations. Count: 2
[QUERY] Returning nonlinear disjunction
[CTRL] Considering conjunction with 42 input constraints and a disjunction of size 6
[APPROX] Checking cache: SNNT.Approx.ApproxCacheObject[]
[APPROX] Constructing Approximation
[APPROX] Resolving approximation
[CTRL] Initiating iterator over current linear queries
[APPROX] # Conjunctions over output: 6
[CTRL] Processing linear query no. 207
[NNENUM] Running nnenum now...
[NNENUM] lb: [0.0062499999999999995, -0.33623147889292704, 5.000000171712609e-6, -0.3499999940395355, -0.005, -0.005, -0.005, -0.005, -0.005, -0.005, -0.005, -0.005, -0.005]
[NNENUM] ub: [0.5, -0.18296763576522218, 5.000000171712609e-6, -0.21079675705898798, 0.004999999999999999, 0.004999999999999999, 0.004999999999999999, 0.004999999999999999, 0.004999999999999999, 0.004999999999999999, 0.004999999999999999, 0.004999999999999999, 0.004999999999999999]
[NNENUM] Creating LP Star...
[NNENUM] Checking feasibility
[NNENUM] Generating output Spec...
[NNENUM] Spec list length:  6
[NNENUM] Enumeration in progress... 
(0.1 sec) Q: 0, Sets: 0/1  (0.0%) CEs: 0 ETA: - (expected 1 stars)   

Total Stars: 3 (0 exact, 3 approx)
Unfinished Stars: 0
Runtime: 0.2 sec
Completed work frac: 1.0
Num Stars Copied Between Processes: 0
Num Lps During Enumeration: 0
Total Num Lps: 0

Result: network is SAFE

[NNENUM] Result: 
<nnenum.result.Result object at 0x715913cc3d60>
[NNENUM] Enumeration finished.
safe
[NNENUM] Found counter-example stars: 0
[NNENUM] Filtering result using SMT solver...
[SMT] SMT filtered out 0 stars (out of 0; TO: 0).
[QUERY] Looking for nonlinear input combinations...
[QUERY] Found all non-linear combinations. Count: 2
[QUERY] Returning nonlinear disjunction
[CTRL] Considering conjunction with 42 input constraints and a disjunction of size 6
[APPROX] Checking cache: SNNT.Approx.ApproxCacheObject[]
[APPROX] Constructing Approximation
[APPROX] Resolving approximation
[CTRL] Initiating iterator over current linear queries
[APPROX] # Conjunctions over output: 6
[CTRL] Processing linear query no. 208
[NNENUM] Running nnenum now...
[NNENUM] lb: [0.0062499999999999995, -0.33623147889292704, 5.000000171712609e-6, -0.3499999940395355, -0.005, -0.005, -0.005, -0.005, -0.005, -0.005, -0.005, -0.005, -0.005]
[NNENUM] ub: [0.5, -0.18296763576522218, 5.000000171712609e-6, -0.21079675705898798, 0.004999999999999999, 0.004999999999999999, 0.004999999999999999, 0.004999999999999999, 0.004999999999999999, 0.004999999999999999, 0.004999999999999999, 0.004999999999999999, 0.004999999999999999]
[NNENUM] Creating LP Star...
[NNENUM] Checking feasibility
[NNENUM] Generating output Spec...
[NNENUM] Spec list length:  6
[NNENUM] Enumeration in progress... 
(0.1 sec) Q: 0, Sets: 0/1  (0.0%) CEs: 0 ETA: - (expected 1 stars)   
(0.2 sec) Q: 0, Sets: 0/2  (0.0%) CEs: 0 ETA: - (expected 1 stars)   
(0.3 sec) Q: 0, Sets: 2/6  (6.25%) CEs: 0 ETA: 5.1 sec (expected 32 stars)   
Total Stars: 6 (2 exact, 4 approx)
Unfinished Stars: 0
Runtime: 0.4 sec
Completed work frac: 1.0
Num Stars Copied Between Processes: 0
Num Lps During Enumeration: 210
Total Num Lps: 210

Result: network is SAFE

[NNENUM] Result: 
<nnenum.result.Result object at 0x7159136c20a0>
[NNENUM] Enumeration finished.
safe
[NNENUM] Found counter-example stars: 0
[NNENUM] Filtering result using SMT solver...
[SMT] SMT filtered out 0 stars (out of 0; TO: 0).
[QUERY] Looking for nonlinear input combinations...
..[QUERY] Found all non-linear combinations. Count: 1
[QUERY] Returning nonlinear disjunction
[CTRL] Considering conjunction with 42 input constraints and a disjunction of size 6
[APPROX] Checking cache: SNNT.Approx.ApproxCacheObject[]
[APPROX] Constructing Approximation
[APPROX] Resolving approximation
[CTRL] Initiating iterator over current linear queries
[APPROX] # Conjunctions over output: 6
[CTRL] Processing linear query no. 209
[NNENUM] Running nnenum now...
[NNENUM] lb: [0.0062499999999999995, -0.33623147889292704, 5.000000171712609e-6, -0.3499999940395355, -0.005, -0.005, -0.005, -0.005, -0.005, -0.005, -0.005, -0.005, -0.005]
[NNENUM] ub: [0.5, -0.18296763576522218, 5.000000171712609e-6, -0.21079675705898798, 0.004999999999999999, 0.004999999999999999, 0.004999999999999999, 0.004999999999999999, 0.004999999999999999, 0.004999999999999999, 0.004999999999999999, 0.004999999999999999, 0.004999999999999999]
[NNENUM] Creating LP Star...
[NNENUM] Checking feasibility
[NNENUM] Generating output Spec...
[NNENUM] Spec list length:  6
[NNENUM] Enumeration in progress... 

[NNENUM] Result: 
<nnenum.result.Result object at 0x7159136c2880>
[NNENUM] Enumeration finished.
safe
[NNENUM] Filtering result using SMT solver...
[SMT] SMT filtered out 0 stars (out of 0; TO: 0).
[QUERY] Looking for nonlinear input combinations...
.[QUERY] Found all non-linear combinations. Count: 1
[QUERY] Returning nonlinear disjunction
[CTRL] Considering conjunction with 42 input constraints and a disjunction of size 6
[APPROX] Checking cache: SNNT.Approx.ApproxCacheObject[]
[APPROX] Constructing Approximation
[APPROX] Resolving approximation
[CTRL] Initiating iterator over current linear queries
[APPROX] # Conjunctions over output: 6
[CTRL] Processing linear query no. 210
[NNENUM] Running nnenum now...
[NNENUM] lb: [0.0062499999999999995, -0.33623147889292704, 5.000000171712609e-6, -0.3499999940395355, -0.005, -0.005, -0.005, -0.005, -0.005, -0.005, -0.005, -0.005, -0.005]
[NNENUM] ub: [0.5, -0.18296763576522218, 5.000000171712609e-6, -0.21079675705898798, 0.004999999999999999, 0.004999999999999999, 0.004999999999999999, 0.004999999999999999, 0.004999999999999999, 0.004999999999999999, 0.004999999999999999, 0.004999999999999999, 0.004999999999999999]
[NNENUM] Creating LP Star...
[NNENUM] Checking feasibility
[NNENUM] Generating output Spec...
[NNENUM] Spec list length:  6
[NNENUM] Enumeration in progress... 

[NNENUM] Result: 
<nnenum.result.Result object at 0x7159136d3130>
[NNENUM] Enumeration finished.
safe
[NNENUM] Filtering result using SMT solver...
[SMT] SMT filtered out 0 stars (out of 0; TO: 0).
[QUERY] Looking for nonlinear input combinations...
[QUERY] Found all non-linear combinations. Count: 2
[QUERY] Returning nonlinear disjunction
[CTRL] Considering conjunction with 42 input constraints and a disjunction of size 6
[APPROX] Checking cache: SNNT.Approx.ApproxCacheObject[]
[APPROX] Constructing Approximation
[APPROX] Resolving approximation
[CTRL] Initiating iterator over current linear queries
[APPROX] # Conjunctions over output: 6
[CTRL] Processing linear query no. 211
[NNENUM] Running nnenum now...
[NNENUM] lb: [0.0062499999999999995, -0.4999999701976776, 5.000000171712609e-6, -0.3499999940395355, -0.005, -0.005, -0.005, -0.005, -0.005, -0.005, -0.005, -0.005, -0.005]
[NNENUM] ub: [0.5, -0.33623147889292704, 5.000000171712609e-6, -0.21079675705898798, 0.004999999999999999, 0.004999999999999999, 0.004999999999999999, 0.004999999999999999, 0.004999999999999999, 0.004999999999999999, 0.004999999999999999, 0.004999999999999999, 0.004999999999999999]
[NNENUM] Creating LP Star...
[NNENUM] Checking feasibility
[NNENUM] Generating output Spec...
[NNENUM] Spec list length:  6
[NNENUM] Enumeration in progress... 
(0.2 sec) Q: 0, Sets: 0/1  (0.0%) CEs: 0 ETA: - (expected 1 stars)   

Total Stars: 6 (2 exact, 4 approx)
Unfinished Stars: 0
Runtime: 0.3 sec
Completed work frac: 1.0
Num Stars Copied Between Processes: 0
Num Lps During Enumeration: 151
Total Num Lps: 151

Result: network is SAFE

[NNENUM] Result: 
<nnenum.result.Result object at 0x7159136d3dc0>
[NNENUM] Enumeration finished.
safe
[NNENUM] Found counter-example stars: 0
[NNENUM] Filtering result using SMT solver...
[SMT] SMT filtered out 0 stars (out of 0; TO: 0).
[QUERY] Looking for nonlinear input combinations...
[QUERY] Found all non-linear combinations. Count: 2
[QUERY] Returning nonlinear disjunction
[CTRL] Considering conjunction with 42 input constraints and a disjunction of size 6
[APPROX] Checking cache: SNNT.Approx.ApproxCacheObject[]
[APPROX] Constructing Approximation
[APPROX] Resolving approximation
[CTRL] Initiating iterator over current linear queries
[APPROX] # Conjunctions over output: 6
[CTRL] Processing linear query no. 212
[NNENUM] Running nnenum now...
[NNENUM] lb: [0.0062499999999999995, -0.4999999701976776, 5.000000171712609e-6, -0.3499999940395355, -0.005, -0.005, -0.005, -0.005, -0.005, -0.005, -0.005, -0.005, -0.005]
[NNENUM] ub: [0.5, -0.33623147889292704, 5.000000171712609e-6, -0.21079675705898798, 0.004999999999999999, 0.004999999999999999, 0.004999999999999999, 0.004999999999999999, 0.004999999999999999, 0.004999999999999999, 0.004999999999999999, 0.004999999999999999, 0.004999999999999999]
[NNENUM] Creating LP Star...
[NNENUM] Checking feasibility
[NNENUM] Generating output Spec...
[NNENUM] Spec list length:  6
[NNENUM] Enumeration in progress... 
(0.1 sec) Q: 0, Sets: 0/1  (0.0%) CEs: 0 ETA: - (expected 1 stars)   

Total Stars: 4 (2 exact, 2 approx)
Unfinished Stars: 0
Runtime: 0.2 sec
Completed work frac: 1.0
Num Stars Copied Between Processes: 0
Num Lps During Enumeration: 141
Total Num Lps: 141

Result: network is SAFE

[NNENUM] Result: 
<nnenum.result.Result object at 0x71591a59d550>
[NNENUM] Enumeration finished.
safe
[NNENUM] Found counter-example stars: 0
[NNENUM] Filtering result using SMT solver...
[SMT] SMT filtered out 0 stars (out of 0; TO: 0).
[QUERY] Looking for nonlinear input combinations...
[QUERY] Found all non-linear combinations. Count: 1
[QUERY] Returning nonlinear disjunction
[CTRL] Considering conjunction with 42 input constraints and a disjunction of size 6
[APPROX] Checking cache: SNNT.Approx.ApproxCacheObject[]
[APPROX] Constructing Approximation
[APPROX] Resolving approximation
[CTRL] Initiating iterator over current linear queries
[APPROX] # Conjunctions over output: 6
[CTRL] Processing linear query no. 213
[NNENUM] Running nnenum now...
[NNENUM] lb: [0.0062499999999999995, -0.4999999701976776, 5.000000171712609e-6, -0.3499999940395355, -0.005, -0.005, -0.005, -0.005, -0.005, -0.005, -0.005, -0.005, -0.005]
[NNENUM] ub: [0.5, -0.33623147889292704, 5.000000171712609e-6, -0.21079675705898798, 0.004999999999999999, 0.004999999999999999, 0.004999999999999999, 0.004999999999999999, 0.004999999999999999, 0.004999999999999999, 0.004999999999999999, 0.004999999999999999, 0.004999999999999999]
[NNENUM] Creating LP Star...
[NNENUM] Checking feasibility
[NNENUM] Generating output Spec...
[NNENUM] Spec list length:  6
[NNENUM] Enumeration in progress... 
(0.2 sec) Q: 0, Sets: 0/1  (0.0%) CEs: 0 ETA: - (expected 1 stars)   
(0.3 sec) Q: 0, Sets: 0/2  (0.0%) CEs: 0 ETA: - (expected 1 stars)   

Total Stars: 6 (2 exact, 4 approx)
Unfinished Stars: 0
Runtime: 0.3 sec
Completed work frac: 1.0
Num Stars Copied Between Processes: 0
Num Lps During Enumeration: 172
Total Num Lps: 172

Result: network is SAFE

[NNENUM] Result: 
<nnenum.result.Result object at 0x7159136d7b80>
[NNENUM] Enumeration finished.
safe
[NNENUM] Found counter-example stars: 0
[NNENUM] Filtering result using SMT solver...
[SMT] SMT filtered out 0 stars (out of 0; TO: 0).
[QUERY] Looking for nonlinear input combinations...
[QUERY] Found all non-linear combinations. Count: 1
[QUERY] Returning nonlinear disjunction
[CTRL] Considering conjunction with 42 input constraints and a disjunction of size 6
[APPROX] Checking cache: SNNT.Approx.ApproxCacheObject[]
[APPROX] Constructing Approximation
[APPROX] Resolving approximation
[CTRL] Initiating iterator over current linear queries
[APPROX] # Conjunctions over output: 6
[CTRL] Processing linear query no. 214
[NNENUM] Running nnenum now...
[NNENUM] lb: [0.0062499999999999995, -0.4999999701976776, 5.000000171712609e-6, -0.3499999940395355, -0.005, -0.005, -0.005, -0.005, -0.005, -0.005, -0.005, -0.005, -0.005]
[NNENUM] ub: [0.5, -0.33623147889292704, 5.000000171712609e-6, -0.21079675705898798, 0.004999999999999999, 0.004999999999999999, 0.004999999999999999, 0.004999999999999999, 0.004999999999999999, 0.004999999999999999, 0.004999999999999999, 0.004999999999999999, 0.004999999999999999]
[NNENUM] Creating LP Star...
[NNENUM] Checking feasibility
[NNENUM] Generating output Spec...
[NNENUM] Spec list length:  6
[NNENUM] Enumeration in progress... 
(0.1 sec) Q: 0, Sets: 0/1  (0.0%) CEs: 0 ETA: - (expected 1 stars)   
(0.2 sec) Q: 0, Sets: 6/6  (100.0%) CEs: 0 ETA: 0.0 sec (expected 6 stars)   

Total Stars: 6 (2 exact, 4 approx)
Unfinished Stars: 0
Runtime: 0.2 sec
Completed work frac: 1.0
Num Stars Copied Between Processes: 0
Num Lps During Enumeration: 172
Total Num Lps: 172

Result: network is SAFE

[NNENUM] Result: 
<nnenum.result.Result object at 0x7159146df430>
[NNENUM] Enumeration finished.
safe
[NNENUM] Found counter-example stars: 0
[NNENUM] Filtering result using SMT solver...
[SMT] SMT filtered out 0 stars (out of 0; TO: 0).
[QUERY] Looking for nonlinear input combinations...
[QUERY] Found all non-linear combinations. Count: 2
[QUERY] Returning nonlinear disjunction
[CTRL] Considering conjunction with 42 input constraints and a disjunction of size 6
[APPROX] Checking cache: SNNT.Approx.ApproxCacheObject[]
[APPROX] Constructing Approximation
[APPROX] Resolving approximation
[CTRL] Initiating iterator over current linear queries
[APPROX] # Conjunctions over output: 6
[CTRL] Processing linear query no. 215
[NNENUM] Running nnenum now...
[NNENUM] lb: [0.0062499999999999995, -0.4999999701976776, 5.000000171712609e-6, -0.3499999940395355, -0.005, -0.005, -0.005, -0.005, -0.005, -0.005, -0.005, -0.005, -0.005]
[NNENUM] ub: [0.5, -0.33623147889292704, 5.000000171712609e-6, -0.21079675705898798, 0.004999999999999999, 0.004999999999999999, 0.004999999999999999, 0.004999999999999999, 0.004999999999999999, 0.004999999999999999, 0.004999999999999999, 0.004999999999999999, 0.004999999999999999]
[NNENUM] Creating LP Star...
[NNENUM] Checking feasibility
[NNENUM] Generating output Spec...
[NNENUM] Spec list length:  6
[NNENUM] Enumeration in progress... 
(0.1 sec) Q: 0, Sets: 0/1  (0.0%) CEs: 0 ETA: - (expected 1 stars)   
(0.2 sec) Q: 0, Sets: 0/2  (0.0%) CEs: 0 ETA: - (expected 1 stars)   
(0.3 sec) Q: 0, Sets: 6/8  (50.0%) CEs: 0 ETA: 0.3 sec (expected 12 stars)   
Total Stars: 9 (2 exact, 7 approx)
Unfinished Stars: 0
Runtime: 0.4 sec
Completed work frac: 1.0
Num Stars Copied Between Processes: 0
Num Lps During Enumeration: 161
Total Num Lps: 161

Result: network is SAFE

[NNENUM] Result: 
<nnenum.result.Result object at 0x7159136ceb80>
[NNENUM] Enumeration finished.
safe
[NNENUM] Found counter-example stars: 0
[NNENUM] Filtering result using SMT solver...
[SMT] SMT filtered out 0 stars (out of 0; TO: 0).
[QUERY] Looking for nonlinear input combinations...
.[QUERY] Found all non-linear combinations. Count: 1
[QUERY] Returning nonlinear disjunction
[CTRL] Considering conjunction with 42 input constraints and a disjunction of size 6
[APPROX] Checking cache: SNNT.Approx.ApproxCacheObject[]
[APPROX] Constructing Approximation
[APPROX] Resolving approximation
[CTRL] Initiating iterator over current linear queries
[APPROX] # Conjunctions over output: 6
[CTRL] Processing linear query no. 216
[NNENUM] Running nnenum now...
[NNENUM] lb: [0.0062499999999999995, -0.4999999701976776, 5.000000171712609e-6, -0.3499999940395355, -0.005, -0.005, -0.005, -0.005, -0.005, -0.005, -0.005, -0.005, -0.005]
[NNENUM] ub: [0.5, -0.33623147889292704, 5.000000171712609e-6, -0.21079675705898798, 0.004999999999999999, 0.004999999999999999, 0.004999999999999999, 0.004999999999999999, 0.004999999999999999, 0.004999999999999999, 0.004999999999999999, 0.004999999999999999, 0.004999999999999999]
[NNENUM] Creating LP Star...
[NNENUM] Checking feasibility
[NNENUM] Generating output Spec...
[NNENUM] Spec list length:  6
[NNENUM] Enumeration in progress... 
(0.1 sec) Q: 0, Sets: 0/1  (0.0%) CEs: 0 ETA: - (expected 1 stars)   

Total Stars: 3 (2 exact, 1 approx)
Unfinished Stars: 0
Runtime: 0.1 sec
Completed work frac: 1.0
Num Stars Copied Between Processes: 0
Num Lps During Enumeration: 151
Total Num Lps: 151

Result: network is SAFE

[NNENUM] Result: 
<nnenum.result.Result object at 0x7159136d3940>
[NNENUM] Enumeration finished.
safe
[NNENUM] Found counter-example stars: 0
[NNENUM] Filtering result using SMT solver...
[SMT] SMT filtered out 0 stars (out of 0; TO: 0).
[QUERY] Looking for nonlinear input combinations...
.[QUERY] Found all non-linear combinations. Count: 1
[QUERY] Returning nonlinear disjunction
[CTRL] Considering conjunction with 42 input constraints and a disjunction of size 6
[APPROX] Checking cache: SNNT.Approx.ApproxCacheObject[]
[APPROX] Constructing Approximation
[APPROX] Resolving approximation
[CTRL] Initiating iterator over current linear queries
[APPROX] # Conjunctions over output: 6
[CTRL] Processing linear query no. 217
[NNENUM] Running nnenum now...
[NNENUM] lb: [0.0062499999999999995, -0.4999999701976776, 5.000000171712609e-6, -0.3499999940395355, -0.005, -0.005, -0.005, -0.005, -0.005, -0.005, -0.005, -0.005, -0.005]
[NNENUM] ub: [0.5, -0.33623147889292704, 5.000000171712609e-6, -0.21079675705898798, 0.004999999999999999, 0.004999999999999999, 0.004999999999999999, 0.004999999999999999, 0.004999999999999999, 0.004999999999999999, 0.004999999999999999, 0.004999999999999999, 0.004999999999999999]
[NNENUM] Creating LP Star...
[NNENUM] Checking feasibility
[NNENUM] Generating output Spec...
[NNENUM] Spec list length:  6
[NNENUM] Enumeration in progress... 

[NNENUM] Result: 
<nnenum.result.Result object at 0x7159136d7490>
[NNENUM] Enumeration finished.
safe
[NNENUM] Filtering result using SMT solver...
[SMT] SMT filtered out 0 stars (out of 0; TO: 0).
[QUERY] Looking for nonlinear input combinations...
[QUERY] Found all non-linear combinations. Count: 1
[QUERY] Returning nonlinear disjunction
[CTRL] Considering conjunction with 42 input constraints and a disjunction of size 6
[APPROX] Checking cache: SNNT.Approx.ApproxCacheObject[]
[APPROX] Constructing Approximation
[APPROX] Resolving approximation
[CTRL] Initiating iterator over current linear queries
[APPROX] # Conjunctions over output: 6
[CTRL] Processing linear query no. 218
[NNENUM] Running nnenum now...
[NNENUM] lb: [0.0062499999999999995, -0.4999999701976776, 5.000000171712609e-6, -0.3499999940395355, -0.005, -0.005, -0.005, -0.005, -0.005, -0.005, -0.005, -0.005, -0.005]
[NNENUM] ub: [0.5, -0.33623147889292704, 5.000000171712609e-6, -0.21079675705898798, 0.004999999999999999, 0.004999999999999999, 0.004999999999999999, 0.004999999999999999, 0.004999999999999999, 0.004999999999999999, 0.004999999999999999, 0.004999999999999999, 0.004999999999999999]
[NNENUM] Creating LP Star...
[NNENUM] Checking feasibility
[NNENUM] Generating output Spec...
[NNENUM] Spec list length:  6
[NNENUM] Enumeration in progress... 
(0.2 sec) Q: 0, Sets: 0/1  (0.0%) CEs: 0 ETA: - (expected 1 stars)   

Total Stars: 3 (2 exact, 1 approx)
Unfinished Stars: 0
Runtime: 0.3 sec
Completed work frac: 1.0
Num Stars Copied Between Processes: 0
Num Lps During Enumeration: 151
Total Num Lps: 151

Result: network is SAFE

[NNENUM] Result: 
<nnenum.result.Result object at 0x7159140f0340>
[NNENUM] Enumeration finished.
safe
[NNENUM] Found counter-example stars: 0
[NNENUM] Filtering result using SMT solver...
[SMT] SMT filtered out 0 stars (out of 0; TO: 0).
[QUERY] Looking for nonlinear input combinations...
[QUERY] Found all non-linear combinations. Count: 2
[QUERY] Returning nonlinear disjunction
[CTRL] Considering conjunction with 42 input constraints and a disjunction of size 6
[APPROX] Checking cache: SNNT.Approx.ApproxCacheObject[]
[APPROX] Constructing Approximation
[APPROX] Resolving approximation
[CTRL] Initiating iterator over current linear queries
[APPROX] # Conjunctions over output: 6
[CTRL] Processing linear query no. 219
[NNENUM] Running nnenum now...
[NNENUM] lb: [0.0062499999999999995, -0.4999999701976776, 5.000000171712609e-6, -0.3499999940395355, -0.005, -0.005, -0.005, -0.005, -0.005, -0.005, -0.005, -0.005, -0.005]
[NNENUM] ub: [0.5, -0.33623147889292704, 5.000000171712609e-6, -0.21079675705898798, 0.004999999999999999, 0.004999999999999999, 0.004999999999999999, 0.004999999999999999, 0.004999999999999999, 0.004999999999999999, 0.004999999999999999, 0.004999999999999999, 0.004999999999999999]
[NNENUM] Creating LP Star...
[NNENUM] Checking feasibility
[NNENUM] Generating output Spec...
[NNENUM] Spec list length:  6
[NNENUM] Enumeration in progress... 
(0.2 sec) Q: 0, Sets: 0/1  (0.0%) CEs: 0 ETA: - (expected 1 stars)   

Total Stars: 4 (2 exact, 2 approx)
Unfinished Stars: 0
Runtime: 0.2 sec
Completed work frac: 1.0
Num Stars Copied Between Processes: 0
Num Lps During Enumeration: 177
Total Num Lps: 177

Result: network is SAFE

[NNENUM] Result: 
<nnenum.result.Result object at 0x7159136c91f0>
[NNENUM] Enumeration finished.
safe
[NNENUM] Found counter-example stars: 0
[NNENUM] Filtering result using SMT solver...
[SMT] SMT filtered out 0 stars (out of 0; TO: 0).
[QUERY] Looking for nonlinear input combinations...
[QUERY] Found all non-linear combinations. Count: 2
[QUERY] Returning nonlinear disjunction
[CTRL] Considering conjunction with 42 input constraints and a disjunction of size 6
[APPROX] Checking cache: SNNT.Approx.ApproxCacheObject[]
[APPROX] Constructing Approximation
[APPROX] Resolving approximation
[CTRL] Initiating iterator over current linear queries
[APPROX] # Conjunctions over output: 6
[CTRL] Processing linear query no. 220
[NNENUM] Running nnenum now...
[NNENUM] lb: [0.0062499999999999995, -0.4999999701976776, 5.000000171712609e-6, -0.3499999940395355, -0.005, -0.005, -0.005, -0.005, -0.005, -0.005, -0.005, -0.005, -0.005]
[NNENUM] ub: [0.5, -0.33623147889292704, 5.000000171712609e-6, -0.21079675705898798, 0.004999999999999999, 0.004999999999999999, 0.004999999999999999, 0.004999999999999999, 0.004999999999999999, 0.004999999999999999, 0.004999999999999999, 0.004999999999999999, 0.004999999999999999]
[NNENUM] Creating LP Star...
[NNENUM] Checking feasibility
[NNENUM] Generating output Spec...
[NNENUM] Spec list length:  6
[NNENUM] Enumeration in progress... 
(0.1 sec) Q: 0, Sets: 0/1  (0.0%) CEs: 0 ETA: - (expected 1 stars)   
(0.3 sec) Q: 0, Sets: 1/3  (25.0%) CEs: 0 ETA: 0.8 sec (expected 4 stars)   

Total Stars: 4 (1 exact, 3 approx)
Unfinished Stars: 0
Runtime: 0.4 sec
Completed work frac: 1.0
Num Stars Copied Between Processes: 0
Num Lps During Enumeration: 103
Total Num Lps: 103

Result: network is SAFE

[NNENUM] Result: 
<nnenum.result.Result object at 0x7159136c8100>
[NNENUM] Enumeration finished.
safe
[NNENUM] Found counter-example stars: 0
[NNENUM] Filtering result using SMT solver...
[SMT] SMT filtered out 0 stars (out of 0; TO: 0).
[QUERY] Looking for nonlinear input combinations...
[QUERY] Found all non-linear combinations. Count: 1
[QUERY] Returning nonlinear disjunction
[CTRL] Considering conjunction with 42 input constraints and a disjunction of size 6
[APPROX] Checking cache: SNNT.Approx.ApproxCacheObject[]
[APPROX] Constructing Approximation
[APPROX] Resolving approximation
[CTRL] Initiating iterator over current linear queries
[APPROX] # Conjunctions over output: 6
[CTRL] Processing linear query no. 221
[NNENUM] Running nnenum now...
[NNENUM] lb: [0.0062499999999999995, -0.4999999701976776, 5.000000171712609e-6, -0.3499999940395355, -0.005, -0.005, -0.005, -0.005, -0.005, -0.005, -0.005, -0.005, -0.005]
[NNENUM] ub: [0.5, -0.33623147889292704, 5.000000171712609e-6, -0.21079675705898798, 0.004999999999999999, 0.004999999999999999, 0.004999999999999999, 0.004999999999999999, 0.004999999999999999, 0.004999999999999999, 0.004999999999999999, 0.004999999999999999, 0.004999999999999999]
[NNENUM] Creating LP Star...
[NNENUM] Checking feasibility
[NNENUM] Generating output Spec...
[NNENUM] Spec list length:  6
[NNENUM] Enumeration in progress... 
(0.1 sec) Q: 0, Sets: 0/1  (0.0%) CEs: 0 ETA: - (expected 1 stars)   
(0.2 sec) Q: 0, Sets: 1/4  (25.0%) CEs: 0 ETA: 0.6 sec (expected 4 stars)   

Total Stars: 6 (3 exact, 3 approx)
Unfinished Stars: 0
Runtime: 0.2 sec
Completed work frac: 1.0
Num Stars Copied Between Processes: 0
Num Lps During Enumeration: 160
Total Num Lps: 160

Result: network is SAFE

[NNENUM] Result: 
<nnenum.result.Result object at 0x7159136d3970>
[NNENUM] Enumeration finished.
safe
[NNENUM] Found counter-example stars: 0
[NNENUM] Filtering result using SMT solver...
[SMT] SMT filtered out 0 stars (out of 0; TO: 0).
[QUERY] Looking for nonlinear input combinations...
[QUERY] Found all non-linear combinations. Count: 1
[QUERY] Returning nonlinear disjunction
[CTRL] Considering conjunction with 42 input constraints and a disjunction of size 6
[APPROX] Checking cache: SNNT.Approx.ApproxCacheObject[]
[APPROX] Constructing Approximation
[APPROX] Resolving approximation
[CTRL] Initiating iterator over current linear queries
[APPROX] # Conjunctions over output: 6
[CTRL] Processing linear query no. 222
[NNENUM] Running nnenum now...
[NNENUM] lb: [0.0062499999999999995, -0.4999999701976776, 5.000000171712609e-6, -0.3499999940395355, -0.005, -0.005, -0.005, -0.005, -0.005, -0.005, -0.005, -0.005, -0.005]
[NNENUM] ub: [0.5, -0.33623147889292704, 5.000000171712609e-6, -0.21079675705898798, 0.004999999999999999, 0.004999999999999999, 0.004999999999999999, 0.004999999999999999, 0.004999999999999999, 0.004999999999999999, 0.004999999999999999, 0.004999999999999999, 0.004999999999999999]
[NNENUM] Creating LP Star...
[NNENUM] Checking feasibility
[NNENUM] Generating output Spec...
[NNENUM] Spec list length:  6
[NNENUM] Enumeration in progress... 
(0.2 sec) Q: 0, Sets: 0/1  (0.0%) CEs: 0 ETA: - (expected 1 stars)   
(0.3 sec) Q: 0, Sets: 0/2  (0.0%) CEs: 0 ETA: - (expected 1 stars)   
(0.4 sec) Q: 0, Sets: 2/6  (6.25%) CEs: 0 ETA: 5.6 sec (expected 32 stars)   (0.5 sec) Q: 0, Sets: 5/9  (28.125%) CEs: 0 ETA: 1.4 sec (expected 18 stars)   
(0.7 sec) Q: 0, Sets: 6/9  (31.25%) CEs: 0 ETA: 1.6 sec (expected 19 stars)   (0.8 sec) Q: 0, Sets: 9/11  (62.5%) CEs: 0 ETA: 0.5 sec (expected 14 stars)   (1.0 sec) Q: 0, Sets: 13/16  (78.125%) CEs: 0 ETA: 0.3 sec (expected 17 stars)   (1.1 sec) Q: 0, Sets: 15/18  (79.688%) CEs: 0 ETA: 0.3 sec (expected 19 stars)   
(1.2 sec) Q: 0, Sets: 16/18  (81.25%) CEs: 0 ETA: 0.3 sec (expected 20 stars)   (1.4 sec) Q: 0, Sets: 17/20  (82.812%) CEs: 0 ETA: 0.3 sec (expected 21 stars)   (1.5 sec) Q: 0, Sets: 23/25  (84.375%) CEs: 0 ETA: 0.3 sec (expected 27 stars)   (1.6 sec) Q: 0, Sets: 24/26  (87.5%) CEs: 0 ETA: 0.2 sec (expected 27 stars)   
Total Stars: 30 (2 exact, 28 approx)
Unfinished Stars: 0
Runtime: 1.7 sec
Completed work frac: 1.0
Num Stars Copied Between Processes: 0
Num Lps During Enumeration: 71
Total Num Lps: 71

Result: network is SAFE

[NNENUM] Result: 
<nnenum.result.Result object at 0x7159136ecbe0>
[NNENUM] Enumeration finished.
safe
[NNENUM] Found counter-example stars: 0
[NNENUM] Filtering result using SMT solver...
[SMT] SMT filtered out 0 stars (out of 0; TO: 0).
[QUERY] Looking for nonlinear input combinations...
[QUERY] Found all non-linear combinations. Count: 1
[QUERY] Returning nonlinear disjunction
[CTRL] Considering conjunction with 42 input constraints and a disjunction of size 6
[APPROX] Checking cache: SNNT.Approx.ApproxCacheObject[]
[APPROX] Constructing Approximation
[APPROX] Resolving approximation
[CTRL] Initiating iterator over current linear queries
[APPROX] # Conjunctions over output: 6
[CTRL] Processing linear query no. 223
[NNENUM] Running nnenum now...
[NNENUM] lb: [0.0062499999999999995, -0.4999999701976776, 5.000000171712609e-6, -0.3499999940395355, -0.005, -0.005, -0.005, -0.005, -0.005, -0.005, -0.005, -0.005, -0.005]
[NNENUM] ub: [0.5, -0.33623147889292704, 5.000000171712609e-6, -0.21079675705898798, 0.004999999999999999, 0.004999999999999999, 0.004999999999999999, 0.004999999999999999, 0.004999999999999999, 0.004999999999999999, 0.004999999999999999, 0.004999999999999999, 0.004999999999999999]
[NNENUM] Creating LP Star...
[NNENUM] Checking feasibility
[NNENUM] Generating output Spec...
[NNENUM] Spec list length:  6
[NNENUM] Enumeration in progress... 
(0.1 sec) Q: 0, Sets: 0/1  (0.0%) CEs: 0 ETA: - (expected 1 stars)   

Total Stars: 4 (1 exact, 3 approx)
Unfinished Stars: 0
Runtime: 0.2 sec
Completed work frac: 1.0
Num Stars Copied Between Processes: 0
Num Lps During Enumeration: 128
Total Num Lps: 128

Result: network is SAFE

[NNENUM] Result: 
<nnenum.result.Result object at 0x7159136c8e80>
[NNENUM] Enumeration finished.
safe
[NNENUM] Found counter-example stars: 0
[NNENUM] Filtering result using SMT solver...
[SMT] SMT filtered out 0 stars (out of 0; TO: 0).
[QUERY] Looking for nonlinear input combinations...
[QUERY] Found all non-linear combinations. Count: 1
[QUERY] Returning nonlinear disjunction
[CTRL] Considering conjunction with 42 input constraints and a disjunction of size 6
[APPROX] Checking cache: SNNT.Approx.ApproxCacheObject[]
[APPROX] Constructing Approximation
[APPROX] Resolving approximation
[CTRL] Initiating iterator over current linear queries
[APPROX] # Conjunctions over output: 6
[CTRL] Processing linear query no. 224
[NNENUM] Running nnenum now...
[NNENUM] lb: [0.0062499999999999995, -0.4999999701976776, 5.000000171712609e-6, -0.3499999940395355, -0.005, -0.005, -0.005, -0.005, -0.005, -0.005, -0.005, -0.005, -0.005]
[NNENUM] ub: [0.5, -0.33623147889292704, 5.000000171712609e-6, -0.21079675705898798, 0.004999999999999999, 0.004999999999999999, 0.004999999999999999, 0.004999999999999999, 0.004999999999999999, 0.004999999999999999, 0.004999999999999999, 0.004999999999999999, 0.004999999999999999]
[NNENUM] Creating LP Star...
[NNENUM] Checking feasibility
[NNENUM] Generating output Spec...
[NNENUM] Spec list length:  6
[NNENUM] Enumeration in progress... 
(0.1 sec) Q: 0, Sets: 0/1  (0.0%) CEs: 0 ETA: - (expected 1 stars)   
(0.2 sec) Q: 0, Sets: 0/2  (0.0%) CEs: 0 ETA: - (expected 1 stars)   
(0.3 sec) Q: 0, Sets: 2/4  (37.5%) CEs: 0 ETA: 0.5 sec (expected 5 stars)   
Total Stars: 5 (1 exact, 4 approx)
Unfinished Stars: 0
Runtime: 0.3 sec
Completed work frac: 1.0
Num Stars Copied Between Processes: 0
Num Lps During Enumeration: 128
Total Num Lps: 128

Result: network is SAFE

[NNENUM] Result: 
<nnenum.result.Result object at 0x7159136c9730>
[NNENUM] Enumeration finished.
safe
[NNENUM] Found counter-example stars: 0
[NNENUM] Filtering result using SMT solver...
[SMT] SMT filtered out 0 stars (out of 0; TO: 0).
[QUERY] Looking for nonlinear input combinations...
[QUERY] Found all non-linear combinations. Count: 1
[QUERY] Returning nonlinear disjunction
[CTRL] Considering conjunction with 42 input constraints and a disjunction of size 6
[APPROX] Checking cache: SNNT.Approx.ApproxCacheObject[]
[APPROX] Constructing Approximation
[APPROX] Resolving approximation
[CTRL] Initiating iterator over current linear queries
[APPROX] # Conjunctions over output: 6
[CTRL] Processing linear query no. 225
[NNENUM] Running nnenum now...
[NNENUM] lb: [0.0062499999999999995, -0.4999999701976776, 5.000000171712609e-6, -0.3499999940395355, -0.005, -0.005, -0.005, -0.005, -0.005, -0.005, -0.005, -0.005, -0.005]
[NNENUM] ub: [0.5, -0.33623147889292704, 5.000000171712609e-6, -0.21079675705898798, 0.004999999999999999, 0.004999999999999999, 0.004999999999999999, 0.004999999999999999, 0.004999999999999999, 0.004999999999999999, 0.004999999999999999, 0.004999999999999999, 0.004999999999999999]
[NNENUM] Creating LP Star...
[NNENUM] Checking feasibility
[NNENUM] Generating output Spec...
[NNENUM] Spec list length:  6
[NNENUM] Enumeration in progress... 
(0.1 sec) Q: 0, Sets: 0/1  (0.0%) CEs: 0 ETA: - (expected 1 stars)   
(0.2 sec) Q: 0, Sets: 1/3  (25.0%) CEs: 0 ETA: 0.7 sec (expected 4 stars)   

Total Stars: 6 (1 exact, 5 approx)
Unfinished Stars: 0
Runtime: 0.3 sec
Completed work frac: 1.0
Num Stars Copied Between Processes: 0
Num Lps During Enumeration: 108
Total Num Lps: 108

Result: network is SAFE

[NNENUM] Result: 
<nnenum.result.Result object at 0x7159136d3100>
[NNENUM] Enumeration finished.
safe
[NNENUM] Found counter-example stars: 0
[NNENUM] Filtering result using SMT solver...
[SMT] SMT filtered out 0 stars (out of 0; TO: 0).
[QUERY] Looking for nonlinear input combinations...
[QUERY] Found all non-linear combinations. Count: 1
[QUERY] Returning nonlinear disjunction
[CTRL] Considering conjunction with 42 input constraints and a disjunction of size 6
[APPROX] Checking cache: SNNT.Approx.ApproxCacheObject[]
[APPROX] Constructing Approximation
[APPROX] Resolving approximation
[CTRL] Initiating iterator over current linear queries
[APPROX] # Conjunctions over output: 6
[CTRL] Processing linear query no. 226
[NNENUM] Running nnenum now...
[NNENUM] lb: [0.0062499999999999995, -0.4999999701976776, 5.000000171712609e-6, -0.3499999940395355, -0.005, -0.005, -0.005, -0.005, -0.005, -0.005, -0.005, -0.005, -0.005]
[NNENUM] ub: [0.5, -0.33623147889292704, 5.000000171712609e-6, -0.21079675705898798, 0.004999999999999999, 0.004999999999999999, 0.004999999999999999, 0.004999999999999999, 0.004999999999999999, 0.004999999999999999, 0.004999999999999999, 0.004999999999999999, 0.004999999999999999]
[NNENUM] Creating LP Star...
[NNENUM] Checking feasibility
[NNENUM] Generating output Spec...
[NNENUM] Spec list length:  6
[NNENUM] Enumeration in progress... 
(0.1 sec) Q: 0, Sets: 0/1  (0.0%) CEs: 0 ETA: - (expected 1 stars)   
(0.2 sec) Q: 0, Sets: 0/2  (0.0%) CEs: 0 ETA: - (expected 1 stars)   

Total Stars: 5 (2 exact, 3 approx)
Unfinished Stars: 0
Runtime: 0.3 sec
Completed work frac: 1.0
Num Stars Copied Between Processes: 0
Num Lps During Enumeration: 129
Total Num Lps: 129

Result: network is SAFE

[NNENUM] Result: 
<nnenum.result.Result object at 0x715913cff850>
[NNENUM] Enumeration finished.
safe
[NNENUM] Found counter-example stars: 0
[NNENUM] Filtering result using SMT solver...
[SMT] SMT filtered out 0 stars (out of 0; TO: 0).
[QUERY] Looking for nonlinear input combinations...
[QUERY] Found all non-linear combinations. Count: 2
[QUERY] Returning nonlinear disjunction
[CTRL] Considering conjunction with 42 input constraints and a disjunction of size 6
[APPROX] Checking cache: SNNT.Approx.ApproxCacheObject[]
[APPROX] Constructing Approximation
[APPROX] Resolving approximation
[CTRL] Initiating iterator over current linear queries
[APPROX] # Conjunctions over output: 6
[CTRL] Processing linear query no. 227
[NNENUM] Running nnenum now...
[NNENUM] lb: [0.0062499999999999995, -0.4999999701976776, 5.000000171712609e-6, -0.3499999940395355, -0.005, -0.005, -0.005, -0.005, -0.005, -0.005, -0.005, -0.005, -0.005]
[NNENUM] ub: [0.5, -0.33623147889292704, 5.000000171712609e-6, -0.21079675705898798, 0.004999999999999999, 0.004999999999999999, 0.004999999999999999, 0.004999999999999999, 0.004999999999999999, 0.004999999999999999, 0.004999999999999999, 0.004999999999999999, 0.004999999999999999]
[NNENUM] Creating LP Star...
[NNENUM] Checking feasibility
[NNENUM] Generating output Spec...
[NNENUM] Spec list length:  6
[NNENUM] Enumeration in progress... 
(0.1 sec) Q: 0, Sets: 0/1  (0.0%) CEs: 0 ETA: - (expected 1 stars)   
(0.2 sec) Q: 0, Sets: 1/3  (25.0%) CEs: 0 ETA: 0.7 sec (expected 4 stars)   

Total Stars: 7 (2 exact, 5 approx)
Unfinished Stars: 0
Runtime: 0.3 sec
Completed work frac: 1.0
Num Stars Copied Between Processes: 0
Num Lps During Enumeration: 174
Total Num Lps: 174

Result: network is SAFE

[NNENUM] Result: 
<nnenum.result.Result object at 0x715913cff1f0>
[NNENUM] Enumeration finished.
safe
[NNENUM] Found counter-example stars: 0
[NNENUM] Filtering result using SMT solver...
[SMT] SMT filtered out 0 stars (out of 0; TO: 0).
[QUERY] Looking for nonlinear input combinations...
[QUERY] Found all non-linear combinations. Count: 2
[QUERY] Returning nonlinear disjunction
[CTRL] Considering conjunction with 42 input constraints and a disjunction of size 6
[APPROX] Checking cache: SNNT.Approx.ApproxCacheObject[]
[APPROX] Constructing Approximation
[APPROX] Resolving approximation
[CTRL] Initiating iterator over current linear queries
[APPROX] # Conjunctions over output: 6
[CTRL] Processing linear query no. 228
[NNENUM] Running nnenum now...
[NNENUM] lb: [0.0062499999999999995, -0.4999999701976776, 5.000000171712609e-6, -0.3499999940395355, -0.005, -0.005, -0.005, -0.005, -0.005, -0.005, -0.005, -0.005, -0.005]
[NNENUM] ub: [0.5, -0.33623147889292704, 5.000000171712609e-6, -0.21079675705898798, 0.004999999999999999, 0.004999999999999999, 0.004999999999999999, 0.004999999999999999, 0.004999999999999999, 0.004999999999999999, 0.004999999999999999, 0.004999999999999999, 0.004999999999999999]
[NNENUM] Creating LP Star...
[NNENUM] Checking feasibility
[NNENUM] Generating output Spec...
[NNENUM] Spec list length:  6
[NNENUM] Enumeration in progress... 
(0.1 sec) Q: 0, Sets: 0/1  (0.0%) CEs: 0 ETA: - (expected 1 stars)   
(0.2 sec) Q: 0, Sets: 0/2  (0.0%) CEs: 0 ETA: - (expected 1 stars)   
(0.4 sec) Q: 0, Sets: 2/4  (25.0%) CEs: 0 ETA: 1.1 sec (expected 8 stars)   (0.5 sec) Q: 0, Sets: 6/12  (75.781%) CEs: 0 ETA: 0.2 sec (expected 8 stars)   

Total Stars: 12 (0 exact, 12 approx)
Unfinished Stars: 0
Runtime: 0.5 sec
Completed work frac: 1.0
Num Stars Copied Between Processes: 0
Num Lps During Enumeration: 0
Total Num Lps: 0

Result: network is SAFE

[NNENUM] Result: 
<nnenum.result.Result object at 0x715913cff4c0>
[NNENUM] Enumeration finished.
safe
[NNENUM] Found counter-example stars: 0
[NNENUM] Filtering result using SMT solver...
[SMT] SMT filtered out 0 stars (out of 0; TO: 0).
[QUERY] Looking for nonlinear input combinations...
[QUERY] Found all non-linear combinations. Count: 2
[QUERY] Returning nonlinear disjunction
[CTRL] Considering conjunction with 42 input constraints and a disjunction of size 6
[APPROX] Checking cache: SNNT.Approx.ApproxCacheObject[]
[APPROX] Constructing Approximation
[APPROX] Resolving approximation
[CTRL] Initiating iterator over current linear queries
[APPROX] # Conjunctions over output: 6
[CTRL] Processing linear query no. 229
[NNENUM] Running nnenum now...
[NNENUM] lb: [0.0062499999999999995, -0.4999999701976776, 5.000000171712609e-6, -0.3499999940395355, -0.005, -0.005, -0.005, -0.005, -0.005, -0.005, -0.005, -0.005, -0.005]
[NNENUM] ub: [0.5, -0.33623147889292704, 5.000000171712609e-6, -0.21079675705898798, 0.004999999999999999, 0.004999999999999999, 0.004999999999999999, 0.004999999999999999, 0.004999999999999999, 0.004999999999999999, 0.004999999999999999, 0.004999999999999999, 0.004999999999999999]
[NNENUM] Creating LP Star...
[NNENUM] Checking feasibility
[NNENUM] Generating output Spec...
[NNENUM] Spec list length:  6
[NNENUM] Enumeration in progress... 
(0.1 sec) Q: 0, Sets: 0/1  (0.0%) CEs: 0 ETA: - (expected 1 stars)   
(0.3 sec) Q: 0, Sets: 2/6  (6.25%) CEs: 0 ETA: 4.2 sec (expected 32 stars)   
(0.4 sec) Q: 0, Sets: 5/8  (31.25%) CEs: 0 ETA: 0.8 sec (expected 16 stars)   
Total Stars: 14 (2 exact, 12 approx)
Unfinished Stars: 0
Runtime: 0.5 sec
Completed work frac: 1.0
Num Stars Copied Between Processes: 0
Num Lps During Enumeration: 141
Total Num Lps: 141

Result: network is SAFE

[NNENUM] Result: 
<nnenum.result.Result object at 0x7159136c22e0>
[NNENUM] Enumeration finished.
safe
[NNENUM] Found counter-example stars: 0
[NNENUM] Filtering result using SMT solver...
[SMT] SMT filtered out 0 stars (out of 0; TO: 0).
[QUERY] Looking for nonlinear input combinations...
[QUERY] Found all non-linear combinations. Count: 2
[QUERY] Returning nonlinear disjunction
[CTRL] Considering conjunction with 42 input constraints and a disjunction of size 6
[APPROX] Checking cache: SNNT.Approx.ApproxCacheObject[]
[APPROX] Constructing Approximation
[APPROX] Resolving approximation
[CTRL] Initiating iterator over current linear queries
[APPROX] # Conjunctions over output: 6
[CTRL] Processing linear query no. 230
[NNENUM] Running nnenum now...
[NNENUM] lb: [0.0062499999999999995, -0.4999999701976776, 5.000000171712609e-6, -0.3499999940395355, -0.005, -0.005, -0.005, -0.005, -0.005, -0.005, -0.005, -0.005, -0.005]
[NNENUM] ub: [0.5, -0.33623147889292704, 5.000000171712609e-6, -0.21079675705898798, 0.004999999999999999, 0.004999999999999999, 0.004999999999999999, 0.004999999999999999, 0.004999999999999999, 0.004999999999999999, 0.004999999999999999, 0.004999999999999999, 0.004999999999999999]
[NNENUM] Creating LP Star...
[NNENUM] Checking feasibility
[NNENUM] Generating output Spec...
[NNENUM] Spec list length:  6
[NNENUM] Enumeration in progress... 
(0.1 sec) Q: 0, Sets: 0/1  (0.0%) CEs: 0 ETA: - (expected 1 stars)   
(0.2 sec) Q: 0, Sets: 2/4  (25.0%) CEs: 0 ETA: 0.6 sec (expected 8 stars)   
(0.3 sec) Q: 0, Sets: 6/10  (53.125%) CEs: 0 ETA: 0.3 sec (expected 11 stars)   
Total Stars: 10 (0 exact, 10 approx)
Unfinished Stars: 0
Runtime: 0.4 sec
Completed work frac: 1.0
Num Stars Copied Between Processes: 0
Num Lps During Enumeration: 0
Total Num Lps: 0

Result: network is SAFE

[NNENUM] Result: 
<nnenum.result.Result object at 0x715913cee940>
[NNENUM] Enumeration finished.
safe
[NNENUM] Found counter-example stars: 0
[NNENUM] Filtering result using SMT solver...
[SMT] SMT filtered out 0 stars (out of 0; TO: 0).
[QUERY] Looking for nonlinear input combinations...
[QUERY] Found all non-linear combinations. Count: 1
[QUERY] Returning nonlinear disjunction
[CTRL] Considering conjunction with 42 input constraints and a disjunction of size 6
[APPROX] Checking cache: SNNT.Approx.ApproxCacheObject[]
[APPROX] Constructing Approximation
[APPROX] Resolving approximation
[CTRL] Initiating iterator over current linear queries
[APPROX] # Conjunctions over output: 6
[CTRL] Processing linear query no. 231
[NNENUM] Running nnenum now...
[NNENUM] lb: [0.0062499999999999995, -0.4999999701976776, 5.000000171712609e-6, -0.3499999940395355, -0.005, -0.005, -0.005, -0.005, -0.005, -0.005, -0.005, -0.005, -0.005]
[NNENUM] ub: [0.5, -0.33623147889292704, 5.000000171712609e-6, -0.21079675705898798, 0.004999999999999999, 0.004999999999999999, 0.004999999999999999, 0.004999999999999999, 0.004999999999999999, 0.004999999999999999, 0.004999999999999999, 0.004999999999999999, 0.004999999999999999]
[NNENUM] Creating LP Star...
[NNENUM] Checking feasibility
[NNENUM] Generating output Spec...
[NNENUM] Spec list length:  6
[NNENUM] Enumeration in progress... 
(0.1 sec) Q: 0, Sets: 0/1  (0.0%) CEs: 0 ETA: - (expected 1 stars)   
(0.3 sec) Q: 0, Sets: 2/4  (25.0%) CEs: 0 ETA: 0.8 sec (expected 8 stars)   
(0.4 sec) Q: 0, Sets: 3/5  (37.5%) CEs: 0 ETA: 0.6 sec (expected 8 stars)   
Total Stars: 10 (0 exact, 10 approx)
Unfinished Stars: 0
Runtime: 0.5 sec
Completed work frac: 1.0
Num Stars Copied Between Processes: 0
Num Lps During Enumeration: 0
Total Num Lps: 0

Result: network is SAFE

[NNENUM] Result: 
<nnenum.result.Result object at 0x715913cff4f0>
[NNENUM] Enumeration finished.
safe
[NNENUM] Found counter-example stars: 0
[NNENUM] Filtering result using SMT solver...
[SMT] SMT filtered out 0 stars (out of 0; TO: 0).
[QUERY] Looking for nonlinear input combinations...
[QUERY] Found all non-linear combinations. Count: 1
[QUERY] Returning nonlinear disjunction
[CTRL] Considering conjunction with 42 input constraints and a disjunction of size 6
[APPROX] Checking cache: SNNT.Approx.ApproxCacheObject[]
[APPROX] Constructing Approximation
[APPROX] Resolving approximation
[CTRL] Initiating iterator over current linear queries
[APPROX] # Conjunctions over output: 6
[CTRL] Processing linear query no. 232
[NNENUM] Running nnenum now...
[NNENUM] lb: [0.0062499999999999995, -0.4999999701976776, 5.000000171712609e-6, -0.3499999940395355, -0.005, -0.005, -0.005, -0.005, -0.005, -0.005, -0.005, -0.005, -0.005]
[NNENUM] ub: [0.5, -0.33623147889292704, 5.000000171712609e-6, -0.21079675705898798, 0.004999999999999999, 0.004999999999999999, 0.004999999999999999, 0.004999999999999999, 0.004999999999999999, 0.004999999999999999, 0.004999999999999999, 0.004999999999999999, 0.004999999999999999]
[NNENUM] Creating LP Star...
[NNENUM] Checking feasibility
[NNENUM] Generating output Spec...
[NNENUM] Spec list length:  6
[NNENUM] Enumeration in progress... 
(0.1 sec) Q: 0, Sets: 0/1  (0.0%) CEs: 0 ETA: - (expected 1 stars)   
(0.3 sec) Q: 0, Sets: 0/2  (0.0%) CEs: 0 ETA: - (expected 1 stars)   
(0.4 sec) Q: 0, Sets: 1/3  (25.0%) CEs: 0 ETA: 1.1 sec (expected 4 stars)   
Total Stars: 6 (2 exact, 4 approx)
Unfinished Stars: 0
Runtime: 0.4 sec
Completed work frac: 1.0
Num Stars Copied Between Processes: 0
Num Lps During Enumeration: 120
Total Num Lps: 120

Result: network is SAFE

[NNENUM] Result: 
<nnenum.result.Result object at 0x715913cd4c40>
[NNENUM] Enumeration finished.
safe
[NNENUM] Found counter-example stars: 0
[NNENUM] Filtering result using SMT solver...
[SMT] SMT filtered out 0 stars (out of 0; TO: 0).
[QUERY] Looking for nonlinear input combinations...
[QUERY] Found all non-linear combinations. Count: 1
[QUERY] Returning nonlinear disjunction
[CTRL] Considering conjunction with 42 input constraints and a disjunction of size 6
[APPROX] Checking cache: SNNT.Approx.ApproxCacheObject[]
[APPROX] Constructing Approximation
[APPROX] Resolving approximation
[CTRL] Initiating iterator over current linear queries
[APPROX] # Conjunctions over output: 6
[CTRL] Processing linear query no. 233
[NNENUM] Running nnenum now...
[NNENUM] lb: [0.0062499999999999995, -0.4999999701976776, 5.000000171712609e-6, -0.3499999940395355, -0.005, -0.005, -0.005, -0.005, -0.005, -0.005, -0.005, -0.005, -0.005]
[NNENUM] ub: [0.5, -0.33623147889292704, 5.000000171712609e-6, -0.21079675705898798, 0.004999999999999999, 0.004999999999999999, 0.004999999999999999, 0.004999999999999999, 0.004999999999999999, 0.004999999999999999, 0.004999999999999999, 0.004999999999999999, 0.004999999999999999]
[NNENUM] Creating LP Star...
[NNENUM] Checking feasibility
[NNENUM] Generating output Spec...
[NNENUM] Spec list length:  6
[NNENUM] Enumeration in progress... 
(0.1 sec) Q: 0, Sets: 0/1  (0.0%) CEs: 0 ETA: - (expected 1 stars)   
(0.2 sec) Q: 0, Sets: 1/3  (25.0%) CEs: 0 ETA: 0.7 sec (expected 4 stars)   

Total Stars: 6 (2 exact, 4 approx)
Unfinished Stars: 0
Runtime: 0.3 sec
Completed work frac: 1.0
Num Stars Copied Between Processes: 0
Num Lps During Enumeration: 122
Total Num Lps: 122

Result: network is SAFE

[NNENUM] Result: 
<nnenum.result.Result object at 0x715913cd4040>
[NNENUM] Enumeration finished.
safe
[NNENUM] Found counter-example stars: 0
[NNENUM] Filtering result using SMT solver...
[SMT] SMT filtered out 0 stars (out of 0; TO: 0).
[QUERY] Looking for nonlinear input combinations...
[QUERY] Found all non-linear combinations. Count: 2
[QUERY] Returning nonlinear disjunction
[CTRL] Considering conjunction with 42 input constraints and a disjunction of size 6
[APPROX] Checking cache: SNNT.Approx.ApproxCacheObject[]
[APPROX] Constructing Approximation
[APPROX] Resolving approximation
[CTRL] Initiating iterator over current linear queries
[APPROX] # Conjunctions over output: 6
[CTRL] Processing linear query no. 234
[NNENUM] Running nnenum now...
[NNENUM] lb: [0.0062499999999999995, -0.4999999701976776, 5.000000171712609e-6, -0.3499999940395355, -0.005, -0.005, -0.005, -0.005, -0.005, -0.005, -0.005, -0.005, -0.005]
[NNENUM] ub: [0.5, -0.33623147889292704, 5.000000171712609e-6, -0.21079675705898798, 0.004999999999999999, 0.004999999999999999, 0.004999999999999999, 0.004999999999999999, 0.004999999999999999, 0.004999999999999999, 0.004999999999999999, 0.004999999999999999, 0.004999999999999999]
[NNENUM] Creating LP Star...
[NNENUM] Checking feasibility
[NNENUM] Generating output Spec...
[NNENUM] Spec list length:  6
[NNENUM] Enumeration in progress... 
(0.1 sec) Q: 0, Sets: 0/1  (0.0%) CEs: 0 ETA: - (expected 1 stars)   
(0.3 sec) Q: 0, Sets: 0/2  (0.0%) CEs: 0 ETA: - (expected 1 stars)   

Total Stars: 5 (2 exact, 3 approx)
Unfinished Stars: 0
Runtime: 0.3 sec
Completed work frac: 1.0
Num Stars Copied Between Processes: 0
Num Lps During Enumeration: 172
Total Num Lps: 172

Result: network is SAFE

[NNENUM] Result: 
<nnenum.result.Result object at 0x715913cd48e0>
[NNENUM] Enumeration finished.
safe
[NNENUM] Found counter-example stars: 0
[NNENUM] Filtering result using SMT solver...
[SMT] SMT filtered out 0 stars (out of 0; TO: 0).
[QUERY] Looking for nonlinear input combinations...
[QUERY] Found all non-linear combinations. Count: 2
[QUERY] Returning nonlinear disjunction
[CTRL] Considering conjunction with 42 input constraints and a disjunction of size 6
[APPROX] Checking cache: SNNT.Approx.ApproxCacheObject[]
[APPROX] Constructing Approximation
[APPROX] Resolving approximation
[CTRL] Initiating iterator over current linear queries
[APPROX] # Conjunctions over output: 6
[CTRL] Processing linear query no. 235
[NNENUM] Running nnenum now...
[NNENUM] lb: [0.0062499999999999995, -0.4999999701976776, 5.000000171712609e-6, -0.3499999940395355, -0.005, -0.005, -0.005, -0.005, -0.005, -0.005, -0.005, -0.005, -0.005]
[NNENUM] ub: [0.5, -0.33623147889292704, 5.000000171712609e-6, -0.21079675705898798, 0.004999999999999999, 0.004999999999999999, 0.004999999999999999, 0.004999999999999999, 0.004999999999999999, 0.004999999999999999, 0.004999999999999999, 0.004999999999999999, 0.004999999999999999]
[NNENUM] Creating LP Star...
[NNENUM] Checking feasibility
[NNENUM] Generating output Spec...
[NNENUM] Spec list length:  6
[NNENUM] Enumeration in progress... 
(0.1 sec) Q: 0, Sets: 0/1  (0.0%) CEs: 0 ETA: - (expected 1 stars)   
(0.2 sec) Q: 0, Sets: 1/4  (12.5%) CEs: 0 ETA: 1.6 sec (expected 8 stars)   
(0.3 sec) Q: 0, Sets: 3/5  (37.5%) CEs: 0 ETA: 0.5 sec (expected 8 stars)   
Total Stars: 10 (0 exact, 10 approx)
Unfinished Stars: 0
Runtime: 0.4 sec
Completed work frac: 1.0
Num Stars Copied Between Processes: 0
Num Lps During Enumeration: 0
Total Num Lps: 0

Result: network is SAFE

[NNENUM] Result: 
<nnenum.result.Result object at 0x715913cff580>
[NNENUM] Enumeration finished.
safe
[NNENUM] Found counter-example stars: 0
[NNENUM] Filtering result using SMT solver...
[SMT] SMT filtered out 0 stars (out of 0; TO: 0).
[QUERY] Looking for nonlinear input combinations...
[QUERY] Found all non-linear combinations. Count: 2
[QUERY] Returning nonlinear disjunction
[CTRL] Considering conjunction with 42 input constraints and a disjunction of size 6
[APPROX] Checking cache: SNNT.Approx.ApproxCacheObject[]
[APPROX] Constructing Approximation
[APPROX] Resolving approximation
[CTRL] Initiating iterator over current linear queries
[APPROX] # Conjunctions over output: 6
[CTRL] Processing linear query no. 236
[NNENUM] Running nnenum now...
[NNENUM] lb: [0.0062499999999999995, -0.4999999701976776, 5.000000171712609e-6, -0.3499999940395355, -0.005, -0.005, -0.005, -0.005, -0.005, -0.005, -0.005, -0.005, -0.005]
[NNENUM] ub: [0.5, -0.33623147889292704, 5.000000171712609e-6, -0.21079675705898798, 0.004999999999999999, 0.004999999999999999, 0.004999999999999999, 0.004999999999999999, 0.004999999999999999, 0.004999999999999999, 0.004999999999999999, 0.004999999999999999, 0.004999999999999999]
[NNENUM] Creating LP Star...
[NNENUM] Checking feasibility
[NNENUM] Generating output Spec...
[NNENUM] Spec list length:  6
[NNENUM] Enumeration in progress... 
(0.1 sec) Q: 0, Sets: 0/1  (0.0%) CEs: 0 ETA: - (expected 1 stars)   
(0.2 sec) Q: 0, Sets: 0/2  (0.0%) CEs: 0 ETA: - (expected 1 stars)   

Total Stars: 5 (2 exact, 3 approx)
Unfinished Stars: 0
Runtime: 0.3 sec
Completed work frac: 1.0
Num Stars Copied Between Processes: 0
Num Lps During Enumeration: 180
Total Num Lps: 180

Result: network is SAFE

[NNENUM] Result: 
<nnenum.result.Result object at 0x715913cff910>
[NNENUM] Enumeration finished.
safe
[NNENUM] Found counter-example stars: 0
[NNENUM] Filtering result using SMT solver...
[SMT] SMT filtered out 0 stars (out of 0; TO: 0).
[QUERY] Looking for nonlinear input combinations...
[QUERY] Found all non-linear combinations. Count: 1
[QUERY] Returning nonlinear disjunction
[CTRL] Considering conjunction with 42 input constraints and a disjunction of size 6
[APPROX] Checking cache: SNNT.Approx.ApproxCacheObject[]
[APPROX] Constructing Approximation
[APPROX] Resolving approximation
[CTRL] Initiating iterator over current linear queries
[APPROX] # Conjunctions over output: 6
[CTRL] Processing linear query no. 237
[NNENUM] Running nnenum now...
[NNENUM] lb: [0.0062499999999999995, -0.4999999701976776, 5.000000171712609e-6, -0.3499999940395355, -0.005, -0.005, -0.005, -0.005, -0.005, -0.005, -0.005, -0.005, -0.005]
[NNENUM] ub: [0.5, -0.33623147889292704, 5.000000171712609e-6, -0.21079675705898798, 0.004999999999999999, 0.004999999999999999, 0.004999999999999999, 0.004999999999999999, 0.004999999999999999, 0.004999999999999999, 0.004999999999999999, 0.004999999999999999, 0.004999999999999999]
[NNENUM] Creating LP Star...
[NNENUM] Checking feasibility
[NNENUM] Generating output Spec...
[NNENUM] Spec list length:  6
[NNENUM] Enumeration in progress... 
(0.1 sec) Q: 0, Sets: 0/1  (0.0%) CEs: 0 ETA: - (expected 1 stars)   
(0.2 sec) Q: 0, Sets: 1/5  (6.25%) CEs: 0 ETA: 3.5 sec (expected 16 stars)   
(0.3 sec) Q: 0, Sets: 4/8  (28.125%) CEs: 0 ETA: 0.9 sec (expected 14 stars)   (0.4 sec) Q: 0, Sets: 11/11  (100.0%) CEs: 0 ETA: 0.0 sec (expected 11 stars)   

Total Stars: 11 (1 exact, 10 approx)
Unfinished Stars: 0
Runtime: 0.4 sec
Completed work frac: 1.0
Num Stars Copied Between Processes: 0
Num Lps During Enumeration: 60
Total Num Lps: 60

Result: network is SAFE

[NNENUM] Result: 
<nnenum.result.Result object at 0x715913cd4610>
[NNENUM] Enumeration finished.
safe
[NNENUM] Found counter-example stars: 0
[NNENUM] Filtering result using SMT solver...
[SMT] SMT filtered out 0 stars (out of 0; TO: 0).
[QUERY] Looking for nonlinear input combinations...
[QUERY] Found all non-linear combinations. Count: 1
[QUERY] Returning nonlinear disjunction
[CTRL] Considering conjunction with 42 input constraints and a disjunction of size 6
[APPROX] Checking cache: SNNT.Approx.ApproxCacheObject[]
[APPROX] Constructing Approximation
[APPROX] Resolving approximation
[CTRL] Initiating iterator over current linear queries
[APPROX] # Conjunctions over output: 6
[CTRL] Processing linear query no. 238
[NNENUM] Running nnenum now...
[NNENUM] lb: [0.0062499999999999995, -0.4999999701976776, 5.000000171712609e-6, -0.3499999940395355, -0.005, -0.005, -0.005, -0.005, -0.005, -0.005, -0.005, -0.005, -0.005]
[NNENUM] ub: [0.5, -0.33623147889292704, 5.000000171712609e-6, -0.21079675705898798, 0.004999999999999999, 0.004999999999999999, 0.004999999999999999, 0.004999999999999999, 0.004999999999999999, 0.004999999999999999, 0.004999999999999999, 0.004999999999999999, 0.004999999999999999]
[NNENUM] Creating LP Star...
[NNENUM] Checking feasibility
[NNENUM] Generating output Spec...
[NNENUM] Spec list length:  6
[NNENUM] Enumeration in progress... 
(0.2 sec) Q: 0, Sets: 0/1  (0.0%) CEs: 0 ETA: - (expected 1 stars)   
(0.3 sec) Q: 0, Sets: 1/7  (1.562%) CEs: 0 ETA: 18.7 sec (expected 64 stars)   
(0.4 sec) Q: 0, Sets: 2/7  (3.125%) CEs: 0 ETA: 12.5 sec (expected 64 stars)   (0.5 sec) Q: 0, Sets: 5/9  (15.625%) CEs: 0 ETA: 2.8 sec (expected 32 stars)   
(0.7 sec) Q: 0, Sets: 9/13  (28.125%) CEs: 0 ETA: 1.7 sec (expected 32 stars)   (0.8 sec) Q: 0, Sets: 12/14  (37.5%) CEs: 0 ETA: 1.3 sec (expected 32 stars)   
Total Stars: 16 (1 exact, 15 approx)
Unfinished Stars: 0
Runtime: 0.9 sec
Completed work frac: 1.0
Num Stars Copied Between Processes: 0
Num Lps During Enumeration: 60
Total Num Lps: 60

Result: network is SAFE

[NNENUM] Result: 
<nnenum.result.Result object at 0x7159136ecee0>
[NNENUM] Enumeration finished.
safe
[NNENUM] Found counter-example stars: 0
[NNENUM] Filtering result using SMT solver...
[SMT] SMT filtered out 0 stars (out of 0; TO: 0).
[QUERY] Looking for nonlinear input combinations...
[QUERY] Found all non-linear combinations. Count: 1
[QUERY] Returning nonlinear disjunction
[CTRL] Considering conjunction with 42 input constraints and a disjunction of size 6
[APPROX] Checking cache: SNNT.Approx.ApproxCacheObject[]
[APPROX] Constructing Approximation
[APPROX] Resolving approximation
[CTRL] Initiating iterator over current linear queries
[APPROX] # Conjunctions over output: 6
[CTRL] Processing linear query no. 239
[NNENUM] Running nnenum now...
[NNENUM] lb: [0.0062499999999999995, -0.4999999701976776, 5.000000171712609e-6, -0.3499999940395355, -0.005, -0.005, -0.005, -0.005, -0.005, -0.005, -0.005, -0.005, -0.005]
[NNENUM] ub: [0.5, -0.33623147889292704, 5.000000171712609e-6, -0.21079675705898798, 0.004999999999999999, 0.004999999999999999, 0.004999999999999999, 0.004999999999999999, 0.004999999999999999, 0.004999999999999999, 0.004999999999999999, 0.004999999999999999, 0.004999999999999999]
[NNENUM] Creating LP Star...
[NNENUM] Checking feasibility
[NNENUM] Generating output Spec...
[NNENUM] Spec list length:  6
[NNENUM] Enumeration in progress... 
(0.1 sec) Q: 0, Sets: 0/1  (0.0%) CEs: 0 ETA: - (expected 1 stars)   
(0.2 sec) Q: 0, Sets: 1/5  (6.25%) CEs: 0 ETA: 3.5 sec (expected 16 stars)   
(0.4 sec) Q: 0, Sets: 5/8  (18.75%) CEs: 0 ETA: 1.6 sec (expected 27 stars)   (0.5 sec) Q: 0, Sets: 9/11  (43.75%) CEs: 0 ETA: 0.7 sec (expected 21 stars)   
(0.6 sec) Q: 0, Sets: 15/19  (80.078%) CEs: 0 ETA: 0.2 sec (expected 19 stars)   
Total Stars: 19 (2 exact, 17 approx)
Unfinished Stars: 0
Runtime: 0.7 sec
Completed work frac: 1.0
Num Stars Copied Between Processes: 0
Num Lps During Enumeration: 81
Total Num Lps: 81

Result: network is SAFE

[NNENUM] Result: 
<nnenum.result.Result object at 0x715913cff640>
[NNENUM] Enumeration finished.
safe
[NNENUM] Found counter-example stars: 0
[NNENUM] Filtering result using SMT solver...
[SMT] SMT filtered out 0 stars (out of 0; TO: 0).
[QUERY] Looking for nonlinear input combinations...
[QUERY] Found all non-linear combinations. Count: 1
[QUERY] Returning nonlinear disjunction
[CTRL] Considering conjunction with 42 input constraints and a disjunction of size 6
[APPROX] Checking cache: SNNT.Approx.ApproxCacheObject[]
[APPROX] Constructing Approximation
[APPROX] Resolving approximation
[CTRL] Initiating iterator over current linear queries
[APPROX] # Conjunctions over output: 6
[CTRL] Processing linear query no. 240
[NNENUM] Running nnenum now...
[NNENUM] lb: [0.0062499999999999995, -0.4999999701976776, 5.000000171712609e-6, -0.3499999940395355, -0.005, -0.005, -0.005, -0.005, -0.005, -0.005, -0.005, -0.005, -0.005]
[NNENUM] ub: [0.5, -0.33623147889292704, 5.000000171712609e-6, -0.21079675705898798, 0.004999999999999999, 0.004999999999999999, 0.004999999999999999, 0.004999999999999999, 0.004999999999999999, 0.004999999999999999, 0.004999999999999999, 0.004999999999999999, 0.004999999999999999]
[NNENUM] Creating LP Star...
[NNENUM] Checking feasibility
[NNENUM] Generating output Spec...
[NNENUM] Spec list length:  6
[NNENUM] Enumeration in progress... 
(0.1 sec) Q: 0, Sets: 0/1  (0.0%) CEs: 0 ETA: - (expected 1 stars)   
(0.2 sec) Q: 0, Sets: 2/5  (37.5%) CEs: 0 ETA: 0.3 sec (expected 5 stars)   

Total Stars: 8 (3 exact, 5 approx)
Unfinished Stars: 0
Runtime: 0.3 sec
Completed work frac: 1.0
Num Stars Copied Between Processes: 0
Num Lps During Enumeration: 151
Total Num Lps: 151

Result: network is SAFE

[NNENUM] Result: 
<nnenum.result.Result object at 0x715913cd4610>
[NNENUM] Enumeration finished.
safe
[NNENUM] Found counter-example stars: 0
[NNENUM] Filtering result using SMT solver...
[SMT] SMT filtered out 0 stars (out of 0; TO: 0).
[QUERY] Looking for nonlinear input combinations...
[QUERY] Found all non-linear combinations. Count: 1
[QUERY] Returning nonlinear disjunction
[CTRL] Considering conjunction with 42 input constraints and a disjunction of size 6
[APPROX] Checking cache: SNNT.Approx.ApproxCacheObject[]
[APPROX] Constructing Approximation
[APPROX] Resolving approximation
[CTRL] Initiating iterator over current linear queries
[APPROX] # Conjunctions over output: 6
[CTRL] Processing linear query no. 241
[NNENUM] Running nnenum now...
[NNENUM] lb: [0.0062499999999999995, -0.4999999701976776, 5.000000171712609e-6, -0.3499999940395355, -0.005, -0.005, -0.005, -0.005, -0.005, -0.005, -0.005, -0.005, -0.005]
[NNENUM] ub: [0.5, -0.33623147889292704, 5.000000171712609e-6, -0.21079675705898798, 0.004999999999999999, 0.004999999999999999, 0.004999999999999999, 0.004999999999999999, 0.004999999999999999, 0.004999999999999999, 0.004999999999999999, 0.004999999999999999, 0.004999999999999999]
[NNENUM] Creating LP Star...
[NNENUM] Checking feasibility
[NNENUM] Generating output Spec...
[NNENUM] Spec list length:  6
[NNENUM] Enumeration in progress... 
(0.1 sec) Q: 0, Sets: 0/1  (0.0%) CEs: 0 ETA: - (expected 1 stars)   
(0.2 sec) Q: 0, Sets: 0/2  (0.0%) CEs: 0 ETA: - (expected 1 stars)   
(0.3 sec) Q: 0, Sets: 1/6  (3.125%) CEs: 0 ETA: 10.4 sec (expected 32 stars)   (0.4 sec) Q: 0, Sets: 4/11  (7.227%) CEs: 0 ETA: 5.6 sec (expected 55 stars)   
(0.5 sec) Q: 0, Sets: 8/11  (12.5%) CEs: 0 ETA: 3.8 sec (expected 64 stars)   (0.6 sec) Q: 0, Sets: 10/14  (15.625%) CEs: 0 ETA: 3.5 sec (expected 64 stars)   (0.8 sec) Q: 0, Sets: 13/18  (16.797%) CEs: 0 ETA: 3.8 sec (expected 77 stars)   (0.9 sec) Q: 0, Sets: 16/21  (18.164%) CEs: 0 ETA: 4.0 sec (expected 88 stars)   
(1.1 sec) Q: 0, Sets: 19/25  (18.408%) CEs: 0 ETA: 4.7 sec (expected 103 stars)   (1.2 sec) Q: 0, Sets: 25/27  (43.75%) CEs: 0 ETA: 1.5 sec (expected 57 stars)   (1.3 sec) Q: 0, Sets: 27/36  (50.098%) CEs: 0 ETA: 1.3 sec (expected 54 stars)   (1.4 sec) Q: 0, Sets: 31/38  (50.586%) CEs: 0 ETA: 1.4 sec (expected 61 stars)   (1.5 sec) Q: 0, Sets: 35/43  (50.879%) CEs: 0 ETA: 1.5 sec (expected 69 stars)   (1.7 sec) Q: 0, Sets: 38/44  (51.172%) CEs: 0 ETA: 1.6 sec (expected 74 stars)   (1.8 sec) Q: 0, Sets: 40/46  (51.953%) CEs: 0 ETA: 1.7 sec (expected 77 stars)   (2.0 sec) Q: 0, Sets: 42/46  (53.125%) CEs: 0 ETA: 1.8 sec (expected 79 stars)   
(2.1 sec) Q: 0, Sets: 43/46  (56.25%) CEs: 0 ETA: 1.7 sec (expected 76 stars)   (2.3 sec) Q: 0, Sets: 43/47  (56.25%) CEs: 0 ETA: 1.8 sec (expected 76 stars)   (2.4 sec) Q: 0, Sets: 44/48  (57.812%) CEs: 0 ETA: 1.7 sec (expected 76 stars)   (2.6 sec) Q: 0, Sets: 48/52  (60.156%) CEs: 0 ETA: 1.7 sec (expected 80 stars)   (2.7 sec) Q: 0, Sets: 51/54  (60.938%) CEs: 0 ETA: 1.7 sec (expected 84 stars)   (2.8 sec) Q: 0, Sets: 55/60  (64.453%) CEs: 0 ETA: 1.6 sec (expected 85 stars)   (2.9 sec) Q: 0, Sets: 58/60  (68.75%) CEs: 0 ETA: 1.3 sec (expected 84 stars)   (3.0 sec) Q: 0, Sets: 61/67  (75.391%) CEs: 0 ETA: 1.0 sec (expected 81 stars)   (3.2 sec) Q: 0, Sets: 65/69  (76.562%) CEs: 0 ETA: 1.0 sec (expected 85 stars)   (3.3 sec) Q: 0, Sets: 70/75  (76.953%) CEs: 0 ETA: 1.0 sec (expected 91 stars)   (3.4 sec) Q: 0, Sets: 74/79  (77.148%) CEs: 0 ETA: 1.0 sec (expected 96 stars)   (3.5 sec) Q: 0, Sets: 77/82  (77.295%) CEs: 0 ETA: 1.0 sec (expected 100 stars)   (3.7 sec) Q: 0, Sets: 84/87  (79.688%) CEs: 0 ETA: 0.9 sec (expected 105 stars)   (3.8 sec) Q: 0, Sets: 86/88  (81.25%) CEs: 0 ETA: 0.9 sec (expected 106 stars)   (3.9 sec) Q: 0, Sets: 89/91  (84.375%) CEs: 0 ETA: 0.7 sec (expected 105 stars)   (4.0 sec) Q: 0, Sets: 92/96  (88.281%) CEs: 0 ETA: 0.5 sec (expected 104 stars)   
(4.1 sec) Q: 0, Sets: 93/98  (88.477%) CEs: 0 ETA: 0.5 sec (expected 105 stars)   (4.2 sec) Q: 0, Sets: 96/100  (88.867%) CEs: 0 ETA: 0.5 sec (expected 108 stars)   (4.4 sec) Q: 0, Sets: 99/103  (90.039%) CEs: 0 ETA: 0.5 sec (expected 110 stars)   (4.5 sec) Q: 0, Sets: 102/109  (90.674%) CEs: 0 ETA: 0.5 sec (expected 112 stars)   (4.6 sec) Q: 0, Sets: 105/111  (90.869%) CEs: 0 ETA: 0.5 sec (expected 116 stars)   (4.8 sec) Q: 0, Sets: 108/111  (91.406%) CEs: 0 ETA: 0.5 sec (expected 118 stars)   (5.0 sec) Q: 0, Sets: 109/111  (92.188%) CEs: 0 ETA: 0.4 sec (expected 118 stars)   (5.1 sec) Q: 0, Sets: 111/111  (100.0%) CEs: 0 ETA: 0.0 sec (expected 111 stars)   
Total Stars: 111 (0 exact, 111 approx)
Unfinished Stars: 0
Runtime: 5.1 sec
Completed work frac: 1.0
Num Stars Copied Between Processes: 0
Num Lps During Enumeration: 0
Total Num Lps: 0

Result: network is SAFE

[NNENUM] Result: 
<nnenum.result.Result object at 0x715913cd4ac0>
[NNENUM] Enumeration finished.
safe
[NNENUM] Found counter-example stars: 0
[NNENUM] Filtering result using SMT solver...
[SMT] SMT filtered out 0 stars (out of 0; TO: 0).
[QUERY] Looking for nonlinear input combinations...
[QUERY] Found all non-linear combinations. Count: 1
[QUERY] Returning nonlinear disjunction
[CTRL] Considering conjunction with 42 input constraints and a disjunction of size 6
[APPROX] Checking cache: SNNT.Approx.ApproxCacheObject[]
[APPROX] Constructing Approximation
[APPROX] Resolving approximation
[CTRL] Initiating iterator over current linear queries
[APPROX] # Conjunctions over output: 6
[CTRL] Processing linear query no. 242
[NNENUM] Running nnenum now...
[NNENUM] lb: [0.0062499999999999995, -0.4999999701976776, 5.000000171712609e-6, -0.3499999940395355, -0.005, -0.005, -0.005, -0.005, -0.005, -0.005, -0.005, -0.005, -0.005]
[NNENUM] ub: [0.5, -0.33623147889292704, 5.000000171712609e-6, -0.21079675705898798, 0.004999999999999999, 0.004999999999999999, 0.004999999999999999, 0.004999999999999999, 0.004999999999999999, 0.004999999999999999, 0.004999999999999999, 0.004999999999999999, 0.004999999999999999]
[NNENUM] Creating LP Star...
[NNENUM] Checking feasibility
[NNENUM] Generating output Spec...
[NNENUM] Spec list length:  6
[NNENUM] Enumeration in progress... 
(0.2 sec) Q: 0, Sets: 0/1  (0.0%) CEs: 0 ETA: - (expected 1 stars)   
(0.3 sec) Q: 0, Sets: 3/5  (43.75%) CEs: 0 ETA: 0.3 sec (expected 7 stars)   

Total Stars: 8 (3 exact, 5 approx)
Unfinished Stars: 0
Runtime: 0.3 sec
Completed work frac: 1.0
Num Stars Copied Between Processes: 0
Num Lps During Enumeration: 151
Total Num Lps: 151

Result: network is SAFE

[NNENUM] Result: 
<nnenum.result.Result object at 0x7159136d77c0>
[NNENUM] Enumeration finished.
safe
[NNENUM] Found counter-example stars: 0
[NNENUM] Filtering result using SMT solver...
[SMT] SMT filtered out 0 stars (out of 0; TO: 0).
[QUERY] Looking for nonlinear input combinations...
[QUERY] Found all non-linear combinations. Count: 1
[QUERY] Returning nonlinear disjunction
[CTRL] Considering conjunction with 42 input constraints and a disjunction of size 6
[APPROX] Checking cache: SNNT.Approx.ApproxCacheObject[]
[APPROX] Constructing Approximation
[APPROX] Resolving approximation
[CTRL] Initiating iterator over current linear queries
[APPROX] # Conjunctions over output: 6
[CTRL] Processing linear query no. 243
[NNENUM] Running nnenum now...
[NNENUM] lb: [0.0062499999999999995, -0.4999999701976776, 5.000000171712609e-6, -0.3499999940395355, -0.005, -0.005, -0.005, -0.005, -0.005, -0.005, -0.005, -0.005, -0.005]
[NNENUM] ub: [0.5, -0.33623147889292704, 5.000000171712609e-6, -0.21079675705898798, 0.004999999999999999, 0.004999999999999999, 0.004999999999999999, 0.004999999999999999, 0.004999999999999999, 0.004999999999999999, 0.004999999999999999, 0.004999999999999999, 0.004999999999999999]
[NNENUM] Creating LP Star...
[NNENUM] Checking feasibility
[NNENUM] Generating output Spec...
[NNENUM] Spec list length:  6
[NNENUM] Enumeration in progress... 
(0.1 sec) Q: 0, Sets: 0/1  (0.0%) CEs: 0 ETA: - (expected 1 stars)   
(0.2 sec) Q: 0, Sets: 0/2  (0.0%) CEs: 0 ETA: - (expected 1 stars)   
(0.3 sec) Q: 0, Sets: 5/5  (100.0%) CEs: 0 ETA: 0.0 sec (expected 5 stars)   
Total Stars: 5 (3 exact, 2 approx)
Unfinished Stars: 0
Runtime: 0.3 sec
Completed work frac: 1.0
Num Stars Copied Between Processes: 0
Num Lps During Enumeration: 126
Total Num Lps: 126

Result: network is SAFE

[NNENUM] Result: 
<nnenum.result.Result object at 0x715913cffd30>
[NNENUM] Enumeration finished.
safe
[NNENUM] Found counter-example stars: 0
[NNENUM] Filtering result using SMT solver...
[SMT] SMT filtered out 0 stars (out of 0; TO: 0).
[QUERY] Looking for nonlinear input combinations...
[QUERY] Found all non-linear combinations. Count: 2
[QUERY] Returning nonlinear disjunction
[CTRL] Considering conjunction with 42 input constraints and a disjunction of size 6
[APPROX] Checking cache: SNNT.Approx.ApproxCacheObject[]
[APPROX] Constructing Approximation
[APPROX] Resolving approximation
[CTRL] Initiating iterator over current linear queries
[APPROX] # Conjunctions over output: 6
[CTRL] Processing linear query no. 244
[NNENUM] Running nnenum now...
[NNENUM] lb: [0.0062499999999999995, -0.33623147889292704, 5.000000171712609e-6, 0.075, -0.005, -0.005, -0.005, -0.005, -0.005, -0.005, -0.005, -0.005, -0.005]
[NNENUM] ub: [0.5, -0.18296763576522218, 5.000000171712609e-6, 0.5, 0.004999999999999999, 0.004999999999999999, 0.004999999999999999, 0.004999999999999999, 0.004999999999999999, 0.004999999999999999, 0.004999999999999999, 0.004999999999999999, 0.004999999999999999]
[NNENUM] Creating LP Star...
[NNENUM] Checking feasibility
[NNENUM] Generating output Spec...
[NNENUM] Spec list length:  6
[NNENUM] Enumeration in progress... 
(0.1 sec) Q: 0, Sets: 0/1  (0.0%) CEs: 0 ETA: - (expected 1 stars)   

Total Stars: 4 (3 exact, 1 approx)
Unfinished Stars: 0
Runtime: 0.2 sec
Completed work frac: 1.0
Num Stars Copied Between Processes: 0
Num Lps During Enumeration: 145
Total Num Lps: 145

Result: network is SAFE

[NNENUM] Result: 
<nnenum.result.Result object at 0x715913cd4af0>
[NNENUM] Enumeration finished.
safe
[NNENUM] Found counter-example stars: 0
[NNENUM] Filtering result using SMT solver...
[SMT] SMT filtered out 0 stars (out of 0; TO: 0).
[QUERY] Looking for nonlinear input combinations...
[QUERY] Found all non-linear combinations. Count: 4
[QUERY] Returning nonlinear disjunction
[CTRL] Considering conjunction with 42 input constraints and a disjunction of size 6
[APPROX] Checking cache: SNNT.Approx.ApproxCacheObject[]
[APPROX] Constructing Approximation
[APPROX] Resolving approximation
[CTRL] Initiating iterator over current linear queries
[APPROX] # Conjunctions over output: 6
[CTRL] Processing linear query no. 245
[NNENUM] Running nnenum now...
[NNENUM] lb: [0.0062499999999999995, -0.33623147889292704, 5.000000171712609e-6, 0.075, -0.005, -0.005, -0.005, -0.005, -0.005, -0.005, -0.005, -0.005, -0.005]
[NNENUM] ub: [0.5, -0.18296763576522218, 5.000000171712609e-6, 0.5, 0.004999999999999999, 0.004999999999999999, 0.004999999999999999, 0.004999999999999999, 0.004999999999999999, 0.004999999999999999, 0.004999999999999999, 0.004999999999999999, 0.004999999999999999]
[NNENUM] Creating LP Star...
[NNENUM] Checking feasibility
[NNENUM] Generating output Spec...
[NNENUM] Spec list length:  6
[NNENUM] Enumeration in progress... 
(0.1 sec) Q: 0, Sets: 0/1  (0.0%) CEs: 0 ETA: - (expected 1 stars)   
(0.3 sec) Q: 0, Sets: 0/2  (0.0%) CEs: 0 ETA: - (expected 1 stars)   

Total Stars: 5 (2 exact, 3 approx)
Unfinished Stars: 0
Runtime: 0.3 sec
Completed work frac: 1.0
Num Stars Copied Between Processes: 0
Num Lps During Enumeration: 85
Total Num Lps: 85

Result: network is SAFE

[NNENUM] Result: 
<nnenum.result.Result object at 0x7159136d3730>
[NNENUM] Enumeration finished.
safe
[NNENUM] Found counter-example stars: 0
[NNENUM] Filtering result using SMT solver...
[SMT] SMT filtered out 0 stars (out of 0; TO: 0).
[QUERY] Looking for nonlinear input combinations...
.[QUERY] Found all non-linear combinations. Count: 1
[QUERY] Returning nonlinear disjunction
[CTRL] Considering conjunction with 42 input constraints and a disjunction of size 5
[APPROX] Checking cache: SNNT.Approx.ApproxCacheObject[]
[APPROX] Constructing Approximation
[APPROX] Resolving approximation
[CTRL] Initiating iterator over current linear queries
[APPROX] # Conjunctions over output: 5
[CTRL] Processing linear query no. 246
[NNENUM] Running nnenum now...
[NNENUM] lb: [0.0062499999999999995, -0.33623147889292704, 5.000000171712609e-6, 0.075, -0.005, -0.005, -0.005, -0.005, -0.005, -0.005, -0.005, -0.005, -0.005]
[NNENUM] ub: [0.5, -0.18296763576522218, 5.000000171712609e-6, 0.5, 0.004999999999999999, 0.004999999999999999, 0.004999999999999999, 0.004999999999999999, 0.004999999999999999, 0.004999999999999999, 0.004999999999999999, 0.004999999999999999, 0.004999999999999999]
[NNENUM] Creating LP Star...
[NNENUM] Checking feasibility
[NNENUM] Generating output Spec...
[NNENUM] Spec list length:  5
[NNENUM] Enumeration in progress... 
(0.1 sec) Q: 0, Sets: 0/1  (0.0%) CEs: 0 ETA: - (expected 1 stars)   
(0.2 sec) Q: 0, Sets: 4/8  (56.25%) CEs: 0 ETA: 0.2 sec (expected 7 stars)   

Total Stars: 8 (3 exact, 5 approx)
Unfinished Stars: 0
Runtime: 0.3 sec
Completed work frac: 1.0
Num Stars Copied Between Processes: 0
Num Lps During Enumeration: 154
Total Num Lps: 154

Result: network is SAFE

[NNENUM] Result: 
<nnenum.result.Result object at 0x715913cff700>
[NNENUM] Enumeration finished.
safe
[NNENUM] Found counter-example stars: 0
[NNENUM] Filtering result using SMT solver...
[SMT] SMT filtered out 0 stars (out of 0; TO: 0).
[QUERY] Looking for nonlinear input combinations...
.[QUERY] Found all non-linear combinations. Count: 1
[QUERY] Returning nonlinear disjunction
[CTRL] Considering conjunction with 42 input constraints and a disjunction of size 5
[APPROX] Checking cache: SNNT.Approx.ApproxCacheObject[]
[APPROX] Constructing Approximation
[APPROX] Resolving approximation
[CTRL] Initiating iterator over current linear queries
[APPROX] # Conjunctions over output: 5
[CTRL] Processing linear query no. 247
[NNENUM] Running nnenum now...
[NNENUM] lb: [0.0062499999999999995, -0.33623147889292704, 5.000000171712609e-6, 0.075, -0.005, -0.005, -0.005, -0.005, -0.005, -0.005, -0.005, -0.005, -0.005]
[NNENUM] ub: [0.5, -0.18296763576522218, 5.000000171712609e-6, 0.5, 0.004999999999999999, 0.004999999999999999, 0.004999999999999999, 0.004999999999999999, 0.004999999999999999, 0.004999999999999999, 0.004999999999999999, 0.004999999999999999, 0.004999999999999999]
[NNENUM] Creating LP Star...
[NNENUM] Checking feasibility
[NNENUM] Generating output Spec...
[NNENUM] Spec list length:  5
[NNENUM] Enumeration in progress... 
(0.2 sec) Q: 0, Sets: 0/1  (0.0%) CEs: 0 ETA: - (expected 1 stars)   
(0.3 sec) Q: 0, Sets: 3/3  (100.0%) CEs: 0 ETA: 0.0 sec (expected 3 stars)   

Total Stars: 3 (1 exact, 2 approx)
Unfinished Stars: 0
Runtime: 0.3 sec
Completed work frac: 1.0
Num Stars Copied Between Processes: 0
Num Lps During Enumeration: 96
Total Num Lps: 96

Result: network is SAFE

[NNENUM] Result: 
<nnenum.result.Result object at 0x715913cff910>
[NNENUM] Enumeration finished.
safe
[NNENUM] Found counter-example stars: 0
[NNENUM] Filtering result using SMT solver...
[SMT] SMT filtered out 0 stars (out of 0; TO: 0).
[QUERY] Looking for nonlinear input combinations...
.[QUERY] Found all non-linear combinations. Count: 2
[QUERY] Returning nonlinear disjunction
[CTRL] Considering conjunction with 42 input constraints and a disjunction of size 5
[APPROX] Checking cache: SNNT.Approx.ApproxCacheObject[]
[APPROX] Constructing Approximation
[APPROX] Resolving approximation
[CTRL] Initiating iterator over current linear queries
[APPROX] # Conjunctions over output: 5
[CTRL] Processing linear query no. 248
[NNENUM] Running nnenum now...
[NNENUM] lb: [0.0062499999999999995, -0.33623147889292704, 5.000000171712609e-6, 0.075, -0.005, -0.005, -0.005, -0.005, -0.005, -0.005, -0.005, -0.005, -0.005]
[NNENUM] ub: [0.5, -0.18296763576522218, 5.000000171712609e-6, 0.5, 0.004999999999999999, 0.004999999999999999, 0.004999999999999999, 0.004999999999999999, 0.004999999999999999, 0.004999999999999999, 0.004999999999999999, 0.004999999999999999, 0.004999999999999999]
[NNENUM] Creating LP Star...
[NNENUM] Checking feasibility
[NNENUM] Generating output Spec...
[NNENUM] Spec list length:  5
[NNENUM] Enumeration in progress... 
(0.2 sec) Q: 0, Sets: 0/1  (0.0%) CEs: 0 ETA: - (expected 1 stars)   

Total Stars: 3 (1 exact, 2 approx)
Unfinished Stars: 0
Runtime: 0.3 sec
Completed work frac: 1.0
Num Stars Copied Between Processes: 0
Num Lps During Enumeration: 94
Total Num Lps: 94

Result: network is SAFE

[NNENUM] Result: 
<nnenum.result.Result object at 0x7159136d3550>
[NNENUM] Enumeration finished.
safe
[NNENUM] Found counter-example stars: 0
[NNENUM] Filtering result using SMT solver...
[SMT] SMT filtered out 0 stars (out of 0; TO: 0).
┌ Warning: Generating independent linear disjunctions
└ @ SNNT.QueryGeneration ~/Dokumente/Projects/CPS/NN-Safety-via-dL/repos/NCubeV-Reinstall/src/QueryGeneration/Iterator.jl:420
┌ Warning: Make sure you are not using this option for non-mixed constraints!
└ @ SNNT.QueryGeneration ~/Dokumente/Projects/CPS/NN-Safety-via-dL/repos/NCubeV-Reinstall/src/QueryGeneration/Iterator.jl:421
┌ Warning: Generating independent linear disjunctions
└ @ SNNT.QueryGeneration ~/Dokumente/Projects/CPS/NN-Safety-via-dL/repos/NCubeV-Reinstall/src/QueryGeneration/Iterator.jl:420
┌ Warning: Make sure you are not using this option for non-mixed constraints!
└ @ SNNT.QueryGeneration ~/Dokumente/Projects/CPS/NN-Safety-via-dL/repos/NCubeV-Reinstall/src/QueryGeneration/Iterator.jl:421
┌ Warning: Generating independent linear disjunctions
└ @ SNNT.QueryGeneration ~/Dokumente/Projects/CPS/NN-Safety-via-dL/repos/NCubeV-Reinstall/src/QueryGeneration/Iterator.jl:420
┌ Warning: Make sure you are not using this option for non-mixed constraints!
└ @ SNNT.QueryGeneration ~/Dokumente/Projects/CPS/NN-Safety-via-dL/repos/NCubeV-Reinstall/src/QueryGeneration/Iterator.jl:421
┌ Warning: Generating independent linear disjunctions
└ @ SNNT.QueryGeneration ~/Dokumente/Projects/CPS/NN-Safety-via-dL/repos/NCubeV-Reinstall/src/QueryGeneration/Iterator.jl:420
┌ Warning: Make sure you are not using this option for non-mixed constraints!
└ @ SNNT.QueryGeneration ~/Dokumente/Projects/CPS/NN-Safety-via-dL/repos/NCubeV-Reinstall/src/QueryGeneration/Iterator.jl:421
┌ Warning: Generating independent linear disjunctions
└ @ SNNT.QueryGeneration ~/Dokumente/Projects/CPS/NN-Safety-via-dL/repos/NCubeV-Reinstall/src/QueryGeneration/Iterator.jl:420
┌ Warning: Make sure you are not using this option for non-mixed constraints!
└ @ SNNT.QueryGeneration ~/Dokumente/Projects/CPS/NN-Safety-via-dL/repos/NCubeV-Reinstall/src/QueryGeneration/Iterator.jl:421
┌ Warning: Generating independent linear disjunctions
└ @ SNNT.QueryGeneration ~/Dokumente/Projects/CPS/NN-Safety-via-dL/repos/NCubeV-Reinstall/src/QueryGeneration/Iterator.jl:420
┌ Warning: Make sure you are not using this option for non-mixed constraints!
└ @ SNNT.QueryGeneration ~/Dokumente/Projects/CPS/NN-Safety-via-dL/repos/NCubeV-Reinstall/src/QueryGeneration/Iterator.jl:421
┌ Warning: Generating independent linear disjunctions
└ @ SNNT.QueryGeneration ~/Dokumente/Projects/CPS/NN-Safety-via-dL/repos/NCubeV-Reinstall/src/QueryGeneration/Iterator.jl:420
┌ Warning: Make sure you are not using this option for non-mixed constraints!
└ @ SNNT.QueryGeneration ~/Dokumente/Projects/CPS/NN-Safety-via-dL/repos/NCubeV-Reinstall/src/QueryGeneration/Iterator.jl:421
┌ Warning: Generating independent linear disjunctions
└ @ SNNT.QueryGeneration ~/Dokumente/Projects/CPS/NN-Safety-via-dL/repos/NCubeV-Reinstall/src/QueryGeneration/Iterator.jl:420
┌ Warning: Make sure you are not using this option for non-mixed constraints!
└ @ SNNT.QueryGeneration ~/Dokumente/Projects/CPS/NN-Safety-via-dL/repos/NCubeV-Reinstall/src/QueryGeneration/Iterator.jl:421
┌ Warning: Generating independent linear disjunctions
└ @ SNNT.QueryGeneration ~/Dokumente/Projects/CPS/NN-Safety-via-dL/repos/NCubeV-Reinstall/src/QueryGeneration/Iterator.jl:420
┌ Warning: Make sure you are not using this option for non-mixed constraints!
└ @ SNNT.QueryGeneration ~/Dokumente/Projects/CPS/NN-Safety-via-dL/repos/NCubeV-Reinstall/src/QueryGeneration/Iterator.jl:421
┌ Warning: Generating independent linear disjunctions
└ @ SNNT.QueryGeneration ~/Dokumente/Projects/CPS/NN-Safety-via-dL/repos/NCubeV-Reinstall/src/QueryGeneration/Iterator.jl:420
┌ Warning: Make sure you are not using this option for non-mixed constraints!
└ @ SNNT.QueryGeneration ~/Dokumente/Projects/CPS/NN-Safety-via-dL/repos/NCubeV-Reinstall/src/QueryGeneration/Iterator.jl:421
┌ Warning: Generating independent linear disjunctions
└ @ SNNT.QueryGeneration ~/Dokumente/Projects/CPS/NN-Safety-via-dL/repos/NCubeV-Reinstall/src/QueryGeneration/Iterator.jl:420
┌ Warning: Make sure you are not using this option for non-mixed constraints!
└ @ SNNT.QueryGeneration ~/Dokumente/Projects/CPS/NN-Safety-via-dL/repos/NCubeV-Reinstall/src/QueryGeneration/Iterator.jl:421
┌ Warning: Generating independent linear disjunctions
└ @ SNNT.QueryGeneration ~/Dokumente/Projects/CPS/NN-Safety-via-dL/repos/NCubeV-Reinstall/src/QueryGeneration/Iterator.jl:420
┌ Warning: Make sure you are not using this option for non-mixed constraints!
└ @ SNNT.QueryGeneration ~/Dokumente/Projects/CPS/NN-Safety-via-dL/repos/NCubeV-Reinstall/src/QueryGeneration/Iterator.jl:421
┌ Warning: Generating independent linear disjunctions
└ @ SNNT.QueryGeneration ~/Dokumente/Projects/CPS/NN-Safety-via-dL/repos/NCubeV-Reinstall/src/QueryGeneration/Iterator.jl:420
┌ Warning: Make sure you are not using this option for non-mixed constraints!
└ @ SNNT.QueryGeneration ~/Dokumente/Projects/CPS/NN-Safety-via-dL/repos/NCubeV-Reinstall/src/QueryGeneration/Iterator.jl:421
┌ Warning: Generating independent linear disjunctions
└ @ SNNT.QueryGeneration ~/Dokumente/Projects/CPS/NN-Safety-via-dL/repos/NCubeV-Reinstall/src/QueryGeneration/Iterator.jl:420
┌ Warning: Make sure you are not using this option for non-mixed constraints!
└ @ SNNT.QueryGeneration ~/Dokumente/Projects/CPS/NN-Safety-via-dL/repos/NCubeV-Reinstall/src/QueryGeneration/Iterator.jl:421
┌ Warning: Generating independent linear disjunctions
└ @ SNNT.QueryGeneration ~/Dokumente/Projects/CPS/NN-Safety-via-dL/repos/NCubeV-Reinstall/src/QueryGeneration/Iterator.jl:420
┌ Warning: Make sure you are not using this option for non-mixed constraints!
└ @ SNNT.QueryGeneration ~/Dokumente/Projects/CPS/NN-Safety-via-dL/repos/NCubeV-Reinstall/src/QueryGeneration/Iterator.jl:421
┌ Warning: Generating independent linear disjunctions
└ @ SNNT.QueryGeneration ~/Dokumente/Projects/CPS/NN-Safety-via-dL/repos/NCubeV-Reinstall/src/QueryGeneration/Iterator.jl:420
┌ Warning: Make sure you are not using this option for non-mixed constraints!
└ @ SNNT.QueryGeneration ~/Dokumente/Projects/CPS/NN-Safety-via-dL/repos/NCubeV-Reinstall/src/QueryGeneration/Iterator.jl:421
┌ Warning: Generating independent linear disjunctions
└ @ SNNT.QueryGeneration ~/Dokumente/Projects/CPS/NN-Safety-via-dL/repos/NCubeV-Reinstall/src/QueryGeneration/Iterator.jl:420
┌ Warning: Make sure you are not using this option for non-mixed constraints!
└ @ SNNT.QueryGeneration ~/Dokumente/Projects/CPS/NN-Safety-via-dL/repos/NCubeV-Reinstall/src/QueryGeneration/Iterator.jl:421
┌ Warning: Generating independent linear disjunctions
└ @ SNNT.QueryGeneration ~/Dokumente/Projects/CPS/NN-Safety-via-dL/repos/NCubeV-Reinstall/src/QueryGeneration/Iterator.jl:420
┌ Warning: Make sure you are not using this option for non-mixed constraints!
└ @ SNNT.QueryGeneration ~/Dokumente/Projects/CPS/NN-Safety-via-dL/repos/NCubeV-Reinstall/src/QueryGeneration/Iterator.jl:421
┌ Warning: Generating independent linear disjunctions
└ @ SNNT.QueryGeneration ~/Dokumente/Projects/CPS/NN-Safety-via-dL/repos/NCubeV-Reinstall/src/QueryGeneration/Iterator.jl:420
┌ Warning: Make sure you are not using this option for non-mixed constraints!
└ @ SNNT.QueryGeneration ~/Dokumente/Projects/CPS/NN-Safety-via-dL/repos/NCubeV-Reinstall/src/QueryGeneration/Iterator.jl:421
┌ Warning: Generating independent linear disjunctions
└ @ SNNT.QueryGeneration ~/Dokumente/Projects/CPS/NN-Safety-via-dL/repos/NCubeV-Reinstall/src/QueryGeneration/Iterator.jl:420
┌ Warning: Make sure you are not using this option for non-mixed constraints!
└ @ SNNT.QueryGeneration ~/Dokumente/Projects/CPS/NN-Safety-via-dL/repos/NCubeV-Reinstall/src/QueryGeneration/Iterator.jl:421
┌ Warning: Generating independent linear disjunctions
└ @ SNNT.QueryGeneration ~/Dokumente/Projects/CPS/NN-Safety-via-dL/repos/NCubeV-Reinstall/src/QueryGeneration/Iterator.jl:420
┌ Warning: Make sure you are not using this option for non-mixed constraints!
└ @ SNNT.QueryGeneration ~/Dokumente/Projects/CPS/NN-Safety-via-dL/repos/NCubeV-Reinstall/src/QueryGeneration/Iterator.jl:421
┌ Warning: Generating independent linear disjunctions
└ @ SNNT.QueryGeneration ~/Dokumente/Projects/CPS/NN-Safety-via-dL/repos/NCubeV-Reinstall/src/QueryGeneration/Iterator.jl:420
┌ Warning: Make sure you are not using this option for non-mixed constraints!
└ @ SNNT.QueryGeneration ~/Dokumente/Projects/CPS/NN-Safety-via-dL/repos/NCubeV-Reinstall/src/QueryGeneration/Iterator.jl:421
┌ Warning: Generating independent linear disjunctions
└ @ SNNT.QueryGeneration ~/Dokumente/Projects/CPS/NN-Safety-via-dL/repos/NCubeV-Reinstall/src/QueryGeneration/Iterator.jl:420
┌ Warning: Make sure you are not using this option for non-mixed constraints!
└ @ SNNT.QueryGeneration ~/Dokumente/Projects/CPS/NN-Safety-via-dL/repos/NCubeV-Reinstall/src/QueryGeneration/Iterator.jl:421
┌ Warning: Generating independent linear disjunctions
└ @ SNNT.QueryGeneration ~/Dokumente/Projects/CPS/NN-Safety-via-dL/repos/NCubeV-Reinstall/src/QueryGeneration/Iterator.jl:420
┌ Warning: Make sure you are not using this option for non-mixed constraints!
└ @ SNNT.QueryGeneration ~/Dokumente/Projects/CPS/NN-Safety-via-dL/repos/NCubeV-Reinstall/src/QueryGeneration/Iterator.jl:421
┌ Warning: Generating independent linear disjunctions
└ @ SNNT.QueryGeneration ~/Dokumente/Projects/CPS/NN-Safety-via-dL/repos/NCubeV-Reinstall/src/QueryGeneration/Iterator.jl:420
┌ Warning: Make sure you are not using this option for non-mixed constraints!
└ @ SNNT.QueryGeneration ~/Dokumente/Projects/CPS/NN-Safety-via-dL/repos/NCubeV-Reinstall/src/QueryGeneration/Iterator.jl:421
┌ Warning: Generating independent linear disjunctions
└ @ SNNT.QueryGeneration ~/Dokumente/Projects/CPS/NN-Safety-via-dL/repos/NCubeV-Reinstall/src/QueryGeneration/Iterator.jl:420
┌ Warning: Make sure you are not using this option for non-mixed constraints!
└ @ SNNT.QueryGeneration ~/Dokumente/Projects/CPS/NN-Safety-via-dL/repos/NCubeV-Reinstall/src/QueryGeneration/Iterator.jl:421
┌ Warning: Generating independent linear disjunctions
└ @ SNNT.QueryGeneration ~/Dokumente/Projects/CPS/NN-Safety-via-dL/repos/NCubeV-Reinstall/src/QueryGeneration/Iterator.jl:420
┌ Warning: Make sure you are not using this option for non-mixed constraints!
└ @ SNNT.QueryGeneration ~/Dokumente/Projects/CPS/NN-Safety-via-dL/repos/NCubeV-Reinstall/src/QueryGeneration/Iterator.jl:421
┌ Warning: Generating independent linear disjunctions
└ @ SNNT.QueryGeneration ~/Dokumente/Projects/CPS/NN-Safety-via-dL/repos/NCubeV-Reinstall/src/QueryGeneration/Iterator.jl:420
┌ Warning: Make sure you are not using this option for non-mixed constraints!
└ @ SNNT.QueryGeneration ~/Dokumente/Projects/CPS/NN-Safety-via-dL/repos/NCubeV-Reinstall/src/QueryGeneration/Iterator.jl:421
┌ Warning: Generating independent linear disjunctions
└ @ SNNT.QueryGeneration ~/Dokumente/Projects/CPS/NN-Safety-via-dL/repos/NCubeV-Reinstall/src/QueryGeneration/Iterator.jl:420
┌ Warning: Make sure you are not using this option for non-mixed constraints!
└ @ SNNT.QueryGeneration ~/Dokumente/Projects/CPS/NN-Safety-via-dL/repos/NCubeV-Reinstall/src/QueryGeneration/Iterator.jl:421
┌ Warning: Generating independent linear disjunctions
└ @ SNNT.QueryGeneration ~/Dokumente/Projects/CPS/NN-Safety-via-dL/repos/NCubeV-Reinstall/src/QueryGeneration/Iterator.jl:420
┌ Warning: Make sure you are not using this option for non-mixed constraints!
└ @ SNNT.QueryGeneration ~/Dokumente/Projects/CPS/NN-Safety-via-dL/repos/NCubeV-Reinstall/src/QueryGeneration/Iterator.jl:421
┌ Warning: Generating independent linear disjunctions
└ @ SNNT.QueryGeneration ~/Dokumente/Projects/CPS/NN-Safety-via-dL/repos/NCubeV-Reinstall/src/QueryGeneration/Iterator.jl:420
┌ Warning: Make sure you are not using this option for non-mixed constraints!
└ @ SNNT.QueryGeneration ~/Dokumente/Projects/CPS/NN-Safety-via-dL/repos/NCubeV-Reinstall/src/QueryGeneration/Iterator.jl:421
┌ Warning: Generating independent linear disjunctions
└ @ SNNT.QueryGeneration ~/Dokumente/Projects/CPS/NN-Safety-via-dL/repos/NCubeV-Reinstall/src/QueryGeneration/Iterator.jl:420
┌ Warning: Make sure you are not using this option for non-mixed constraints!
└ @ SNNT.QueryGeneration ~/Dokumente/Projects/CPS/NN-Safety-via-dL/repos/NCubeV-Reinstall/src/QueryGeneration/Iterator.jl:421
┌ Warning: Generating independent linear disjunctions
└ @ SNNT.QueryGeneration ~/Dokumente/Projects/CPS/NN-Safety-via-dL/repos/NCubeV-Reinstall/src/QueryGeneration/Iterator.jl:420
┌ Warning: Make sure you are not using this option for non-mixed constraints!
└ @ SNNT.QueryGeneration ~/Dokumente/Projects/CPS/NN-Safety-via-dL/repos/NCubeV-Reinstall/src/QueryGeneration/Iterator.jl:421
┌ Warning: Generating independent linear disjunctions
└ @ SNNT.QueryGeneration ~/Dokumente/Projects/CPS/NN-Safety-via-dL/repos/NCubeV-Reinstall/src/QueryGeneration/Iterator.jl:420
┌ Warning: Make sure you are not using this option for non-mixed constraints!
└ @ SNNT.QueryGeneration ~/Dokumente/Projects/CPS/NN-Safety-via-dL/repos/NCubeV-Reinstall/src/QueryGeneration/Iterator.jl:421
┌ Warning: Generating independent linear disjunctions
└ @ SNNT.QueryGeneration ~/Dokumente/Projects/CPS/NN-Safety-via-dL/repos/NCubeV-Reinstall/src/QueryGeneration/Iterator.jl:420
┌ Warning: Make sure you are not using this option for non-mixed constraints!
└ @ SNNT.QueryGeneration ~/Dokumente/Projects/CPS/NN-Safety-via-dL/repos/NCubeV-Reinstall/src/QueryGeneration/Iterator.jl:421
┌ Warning: Generating independent linear disjunctions
└ @ SNNT.QueryGeneration ~/Dokumente/Projects/CPS/NN-Safety-via-dL/repos/NCubeV-Reinstall/src/QueryGeneration/Iterator.jl:420
┌ Warning: Make sure you are not using this option for non-mixed constraints!
└ @ SNNT.QueryGeneration ~/Dokumente/Projects/CPS/NN-Safety-via-dL/repos/NCubeV-Reinstall/src/QueryGeneration/Iterator.jl:421
┌ Warning: Generating independent linear disjunctions
└ @ SNNT.QueryGeneration ~/Dokumente/Projects/CPS/NN-Safety-via-dL/repos/NCubeV-Reinstall/src/QueryGeneration/Iterator.jl:420
┌ Warning: Make sure you are not using this option for non-mixed constraints!
└ @ SNNT.QueryGeneration ~/Dokumente/Projects/CPS/NN-Safety-via-dL/repos/NCubeV-Reinstall/src/QueryGeneration/Iterator.jl:421
┌ Warning: Generating independent linear disjunctions
└ @ SNNT.QueryGeneration ~/Dokumente/Projects/CPS/NN-Safety-via-dL/repos/NCubeV-Reinstall/src/QueryGeneration/Iterator.jl:420
┌ Warning: Make sure you are not using this option for non-mixed constraints!
└ @ SNNT.QueryGeneration ~/Dokumente/Projects/CPS/NN-Safety-via-dL/repos/NCubeV-Reinstall/src/QueryGeneration/Iterator.jl:421
┌ Warning: Generating independent linear disjunctions
└ @ SNNT.QueryGeneration ~/Dokumente/Projects/CPS/NN-Safety-via-dL/repos/NCubeV-Reinstall/src/QueryGeneration/Iterator.jl:420
┌ Warning: Make sure you are not using this option for non-mixed constraints!
└ @ SNNT.QueryGeneration ~/Dokumente/Projects/CPS/NN-Safety-via-dL/repos/NCubeV-Reinstall/src/QueryGeneration/Iterator.jl:421
┌ Warning: Generating independent linear disjunctions
└ @ SNNT.QueryGeneration ~/Dokumente/Projects/CPS/NN-Safety-via-dL/repos/NCubeV-Reinstall/src/QueryGeneration/Iterator.jl:420
┌ Warning: Make sure you are not using this option for non-mixed constraints!
└ @ SNNT.QueryGeneration ~/Dokumente/Projects/CPS/NN-Safety-via-dL/repos/NCubeV-Reinstall/src/QueryGeneration/Iterator.jl:421
┌ Warning: Generating independent linear disjunctions
└ @ SNNT.QueryGeneration ~/Dokumente/Projects/CPS/NN-Safety-via-dL/repos/NCubeV-Reinstall/src/QueryGeneration/Iterator.jl:420
┌ Warning: Make sure you are not using this option for non-mixed constraints!
└ @ SNNT.QueryGeneration ~/Dokumente/Projects/CPS/NN-Safety-via-dL/repos/NCubeV-Reinstall/src/QueryGeneration/Iterator.jl:421
┌ Warning: Generating independent linear disjunctions
└ @ SNNT.QueryGeneration ~/Dokumente/Projects/CPS/NN-Safety-via-dL/repos/NCubeV-Reinstall/src/QueryGeneration/Iterator.jl:420
┌ Warning: Make sure you are not using this option for non-mixed constraints!
└ @ SNNT.QueryGeneration ~/Dokumente/Projects/CPS/NN-Safety-via-dL/repos/NCubeV-Reinstall/src/QueryGeneration/Iterator.jl:421
┌ Warning: Generating independent linear disjunctions
└ @ SNNT.QueryGeneration ~/Dokumente/Projects/CPS/NN-Safety-via-dL/repos/NCubeV-Reinstall/src/QueryGeneration/Iterator.jl:420
┌ Warning: Make sure you are not using this option for non-mixed constraints!
└ @ SNNT.QueryGeneration ~/Dokumente/Projects/CPS/NN-Safety-via-dL/repos/NCubeV-Reinstall/src/QueryGeneration/Iterator.jl:421
┌ Warning: Generating independent linear disjunctions
└ @ SNNT.QueryGeneration ~/Dokumente/Projects/CPS/NN-Safety-via-dL/repos/NCubeV-Reinstall/src/QueryGeneration/Iterator.jl:420
┌ Warning: Make sure you are not using this option for non-mixed constraints!
└ @ SNNT.QueryGeneration ~/Dokumente/Projects/CPS/NN-Safety-via-dL/repos/NCubeV-Reinstall/src/QueryGeneration/Iterator.jl:421
┌ Warning: Generating independent linear disjunctions
└ @ SNNT.QueryGeneration ~/Dokumente/Projects/CPS/NN-Safety-via-dL/repos/NCubeV-Reinstall/src/QueryGeneration/Iterator.jl:420
┌ Warning: Make sure you are not using this option for non-mixed constraints!
└ @ SNNT.QueryGeneration ~/Dokumente/Projects/CPS/NN-Safety-via-dL/repos/NCubeV-Reinstall/src/QueryGeneration/Iterator.jl:421
┌ Warning: Generating independent linear disjunctions
└ @ SNNT.QueryGeneration ~/Dokumente/Projects/CPS/NN-Safety-via-dL/repos/NCubeV-Reinstall/src/QueryGeneration/Iterator.jl:420
┌ Warning: Make sure you are not using this option for non-mixed constraints!
└ @ SNNT.QueryGeneration ~/Dokumente/Projects/CPS/NN-Safety-via-dL/repos/NCubeV-Reinstall/src/QueryGeneration/Iterator.jl:421
┌ Warning: Generating independent linear disjunctions
└ @ SNNT.QueryGeneration ~/Dokumente/Projects/CPS/NN-Safety-via-dL/repos/NCubeV-Reinstall/src/QueryGeneration/Iterator.jl:420
┌ Warning: Make sure you are not using this option for non-mixed constraints!
└ @ SNNT.QueryGeneration ~/Dokumente/Projects/CPS/NN-Safety-via-dL/repos/NCubeV-Reinstall/src/QueryGeneration/Iterator.jl:421
┌ Warning: Generating independent linear disjunctions
└ @ SNNT.QueryGeneration ~/Dokumente/Projects/CPS/NN-Safety-via-dL/repos/NCubeV-Reinstall/src/QueryGeneration/Iterator.jl:420
┌ Warning: Make sure you are not using this option for non-mixed constraints!
└ @ SNNT.QueryGeneration ~/Dokumente/Projects/CPS/NN-Safety-via-dL/repos/NCubeV-Reinstall/src/QueryGeneration/Iterator.jl:421
┌ Warning: Generating independent linear disjunctions
└ @ SNNT.QueryGeneration ~/Dokumente/Projects/CPS/NN-Safety-via-dL/repos/NCubeV-Reinstall/src/QueryGeneration/Iterator.jl:420
┌ Warning: Make sure you are not using this option for non-mixed constraints!
└ @ SNNT.QueryGeneration ~/Dokumente/Projects/CPS/NN-Safety-via-dL/repos/NCubeV-Reinstall/src/QueryGeneration/Iterator.jl:421
┌ Warning: Generating independent linear disjunctions
└ @ SNNT.QueryGeneration ~/Dokumente/Projects/CPS/NN-Safety-via-dL/repos/NCubeV-Reinstall/src/QueryGeneration/Iterator.jl:420
┌ Warning: Make sure you are not using this option for non-mixed constraints!
└ @ SNNT.QueryGeneration ~/Dokumente/Projects/CPS/NN-Safety-via-dL/repos/NCubeV-Reinstall/src/QueryGeneration/Iterator.jl:421
┌ Warning: Generating independent linear disjunctions
└ @ SNNT.QueryGeneration ~/Dokumente/Projects/CPS/NN-Safety-via-dL/repos/NCubeV-Reinstall/src/QueryGeneration/Iterator.jl:420
┌ Warning: Make sure you are not using this option for non-mixed constraints!
└ @ SNNT.QueryGeneration ~/Dokumente/Projects/CPS/NN-Safety-via-dL/repos/NCubeV-Reinstall/src/QueryGeneration/Iterator.jl:421
┌ Warning: Generating independent linear disjunctions
└ @ SNNT.QueryGeneration ~/Dokumente/Projects/CPS/NN-Safety-via-dL/repos/NCubeV-Reinstall/src/QueryGeneration/Iterator.jl:420
┌ Warning: Make sure you are not using this option for non-mixed constraints!
└ @ SNNT.QueryGeneration ~/Dokumente/Projects/CPS/NN-Safety-via-dL/repos/NCubeV-Reinstall/src/QueryGeneration/Iterator.jl:421
┌ Warning: Generating independent linear disjunctions
└ @ SNNT.QueryGeneration ~/Dokumente/Projects/CPS/NN-Safety-via-dL/repos/NCubeV-Reinstall/src/QueryGeneration/Iterator.jl:420
┌ Warning: Make sure you are not using this option for non-mixed constraints!
└ @ SNNT.QueryGeneration ~/Dokumente/Projects/CPS/NN-Safety-via-dL/repos/NCubeV-Reinstall/src/QueryGeneration/Iterator.jl:421
┌ Warning: Generating independent linear disjunctions
└ @ SNNT.QueryGeneration ~/Dokumente/Projects/CPS/NN-Safety-via-dL/repos/NCubeV-Reinstall/src/QueryGeneration/Iterator.jl:420
┌ Warning: Make sure you are not using this option for non-mixed constraints!
└ @ SNNT.QueryGeneration ~/Dokumente/Projects/CPS/NN-Safety-via-dL/repos/NCubeV-Reinstall/src/QueryGeneration/Iterator.jl:421
┌ Warning: Generating independent linear disjunctions
└ @ SNNT.QueryGeneration ~/Dokumente/Projects/CPS/NN-Safety-via-dL/repos/NCubeV-Reinstall/src/QueryGeneration/Iterator.jl:420
┌ Warning: Make sure you are not using this option for non-mixed constraints!
└ @ SNNT.QueryGeneration ~/Dokumente/Projects/CPS/NN-Safety-via-dL/repos/NCubeV-Reinstall/src/QueryGeneration/Iterator.jl:421
┌ Warning: Generating independent linear disjunctions
└ @ SNNT.QueryGeneration ~/Dokumente/Projects/CPS/NN-Safety-via-dL/repos/NCubeV-Reinstall/src/QueryGeneration/Iterator.jl:420
┌ Warning: Make sure you are not using this option for non-mixed constraints!
└ @ SNNT.QueryGeneration ~/Dokumente/Projects/CPS/NN-Safety-via-dL/repos/NCubeV-Reinstall/src/QueryGeneration/Iterator.jl:421
┌ Warning: Generating independent linear disjunctions
└ @ SNNT.QueryGeneration ~/Dokumente/Projects/CPS/NN-Safety-via-dL/repos/NCubeV-Reinstall/src/QueryGeneration/Iterator.jl:420
┌ Warning: Make sure you are not using this option for non-mixed constraints!
└ @ SNNT.QueryGeneration ~/Dokumente/Projects/CPS/NN-Safety-via-dL/repos/NCubeV-Reinstall/src/QueryGeneration/Iterator.jl:421
┌ Warning: Generating independent linear disjunctions
└ @ SNNT.QueryGeneration ~/Dokumente/Projects/CPS/NN-Safety-via-dL/repos/NCubeV-Reinstall/src/QueryGeneration/Iterator.jl:420
┌ Warning: Make sure you are not using this option for non-mixed constraints!
└ @ SNNT.QueryGeneration ~/Dokumente/Projects/CPS/NN-Safety-via-dL/repos/NCubeV-Reinstall/src/QueryGeneration/Iterator.jl:421
┌ Warning: Generating independent linear disjunctions
└ @ SNNT.QueryGeneration ~/Dokumente/Projects/CPS/NN-Safety-via-dL/repos/NCubeV-Reinstall/src/QueryGeneration/Iterator.jl:420
┌ Warning: Make sure you are not using this option for non-mixed constraints!
└ @ SNNT.QueryGeneration ~/Dokumente/Projects/CPS/NN-Safety-via-dL/repos/NCubeV-Reinstall/src/QueryGeneration/Iterator.jl:421
┌ Warning: Generating independent linear disjunctions
└ @ SNNT.QueryGeneration ~/Dokumente/Projects/CPS/NN-Safety-via-dL/repos/NCubeV-Reinstall/src/QueryGeneration/Iterator.jl:420
┌ Warning: Make sure you are not using this option for non-mixed constraints!
└ @ SNNT.QueryGeneration ~/Dokumente/Projects/CPS/NN-Safety-via-dL/repos/NCubeV-Reinstall/src/QueryGeneration/Iterator.jl:421
┌ Warning: Generating independent linear disjunctions
└ @ SNNT.QueryGeneration ~/Dokumente/Projects/CPS/NN-Safety-via-dL/repos/NCubeV-Reinstall/src/QueryGeneration/Iterator.jl:420
┌ Warning: Make sure you are not using this option for non-mixed constraints!
└ @ SNNT.QueryGeneration ~/Dokumente/Projects/CPS/NN-Safety-via-dL/repos/NCubeV-Reinstall/src/QueryGeneration/Iterator.jl:421
┌ Warning: Generating independent linear disjunctions
└ @ SNNT.QueryGeneration ~/Dokumente/Projects/CPS/NN-Safety-via-dL/repos/NCubeV-Reinstall/src/QueryGeneration/Iterator.jl:420
┌ Warning: Make sure you are not using this option for non-mixed constraints!
└ @ SNNT.QueryGeneration ~/Dokumente/Projects/CPS/NN-Safety-via-dL/repos/NCubeV-Reinstall/src/QueryGeneration/Iterator.jl:421
┌ Warning: Generating independent linear disjunctions
└ @ SNNT.QueryGeneration ~/Dokumente/Projects/CPS/NN-Safety-via-dL/repos/NCubeV-Reinstall/src/QueryGeneration/Iterator.jl:420
┌ Warning: Make sure you are not using this option for non-mixed constraints!
└ @ SNNT.QueryGeneration ~/Dokumente/Projects/CPS/NN-Safety-via-dL/repos/NCubeV-Reinstall/src/QueryGeneration/Iterator.jl:421
┌ Warning: Generating independent linear disjunctions
└ @ SNNT.QueryGeneration ~/Dokumente/Projects/CPS/NN-Safety-via-dL/repos/NCubeV-Reinstall/src/QueryGeneration/Iterator.jl:420
┌ Warning: Make sure you are not using this option for non-mixed constraints!
└ @ SNNT.QueryGeneration ~/Dokumente/Projects/CPS/NN-Safety-via-dL/repos/NCubeV-Reinstall/src/QueryGeneration/Iterator.jl:421
┌ Warning: Generating independent linear disjunctions
└ @ SNNT.QueryGeneration ~/Dokumente/Projects/CPS/NN-Safety-via-dL/repos/NCubeV-Reinstall/src/QueryGeneration/Iterator.jl:420
┌ Warning: Make sure you are not using this option for non-mixed constraints!
└ @ SNNT.QueryGeneration ~/Dokumente/Projects/CPS/NN-Safety-via-dL/repos/NCubeV-Reinstall/src/QueryGeneration/Iterator.jl:421
┌ Warning: Generating independent linear disjunctions
└ @ SNNT.QueryGeneration ~/Dokumente/Projects/CPS/NN-Safety-via-dL/repos/NCubeV-Reinstall/src/QueryGeneration/Iterator.jl:420
┌ Warning: Make sure you are not using this option for non-mixed constraints!
└ @ SNNT.QueryGeneration ~/Dokumente/Projects/CPS/NN-Safety-via-dL/repos/NCubeV-Reinstall/src/QueryGeneration/Iterator.jl:421
┌ Warning: Generating independent linear disjunctions
└ @ SNNT.QueryGeneration ~/Dokumente/Projects/CPS/NN-Safety-via-dL/repos/NCubeV-Reinstall/src/QueryGeneration/Iterator.jl:420
┌ Warning: Make sure you are not using this option for non-mixed constraints!
└ @ SNNT.QueryGeneration ~/Dokumente/Projects/CPS/NN-Safety-via-dL/repos/NCubeV-Reinstall/src/QueryGeneration/Iterator.jl:421
┌ Warning: Generating independent linear disjunctions
└ @ SNNT.QueryGeneration ~/Dokumente/Projects/CPS/NN-Safety-via-dL/repos/NCubeV-Reinstall/src/QueryGeneration/Iterator.jl:420
┌ Warning: Make sure you are not using this option for non-mixed constraints!
└ @ SNNT.QueryGeneration ~/Dokumente/Projects/CPS/NN-Safety-via-dL/repos/NCubeV-Reinstall/src/QueryGeneration/Iterator.jl:421
┌ Warning: Generating independent linear disjunctions
└ @ SNNT.QueryGeneration ~/Dokumente/Projects/CPS/NN-Safety-via-dL/repos/NCubeV-Reinstall/src/QueryGeneration/Iterator.jl:420
┌ Warning: Make sure you are not using this option for non-mixed constraints!
└ @ SNNT.QueryGeneration ~/Dokumente/Projects/CPS/NN-Safety-via-dL/repos/NCubeV-Reinstall/src/QueryGeneration/Iterator.jl:421
┌ Warning: Generating independent linear disjunctions
└ @ SNNT.QueryGeneration ~/Dokumente/Projects/CPS/NN-Safety-via-dL/repos/NCubeV-Reinstall/src/QueryGeneration/Iterator.jl:420
┌ Warning: Make sure you are not using this option for non-mixed constraints!
└ @ SNNT.QueryGeneration ~/Dokumente/Projects/CPS/NN-Safety-via-dL/repos/NCubeV-Reinstall/src/QueryGeneration/Iterator.jl:421
┌ Warning: Generating independent linear disjunctions
└ @ SNNT.QueryGeneration ~/Dokumente/Projects/CPS/NN-Safety-via-dL/repos/NCubeV-Reinstall/src/QueryGeneration/Iterator.jl:420
┌ Warning: Make sure you are not using this option for non-mixed constraints!
└ @ SNNT.QueryGeneration ~/Dokumente/Projects/CPS/NN-Safety-via-dL/repos/NCubeV-Reinstall/src/QueryGeneration/Iterator.jl:421
┌ Warning: Generating independent linear disjunctions
└ @ SNNT.QueryGeneration ~/Dokumente/Projects/CPS/NN-Safety-via-dL/repos/NCubeV-Reinstall/src/QueryGeneration/Iterator.jl:420
┌ Warning: Make sure you are not using this option for non-mixed constraints!
└ @ SNNT.QueryGeneration ~/Dokumente/Projects/CPS/NN-Safety-via-dL/repos/NCubeV-Reinstall/src/QueryGeneration/Iterator.jl:421
┌ Warning: Generating independent linear disjunctions
└ @ SNNT.QueryGeneration ~/Dokumente/Projects/CPS/NN-Safety-via-dL/repos/NCubeV-Reinstall/src/QueryGeneration/Iterator.jl:420
┌ Warning: Make sure you are not using this option for non-mixed constraints!
└ @ SNNT.QueryGeneration ~/Dokumente/Projects/CPS/NN-Safety-via-dL/repos/NCubeV-Reinstall/src/QueryGeneration/Iterator.jl:421
┌ Warning: Generating independent linear disjunctions
└ @ SNNT.QueryGeneration ~/Dokumente/Projects/CPS/NN-Safety-via-dL/repos/NCubeV-Reinstall/src/QueryGeneration/Iterator.jl:420
┌ Warning: Make sure you are not using this option for non-mixed constraints!
└ @ SNNT.QueryGeneration ~/Dokumente/Projects/CPS/NN-Safety-via-dL/repos/NCubeV-Reinstall/src/QueryGeneration/Iterator.jl:421
┌ Warning: Generating independent linear disjunctions
└ @ SNNT.QueryGeneration ~/Dokumente/Projects/CPS/NN-Safety-via-dL/repos/NCubeV-Reinstall/src/QueryGeneration/Iterator.jl:420
┌ Warning: Make sure you are not using this option for non-mixed constraints!
└ @ SNNT.QueryGeneration ~/Dokumente/Projects/CPS/NN-Safety-via-dL/repos/NCubeV-Reinstall/src/QueryGeneration/Iterator.jl:421
┌ Warning: Generating independent linear disjunctions
└ @ SNNT.QueryGeneration ~/Dokumente/Projects/CPS/NN-Safety-via-dL/repos/NCubeV-Reinstall/src/QueryGeneration/Iterator.jl:420
┌ Warning: Make sure you are not using this option for non-mixed constraints!
└ @ SNNT.QueryGeneration ~/Dokumente/Projects/CPS/NN-Safety-via-dL/repos/NCubeV-Reinstall/src/QueryGeneration/Iterator.jl:421
┌ Warning: Generating independent linear disjunctions
└ @ SNNT.QueryGeneration ~/Dokumente/Projects/CPS/NN-Safety-via-dL/repos/NCubeV-Reinstall/src/QueryGeneration/Iterator.jl:420
┌ Warning: Make sure you are not using this option for non-mixed constraints!
└ @ SNNT.QueryGeneration ~/Dokumente/Projects/CPS/NN-Safety-via-dL/repos/NCubeV-Reinstall/src/QueryGeneration/Iterator.jl:421
┌ Warning: Generating independent linear disjunctions
└ @ SNNT.QueryGeneration ~/Dokumente/Projects/CPS/NN-Safety-via-dL/repos/NCubeV-Reinstall/src/QueryGeneration/Iterator.jl:420
┌ Warning: Make sure you are not using this option for non-mixed constraints!
└ @ SNNT.QueryGeneration ~/Dokumente/Projects/CPS/NN-Safety-via-dL/repos/NCubeV-Reinstall/src/QueryGeneration/Iterator.jl:421
┌ Warning: Generating independent linear disjunctions
└ @ SNNT.QueryGeneration ~/Dokumente/Projects/CPS/NN-Safety-via-dL/repos/NCubeV-Reinstall/src/QueryGeneration/Iterator.jl:420
┌ Warning: Make sure you are not using this option for non-mixed constraints!
└ @ SNNT.QueryGeneration ~/Dokumente/Projects/CPS/NN-Safety-via-dL/repos/NCubeV-Reinstall/src/QueryGeneration/Iterator.jl:421
┌ Warning: Generating independent linear disjunctions
└ @ SNNT.QueryGeneration ~/Dokumente/Projects/CPS/NN-Safety-via-dL/repos/NCubeV-Reinstall/src/QueryGeneration/Iterator.jl:420
┌ Warning: Make sure you are not using this option for non-mixed constraints!
└ @ SNNT.QueryGeneration ~/Dokumente/Projects/CPS/NN-Safety-via-dL/repos/NCubeV-Reinstall/src/QueryGeneration/Iterator.jl:421
┌ Warning: Generating independent linear disjunctions
└ @ SNNT.QueryGeneration ~/Dokumente/Projects/CPS/NN-Safety-via-dL/repos/NCubeV-Reinstall/src/QueryGeneration/Iterator.jl:420
┌ Warning: Make sure you are not using this option for non-mixed constraints!
└ @ SNNT.QueryGeneration ~/Dokumente/Projects/CPS/NN-Safety-via-dL/repos/NCubeV-Reinstall/src/QueryGeneration/Iterator.jl:421
┌ Warning: Generating independent linear disjunctions
└ @ SNNT.QueryGeneration ~/Dokumente/Projects/CPS/NN-Safety-via-dL/repos/NCubeV-Reinstall/src/QueryGeneration/Iterator.jl:420
┌ Warning: Make sure you are not using this option for non-mixed constraints!
└ @ SNNT.QueryGeneration ~/Dokumente/Projects/CPS/NN-Safety-via-dL/repos/NCubeV-Reinstall/src/QueryGeneration/Iterator.jl:421
┌ Warning: Generating independent linear disjunctions
└ @ SNNT.QueryGeneration ~/Dokumente/Projects/CPS/NN-Safety-via-dL/repos/NCubeV-Reinstall/src/QueryGeneration/Iterator.jl:420
┌ Warning: Make sure you are not using this option for non-mixed constraints!
└ @ SNNT.QueryGeneration ~/Dokumente/Projects/CPS/NN-Safety-via-dL/repos/NCubeV-Reinstall/src/QueryGeneration/Iterator.jl:421
┌ Warning: Generating independent linear disjunctions
└ @ SNNT.QueryGeneration ~/Dokumente/Projects/CPS/NN-Safety-via-dL/repos/NCubeV-Reinstall/src/QueryGeneration/Iterator.jl:420
[QUERY] Looking for nonlinear input combinations...
[QUERY] Found all non-linear combinations. Count: 1
[QUERY] Returning nonlinear disjunction
[CTRL] Considering conjunction with 42 input constraints and a disjunction of size 5
[APPROX] Checking cache: SNNT.Approx.ApproxCacheObject[]
[APPROX] Constructing Approximation
[APPROX] Resolving approximation
[CTRL] Initiating iterator over current linear queries
[APPROX] # Conjunctions over output: 5
[CTRL] Processing linear query no. 249
[NNENUM] Running nnenum now...
[NNENUM] lb: [0.0062499999999999995, -0.33623147889292704, 5.000000171712609e-6, 0.075, -0.005, -0.005, -0.005, -0.005, -0.005, -0.005, -0.005, -0.005, -0.005]
[NNENUM] ub: [0.5, -0.18296763576522218, 5.000000171712609e-6, 0.5, 0.004999999999999999, 0.004999999999999999, 0.004999999999999999, 0.004999999999999999, 0.004999999999999999, 0.004999999999999999, 0.004999999999999999, 0.004999999999999999, 0.004999999999999999]
[NNENUM] Creating LP Star...
[NNENUM] Checking feasibility
[NNENUM] Generating output Spec...
[NNENUM] Spec list length:  5
[NNENUM] Enumeration in progress... 
(0.1 sec) Q: 0, Sets: 0/1  (0.0%) CEs: 0 ETA: - (expected 1 stars)   
(0.2 sec) Q: 0, Sets: 0/2  (0.0%) CEs: 0 ETA: - (expected 1 stars)   

Total Stars: 2 (0 exact, 2 approx)
Unfinished Stars: 0
Runtime: 0.3 sec
Completed work frac: 1.0
Num Stars Copied Between Processes: 0
Num Lps During Enumeration: 0
Total Num Lps: 0

Result: network is SAFE

[NNENUM] Result: 
<nnenum.result.Result object at 0x715913cf8f40>
[NNENUM] Enumeration finished.
safe
[NNENUM] Found counter-example stars: 0
[NNENUM] Filtering result using SMT solver...
[SMT] SMT filtered out 0 stars (out of 0; TO: 0).
[QUERY] Looking for nonlinear input combinations...
..[QUERY] Found all non-linear combinations. Count: 2
[QUERY] Returning nonlinear disjunction
[CTRL] Considering conjunction with 42 input constraints and a disjunction of size 5
[APPROX] Checking cache: SNNT.Approx.ApproxCacheObject[]
[APPROX] Constructing Approximation
[APPROX] Resolving approximation
[CTRL] Initiating iterator over current linear queries
[APPROX] # Conjunctions over output: 5
[CTRL] Processing linear query no. 250
[NNENUM] Running nnenum now...
[NNENUM] lb: [0.0062499999999999995, -0.33623147889292704, 5.000000171712609e-6, 0.075, -0.005, -0.005, -0.005, -0.005, -0.005, -0.005, -0.005, -0.005, -0.005]
[NNENUM] ub: [0.5, -0.18296763576522218, 5.000000171712609e-6, 0.5, 0.004999999999999999, 0.004999999999999999, 0.004999999999999999, 0.004999999999999999, 0.004999999999999999, 0.004999999999999999, 0.004999999999999999, 0.004999999999999999, 0.004999999999999999]
[NNENUM] Creating LP Star...
[NNENUM] Checking feasibility
[NNENUM] Generating output Spec...
[NNENUM] Spec list length:  5
[NNENUM] Enumeration in progress... 
(0.1 sec) Q: 0, Sets: 0/1  (0.0%) CEs: 0 ETA: - (expected 1 stars)   

Total Stars: 3 (1 exact, 2 approx)
Unfinished Stars: 0
Runtime: 0.2 sec
Completed work frac: 1.0
Num Stars Copied Between Processes: 0
Num Lps During Enumeration: 94
Total Num Lps: 94

Result: network is SAFE

[NNENUM] Result: 
<nnenum.result.Result object at 0x715919fb91f0>
[NNENUM] Enumeration finished.
safe
[NNENUM] Found counter-example stars: 0
[NNENUM] Filtering result using SMT solver...
[SMT] SMT filtered out 0 stars (out of 0; TO: 0).
[QUERY] Looking for nonlinear input combinations...
[QUERY] Found all non-linear combinations. Count: 2
[QUERY] Returning nonlinear disjunction
[CTRL] Considering conjunction with 42 input constraints and a disjunction of size 5
[APPROX] Checking cache: SNNT.Approx.ApproxCacheObject[]
[APPROX] Constructing Approximation
[APPROX] Resolving approximation
[CTRL] Initiating iterator over current linear queries
[APPROX] # Conjunctions over output: 5
[CTRL] Processing linear query no. 251
[NNENUM] Running nnenum now...
[NNENUM] lb: [0.0062499999999999995, -0.33623147889292704, 5.000000171712609e-6, 0.075, -0.005, -0.005, -0.005, -0.005, -0.005, -0.005, -0.005, -0.005, -0.005]
[NNENUM] ub: [0.5, -0.18296763576522218, 5.000000171712609e-6, 0.5, 0.004999999999999999, 0.004999999999999999, 0.004999999999999999, 0.004999999999999999, 0.004999999999999999, 0.004999999999999999, 0.004999999999999999, 0.004999999999999999, 0.004999999999999999]
[NNENUM] Creating LP Star...
[NNENUM] Checking feasibility
[NNENUM] Generating output Spec...
[NNENUM] Spec list length:  5
[NNENUM] Enumeration in progress... 
(0.1 sec) Q: 0, Sets: 0/1  (0.0%) CEs: 0 ETA: - (expected 1 stars)   
(0.2 sec) Q: 0, Sets: 0/2  (0.0%) CEs: 0 ETA: - (expected 1 stars)   
(0.3 sec) Q: 0, Sets: 7/7  (100.0%) CEs: 0 ETA: 0.0 sec (expected 7 stars)   
Total Stars: 7 (0 exact, 7 approx)
Unfinished Stars: 0
Runtime: 0.3 sec
Completed work frac: 1.0
Num Stars Copied Between Processes: 0
Num Lps During Enumeration: 0
Total Num Lps: 0

Result: network is SAFE

[NNENUM] Result: 
<nnenum.result.Result object at 0x715913cffd30>
[NNENUM] Enumeration finished.
safe
[NNENUM] Found counter-example stars: 0
[NNENUM] Filtering result using SMT solver...
[SMT] SMT filtered out 0 stars (out of 0; TO: 0).
[QUERY] Looking for nonlinear input combinations...
[QUERY] Found all non-linear combinations. Count: 2
[QUERY] Returning nonlinear disjunction
[CTRL] Considering conjunction with 42 input constraints and a disjunction of size 5
[APPROX] Checking cache: SNNT.Approx.ApproxCacheObject[]
[APPROX] Constructing Approximation
[APPROX] Resolving approximation
[CTRL] Initiating iterator over current linear queries
[APPROX] # Conjunctions over output: 5
[CTRL] Processing linear query no. 252
[NNENUM] Running nnenum now...
[NNENUM] lb: [0.0062499999999999995, -0.33623147889292704, 5.000000171712609e-6, 0.075, -0.005, -0.005, -0.005, -0.005, -0.005, -0.005, -0.005, -0.005, -0.005]
[NNENUM] ub: [0.5, -0.18296763576522218, 5.000000171712609e-6, 0.5, 0.004999999999999999, 0.004999999999999999, 0.004999999999999999, 0.004999999999999999, 0.004999999999999999, 0.004999999999999999, 0.004999999999999999, 0.004999999999999999, 0.004999999999999999]
[NNENUM] Creating LP Star...
[NNENUM] Checking feasibility
[NNENUM] Generating output Spec...
[NNENUM] Spec list length:  5
[NNENUM] Enumeration in progress... 
(0.2 sec) Q: 0, Sets: 0/1  (0.0%) CEs: 0 ETA: - (expected 1 stars)   

Total Stars: 5 (3 exact, 2 approx)
Unfinished Stars: 0
Runtime: 0.2 sec
Completed work frac: 1.0
Num Stars Copied Between Processes: 0
Num Lps During Enumeration: 123
Total Num Lps: 123

Result: network is SAFE

[NNENUM] Result: 
<nnenum.result.Result object at 0x7159136c1460>
[NNENUM] Enumeration finished.
safe
[NNENUM] Found counter-example stars: 0
[NNENUM] Filtering result using SMT solver...
[SMT] SMT filtered out 0 stars (out of 0; TO: 0).
[QUERY] Looking for nonlinear input combinations...
[QUERY] Found all non-linear combinations. Count: 2
[QUERY] Returning nonlinear disjunction
[CTRL] Considering conjunction with 42 input constraints and a disjunction of size 5
[APPROX] Checking cache: SNNT.Approx.ApproxCacheObject[]
[APPROX] Constructing Approximation
[APPROX] Resolving approximation
[CTRL] Initiating iterator over current linear queries
[APPROX] # Conjunctions over output: 5
[CTRL] Processing linear query no. 253
[NNENUM] Running nnenum now...
[NNENUM] lb: [0.0062499999999999995, -0.33623147889292704, 5.000000171712609e-6, 0.075, -0.005, -0.005, -0.005, -0.005, -0.005, -0.005, -0.005, -0.005, -0.005]
[NNENUM] ub: [0.5, -0.18296763576522218, 5.000000171712609e-6, 0.5, 0.004999999999999999, 0.004999999999999999, 0.004999999999999999, 0.004999999999999999, 0.004999999999999999, 0.004999999999999999, 0.004999999999999999, 0.004999999999999999, 0.004999999999999999]
[NNENUM] Creating LP Star...
[NNENUM] Checking feasibility
[NNENUM] Generating output Spec...
[NNENUM] Spec list length:  5
[NNENUM] Enumeration in progress... 
(0.1 sec) Q: 0, Sets: 0/1  (0.0%) CEs: 0 ETA: - (expected 1 stars)   
(0.3 sec) Q: 0, Sets: 0/2  (0.0%) CEs: 0 ETA: - (expected 1 stars)   

Total Stars: 4 (2 exact, 2 approx)
Unfinished Stars: 0
Runtime: 0.3 sec
Completed work frac: 1.0
Num Stars Copied Between Processes: 0
Num Lps During Enumeration: 115
Total Num Lps: 115

Result: network is SAFE

[NNENUM] Result: 
<nnenum.result.Result object at 0x7159140bd130>
[NNENUM] Enumeration finished.
safe
[NNENUM] Found counter-example stars: 0
[NNENUM] Filtering result using SMT solver...
[SMT] SMT filtered out 0 stars (out of 0; TO: 0).
[QUERY] Looking for nonlinear input combinations...
.[QUERY] Found all non-linear combinations. Count: 1
[QUERY] Returning nonlinear disjunction
[CTRL] Considering conjunction with 42 input constraints and a disjunction of size 5
[APPROX] Checking cache: SNNT.Approx.ApproxCacheObject[]
[APPROX] Constructing Approximation
[APPROX] Resolving approximation
[CTRL] Initiating iterator over current linear queries
[APPROX] # Conjunctions over output: 5
[CTRL] Processing linear query no. 254
[NNENUM] Running nnenum now...
[NNENUM] lb: [0.0062499999999999995, -0.33623147889292704, 5.000000171712609e-6, 0.075, -0.005, -0.005, -0.005, -0.005, -0.005, -0.005, -0.005, -0.005, -0.005]
[NNENUM] ub: [0.5, -0.18296763576522218, 5.000000171712609e-6, 0.5, 0.004999999999999999, 0.004999999999999999, 0.004999999999999999, 0.004999999999999999, 0.004999999999999999, 0.004999999999999999, 0.004999999999999999, 0.004999999999999999, 0.004999999999999999]
[NNENUM] Creating LP Star...
[NNENUM] Checking feasibility
[NNENUM] Generating output Spec...
[NNENUM] Spec list length:  5
[NNENUM] Enumeration in progress... 
(0.2 sec) Q: 0, Sets: 0/1  (0.0%) CEs: 0 ETA: - (expected 1 stars)   
(0.3 sec) Q: 0, Sets: 1/3  (50.0%) CEs: 0 ETA: 0.3 sec (expected 2 stars)   
(0.4 sec) Q: 0, Sets: 10/12  (93.75%) CEs: 0 ETA: 0.0 sec (expected 11 stars)   
Total Stars: 16 (2 exact, 14 approx)
Unfinished Stars: 0
Runtime: 0.4 sec
Completed work frac: 1.0
Num Stars Copied Between Processes: 0
Num Lps During Enumeration: 105
Total Num Lps: 105

Result: network is SAFE

[NNENUM] Result: 
<nnenum.result.Result object at 0x71591a59d550>
[NNENUM] Enumeration finished.
safe
[NNENUM] Found counter-example stars: 0
[NNENUM] Filtering result using SMT solver...
[SMT] SMT filtered out 0 stars (out of 0; TO: 0).
[QUERY] Looking for nonlinear input combinations...
[QUERY] Found all non-linear combinations. Count: 1
[QUERY] Returning nonlinear disjunction
[CTRL] Considering conjunction with 42 input constraints and a disjunction of size 5
[APPROX] Checking cache: SNNT.Approx.ApproxCacheObject[]
[APPROX] Constructing Approximation
[APPROX] Resolving approximation
[CTRL] Initiating iterator over current linear queries
[APPROX] # Conjunctions over output: 5
[CTRL] Processing linear query no. 255
[NNENUM] Running nnenum now...
[NNENUM] lb: [0.0062499999999999995, -0.33623147889292704, 5.000000171712609e-6, 0.075, -0.005, -0.005, -0.005, -0.005, -0.005, -0.005, -0.005, -0.005, -0.005]
[NNENUM] ub: [0.5, -0.18296763576522218, 5.000000171712609e-6, 0.5, 0.004999999999999999, 0.004999999999999999, 0.004999999999999999, 0.004999999999999999, 0.004999999999999999, 0.004999999999999999, 0.004999999999999999, 0.004999999999999999, 0.004999999999999999]
[NNENUM] Creating LP Star...
[NNENUM] Checking feasibility
[NNENUM] Generating output Spec...
[NNENUM] Spec list length:  5
[NNENUM] Enumeration in progress... 
(0.1 sec) Q: 0, Sets: 0/1  (0.0%) CEs: 0 ETA: - (expected 1 stars)   
(0.2 sec) Q: 0, Sets: 0/2  (0.0%) CEs: 0 ETA: - (expected 1 stars)   
(0.4 sec) Q: 0, Sets: 2/4  (50.0%) CEs: 0 ETA: 0.4 sec (expected 4 stars)   
Total Stars: 8 (2 exact, 6 approx)
Unfinished Stars: 0
Runtime: 0.4 sec
Completed work frac: 1.0
Num Stars Copied Between Processes: 0
Num Lps During Enumeration: 130
Total Num Lps: 130

Result: network is SAFE

[NNENUM] Result: 
<nnenum.result.Result object at 0x715913cf16a0>
[NNENUM] Enumeration finished.
safe
[NNENUM] Found counter-example stars: 0
[NNENUM] Filtering result using SMT solver...
[SMT] SMT filtered out 0 stars (out of 0; TO: 0).
[QUERY] Looking for nonlinear input combinations...
[QUERY] Found all non-linear combinations. Count: 1
[QUERY] Returning nonlinear disjunction
[CTRL] Considering conjunction with 42 input constraints and a disjunction of size 5
[APPROX] Checking cache: SNNT.Approx.ApproxCacheObject[]
[APPROX] Constructing Approximation
[APPROX] Resolving approximation
[CTRL] Initiating iterator over current linear queries
[APPROX] # Conjunctions over output: 5
[CTRL] Processing linear query no. 256
[NNENUM] Running nnenum now...
[NNENUM] lb: [0.0062499999999999995, -0.33623147889292704, 5.000000171712609e-6, 0.075, -0.005, -0.005, -0.005, -0.005, -0.005, -0.005, -0.005, -0.005, -0.005]
[NNENUM] ub: [0.5, -0.18296763576522218, 5.000000171712609e-6, 0.5, 0.004999999999999999, 0.004999999999999999, 0.004999999999999999, 0.004999999999999999, 0.004999999999999999, 0.004999999999999999, 0.004999999999999999, 0.004999999999999999, 0.004999999999999999]
[NNENUM] Creating LP Star...
[NNENUM] Checking feasibility
[NNENUM] Generating output Spec...
[NNENUM] Spec list length:  5
[NNENUM] Enumeration in progress... 
(0.1 sec) Q: 0, Sets: 0/1  (0.0%) CEs: 0 ETA: - (expected 1 stars)   
(0.2 sec) Q: 0, Sets: 3/6  (43.75%) CEs: 0 ETA: 0.2 sec (expected 7 stars)   

Total Stars: 13 (2 exact, 11 approx)
Unfinished Stars: 0
Runtime: 0.2 sec
Completed work frac: 1.0
Num Stars Copied Between Processes: 0
Num Lps During Enumeration: 98
Total Num Lps: 98

Result: network is SAFE

[NNENUM] Result: 
<nnenum.result.Result object at 0x715913cd4b20>
[NNENUM] Enumeration finished.
safe
[NNENUM] Found counter-example stars: 0
[NNENUM] Filtering result using SMT solver...
[SMT] SMT filtered out 0 stars (out of 0; TO: 0).
[QUERY] Looking for nonlinear input combinations...
[QUERY] Found all non-linear combinations. Count: 1
[QUERY] Returning nonlinear disjunction
[CTRL] Considering conjunction with 42 input constraints and a disjunction of size 5
[APPROX] Checking cache: SNNT.Approx.ApproxCacheObject[]
[APPROX] Constructing Approximation
[APPROX] Resolving approximation
[CTRL] Initiating iterator over current linear queries
[APPROX] # Conjunctions over output: 5
[CTRL] Processing linear query no. 257
[NNENUM] Running nnenum now...
[NNENUM] lb: [0.0062499999999999995, -0.33623147889292704, 5.000000171712609e-6, 0.075, -0.005, -0.005, -0.005, -0.005, -0.005, -0.005, -0.005, -0.005, -0.005]
[NNENUM] ub: [0.5, -0.18296763576522218, 5.000000171712609e-6, 0.5, 0.004999999999999999, 0.004999999999999999, 0.004999999999999999, 0.004999999999999999, 0.004999999999999999, 0.004999999999999999, 0.004999999999999999, 0.004999999999999999, 0.004999999999999999]
[NNENUM] Creating LP Star...
[NNENUM] Checking feasibility
[NNENUM] Generating output Spec...
[NNENUM] Spec list length:  5
[NNENUM] Enumeration in progress... 
(0.1 sec) Q: 0, Sets: 0/1  (0.0%) CEs: 0 ETA: - (expected 1 stars)   
(0.2 sec) Q: 0, Sets: 0/2  (0.0%) CEs: 0 ETA: - (expected 1 stars)   
(0.3 sec) Q: 0, Sets: 8/8  (100.0%) CEs: 0 ETA: 0.0 sec (expected 8 stars)   
Total Stars: 8 (3 exact, 5 approx)
Unfinished Stars: 0
Runtime: 0.3 sec
Completed work frac: 1.0
Num Stars Copied Between Processes: 0
Num Lps During Enumeration: 154
Total Num Lps: 154

Result: network is SAFE

[NNENUM] Result: 
<nnenum.result.Result object at 0x7159136d3bb0>
[NNENUM] Enumeration finished.
safe
[NNENUM] Found counter-example stars: 0
[NNENUM] Filtering result using SMT solver...
[SMT] SMT filtered out 0 stars (out of 0; TO: 0).
[QUERY] Looking for nonlinear input combinations...
..[QUERY] Found all non-linear combinations. Count: 4
[QUERY] Returning nonlinear disjunction
[CTRL] Considering conjunction with 42 input constraints and a disjunction of size 6
[APPROX] Checking cache: SNNT.Approx.ApproxCacheObject[]
[APPROX] Constructing Approximation
[APPROX] Resolving approximation
[CTRL] Initiating iterator over current linear queries
[APPROX] # Conjunctions over output: 6
[CTRL] Processing linear query no. 258
[NNENUM] Running nnenum now...
[NNENUM] lb: [0.0062499999999999995, -0.33623147889292704, 5.000000171712609e-6, 0.075, -0.005, -0.005, -0.005, -0.005, -0.005, -0.005, -0.005, -0.005, -0.005]
[NNENUM] ub: [0.5, -0.18296763576522218, 5.000000171712609e-6, 0.5, 0.004999999999999999, 0.004999999999999999, 0.004999999999999999, 0.004999999999999999, 0.004999999999999999, 0.004999999999999999, 0.004999999999999999, 0.004999999999999999, 0.004999999999999999]
[NNENUM] Creating LP Star...
[NNENUM] Checking feasibility
[NNENUM] Generating output Spec...
[NNENUM] Spec list length:  6
[NNENUM] Enumeration in progress... 
(0.2 sec) Q: 0, Sets: 0/1  (0.0%) CEs: 0 ETA: - (expected 1 stars)   
(0.3 sec) Q: 0, Sets: 1/5  (6.25%) CEs: 0 ETA: 3.8 sec (expected 16 stars)   
(0.4 sec) Q: 0, Sets: 5/8  (34.375%) CEs: 0 ETA: 0.9 sec (expected 15 stars)   (0.6 sec) Q: 0, Sets: 11/14  (67.969%) CEs: 0 ETA: 0.3 sec (expected 16 stars)   

Total Stars: 14 (2 exact, 12 approx)
Unfinished Stars: 0
Runtime: 0.6 sec
Completed work frac: 1.0
Num Stars Copied Between Processes: 0
Num Lps During Enumeration: 34
Total Num Lps: 34

Result: network is SAFE

[NNENUM] Result: 
<nnenum.result.Result object at 0x7159140bd430>
[NNENUM] Enumeration finished.
safe
[NNENUM] Found counter-example stars: 0
[NNENUM] Filtering result using SMT solver...
[SMT] SMT filtered out 0 stars (out of 0; TO: 0).
[QUERY] Looking for nonlinear input combinations...
..[QUERY] Found all non-linear combinations. Count: 2
[QUERY] Returning nonlinear disjunction
[CTRL] Considering conjunction with 42 input constraints and a disjunction of size 6
[APPROX] Checking cache: SNNT.Approx.ApproxCacheObject[]
[APPROX] Constructing Approximation
[APPROX] Resolving approximation
[CTRL] Initiating iterator over current linear queries
[APPROX] # Conjunctions over output: 6
[CTRL] Processing linear query no. 259
[NNENUM] Running nnenum now...
[NNENUM] lb: [0.0062499999999999995, -0.33623147889292704, 5.000000171712609e-6, 0.075, -0.005, -0.005, -0.005, -0.005, -0.005, -0.005, -0.005, -0.005, -0.005]
[NNENUM] ub: [0.5, -0.18296763576522218, 5.000000171712609e-6, 0.5, 0.004999999999999999, 0.004999999999999999, 0.004999999999999999, 0.004999999999999999, 0.004999999999999999, 0.004999999999999999, 0.004999999999999999, 0.004999999999999999, 0.004999999999999999]
[NNENUM] Creating LP Star...
[NNENUM] Checking feasibility
[NNENUM] Generating output Spec...
[NNENUM] Spec list length:  6
[NNENUM] Enumeration in progress... 
(0.1 sec) Q: 0, Sets: 0/1  (0.0%) CEs: 0 ETA: - (expected 1 stars)   
(0.2 sec) Q: 0, Sets: 1/5  (6.25%) CEs: 0 ETA: 2.7 sec (expected 16 stars)   
(0.3 sec) Q: 0, Sets: 3/5  (25.0%) CEs: 0 ETA: 0.9 sec (expected 12 stars)   (0.4 sec) Q: 0, Sets: 4/7  (31.25%) CEs: 0 ETA: 0.9 sec (expected 13 stars)   
(0.5 sec) Q: 0, Sets: 7/9  (62.5%) CEs: 0 ETA: 0.3 sec (expected 11 stars)   (0.6 sec) Q: 0, Sets: 8/13  (63.281%) CEs: 0 ETA: 0.4 sec (expected 13 stars)   (0.7 sec) Q: 0, Sets: 12/16  (64.844%) CEs: 0 ETA: 0.4 sec (expected 19 stars)   (0.9 sec) Q: 0, Sets: 14/16  (68.75%) CEs: 0 ETA: 0.4 sec (expected 20 stars)   
(1.0 sec) Q: 0, Sets: 16/18  (81.25%) CEs: 0 ETA: 0.2 sec (expected 20 stars)   
Total Stars: 18 (1 exact, 17 approx)
Unfinished Stars: 0
Runtime: 1.1 sec
Completed work frac: 1.0
Num Stars Copied Between Processes: 0
Num Lps During Enumeration: 38
Total Num Lps: 38

Result: network is SAFE

[NNENUM] Result: 
<nnenum.result.Result object at 0x715913ce1f40>
[NNENUM] Enumeration finished.
safe
[NNENUM] Found counter-example stars: 0
[NNENUM] Filtering result using SMT solver...
[SMT] SMT filtered out 0 stars (out of 0; TO: 0).
[QUERY] Looking for nonlinear input combinations...
[QUERY] Found all non-linear combinations. Count: 2
[QUERY] Returning nonlinear disjunction
[CTRL] Considering conjunction with 42 input constraints and a disjunction of size 6
[APPROX] Checking cache: SNNT.Approx.ApproxCacheObject[]
[APPROX] Constructing Approximation
[APPROX] Resolving approximation
[CTRL] Initiating iterator over current linear queries
[APPROX] # Conjunctions over output: 6
[CTRL] Processing linear query no. 260
[NNENUM] Running nnenum now...
[NNENUM] lb: [0.0062499999999999995, -0.33623147889292704, 5.000000171712609e-6, 0.075, -0.005, -0.005, -0.005, -0.005, -0.005, -0.005, -0.005, -0.005, -0.005]
[NNENUM] ub: [0.5, -0.18296763576522218, 5.000000171712609e-6, 0.5, 0.004999999999999999, 0.004999999999999999, 0.004999999999999999, 0.004999999999999999, 0.004999999999999999, 0.004999999999999999, 0.004999999999999999, 0.004999999999999999, 0.004999999999999999]
[NNENUM] Creating LP Star...
[NNENUM] Checking feasibility
[NNENUM] Generating output Spec...
[NNENUM] Spec list length:  6
[NNENUM] Enumeration in progress... 
(0.1 sec) Q: 0, Sets: 0/1  (0.0%) CEs: 0 ETA: - (expected 1 stars)   
(0.2 sec) Q: 0, Sets: 2/6  (28.125%) CEs: 0 ETA: 0.6 sec (expected 7 stars)   

Total Stars: 6 (0 exact, 6 approx)
Unfinished Stars: 0
Runtime: 0.3 sec
Completed work frac: 1.0
Num Stars Copied Between Processes: 0
Num Lps During Enumeration: 0
Total Num Lps: 0

Result: network is SAFE

[NNENUM] Result: 
<nnenum.result.Result object at 0x7159136dbd00>
[NNENUM] Enumeration finished.
safe
[NNENUM] Found counter-example stars: 0
[NNENUM] Filtering result using SMT solver...
[SMT] SMT filtered out 0 stars (out of 0; TO: 0).
[QUERY] Looking for nonlinear input combinations...
..[QUERY] Found all non-linear combinations. Count: 1
[QUERY] Returning nonlinear disjunction
[CTRL] Considering conjunction with 42 input constraints and a disjunction of size 6
[APPROX] Checking cache: SNNT.Approx.ApproxCacheObject[]
[APPROX] Constructing Approximation
[APPROX] Resolving approximation
[CTRL] Initiating iterator over current linear queries
[APPROX] # Conjunctions over output: 6
[CTRL] Processing linear query no. 261
[NNENUM] Running nnenum now...
[NNENUM] lb: [0.0062499999999999995, -0.33623147889292704, 5.000000171712609e-6, 0.075, -0.005, -0.005, -0.005, -0.005, -0.005, -0.005, -0.005, -0.005, -0.005]
[NNENUM] ub: [0.5, -0.18296763576522218, 5.000000171712609e-6, 0.5, 0.004999999999999999, 0.004999999999999999, 0.004999999999999999, 0.004999999999999999, 0.004999999999999999, 0.004999999999999999, 0.004999999999999999, 0.004999999999999999, 0.004999999999999999]
[NNENUM] Creating LP Star...
[NNENUM] Checking feasibility
[NNENUM] Generating output Spec...
[NNENUM] Spec list length:  6
[NNENUM] Enumeration in progress... 
(0.1 sec) Q: 0, Sets: 0/1  (0.0%) CEs: 0 ETA: - (expected 1 stars)   
(0.2 sec) Q: 0, Sets: 1/5  (6.25%) CEs: 0 ETA: 3.4 sec (expected 16 stars)   
(0.4 sec) Q: 0, Sets: 3/9  (13.281%) CEs: 0 ETA: 2.6 sec (expected 23 stars)   (0.5 sec) Q: 0, Sets: 8/13  (26.562%) CEs: 0 ETA: 1.5 sec (expected 30 stars)   
(0.7 sec) Q: 0, Sets: 14/18  (57.812%) CEs: 0 ETA: 0.5 sec (expected 24 stars)   (0.8 sec) Q: 0, Sets: 18/20  (62.5%) CEs: 0 ETA: 0.5 sec (expected 29 stars)   (0.9 sec) Q: 0, Sets: 20/20  (100.0%) CEs: 0 ETA: 0.0 sec (expected 20 stars)   
Total Stars: 20 (4 exact, 16 approx)
Unfinished Stars: 0
Runtime: 0.9 sec
Completed work frac: 1.0
Num Stars Copied Between Processes: 0
Num Lps During Enumeration: 154
Total Num Lps: 154

Result: network is SAFE

[NNENUM] Result: 
<nnenum.result.Result object at 0x7159140bd3d0>
[NNENUM] Enumeration finished.
safe
[NNENUM] Found counter-example stars: 0
[NNENUM] Filtering result using SMT solver...
[SMT] SMT filtered out 0 stars (out of 0; TO: 0).
[QUERY] Looking for nonlinear input combinations...
[QUERY] Found all non-linear combinations. Count: 1
[QUERY] Returning nonlinear disjunction
[CTRL] Considering conjunction with 42 input constraints and a disjunction of size 6
[APPROX] Checking cache: SNNT.Approx.ApproxCacheObject[]
[APPROX] Constructing Approximation
[APPROX] Resolving approximation
[CTRL] Initiating iterator over current linear queries
[APPROX] # Conjunctions over output: 6
[CTRL] Processing linear query no. 262
[NNENUM] Running nnenum now...
[NNENUM] lb: [0.0062499999999999995, -0.33623147889292704, 5.000000171712609e-6, 0.075, -0.005, -0.005, -0.005, -0.005, -0.005, -0.005, -0.005, -0.005, -0.005]
[NNENUM] ub: [0.5, -0.18296763576522218, 5.000000171712609e-6, 0.5, 0.004999999999999999, 0.004999999999999999, 0.004999999999999999, 0.004999999999999999, 0.004999999999999999, 0.004999999999999999, 0.004999999999999999, 0.004999999999999999, 0.004999999999999999]
[NNENUM] Creating LP Star...
[NNENUM] Checking feasibility
[NNENUM] Generating output Spec...
[NNENUM] Spec list length:  6
[NNENUM] Enumeration in progress... 
(0.1 sec) Q: 0, Sets: 0/1  (0.0%) CEs: 0 ETA: - (expected 1 stars)   
(0.2 sec) Q: 0, Sets: 1/4  (12.5%) CEs: 0 ETA: 1.6 sec (expected 8 stars)   
(0.3 sec) Q: 0, Sets: 5/7  (37.5%) CEs: 0 ETA: 0.6 sec (expected 13 stars)   (0.5 sec) Q: 0, Sets: 9/11  (84.375%) CEs: 0 ETA: 0.1 sec (expected 11 stars)   

Total Stars: 12 (1 exact, 11 approx)
Unfinished Stars: 0
Runtime: 0.5 sec
Completed work frac: 1.0
Num Stars Copied Between Processes: 0
Num Lps During Enumeration: 100
Total Num Lps: 100

Result: network is SAFE

[NNENUM] Result: 
<nnenum.result.Result object at 0x7159136ec6d0>
[NNENUM] Enumeration finished.
safe
[NNENUM] Found counter-example stars: 0
[NNENUM] Filtering result using SMT solver...
[SMT] SMT filtered out 0 stars (out of 0; TO: 0).
[QUERY] Looking for nonlinear input combinations...
[QUERY] Found all non-linear combinations. Count: 1
[QUERY] Returning nonlinear disjunction
[CTRL] Considering conjunction with 42 input constraints and a disjunction of size 6
[APPROX] Checking cache: SNNT.Approx.ApproxCacheObject[]
[APPROX] Constructing Approximation
[APPROX] Resolving approximation
[CTRL] Initiating iterator over current linear queries
[APPROX] # Conjunctions over output: 6
[CTRL] Processing linear query no. 263
[NNENUM] Running nnenum now...
[NNENUM] lb: [0.0062499999999999995, -0.33623147889292704, 5.000000171712609e-6, 0.075, -0.005, -0.005, -0.005, -0.005, -0.005, -0.005, -0.005, -0.005, -0.005]
[NNENUM] ub: [0.5, -0.18296763576522218, 5.000000171712609e-6, 0.5, 0.004999999999999999, 0.004999999999999999, 0.004999999999999999, 0.004999999999999999, 0.004999999999999999, 0.004999999999999999, 0.004999999999999999, 0.004999999999999999, 0.004999999999999999]
[NNENUM] Creating LP Star...
[NNENUM] Checking feasibility
[NNENUM] Generating output Spec...
[NNENUM] Spec list length:  6
[NNENUM] Enumeration in progress... 
(0.1 sec) Q: 0, Sets: 0/1  (0.0%) CEs: 0 ETA: - (expected 1 stars)   
(0.2 sec) Q: 0, Sets: 1/7  (1.562%) CEs: 0 ETA: 15.4 sec (expected 64 stars)   
(0.3 sec) Q: 0, Sets: 4/8  (9.375%) CEs: 0 ETA: 3.4 sec (expected 43 stars)   (0.5 sec) Q: 0, Sets: 6/13  (12.891%) CEs: 0 ETA: 3.2 sec (expected 47 stars)   
(0.6 sec) Q: 0, Sets: 7/13  (13.281%) CEs: 0 ETA: 3.7 sec (expected 53 stars)   (0.7 sec) Q: 0, Sets: 11/15  (20.312%) CEs: 0 ETA: 2.7 sec (expected 54 stars)   (0.8 sec) Q: 0, Sets: 13/15  (25.0%) CEs: 0 ETA: 2.4 sec (expected 52 stars)   (0.9 sec) Q: 0, Sets: 15/23  (25.879%) CEs: 0 ETA: 2.7 sec (expected 58 stars)   
(1.1 sec) Q: 0, Sets: 20/23  (31.25%) CEs: 0 ETA: 2.3 sec (expected 64 stars)   (1.2 sec) Q: 0, Sets: 22/26  (39.062%) CEs: 0 ETA: 1.8 sec (expected 56 stars)   (1.3 sec) Q: 0, Sets: 25/28  (45.312%) CEs: 0 ETA: 1.5 sec (expected 55 stars)   (1.4 sec) Q: 0, Sets: 30/33  (56.25%) CEs: 0 ETA: 1.1 sec (expected 53 stars)   (1.6 sec) Q: 0, Sets: 31/33  (62.5%) CEs: 0 ETA: 0.9 sec (expected 50 stars)   (1.7 sec) Q: 0, Sets: 36/38  (84.375%) CEs: 0 ETA: 0.3 sec (expected 43 stars)   
Total Stars: 38 (4 exact, 34 approx)
Unfinished Stars: 0
Runtime: 1.7 sec
Completed work frac: 1.0
Num Stars Copied Between Processes: 0
Num Lps During Enumeration: 214
Total Num Lps: 214

Result: network is SAFE

[NNENUM] Result: 
<nnenum.result.Result object at 0x715913cee250>
[NNENUM] Enumeration finished.
safe
[NNENUM] Found counter-example stars: 0
[NNENUM] Filtering result using SMT solver...
[SMT] SMT filtered out 0 stars (out of 0; TO: 0).
[QUERY] Looking for nonlinear input combinations...
[QUERY] Found all non-linear combinations. Count: 2
[QUERY] Returning nonlinear disjunction
[CTRL] Considering conjunction with 42 input constraints and a disjunction of size 6
[APPROX] Checking cache: SNNT.Approx.ApproxCacheObject[]
[APPROX] Constructing Approximation
[APPROX] Resolving approximation
[CTRL] Initiating iterator over current linear queries
[APPROX] # Conjunctions over output: 6
[CTRL] Processing linear query no. 264
[NNENUM] Running nnenum now...
[NNENUM] lb: [0.0062499999999999995, -0.33623147889292704, 5.000000171712609e-6, 0.075, -0.005, -0.005, -0.005, -0.005, -0.005, -0.005, -0.005, -0.005, -0.005]
[NNENUM] ub: [0.5, -0.18296763576522218, 5.000000171712609e-6, 0.5, 0.004999999999999999, 0.004999999999999999, 0.004999999999999999, 0.004999999999999999, 0.004999999999999999, 0.004999999999999999, 0.004999999999999999, 0.004999999999999999, 0.004999999999999999]
[NNENUM] Creating LP Star...
[NNENUM] Checking feasibility
[NNENUM] Generating output Spec...
[NNENUM] Spec list length:  6
[NNENUM] Enumeration in progress... 
(0.1 sec) Q: 0, Sets: 0/1  (0.0%) CEs: 0 ETA: - (expected 1 stars)   
(0.2 sec) Q: 0, Sets: 1/6  (6.25%) CEs: 0 ETA: 3.0 sec (expected 16 stars)   

Total Stars: 6 (1 exact, 5 approx)
Unfinished Stars: 0
Runtime: 0.2 sec
Completed work frac: 1.0
Num Stars Copied Between Processes: 0
Num Lps During Enumeration: 121
Total Num Lps: 121

Result: network is SAFE

[NNENUM] Result: 
<nnenum.result.Result object at 0x715913cf8400>
[NNENUM] Enumeration finished.
safe
[NNENUM] Found counter-example stars: 0
[NNENUM] Filtering result using SMT solver...
[SMT] SMT filtered out 0 stars (out of 0; TO: 0).
[QUERY] Looking for nonlinear input combinations...
[QUERY] Found all non-linear combinations. Count: 2
[QUERY] Returning nonlinear disjunction
[CTRL] Considering conjunction with 42 input constraints and a disjunction of size 6
[APPROX] Checking cache: SNNT.Approx.ApproxCacheObject[]
[APPROX] Constructing Approximation
[APPROX] Resolving approximation
[CTRL] Initiating iterator over current linear queries
[APPROX] # Conjunctions over output: 6
[CTRL] Processing linear query no. 265
[NNENUM] Running nnenum now...
[NNENUM] lb: [0.0062499999999999995, -0.33623147889292704, 5.000000171712609e-6, 0.075, -0.005, -0.005, -0.005, -0.005, -0.005, -0.005, -0.005, -0.005, -0.005]
[NNENUM] ub: [0.5, -0.18296763576522218, 5.000000171712609e-6, 0.5, 0.004999999999999999, 0.004999999999999999, 0.004999999999999999, 0.004999999999999999, 0.004999999999999999, 0.004999999999999999, 0.004999999999999999, 0.004999999999999999, 0.004999999999999999]
[NNENUM] Creating LP Star...
[NNENUM] Checking feasibility
[NNENUM] Generating output Spec...
[NNENUM] Spec list length:  6
[NNENUM] Enumeration in progress... 
(0.1 sec) Q: 0, Sets: 0/1  (0.0%) CEs: 0 ETA: - (expected 1 stars)   
(0.2 sec) Q: 0, Sets: 0/2  (0.0%) CEs: 0 ETA: - (expected 1 stars)   

Total Stars: 6 (1 exact, 5 approx)
Unfinished Stars: 0
Runtime: 0.3 sec
Completed work frac: 1.0
Num Stars Copied Between Processes: 0
Num Lps During Enumeration: 114
Total Num Lps: 114

Result: network is SAFE

[NNENUM] Result: 
<nnenum.result.Result object at 0x715913cf10a0>
[NNENUM] Enumeration finished.
safe
[NNENUM] Found counter-example stars: 0
[NNENUM] Filtering result using SMT solver...
[SMT] SMT filtered out 0 stars (out of 0; TO: 0).
[QUERY] Looking for nonlinear input combinations...
[QUERY] Found all non-linear combinations. Count: 4
[QUERY] Returning nonlinear disjunction
[CTRL] Considering conjunction with 42 input constraints and a disjunction of size 6
[APPROX] Checking cache: SNNT.Approx.ApproxCacheObject[]
[APPROX] Constructing Approximation
[APPROX] Resolving approximation
[CTRL] Initiating iterator over current linear queries
[APPROX] # Conjunctions over output: 6
[CTRL] Processing linear query no. 266
[NNENUM] Running nnenum now...
[NNENUM] lb: [0.0062499999999999995, -0.33623147889292704, 5.000000171712609e-6, 0.075, -0.005, -0.005, -0.005, -0.005, -0.005, -0.005, -0.005, -0.005, -0.005]
[NNENUM] ub: [0.5, -0.18296763576522218, 5.000000171712609e-6, 0.5, 0.004999999999999999, 0.004999999999999999, 0.004999999999999999, 0.004999999999999999, 0.004999999999999999, 0.004999999999999999, 0.004999999999999999, 0.004999999999999999, 0.004999999999999999]
[NNENUM] Creating LP Star...
[NNENUM] Checking feasibility
[NNENUM] Generating output Spec...
[NNENUM] Spec list length:  6
[NNENUM] Enumeration in progress... 
(0.1 sec) Q: 0, Sets: 0/1  (0.0%) CEs: 0 ETA: - (expected 1 stars)   
(0.3 sec) Q: 0, Sets: 4/7  (60.938%) CEs: 0 ETA: 0.2 sec (expected 7 stars)   
(0.4 sec) Q: 0, Sets: 11/11  (100.0%) CEs: 0 ETA: 0.0 sec (expected 11 stars)   
Total Stars: 11 (2 exact, 9 approx)
Unfinished Stars: 0
Runtime: 0.4 sec
Completed work frac: 1.0
Num Stars Copied Between Processes: 0
Num Lps During Enumeration: 55
Total Num Lps: 55

Result: network is SAFE

[NNENUM] Result: 
<nnenum.result.Result object at 0x715913cee1c0>
[NNENUM] Enumeration finished.
safe
[NNENUM] Found counter-example stars: 0
[NNENUM] Filtering result using SMT solver...
[SMT] SMT filtered out 0 stars (out of 0; TO: 0).
[QUERY] Looking for nonlinear input combinations...
[QUERY] Found all non-linear combinations. Count: 4
[QUERY] Returning nonlinear disjunction
[CTRL] Considering conjunction with 42 input constraints and a disjunction of size 6
[APPROX] Checking cache: SNNT.Approx.ApproxCacheObject[]
[APPROX] Constructing Approximation
[APPROX] Resolving approximation
[CTRL] Initiating iterator over current linear queries
[APPROX] # Conjunctions over output: 6
[CTRL] Processing linear query no. 267
[NNENUM] Running nnenum now...
[NNENUM] lb: [0.0062499999999999995, -0.33623147889292704, 5.000000171712609e-6, 0.075, -0.005, -0.005, -0.005, -0.005, -0.005, -0.005, -0.005, -0.005, -0.005]
[NNENUM] ub: [0.5, -0.18296763576522218, 5.000000171712609e-6, 0.5, 0.004999999999999999, 0.004999999999999999, 0.004999999999999999, 0.004999999999999999, 0.004999999999999999, 0.004999999999999999, 0.004999999999999999, 0.004999999999999999, 0.004999999999999999]
[NNENUM] Creating LP Star...
[NNENUM] Checking feasibility
[NNENUM] Generating output Spec...
[NNENUM] Spec list length:  6
[NNENUM] Enumeration in progress... 
(0.1 sec) Q: 0, Sets: 0/1  (0.0%) CEs: 0 ETA: - (expected 1 stars)   
(0.2 sec) Q: 0, Sets: 1/3  (25.0%) CEs: 0 ETA: 0.6 sec (expected 4 stars)   
(0.3 sec) Q: 0, Sets: 3/8  (51.562%) CEs: 0 ETA: 0.3 sec (expected 6 stars)   (0.5 sec) Q: 0, Sets: 7/9  (62.5%) CEs: 0 ETA: 0.3 sec (expected 11 stars)   
(0.6 sec) Q: 0, Sets: 8/12  (64.062%) CEs: 0 ETA: 0.4 sec (expected 12 stars)   (0.8 sec) Q: 0, Sets: 11/14  (70.312%) CEs: 0 ETA: 0.3 sec (expected 16 stars)   
Total Stars: 18 (2 exact, 16 approx)
Unfinished Stars: 0
Runtime: 0.8 sec
Completed work frac: 1.0
Num Stars Copied Between Processes: 0
Num Lps During Enumeration: 55
Total Num Lps: 55

Result: network is SAFE

[NNENUM] Result: 
<nnenum.result.Result object at 0x715913cf1190>
[NNENUM] Enumeration finished.
safe
[NNENUM] Found counter-example stars: 0
[NNENUM] Filtering result using SMT solver...
[SMT] SMT filtered out 0 stars (out of 0; TO: 0).
[QUERY] Looking for nonlinear input combinations...
[QUERY] Found all non-linear combinations. Count: 2
[QUERY] Returning nonlinear disjunction
[CTRL] Considering conjunction with 42 input constraints and a disjunction of size 6
[APPROX] Checking cache: SNNT.Approx.ApproxCacheObject[]
[APPROX] Constructing Approximation
[APPROX] Resolving approximation
[CTRL] Initiating iterator over current linear queries
[APPROX] # Conjunctions over output: 6
[CTRL] Processing linear query no. 268
[NNENUM] Running nnenum now...
[NNENUM] lb: [0.0062499999999999995, -0.33623147889292704, 5.000000171712609e-6, 0.075, -0.005, -0.005, -0.005, -0.005, -0.005, -0.005, -0.005, -0.005, -0.005]
[NNENUM] ub: [0.5, -0.18296763576522218, 5.000000171712609e-6, 0.5, 0.004999999999999999, 0.004999999999999999, 0.004999999999999999, 0.004999999999999999, 0.004999999999999999, 0.004999999999999999, 0.004999999999999999, 0.004999999999999999, 0.004999999999999999]
[NNENUM] Creating LP Star...
[NNENUM] Checking feasibility
[NNENUM] Generating output Spec...
[NNENUM] Spec list length:  6
[NNENUM] Enumeration in progress... 
(0.1 sec) Q: 0, Sets: 0/1  (0.0%) CEs: 0 ETA: - (expected 1 stars)   
(0.3 sec) Q: 0, Sets: 3/6  (59.375%) CEs: 0 ETA: 0.2 sec (expected 5 stars)   
(0.4 sec) Q: 0, Sets: 3/6  (59.375%) CEs: 0 ETA: 0.3 sec (expected 5 stars)   (0.5 sec) Q: 0, Sets: 7/10  (78.125%) CEs: 0 ETA: 0.1 sec (expected 9 stars)   
(0.6 sec) Q: 0, Sets: 8/11  (79.688%) CEs: 0 ETA: 0.1 sec (expected 10 stars)   (0.8 sec) Q: 0, Sets: 12/14  (87.5%) CEs: 0 ETA: 0.1 sec (expected 14 stars)   (0.9 sec) Q: 0, Sets: 13/15  (93.75%) CEs: 0 ETA: 0.1 sec (expected 14 stars)   
Total Stars: 15 (1 exact, 14 approx)
Unfinished Stars: 0
Runtime: 1.0 sec
Completed work frac: 1.0
Num Stars Copied Between Processes: 0
Num Lps During Enumeration: 133
Total Num Lps: 133

Result: network is SAFE

[NNENUM] Result: 
<nnenum.result.Result object at 0x7159136db940>
[NNENUM] Enumeration finished.
safe
[NNENUM] Found counter-example stars: 0
[NNENUM] Filtering result using SMT solver...
[SMT] SMT filtered out 0 stars (out of 0; TO: 0).
[QUERY] Looking for nonlinear input combinations...
[QUERY] Found all non-linear combinations. Count: 2
[QUERY] Returning nonlinear disjunction
[CTRL] Considering conjunction with 42 input constraints and a disjunction of size 6
[APPROX] Checking cache: SNNT.Approx.ApproxCacheObject[]
[APPROX] Constructing Approximation
[APPROX] Resolving approximation
[CTRL] Initiating iterator over current linear queries
[APPROX] # Conjunctions over output: 6
[CTRL] Processing linear query no. 269
[NNENUM] Running nnenum now...
[NNENUM] lb: [0.0062499999999999995, -0.33623147889292704, 5.000000171712609e-6, 0.075, -0.005, -0.005, -0.005, -0.005, -0.005, -0.005, -0.005, -0.005, -0.005]
[NNENUM] ub: [0.5, -0.18296763576522218, 5.000000171712609e-6, 0.5, 0.004999999999999999, 0.004999999999999999, 0.004999999999999999, 0.004999999999999999, 0.004999999999999999, 0.004999999999999999, 0.004999999999999999, 0.004999999999999999, 0.004999999999999999]
[NNENUM] Creating LP Star...
[NNENUM] Checking feasibility
[NNENUM] Generating output Spec...
[NNENUM] Spec list length:  6
[NNENUM] Enumeration in progress... 
(0.1 sec) Q: 0, Sets: 0/1  (0.0%) CEs: 0 ETA: - (expected 1 stars)   
(0.3 sec) Q: 0, Sets: 1/6  (3.125%) CEs: 0 ETA: 10.4 sec (expected 32 stars)   
(0.5 sec) Q: 0, Sets: 3/8  (4.688%) CEs: 0 ETA: 9.2 sec (expected 64 stars)   (0.6 sec) Q: 0, Sets: 7/11  (15.625%) CEs: 0 ETA: 3.2 sec (expected 45 stars)   
(0.8 sec) Q: 0, Sets: 9/16  (15.82%) CEs: 0 ETA: 4.1 sec (expected 57 stars)   (0.9 sec) Q: 0, Sets: 10/16  (16.016%) CEs: 0 ETA: 4.6 sec (expected 62 stars)   (1.0 sec) Q: 0, Sets: 15/20  (22.266%) CEs: 0 ETA: 3.4 sec (expected 67 stars)   (1.1 sec) Q: 0, Sets: 19/24  (26.562%) CEs: 0 ETA: 3.0 sec (expected 72 stars)   
(1.2 sec) Q: 0, Sets: 21/29  (27.002%) CEs: 0 ETA: 3.3 sec (expected 78 stars)   (1.3 sec) Q: 0, Sets: 22/29  (27.051%) CEs: 0 ETA: 3.6 sec (expected 81 stars)   (1.5 sec) Q: 0, Sets: 25/29  (28.125%) CEs: 0 ETA: 3.9 sec (expected 89 stars)   (1.6 sec) Q: 0, Sets: 26/30  (31.25%) CEs: 0 ETA: 3.6 sec (expected 83 stars)   (1.8 sec) Q: 0, Sets: 26/32  (31.25%) CEs: 0 ETA: 3.9 sec (expected 83 stars)   (1.9 sec) Q: 0, Sets: 26/34  (31.25%) CEs: 0 ETA: 4.1 sec (expected 83 stars)   (2.0 sec) Q: 0, Sets: 31/35  (34.375%) CEs: 0 ETA: 3.8 sec (expected 90 stars)   (2.1 sec) Q: 0, Sets: 31/36  (34.375%) CEs: 0 ETA: 4.0 sec (expected 90 stars)   
(2.2 sec) Q: 0, Sets: 34/36  (37.5%) CEs: 0 ETA: 3.7 sec (expected 91 stars)   (2.3 sec) Q: 0, Sets: 38/41  (40.625%) CEs: 0 ETA: 3.4 sec (expected 94 stars)   
Total Stars: 46 (2 exact, 44 approx)
Unfinished Stars: 0
Runtime: 2.4 sec
Completed work frac: 1.0
Num Stars Copied Between Processes: 0
Num Lps During Enumeration: 140
Total Num Lps: 140

Result: network is UNSAFE with confirmed counterexample in result.cinput and result.coutput
Output: [0.12148293107748032, 0.11349891871213913, 0.10532322525978088, 0.11159589886665344, 0.11053668707609177, -0.21372070908546448, -0.21401970088481903, -0.21434561908245087, -0.21506166458129883]

[NNENUM] Result: 
<nnenum.result.Result object at 0x715913cf1340>
[NNENUM] Enumeration finished.
unsafe
[NNENUM] Found counter-example stars: 0
[NNENUM] Filtering result using SMT solver...
[SMT] SMT filtered out 0 stars (out of 0; TO: 0).
[QUERY] Looking for nonlinear input combinations...
[QUERY] Found all non-linear combinations. Count: 1
[QUERY] Returning nonlinear disjunction
[CTRL] Considering conjunction with 42 input constraints and a disjunction of size 6
[APPROX] Checking cache: SNNT.Approx.ApproxCacheObject[]
[APPROX] Constructing Approximation
[APPROX] Resolving approximation
[CTRL] Initiating iterator over current linear queries
[APPROX] # Conjunctions over output: 6
[CTRL] Processing linear query no. 270
[NNENUM] Running nnenum now...
[NNENUM] lb: [0.0062499999999999995, -0.33623147889292704, 5.000000171712609e-6, 0.075, -0.005, -0.005, -0.005, -0.005, -0.005, -0.005, -0.005, -0.005, -0.005]
[NNENUM] ub: [0.5, -0.18296763576522218, 5.000000171712609e-6, 0.5, 0.004999999999999999, 0.004999999999999999, 0.004999999999999999, 0.004999999999999999, 0.004999999999999999, 0.004999999999999999, 0.004999999999999999, 0.004999999999999999, 0.004999999999999999]
[NNENUM] Creating LP Star...
[NNENUM] Checking feasibility
[NNENUM] Generating output Spec...
[NNENUM] Spec list length:  6
[NNENUM] Enumeration in progress... 
(0.1 sec) Q: 0, Sets: 0/1  (0.0%) CEs: 0 ETA: - (expected 1 stars)   

Total Stars: 2 (0 exact, 2 approx)
Unfinished Stars: 0
Runtime: 0.2 sec
Completed work frac: 1.0
Num Stars Copied Between Processes: 0
Num Lps During Enumeration: 0
Total Num Lps: 0

Result: network is SAFE

[NNENUM] Result: 
<nnenum.result.Result object at 0x715913ceedf0>
[NNENUM] Enumeration finished.
safe
[NNENUM] Found counter-example stars: 0
[NNENUM] Filtering result using SMT solver...
[SMT] SMT filtered out 0 stars (out of 0; TO: 0).
[QUERY] Looking for nonlinear input combinations...
[QUERY] Found all non-linear combinations. Count: 1
[QUERY] Returning nonlinear disjunction
[CTRL] Considering conjunction with 42 input constraints and a disjunction of size 6
[APPROX] Checking cache: SNNT.Approx.ApproxCacheObject[]
[APPROX] Constructing Approximation
[APPROX] Resolving approximation
[CTRL] Initiating iterator over current linear queries
[APPROX] # Conjunctions over output: 6
[CTRL] Processing linear query no. 271
[NNENUM] Running nnenum now...
[NNENUM] lb: [0.0062499999999999995, -0.33623147889292704, 5.000000171712609e-6, 0.075, -0.005, -0.005, -0.005, -0.005, -0.005, -0.005, -0.005, -0.005, -0.005]
[NNENUM] ub: [0.5, -0.18296763576522218, 5.000000171712609e-6, 0.5, 0.004999999999999999, 0.004999999999999999, 0.004999999999999999, 0.004999999999999999, 0.004999999999999999, 0.004999999999999999, 0.004999999999999999, 0.004999999999999999, 0.004999999999999999]
[NNENUM] Creating LP Star...
[NNENUM] Checking feasibility
[NNENUM] Generating output Spec...
[NNENUM] Spec list length:  6
[NNENUM] Enumeration in progress... 
(0.2 sec) Q: 0, Sets: 0/1  (0.0%) CEs: 0 ETA: - (expected 1 stars)   
(0.3 sec) Q: 0, Sets: 0/2  (0.0%) CEs: 0 ETA: - (expected 1 stars)   

Total Stars: 6 (3 exact, 3 approx)
Unfinished Stars: 0
Runtime: 0.3 sec
Completed work frac: 1.0
Num Stars Copied Between Processes: 0
Num Lps During Enumeration: 207
Total Num Lps: 207

Result: network is SAFE

[NNENUM] Result: 
<nnenum.result.Result object at 0x715913cf8370>
[NNENUM] Enumeration finished.
safe
[NNENUM] Found counter-example stars: 0
[NNENUM] Filtering result using SMT solver...
[SMT] SMT filtered out 0 stars (out of 0; TO: 0).
[QUERY] Looking for nonlinear input combinations...
.[QUERY] Found all non-linear combinations. Count: 1
[QUERY] Returning nonlinear disjunction
[CTRL] Considering conjunction with 42 input constraints and a disjunction of size 6
[APPROX] Checking cache: SNNT.Approx.ApproxCacheObject[]
[APPROX] Constructing Approximation
[APPROX] Resolving approximation
[CTRL] Initiating iterator over current linear queries
[APPROX] # Conjunctions over output: 6
[CTRL] Processing linear query no. 272
[NNENUM] Running nnenum now...
[NNENUM] lb: [0.0062499999999999995, -0.33623147889292704, 5.000000171712609e-6, 0.075, -0.005, -0.005, -0.005, -0.005, -0.005, -0.005, -0.005, -0.005, -0.005]
[NNENUM] ub: [0.5, -0.18296763576522218, 5.000000171712609e-6, 0.5, 0.004999999999999999, 0.004999999999999999, 0.004999999999999999, 0.004999999999999999, 0.004999999999999999, 0.004999999999999999, 0.004999999999999999, 0.004999999999999999, 0.004999999999999999]
[NNENUM] Creating LP Star...
[NNENUM] Checking feasibility
[NNENUM] Generating output Spec...
[NNENUM] Spec list length:  6
[NNENUM] Enumeration in progress... 
(0.2 sec) Q: 0, Sets: 0/1  (0.0%) CEs: 0 ETA: - (expected 1 stars)   
(0.3 sec) Q: 0, Sets: 5/7  (25.0%) CEs: 0 ETA: 0.8 sec (expected 20 stars)   
(0.4 sec) Q: 0, Sets: 6/8  (50.0%) CEs: 0 ETA: 0.4 sec (expected 12 stars)   (0.5 sec) Q: 0, Sets: 12/14  (62.5%) CEs: 0 ETA: 0.3 sec (expected 19 stars)   
(0.6 sec) Q: 0, Sets: 16/18  (75.0%) CEs: 0 ETA: 0.2 sec (expected 21 stars)   (0.7 sec) Q: 0, Sets: 21/23  (90.625%) CEs: 0 ETA: 0.1 sec (expected 23 stars)   (0.9 sec) Q: 0, Sets: 22/24  (93.75%) CEs: 0 ETA: 0.1 sec (expected 23 stars)   (1.0 sec) Q: 0, Sets: 28/30  (99.023%) CEs: 0 ETA: 0.0 sec (expected 28 stars)   

Total Stars: 30 (0 exact, 30 approx)
Unfinished Stars: 0
Runtime: 1.0 sec
Completed work frac: 1.0
Num Stars Copied Between Processes: 0
Num Lps During Enumeration: 0
Total Num Lps: 0

Result: network is SAFE

[NNENUM] Result: 
<nnenum.result.Result object at 0x715913cdbbe0>
[NNENUM] Enumeration finished.
safe
[NNENUM] Found counter-example stars: 0
[NNENUM] Filtering result using SMT solver...
[SMT] SMT filtered out 0 stars (out of 0; TO: 0).
[QUERY] Looking for nonlinear input combinations...
[QUERY] Found all non-linear combinations. Count: 1
[QUERY] Returning nonlinear disjunction
[CTRL] Considering conjunction with 42 input constraints and a disjunction of size 6
[APPROX] Checking cache: SNNT.Approx.ApproxCacheObject[]
[APPROX] Constructing Approximation
[APPROX] Resolving approximation
[CTRL] Initiating iterator over current linear queries
[APPROX] # Conjunctions over output: 6
[CTRL] Processing linear query no. 273
[NNENUM] Running nnenum now...
[NNENUM] lb: [0.0062499999999999995, -0.33623147889292704, 5.000000171712609e-6, 0.075, -0.005, -0.005, -0.005, -0.005, -0.005, -0.005, -0.005, -0.005, -0.005]
[NNENUM] ub: [0.5, -0.18296763576522218, 5.000000171712609e-6, 0.5, 0.004999999999999999, 0.004999999999999999, 0.004999999999999999, 0.004999999999999999, 0.004999999999999999, 0.004999999999999999, 0.004999999999999999, 0.004999999999999999, 0.004999999999999999]
[NNENUM] Creating LP Star...
[NNENUM] Checking feasibility
[NNENUM] Generating output Spec...
[NNENUM] Spec list length:  6
[NNENUM] Enumeration in progress... 
(0.2 sec) Q: 0, Sets: 0/1  (0.0%) CEs: 0 ETA: - (expected 1 stars)   
(0.3 sec) Q: 0, Sets: 3/6  (21.875%) CEs: 0 ETA: 1.2 sec (expected 14 stars)   
(0.4 sec) Q: 0, Sets: 9/12  (56.25%) CEs: 0 ETA: 0.3 sec (expected 16 stars)   (0.6 sec) Q: 0, Sets: 17/21  (87.5%) CEs: 0 ETA: 0.1 sec (expected 19 stars)   
(0.7 sec) Q: 0, Sets: 19/25  (87.793%) CEs: 0 ETA: 0.1 sec (expected 22 stars)   (0.8 sec) Q: 0, Sets: 23/25  (90.625%) CEs: 0 ETA: 0.1 sec (expected 25 stars)   (0.9 sec) Q: 0, Sets: 26/29  (91.406%) CEs: 0 ETA: 0.1 sec (expected 28 stars)   (1.1 sec) Q: 0, Sets: 27/29  (92.188%) CEs: 0 ETA: 0.1 sec (expected 29 stars)   
(1.2 sec) Q: 0, Sets: 30/34  (94.141%) CEs: 0 ETA: 0.1 sec (expected 32 stars)   (1.3 sec) Q: 0, Sets: 33/36  (94.531%) CEs: 0 ETA: 0.1 sec (expected 35 stars)   (1.4 sec) Q: 0, Sets: 35/38  (94.922%) CEs: 0 ETA: 0.1 sec (expected 37 stars)   (1.5 sec) Q: 0, Sets: 40/43  (95.264%) CEs: 0 ETA: 0.1 sec (expected 42 stars)   (1.6 sec) Q: 0, Sets: 40/43  (95.264%) CEs: 0 ETA: 0.1 sec (expected 42 stars)   (1.8 sec) Q: 0, Sets: 45/47  (98.828%) CEs: 0 ETA: 0.0 sec (expected 46 stars)   
Total Stars: 47 (1 exact, 46 approx)
Unfinished Stars: 0
Runtime: 1.9 sec
Completed work frac: 1.0
Num Stars Copied Between Processes: 0
Num Lps During Enumeration: 24
Total Num Lps: 24

Result: network is SAFE

[NNENUM] Result: 
<nnenum.result.Result object at 0x7159136d7910>
[NNENUM] Enumeration finished.
safe
[NNENUM] Found counter-example stars: 0
[NNENUM] Filtering result using SMT solver...
[SMT] SMT filtered out 0 stars (out of 0; TO: 0).
[QUERY] Looking for nonlinear input combinations...
[QUERY] Found all non-linear combinations. Count: 3
[QUERY] Returning nonlinear disjunction
[CTRL] Considering conjunction with 42 input constraints and a disjunction of size 6
[APPROX] Checking cache: SNNT.Approx.ApproxCacheObject[]
[APPROX] Constructing Approximation
[APPROX] Resolving approximation
[CTRL] Initiating iterator over current linear queries
[APPROX] # Conjunctions over output: 6
[CTRL] Processing linear query no. 274
[NNENUM] Running nnenum now...
[NNENUM] lb: [0.0062499999999999995, -0.33623147889292704, 5.000000171712609e-6, 0.075, -0.005, -0.005, -0.005, -0.005, -0.005, -0.005, -0.005, -0.005, -0.005]
[NNENUM] ub: [0.5, -0.18296763576522218, 5.000000171712609e-6, 0.5, 0.004999999999999999, 0.004999999999999999, 0.004999999999999999, 0.004999999999999999, 0.004999999999999999, 0.004999999999999999, 0.004999999999999999, 0.004999999999999999, 0.004999999999999999]
[NNENUM] Creating LP Star...
[NNENUM] Checking feasibility
[NNENUM] Generating output Spec...
[NNENUM] Spec list length:  6
[NNENUM] Enumeration in progress... 
(0.1 sec) Q: 0, Sets: 0/1  (0.0%) CEs: 0 ETA: - (expected 1 stars)   
(0.2 sec) Q: 0, Sets: 4/11  (1.953%) CEs: 0 ETA: 10.5 sec (expected 205 stars)   
(0.3 sec) Q: 0, Sets: 7/11  (6.25%) CEs: 0 ETA: 4.7 sec (expected 112 stars)   (0.4 sec) Q: 0, Sets: 9/15  (8.203%) CEs: 0 ETA: 4.7 sec (expected 110 stars)   
(0.6 sec) Q: 0, Sets: 16/20  (15.625%) CEs: 0 ETA: 3.0 sec (expected 102 stars)   (0.7 sec) Q: 0, Sets: 18/20  (25.0%) CEs: 0 ETA: 2.0 sec (expected 72 stars)   (0.8 sec) Q: 0, Sets: 22/28  (50.0%) CEs: 0 ETA: 0.8 sec (expected 44 stars)   (0.9 sec) Q: 0, Sets: 28/31  (59.375%) CEs: 0 ETA: 0.6 sec (expected 47 stars)   
(1.1 sec) Q: 0, Sets: 30/32  (75.0%) CEs: 0 ETA: 0.4 sec (expected 40 stars)   (1.2 sec) Q: 0, Sets: 33/40  (75.293%) CEs: 0 ETA: 0.4 sec (expected 44 stars)   (1.3 sec) Q: 0, Sets: 34/40  (75.391%) CEs: 0 ETA: 0.4 sec (expected 45 stars)   (1.4 sec) Q: 0, Sets: 39/43  (76.562%) CEs: 0 ETA: 0.4 sec (expected 51 stars)   (1.5 sec) Q: 0, Sets: 40/43  (78.125%) CEs: 0 ETA: 0.4 sec (expected 51 stars)   (1.6 sec) Q: 0, Sets: 41/43  (81.25%) CEs: 0 ETA: 0.4 sec (expected 50 stars)   (1.7 sec) Q: 0, Sets: 46/52  (87.695%) CEs: 0 ETA: 0.2 sec (expected 52 stars)   (1.8 sec) Q: 0, Sets: 50/52  (90.625%) CEs: 0 ETA: 0.2 sec (expected 55 stars)   
(1.9 sec) Q: 0, Sets: 51/57  (90.723%) CEs: 0 ETA: 0.2 sec (expected 56 stars)   (2.0 sec) Q: 0, Sets: 53/58  (90.82%) CEs: 0 ETA: 0.2 sec (expected 58 stars)   (2.2 sec) Q: 0, Sets: 55/58  (91.406%) CEs: 0 ETA: 0.2 sec (expected 60 stars)   (2.3 sec) Q: 0, Sets: 56/58  (92.188%) CEs: 0 ETA: 0.2 sec (expected 61 stars)   (2.5 sec) Q: 0, Sets: 61/63  (92.969%) CEs: 0 ETA: 0.2 sec (expected 66 stars)   (2.6 sec) Q: 0, Sets: 61/64  (92.969%) CEs: 0 ETA: 0.2 sec (expected 66 stars)   (2.7 sec) Q: 0, Sets: 65/67  (93.359%) CEs: 0 ETA: 0.2 sec (expected 70 stars)   (2.8 sec) Q: 0, Sets: 66/68  (93.75%) CEs: 0 ETA: 0.2 sec (expected 70 stars)   (3.0 sec) Q: 0, Sets: 68/74  (93.848%) CEs: 0 ETA: 0.2 sec (expected 72 stars)   (3.1 sec) Q: 0, Sets: 69/74  (93.945%) CEs: 0 ETA: 0.2 sec (expected 73 stars)   (3.2 sec) Q: 0, Sets: 72/76  (94.727%) CEs: 0 ETA: 0.2 sec (expected 76 stars)   (3.4 sec) Q: 0, Sets: 74/77  (95.117%) CEs: 0 ETA: 0.2 sec (expected 78 stars)   (3.5 sec) Q: 0, Sets: 77/84  (95.715%) CEs: 0 ETA: 0.2 sec (expected 80 stars)   (3.6 sec) Q: 0, Sets: 80/84  (95.801%) CEs: 0 ETA: 0.2 sec (expected 84 stars)   (3.7 sec) Q: 0, Sets: 81/84  (95.898%) CEs: 0 ETA: 0.2 sec (expected 84 stars)   (3.9 sec) Q: 0, Sets: 84/89  (96.973%) CEs: 0 ETA: 0.1 sec (expected 87 stars)   
(4.1 sec) Q: 0, Sets: 87/89  (97.656%) CEs: 0 ETA: 0.1 sec (expected 89 stars)   (4.3 sec) Q: 0, Sets: 88/90  (98.438%) CEs: 0 ETA: 0.1 sec (expected 89 stars)   (4.4 sec) Q: 0, Sets: 93/96  (99.658%) CEs: 0 ETA: 0.0 sec (expected 93 stars)   
Total Stars: 96 (0 exact, 96 approx)
Unfinished Stars: 0
Runtime: 4.5 sec
Completed work frac: 1.0
Num Stars Copied Between Processes: 0
Num Lps During Enumeration: 0
Total Num Lps: 0

Result: network is SAFE

[NNENUM] Result: 
<nnenum.result.Result object at 0x715913cf8b20>
[NNENUM] Enumeration finished.
safe
[NNENUM] Found counter-example stars: 0
[NNENUM] Filtering result using SMT solver...
[SMT] SMT filtered out 0 stars (out of 0; TO: 0).
[QUERY] Looking for nonlinear input combinations...
.[QUERY] Found all non-linear combinations. Count: 1
[QUERY] Returning nonlinear disjunction
[CTRL] Considering conjunction with 42 input constraints and a disjunction of size 6
[APPROX] Checking cache: SNNT.Approx.ApproxCacheObject[]
[APPROX] Constructing Approximation
[APPROX] Resolving approximation
[CTRL] Initiating iterator over current linear queries
[APPROX] # Conjunctions over output: 6
[CTRL] Processing linear query no. 275
[NNENUM] Running nnenum now...
[NNENUM] lb: [0.0062499999999999995, -0.33623147889292704, 5.000000171712609e-6, 0.075, -0.005, -0.005, -0.005, -0.005, -0.005, -0.005, -0.005, -0.005, -0.005]
[NNENUM] ub: [0.5, -0.18296763576522218, 5.000000171712609e-6, 0.5, 0.004999999999999999, 0.004999999999999999, 0.004999999999999999, 0.004999999999999999, 0.004999999999999999, 0.004999999999999999, 0.004999999999999999, 0.004999999999999999, 0.004999999999999999]
[NNENUM] Creating LP Star...
[NNENUM] Checking feasibility
[NNENUM] Generating output Spec...
[NNENUM] Spec list length:  6
[NNENUM] Enumeration in progress... 
(0.1 sec) Q: 0, Sets: 0/1  (0.0%) CEs: 0 ETA: - (expected 1 stars)   
(0.2 sec) Q: 0, Sets: 0/6  (0.0%) CEs: 0 ETA: - (expected 1 stars)   
(0.3 sec) Q: 0, Sets: 6/8  (50.0%) CEs: 0 ETA: 0.3 sec (expected 12 stars)   
Total Stars: 10 (0 exact, 10 approx)
Unfinished Stars: 0
Runtime: 0.3 sec
Completed work frac: 1.0
Num Stars Copied Between Processes: 0
Num Lps During Enumeration: 0
Total Num Lps: 0

Result: network is SAFE

[NNENUM] Result: 
<nnenum.result.Result object at 0x7159140bd4f0>
[NNENUM] Enumeration finished.
safe
[NNENUM] Found counter-example stars: 0
[NNENUM] Filtering result using SMT solver...
[SMT] SMT filtered out 0 stars (out of 0; TO: 0).
[QUERY] Looking for nonlinear input combinations...
[QUERY] Found all non-linear combinations. Count: 1
[QUERY] Returning nonlinear disjunction
[CTRL] Considering conjunction with 42 input constraints and a disjunction of size 6
[APPROX] Checking cache: SNNT.Approx.ApproxCacheObject[]
[APPROX] Constructing Approximation
[APPROX] Resolving approximation
[CTRL] Initiating iterator over current linear queries
[APPROX] # Conjunctions over output: 6
[CTRL] Processing linear query no. 276
[NNENUM] Running nnenum now...
[NNENUM] lb: [0.0062499999999999995, -0.33623147889292704, 5.000000171712609e-6, 0.075, -0.005, -0.005, -0.005, -0.005, -0.005, -0.005, -0.005, -0.005, -0.005]
[NNENUM] ub: [0.5, -0.18296763576522218, 5.000000171712609e-6, 0.5, 0.004999999999999999, 0.004999999999999999, 0.004999999999999999, 0.004999999999999999, 0.004999999999999999, 0.004999999999999999, 0.004999999999999999, 0.004999999999999999, 0.004999999999999999]
[NNENUM] Creating LP Star...
[NNENUM] Checking feasibility
[NNENUM] Generating output Spec...
[NNENUM] Spec list length:  6
[NNENUM] Enumeration in progress... 
(0.1 sec) Q: 0, Sets: 0/1  (0.0%) CEs: 0 ETA: - (expected 1 stars)   
(0.2 sec) Q: 0, Sets: 0/2  (0.0%) CEs: 0 ETA: - (expected 1 stars)   
(0.3 sec) Q: 0, Sets: 3/8  (14.062%) CEs: 0 ETA: 2.1 sec (expected 21 stars)   (0.5 sec) Q: 0, Sets: 5/9  (18.75%) CEs: 0 ETA: 2.0 sec (expected 27 stars)   

Total Stars: 12 (0 exact, 12 approx)
Unfinished Stars: 0
Runtime: 0.5 sec
Completed work frac: 1.0
Num Stars Copied Between Processes: 0
Num Lps During Enumeration: 0
Total Num Lps: 0

Result: network is SAFE

[NNENUM] Result: 
<nnenum.result.Result object at 0x715913cdb340>
[NNENUM] Enumeration finished.
safe
[NNENUM] Found counter-example stars: 0
[NNENUM] Filtering result using SMT solver...
[SMT] SMT filtered out 0 stars (out of 0; TO: 0).
[QUERY] Looking for nonlinear input combinations...
[QUERY] Found all non-linear combinations. Count: 2
[QUERY] Returning nonlinear disjunction
[CTRL] Considering conjunction with 42 input constraints and a disjunction of size 6
[APPROX] Checking cache: SNNT.Approx.ApproxCacheObject[]
[APPROX] Constructing Approximation
[APPROX] Resolving approximation
[CTRL] Initiating iterator over current linear queries
[APPROX] # Conjunctions over output: 6
[CTRL] Processing linear query no. 277
[NNENUM] Running nnenum now...
[NNENUM] lb: [0.0062499999999999995, -0.33623147889292704, 5.000000171712609e-6, 0.075, -0.005, -0.005, -0.005, -0.005, -0.005, -0.005, -0.005, -0.005, -0.005]
[NNENUM] ub: [0.5, -0.18296763576522218, 5.000000171712609e-6, 0.5, 0.004999999999999999, 0.004999999999999999, 0.004999999999999999, 0.004999999999999999, 0.004999999999999999, 0.004999999999999999, 0.004999999999999999, 0.004999999999999999, 0.004999999999999999]
[NNENUM] Creating LP Star...
[NNENUM] Checking feasibility
[NNENUM] Generating output Spec...
[NNENUM] Spec list length:  6
[NNENUM] Enumeration in progress... 
(0.1 sec) Q: 0, Sets: 0/1  (0.0%) CEs: 0 ETA: - (expected 1 stars)   
(0.2 sec) Q: 0, Sets: 4/4  (100.0%) CEs: 0 ETA: 0.0 sec (expected 4 stars)   

Total Stars: 4 (0 exact, 4 approx)
Unfinished Stars: 0
Runtime: 0.2 sec
Completed work frac: 1.0
Num Stars Copied Between Processes: 0
Num Lps During Enumeration: 0
Total Num Lps: 0

Result: network is SAFE

[NNENUM] Result: 
<nnenum.result.Result object at 0x715913cf19a0>
[NNENUM] Enumeration finished.
safe
[NNENUM] Found counter-example stars: 0
[NNENUM] Filtering result using SMT solver...
[SMT] SMT filtered out 0 stars (out of 0; TO: 0).
[QUERY] Looking for nonlinear input combinations...
[QUERY] Found all non-linear combinations. Count: 4
[QUERY] Returning nonlinear disjunction
[CTRL] Considering conjunction with 42 input constraints and a disjunction of size 6
[APPROX] Checking cache: SNNT.Approx.ApproxCacheObject[]
[APPROX] Constructing Approximation
[APPROX] Resolving approximation
[CTRL] Initiating iterator over current linear queries
[APPROX] # Conjunctions over output: 6
[CTRL] Processing linear query no. 278
[NNENUM] Running nnenum now...
[NNENUM] lb: [0.0062499999999999995, -0.33623147889292704, 5.000000171712609e-6, 0.075, -0.005, -0.005, -0.005, -0.005, -0.005, -0.005, -0.005, -0.005, -0.005]
[NNENUM] ub: [0.5, -0.18296763576522218, 5.000000171712609e-6, 0.5, 0.004999999999999999, 0.004999999999999999, 0.004999999999999999, 0.004999999999999999, 0.004999999999999999, 0.004999999999999999, 0.004999999999999999, 0.004999999999999999, 0.004999999999999999]
[NNENUM] Creating LP Star...
[NNENUM] Checking feasibility
[NNENUM] Generating output Spec...
[NNENUM] Spec list length:  6
[NNENUM] Enumeration in progress... 
(0.1 sec) Q: 0, Sets: 0/1  (0.0%) CEs: 0 ETA: - (expected 1 stars)   
(0.3 sec) Q: 0, Sets: 1/3  (25.0%) CEs: 0 ETA: 0.9 sec (expected 4 stars)   
(0.4 sec) Q: 0, Sets: 4/6  (81.25%) CEs: 0 ETA: 0.1 sec (expected 5 stars)   
Total Stars: 8 (2 exact, 6 approx)
Unfinished Stars: 0
Runtime: 0.4 sec
Completed work frac: 1.0
Num Stars Copied Between Processes: 0
Num Lps During Enumeration: 71
Total Num Lps: 71

Result: network is SAFE

[NNENUM] Result: 
<nnenum.result.Result object at 0x7159136d3220>
[NNENUM] Enumeration finished.
safe
[NNENUM] Found counter-example stars: 0
[NNENUM] Filtering result using SMT solver...
[SMT] SMT filtered out 0 stars (out of 0; TO: 0).
[CTRL] Saving current state of verification...
 ────────────────────────────────────────────────────────────────────────────────
                                        Time                    Allocations      
                               ───────────────────────   ────────────────────────
       Tot / % measured:             264s /  11.6%           23.4GiB /  14.8%    

 Section               ncalls     time    %tot     avg     alloc    %tot      avg
 ────────────────────────────────────────────────────────────────────────────────
 get_approx_query           1    30.7s  100.0%   30.7s   3.46GiB  100.0%  3.46GiB
   OVERT                    3    18.7s   60.7%   6.22s   2.00GiB   57.8%   683MiB
 query_iteration            0   0.00ns    0.0%    NaNh     0.00B    0.0%        -
   olnnv_query_proc...    276     102s  331.5%   369ms    134MiB    3.8%   497KiB
     nnv                  277     102s  332.9%   369ms    133MiB    3.8%   493KiB
       star_filter        277   7.52ms    0.0%  27.1μs    167KiB    0.0%     616B
     status_backup          1    6.34s   20.6%   6.34s    407MiB   11.5%   407MiB
   next_query             277    80.6s  262.4%   291ms   15.1GiB  438.0%  56.0MiB
     check_infeasib...  1.89k    65.3s  212.5%  34.5ms   11.8GiB  342.4%  6.41MiB
       check_infeas...  1.89k    36.6s  119.1%  19.3ms   4.67GiB  135.2%  2.53MiB
         SMTprep        4.18k    26.0s   84.6%  6.21ms   3.97GiB  114.8%  0.97MiB
         z3_check       2.09k    10.1s   32.9%  4.83ms    668MiB   18.9%   327KiB
         feasibilit...  3.13k    166ms    0.5%  52.9μs   6.32MiB    0.2%  2.06KiB
         feasibilit...  2.01k   12.8ms    0.0%  6.40μs   5.71MiB    0.2%  2.92KiB
       check_infeas...  1.89k    28.7s   93.4%  15.2ms   7.17GiB  207.2%  3.88MiB
         SMTprep        4.39k    14.7s   47.8%  3.34ms   2.20GiB   63.6%   525KiB
         LP_populat...  1.83k    7.58s   24.7%  4.14ms   4.29GiB  124.0%  2.40MiB
         z3_check       2.20k    3.24s   10.6%  1.48ms    168MiB    4.7%  78.2KiB
         LP_check       1.83k    1.08s    3.5%   590μs    120MiB    3.4%  67.4KiB
         LP_create_...  1.83k    1.00s    3.3%   547μs    114MiB    3.2%  63.8KiB
         LP_add_con...  1.83k    602ms    2.0%   329μs    259MiB    7.3%   145KiB
         feasibilit...  3.78k   68.9ms    0.2%  18.2μs   5.70MiB    0.2%  1.54KiB
         feasibilit...  1.83k   8.53ms    0.0%  4.66μs   3.14MiB    0.1%  1.76KiB
     query_construc...  1.42k    6.25s   20.3%  4.39ms    763MiB   21.5%   549KiB
       SMTprep            384    2.92s    9.5%  7.59ms    391MiB   11.0%  1.02MiB
       z3_check           192    1.63s    5.3%  8.46ms    111MiB    3.1%   595KiB
       PicoSAT_solve      469   83.4ms    0.3%   178μs   14.7KiB    0.0%    32.0B
       atom_recovery      192   33.1ms    0.1%   173μs   7.30MiB    0.2%  38.9KiB
         atom_compu...    192   25.9ms    0.1%   135μs   6.76MiB    0.2%  36.1KiB
         bound_comp...    192   6.58ms    0.0%  34.3μs    519KiB    0.0%  2.70KiB
       feasibility_...    192   9.10ms    0.0%  47.4μs    291KiB    0.0%  1.51KiB
       feasibility_...     99    702μs    0.0%  7.09μs    295KiB    0.0%  2.98KiB
     approx_resolution  1.89k    3.45s   11.2%  1.83ms   1.24GiB   36.0%   690KiB
     bound_atoms        1.89k    1.55s    5.1%   821μs    509MiB   14.4%   276KiB
     atom_recovery      1.89k    520ms    1.7%   275μs   78.7MiB    2.2%  42.6KiB
       atom_computa...  1.89k    442ms    1.4%   234μs   73.4MiB    2.1%  39.7KiB
       bound_comput...  1.89k   71.7ms    0.2%  37.9μs   5.04MiB    0.1%  2.73KiB
     PicoSAT_solve      2.17k    376ms    1.2%   173μs   67.8KiB    0.0%    32.0B
     check_infeasib...  3.78k   45.6ms    0.1%  12.1μs   25.6MiB    0.7%  6.93KiB
   olnnv_query_gen        277    8.84s   28.8%  31.9ms    786MiB   22.2%  2.84MiB
   boolean_skeleton         1    3.09s   10.1%   3.09s    303MiB    8.6%   303MiB
   legacy_approx          277    268ms    0.9%   968μs   21.0MiB    0.6%  77.7KiB
   smt_filter_creation    277    292μs    0.0%  1.05μs   8.66KiB    0.0%    32.0B
 ────────────────────────────────────────────────────────────────────────────────[QUERY] Looking for nonlinear input combinations...
..[QUERY] Found all non-linear combinations. Count: 1
[QUERY] Returning nonlinear disjunction
[CTRL] Considering conjunction with 42 input constraints and a disjunction of size 6
[APPROX] Checking cache: SNNT.Approx.ApproxCacheObject[]
[APPROX] Constructing Approximation
[APPROX] Resolving approximation
[CTRL] Initiating iterator over current linear queries
[APPROX] # Conjunctions over output: 6
[CTRL] Processing linear query no. 279
[NNENUM] Running nnenum now...
[NNENUM] lb: [0.0062499999999999995, -0.33623147889292704, 5.000000171712609e-6, 0.075, -0.005, -0.005, -0.005, -0.005, -0.005, -0.005, -0.005, -0.005, -0.005]
[NNENUM] ub: [0.5, -0.18296763576522218, 5.000000171712609e-6, 0.5, 0.004999999999999999, 0.004999999999999999, 0.004999999999999999, 0.004999999999999999, 0.004999999999999999, 0.004999999999999999, 0.004999999999999999, 0.004999999999999999, 0.004999999999999999]
[NNENUM] Creating LP Star...
[NNENUM] Checking feasibility
[NNENUM] Generating output Spec...
[NNENUM] Spec list length:  6
[NNENUM] Enumeration in progress... 
(0.0 sec) Q: 0, Sets: 0/1  (0.0%) CEs: 0 ETA: - (expected 1 stars)   

Total Stars: 4 (3 exact, 1 approx)
Unfinished Stars: 0
Runtime: 0.1 sec
Completed work frac: 1.0
Num Stars Copied Between Processes: 0
Num Lps During Enumeration: 151
Total Num Lps: 151

Result: network is SAFE

[NNENUM] Result: 
<nnenum.result.Result object at 0x7159140bdca0>
[NNENUM] Enumeration finished.
safe
[NNENUM] Found counter-example stars: 0
[NNENUM] Filtering result using SMT solver...
[SMT] SMT filtered out 0 stars (out of 0; TO: 0).
[QUERY] Looking for nonlinear input combinations...
[QUERY] Found all non-linear combinations. Count: 1
[QUERY] Returning nonlinear disjunction
[CTRL] Considering conjunction with 42 input constraints and a disjunction of size 6
[APPROX] Checking cache: SNNT.Approx.ApproxCacheObject[]
[APPROX] Constructing Approximation
[APPROX] Resolving approximation
[CTRL] Initiating iterator over current linear queries
[APPROX] # Conjunctions over output: 6
[CTRL] Processing linear query no. 280
[NNENUM] Running nnenum now...
[NNENUM] lb: [0.0062499999999999995, -0.33623147889292704, 5.000000171712609e-6, 0.075, -0.005, -0.005, -0.005, -0.005, -0.005, -0.005, -0.005, -0.005, -0.005]
[NNENUM] ub: [0.5, -0.18296763576522218, 5.000000171712609e-6, 0.5, 0.004999999999999999, 0.004999999999999999, 0.004999999999999999, 0.004999999999999999, 0.004999999999999999, 0.004999999999999999, 0.004999999999999999, 0.004999999999999999, 0.004999999999999999]
[NNENUM] Creating LP Star...
[NNENUM] Checking feasibility
[NNENUM] Generating output Spec...
[NNENUM] Spec list length:  6
[NNENUM] Enumeration in progress... 
(0.2 sec) Q: 0, Sets: 0/1  (0.0%) CEs: 0 ETA: - (expected 1 stars)   
(0.3 sec) Q: 0, Sets: 0/2  (0.0%) CEs: 0 ETA: - (expected 1 stars)   

Total Stars: 7 (0 exact, 7 approx)
Unfinished Stars: 0
Runtime: 0.4 sec
Completed work frac: 1.0
Num Stars Copied Between Processes: 0
Num Lps During Enumeration: 0
Total Num Lps: 0

Result: network is SAFE

[NNENUM] Result: 
<nnenum.result.Result object at 0x715913cff940>
[NNENUM] Enumeration finished.
safe
[NNENUM] Found counter-example stars: 0
[NNENUM] Filtering result using SMT solver...
[SMT] SMT filtered out 0 stars (out of 0; TO: 0).
[QUERY] Looking for nonlinear input combinations...
[QUERY] Found all non-linear combinations. Count: 1
[QUERY] Returning nonlinear disjunction
[CTRL] Considering conjunction with 42 input constraints and a disjunction of size 5
[APPROX] Checking cache: SNNT.Approx.ApproxCacheObject[]
[APPROX] Constructing Approximation
[APPROX] Resolving approximation
[CTRL] Initiating iterator over current linear queries
[APPROX] # Conjunctions over output: 5
[CTRL] Processing linear query no. 281
[NNENUM] Running nnenum now...
[NNENUM] lb: [0.0062499999999999995, -0.33623147889292704, 5.000000171712609e-6, 0.075, -0.005, -0.005, -0.005, -0.005, -0.005, -0.005, -0.005, -0.005, -0.005]
[NNENUM] ub: [0.5, -0.18296763576522218, 5.000000171712609e-6, 0.5, 0.004999999999999999, 0.004999999999999999, 0.004999999999999999, 0.004999999999999999, 0.004999999999999999, 0.004999999999999999, 0.004999999999999999, 0.004999999999999999, 0.004999999999999999]
[NNENUM] Creating LP Star...
[NNENUM] Checking feasibility
[NNENUM] Generating output Spec...
[NNENUM] Spec list length:  5
[NNENUM] Enumeration in progress... 
(0.1 sec) Q: 0, Sets: 0/1  (0.0%) CEs: 0 ETA: - (expected 1 stars)   
(0.2 sec) Q: 0, Sets: 4/6  (43.75%) CEs: 0 ETA: 0.3 sec (expected 9 stars)   

Total Stars: 7 (0 exact, 7 approx)
Unfinished Stars: 0
Runtime: 0.2 sec
Completed work frac: 1.0
Num Stars Copied Between Processes: 0
Num Lps During Enumeration: 0
Total Num Lps: 0

Result: network is SAFE

[NNENUM] Result: 
<nnenum.result.Result object at 0x715913cdbc40>
[NNENUM] Enumeration finished.
safe
[NNENUM] Found counter-example stars: 0
[NNENUM] Filtering result using SMT solver...
[SMT] SMT filtered out 0 stars (out of 0; TO: 0).
[QUERY] Looking for nonlinear input combinations...
[QUERY] Found all non-linear combinations. Count: 1
[QUERY] Returning nonlinear disjunction
[CTRL] Considering conjunction with 42 input constraints and a disjunction of size 6
[APPROX] Checking cache: SNNT.Approx.ApproxCacheObject[]
[APPROX] Constructing Approximation
[APPROX] Resolving approximation
[CTRL] Initiating iterator over current linear queries
[APPROX] # Conjunctions over output: 6
[CTRL] Processing linear query no. 282
[NNENUM] Running nnenum now...
[NNENUM] lb: [0.0062499999999999995, -0.33623147889292704, 5.000000171712609e-6, 0.075, -0.005, -0.005, -0.005, -0.005, -0.005, -0.005, -0.005, -0.005, -0.005]
[NNENUM] ub: [0.5, -0.18296763576522218, 5.000000171712609e-6, 0.5, 0.004999999999999999, 0.004999999999999999, 0.004999999999999999, 0.004999999999999999, 0.004999999999999999, 0.004999999999999999, 0.004999999999999999, 0.004999999999999999, 0.004999999999999999]
[NNENUM] Creating LP Star...
[NNENUM] Checking feasibility
[NNENUM] Generating output Spec...
[NNENUM] Spec list length:  6
[NNENUM] Enumeration in progress... 
(0.1 sec) Q: 0, Sets: 0/1  (0.0%) CEs: 0 ETA: - (expected 1 stars)   
(0.2 sec) Q: 0, Sets: 0/2  (0.0%) CEs: 0 ETA: - (expected 1 stars)   
(0.3 sec) Q: 0, Sets: 3/6  (21.875%) CEs: 0 ETA: 1.2 sec (expected 14 stars)   
Total Stars: 8 (5 exact, 3 approx)
Unfinished Stars: 0
Runtime: 0.3 sec
Completed work frac: 1.0
Num Stars Copied Between Processes: 0
Num Lps During Enumeration: 213
Total Num Lps: 213

Result: network is SAFE

[NNENUM] Result: 
<nnenum.result.Result object at 0x7159136e09a0>
[NNENUM] Enumeration finished.
safe
[NNENUM] Found counter-example stars: 0
[NNENUM] Filtering result using SMT solver...
[SMT] SMT filtered out 0 stars (out of 0; TO: 0).
[QUERY] Looking for nonlinear input combinations...
[QUERY] Found all non-linear combinations. Count: 1
[QUERY] Returning nonlinear disjunction
[CTRL] Considering conjunction with 42 input constraints and a disjunction of size 6
[APPROX] Checking cache: SNNT.Approx.ApproxCacheObject[]
[APPROX] Constructing Approximation
[APPROX] Resolving approximation
[CTRL] Initiating iterator over current linear queries
[APPROX] # Conjunctions over output: 6
[CTRL] Processing linear query no. 283
[NNENUM] Running nnenum now...
[NNENUM] lb: [0.0062499999999999995, -0.33623147889292704, 5.000000171712609e-6, 0.075, -0.005, -0.005, -0.005, -0.005, -0.005, -0.005, -0.005, -0.005, -0.005]
[NNENUM] ub: [0.5, -0.18296763576522218, 5.000000171712609e-6, 0.5, 0.004999999999999999, 0.004999999999999999, 0.004999999999999999, 0.004999999999999999, 0.004999999999999999, 0.004999999999999999, 0.004999999999999999, 0.004999999999999999, 0.004999999999999999]
[NNENUM] Creating LP Star...
[NNENUM] Checking feasibility
[NNENUM] Generating output Spec...
[NNENUM] Spec list length:  6
[NNENUM] Enumeration in progress... 
(0.1 sec) Q: 0, Sets: 0/1  (0.0%) CEs: 0 ETA: - (expected 1 stars)   
(0.2 sec) Q: 0, Sets: 1/3  (25.0%) CEs: 0 ETA: 0.6 sec (expected 4 stars)   

Total Stars: 7 (0 exact, 7 approx)
Unfinished Stars: 0
Runtime: 0.3 sec
Completed work frac: 1.0
Num Stars Copied Between Processes: 0
Num Lps During Enumeration: 0
Total Num Lps: 0

Result: network is SAFE

[NNENUM] Result: 
<nnenum.result.Result object at 0x7159136e0bb0>
[NNENUM] Enumeration finished.
safe
[NNENUM] Found counter-example stars: 0
[NNENUM] Filtering result using SMT solver...
[SMT] SMT filtered out 0 stars (out of 0; TO: 0).
[QUERY] Looking for nonlinear input combinations...
[QUERY] Found all non-linear combinations. Count: 1
[QUERY] Returning nonlinear disjunction
[CTRL] Considering conjunction with 42 input constraints and a disjunction of size 6
[APPROX] Checking cache: SNNT.Approx.ApproxCacheObject[]
[APPROX] Constructing Approximation
[APPROX] Resolving approximation
[CTRL] Initiating iterator over current linear queries
[APPROX] # Conjunctions over output: 6
[CTRL] Processing linear query no. 284
[NNENUM] Running nnenum now...
[NNENUM] lb: [0.0062499999999999995, -0.33623147889292704, 5.000000171712609e-6, 0.075, -0.005, -0.005, -0.005, -0.005, -0.005, -0.005, -0.005, -0.005, -0.005]
[NNENUM] ub: [0.5, -0.18296763576522218, 5.000000171712609e-6, 0.5, 0.004999999999999999, 0.004999999999999999, 0.004999999999999999, 0.004999999999999999, 0.004999999999999999, 0.004999999999999999, 0.004999999999999999, 0.004999999999999999, 0.004999999999999999]
[NNENUM] Creating LP Star...
[NNENUM] Checking feasibility
[NNENUM] Generating output Spec...
[NNENUM] Spec list length:  6
[NNENUM] Enumeration in progress... 
(0.0 sec) Q: 0, Sets: 0/1  (0.0%) CEs: 0 ETA: - (expected 1 stars)   
(0.2 sec) Q: 0, Sets: 0/2  (0.0%) CEs: 0 ETA: - (expected 1 stars)   

Total Stars: 2 (1 exact, 1 approx)
Unfinished Stars: 0
Runtime: 0.3 sec
Completed work frac: 1.0
Num Stars Copied Between Processes: 0
Num Lps During Enumeration: 103
Total Num Lps: 103

Result: network is SAFE

[NNENUM] Result: 
<nnenum.result.Result object at 0x7159136e0e20>
[NNENUM] Enumeration finished.
safe
[NNENUM] Found counter-example stars: 0
[NNENUM] Filtering result using SMT solver...
[SMT] SMT filtered out 0 stars (out of 0; TO: 0).
[QUERY] Looking for nonlinear input combinations...
.[QUERY] Found all non-linear combinations. Count: 1
[QUERY] Returning nonlinear disjunction
[CTRL] Considering conjunction with 42 input constraints and a disjunction of size 6
[APPROX] Checking cache: SNNT.Approx.ApproxCacheObject[]
[APPROX] Constructing Approximation
[APPROX] Resolving approximation
[CTRL] Initiating iterator over current linear queries
[APPROX] # Conjunctions over output: 6
[CTRL] Processing linear query no. 285
[NNENUM] Running nnenum now...
[NNENUM] lb: [0.0062499999999999995, -0.33623147889292704, 5.000000171712609e-6, 0.075, -0.005, -0.005, -0.005, -0.005, -0.005, -0.005, -0.005, -0.005, -0.005]
[NNENUM] ub: [0.5, -0.18296763576522218, 5.000000171712609e-6, 0.5, 0.004999999999999999, 0.004999999999999999, 0.004999999999999999, 0.004999999999999999, 0.004999999999999999, 0.004999999999999999, 0.004999999999999999, 0.004999999999999999, 0.004999999999999999]
[NNENUM] Creating LP Star...
[NNENUM] Checking feasibility
[NNENUM] Generating output Spec...
[NNENUM] Spec list length:  6
[NNENUM] Enumeration in progress... 
(0.1 sec) Q: 0, Sets: 0/1  (0.0%) CEs: 0 ETA: - (expected 1 stars)   
(0.3 sec) Q: 0, Sets: 1/7  (1.562%) CEs: 0 ETA: 16.2 sec (expected 64 stars)   
(0.4 sec) Q: 0, Sets: 6/9  (21.875%) CEs: 0 ETA: 1.5 sec (expected 27 stars)   (0.6 sec) Q: 0, Sets: 8/10  (37.5%) CEs: 0 ETA: 0.9 sec (expected 21 stars)   
(0.7 sec) Q: 0, Sets: 9/11  (43.75%) CEs: 0 ETA: 0.9 sec (expected 21 stars)   (0.8 sec) Q: 0, Sets: 12/14  (75.0%) CEs: 0 ETA: 0.3 sec (expected 16 stars)   
Total Stars: 18 (0 exact, 18 approx)
Unfinished Stars: 0
Runtime: 0.9 sec
Completed work frac: 1.0
Num Stars Copied Between Processes: 0
Num Lps During Enumeration: 0
Total Num Lps: 0

Result: network is SAFE

[NNENUM] Result: 
<nnenum.result.Result object at 0x715913cdbe80>
[NNENUM] Enumeration finished.
safe
[NNENUM] Found counter-example stars: 0
[NNENUM] Filtering result using SMT solver...
[SMT] SMT filtered out 0 stars (out of 0; TO: 0).
[QUERY] Looking for nonlinear input combinations...
.[QUERY] Found all non-linear combinations. Count: 1
[QUERY] Returning nonlinear disjunction
[CTRL] Considering conjunction with 42 input constraints and a disjunction of size 6
[APPROX] Checking cache: SNNT.Approx.ApproxCacheObject[]
[APPROX] Constructing Approximation
[APPROX] Resolving approximation
[CTRL] Initiating iterator over current linear queries
[APPROX] # Conjunctions over output: 6
[CTRL] Processing linear query no. 286
[NNENUM] Running nnenum now...
[NNENUM] lb: [0.0062499999999999995, -0.33623147889292704, 5.000000171712609e-6, 0.075, -0.005, -0.005, -0.005, -0.005, -0.005, -0.005, -0.005, -0.005, -0.005]
[NNENUM] ub: [0.5, -0.18296763576522218, 5.000000171712609e-6, 0.5, 0.004999999999999999, 0.004999999999999999, 0.004999999999999999, 0.004999999999999999, 0.004999999999999999, 0.004999999999999999, 0.004999999999999999, 0.004999999999999999, 0.004999999999999999]
[NNENUM] Creating LP Star...
[NNENUM] Checking feasibility
[NNENUM] Generating output Spec...
[NNENUM] Spec list length:  6
[NNENUM] Enumeration in progress... 
(0.2 sec) Q: 0, Sets: 0/1  (0.0%) CEs: 0 ETA: - (expected 1 stars)   

Total Stars: 5 (2 exact, 3 approx)
Unfinished Stars: 0
Runtime: 0.2 sec
Completed work frac: 1.0
Num Stars Copied Between Processes: 0
Num Lps During Enumeration: 99
Total Num Lps: 99

Result: network is SAFE

[NNENUM] Result: 
<nnenum.result.Result object at 0x7159136e1190>
[NNENUM] Enumeration finished.
safe
[NNENUM] Found counter-example stars: 0
[NNENUM] Filtering result using SMT solver...
[SMT] SMT filtered out 0 stars (out of 0; TO: 0).
[QUERY] Looking for nonlinear input combinations...
.[QUERY] Found all non-linear combinations. Count: 2
[QUERY] Returning nonlinear disjunction
[CTRL] Considering conjunction with 42 input constraints and a disjunction of size 6
[APPROX] Checking cache: SNNT.Approx.ApproxCacheObject[]
[APPROX] Constructing Approximation
[APPROX] Resolving approximation
[CTRL] Initiating iterator over current linear queries
[APPROX] # Conjunctions over output: 6
[CTRL] Processing linear query no. 287
[NNENUM] Running nnenum now...
[NNENUM] lb: [0.0062499999999999995, -0.33623147889292704, 5.000000171712609e-6, 0.075, -0.005, -0.005, -0.005, -0.005, -0.005, -0.005, -0.005, -0.005, -0.005]
[NNENUM] ub: [0.5, -0.18296763576522218, 5.000000171712609e-6, 0.5, 0.004999999999999999, 0.004999999999999999, 0.004999999999999999, 0.004999999999999999, 0.004999999999999999, 0.004999999999999999, 0.004999999999999999, 0.004999999999999999, 0.004999999999999999]
[NNENUM] Creating LP Star...
[NNENUM] Checking feasibility
[NNENUM] Generating output Spec...
[NNENUM] Spec list length:  6
[NNENUM] Enumeration in progress... 
(0.1 sec) Q: 0, Sets: 0/1  (0.0%) CEs: 0 ETA: - (expected 1 stars)   
(0.3 sec) Q: 0, Sets: 0/2  (0.0%) CEs: 0 ETA: - (expected 1 stars)   

Total Stars: 8 (1 exact, 7 approx)
Unfinished Stars: 0
Runtime: 0.4 sec
Completed work frac: 1.0
Num Stars Copied Between Processes: 0
Num Lps During Enumeration: 70
Total Num Lps: 70

Result: network is SAFE

[NNENUM] Result: 
<nnenum.result.Result object at 0x7159136e1940>
[NNENUM] Enumeration finished.
safe
[NNENUM] Found counter-example stars: 0
[NNENUM] Filtering result using SMT solver...
[SMT] SMT filtered out 0 stars (out of 0; TO: 0).
[QUERY] Looking for nonlinear input combinations...
[QUERY] Found all non-linear combinations. Count: 1
[QUERY] Returning nonlinear disjunction
[CTRL] Considering conjunction with 42 input constraints and a disjunction of size 6
[APPROX] Checking cache: SNNT.Approx.ApproxCacheObject[]
[APPROX] Constructing Approximation
[APPROX] Resolving approximation
[CTRL] Initiating iterator over current linear queries
[APPROX] # Conjunctions over output: 6
[CTRL] Processing linear query no. 288
[NNENUM] Running nnenum now...
[NNENUM] lb: [0.0062499999999999995, -0.33623147889292704, 5.000000171712609e-6, 0.075, -0.005, -0.005, -0.005, -0.005, -0.005, -0.005, -0.005, -0.005, -0.005]
[NNENUM] ub: [0.5, -0.18296763576522218, 5.000000171712609e-6, 0.5, 0.004999999999999999, 0.004999999999999999, 0.004999999999999999, 0.004999999999999999, 0.004999999999999999, 0.004999999999999999, 0.004999999999999999, 0.004999999999999999, 0.004999999999999999]
[NNENUM] Creating LP Star...
[NNENUM] Checking feasibility
[NNENUM] Generating output Spec...
[NNENUM] Spec list length:  6
[NNENUM] Enumeration in progress... 
(0.0 sec) Q: 0, Sets: 0/1  (0.0%) CEs: 0 ETA: - (expected 1 stars)   

Total Stars: 2 (2 exact, 0 approx)
Unfinished Stars: 0
Runtime: 0.1 sec
Completed work frac: 1.0
Num Stars Copied Between Processes: 0
Num Lps During Enumeration: 127
Total Num Lps: 127

Result: network is SAFE

[NNENUM] Result: 
<nnenum.result.Result object at 0x7159136e0730>
[NNENUM] Enumeration finished.
safe
[NNENUM] Found counter-example stars: 0
[NNENUM] Filtering result using SMT solver...
[SMT] SMT filtered out 0 stars (out of 0; TO: 0).
[QUERY] Looking for nonlinear input combinations...
[QUERY] Found all non-linear combinations. Count: 1
[QUERY] Returning nonlinear disjunction
[CTRL] Considering conjunction with 42 input constraints and a disjunction of size 5
[APPROX] Checking cache: SNNT.Approx.ApproxCacheObject[]
[APPROX] Constructing Approximation
[APPROX] Resolving approximation
[CTRL] Initiating iterator over current linear queries
[APPROX] # Conjunctions over output: 5
[CTRL] Processing linear query no. 289
[NNENUM] Running nnenum now...
[NNENUM] lb: [0.0062499999999999995, -0.33623147889292704, 5.000000171712609e-6, 0.075, -0.005, -0.005, -0.005, -0.005, -0.005, -0.005, -0.005, -0.005, -0.005]
[NNENUM] ub: [0.5, -0.18296763576522218, 5.000000171712609e-6, 0.5, 0.004999999999999999, 0.004999999999999999, 0.004999999999999999, 0.004999999999999999, 0.004999999999999999, 0.004999999999999999, 0.004999999999999999, 0.004999999999999999, 0.004999999999999999]
[NNENUM] Creating LP Star...
[NNENUM] Checking feasibility
[NNENUM] Generating output Spec...
[NNENUM] Spec list length:  5
[NNENUM] Enumeration in progress... 
(0.1 sec) Q: 0, Sets: 0/1  (0.0%) CEs: 0 ETA: - (expected 1 stars)   
(0.3 sec) Q: 0, Sets: 0/2  (0.0%) CEs: 0 ETA: - (expected 1 stars)   

Total Stars: 2 (1 exact, 1 approx)
Unfinished Stars: 0
Runtime: 0.3 sec
Completed work frac: 1.0
Num Stars Copied Between Processes: 0
Num Lps During Enumeration: 103
Total Num Lps: 103

Result: network is SAFE

[NNENUM] Result: 
<nnenum.result.Result object at 0x7159136d52e0>
[NNENUM] Enumeration finished.
safe
[NNENUM] Found counter-example stars: 0
[NNENUM] Filtering result using SMT solver...
[SMT] SMT filtered out 0 stars (out of 0; TO: 0).
[QUERY] Looking for nonlinear input combinations...
[QUERY] Found all non-linear combinations. Count: 2
[QUERY] Returning nonlinear disjunction
[CTRL] Considering conjunction with 42 input constraints and a disjunction of size 5
[APPROX] Checking cache: SNNT.Approx.ApproxCacheObject[]
[APPROX] Constructing Approximation
[APPROX] Resolving approximation
[CTRL] Initiating iterator over current linear queries
[APPROX] # Conjunctions over output: 5
[CTRL] Processing linear query no. 290
[NNENUM] Running nnenum now...
[NNENUM] lb: [0.0062499999999999995, -0.33623147889292704, 5.000000171712609e-6, 0.075, -0.005, -0.005, -0.005, -0.005, -0.005, -0.005, -0.005, -0.005, -0.005]
[NNENUM] ub: [0.5, -0.18296763576522218, 5.000000171712609e-6, 0.5, 0.004999999999999999, 0.004999999999999999, 0.004999999999999999, 0.004999999999999999, 0.004999999999999999, 0.004999999999999999, 0.004999999999999999, 0.004999999999999999, 0.004999999999999999]
[NNENUM] Creating LP Star...
[NNENUM] Checking feasibility
[NNENUM] Generating output Spec...
[NNENUM] Spec list length:  5
[NNENUM] Enumeration in progress... 
(0.1 sec) Q: 0, Sets: 0/1  (0.0%) CEs: 0 ETA: - (expected 1 stars)   
(0.2 sec) Q: 0, Sets: 1/3  (50.0%) CEs: 0 ETA: 0.2 sec (expected 2 stars)   

Total Stars: 5 (2 exact, 3 approx)
Unfinished Stars: 0
Runtime: 0.3 sec
Completed work frac: 1.0
Num Stars Copied Between Processes: 0
Num Lps During Enumeration: 99
Total Num Lps: 99

Result: network is SAFE

[NNENUM] Result: 
<nnenum.result.Result object at 0x7159140bdf10>
[NNENUM] Enumeration finished.
safe
[NNENUM] Found counter-example stars: 0
[NNENUM] Filtering result using SMT solver...
[SMT] SMT filtered out 0 stars (out of 0; TO: 0).
[QUERY] Looking for nonlinear input combinations...
[QUERY] Found all non-linear combinations. Count: 1
[QUERY] Returning nonlinear disjunction
[CTRL] Considering conjunction with 42 input constraints and a disjunction of size 5
[APPROX] Checking cache: SNNT.Approx.ApproxCacheObject[]
[APPROX] Constructing Approximation
[APPROX] Resolving approximation
[CTRL] Initiating iterator over current linear queries
[APPROX] # Conjunctions over output: 5
[CTRL] Processing linear query no. 291
[NNENUM] Running nnenum now...
[NNENUM] lb: [0.0062499999999999995, -0.33623147889292704, 5.000000171712609e-6, 0.075, -0.005, -0.005, -0.005, -0.005, -0.005, -0.005, -0.005, -0.005, -0.005]
[NNENUM] ub: [0.5, -0.18296763576522218, 5.000000171712609e-6, 0.5, 0.004999999999999999, 0.004999999999999999, 0.004999999999999999, 0.004999999999999999, 0.004999999999999999, 0.004999999999999999, 0.004999999999999999, 0.004999999999999999, 0.004999999999999999]
[NNENUM] Creating LP Star...
[NNENUM] Checking feasibility
[NNENUM] Generating output Spec...
[NNENUM] Spec list length:  5
[NNENUM] Enumeration in progress... 
(0.1 sec) Q: 0, Sets: 0/1  (0.0%) CEs: 0 ETA: - (expected 1 stars)   
(0.2 sec) Q: 0, Sets: 0/2  (0.0%) CEs: 0 ETA: - (expected 1 stars)   
(0.4 sec) Q: 0, Sets: 3/5  (25.0%) CEs: 0 ETA: 1.2 sec (expected 12 stars)   (0.5 sec) Q: 0, Sets: 4/7  (31.25%) CEs: 0 ETA: 1.2 sec (expected 13 stars)   
(0.6 sec) Q: 0, Sets: 7/9  (50.0%) CEs: 0 ETA: 0.6 sec (expected 14 stars)   
Total Stars: 10 (2 exact, 8 approx)
Unfinished Stars: 0
Runtime: 0.6 sec
Completed work frac: 1.0
Num Stars Copied Between Processes: 0
Num Lps During Enumeration: 118
Total Num Lps: 118

Result: network is SAFE

[NNENUM] Result: 
<nnenum.result.Result object at 0x715913ce14c0>
[NNENUM] Enumeration finished.
safe
[NNENUM] Found counter-example stars: 0
[NNENUM] Filtering result using SMT solver...
[SMT] SMT filtered out 0 stars (out of 0; TO: 0).
[QUERY] Looking for nonlinear input combinations...
[QUERY] Found all non-linear combinations. Count: 2
[QUERY] Returning nonlinear disjunction
[CTRL] Considering conjunction with 42 input constraints and a disjunction of size 5
[APPROX] Checking cache: SNNT.Approx.ApproxCacheObject[]
[APPROX] Constructing Approximation
[APPROX] Resolving approximation
[CTRL] Initiating iterator over current linear queries
[APPROX] # Conjunctions over output: 5
[CTRL] Processing linear query no. 292
[NNENUM] Running nnenum now...
[NNENUM] lb: [0.0062499999999999995, -0.33623147889292704, 5.000000171712609e-6, 0.075, -0.005, -0.005, -0.005, -0.005, -0.005, -0.005, -0.005, -0.005, -0.005]
[NNENUM] ub: [0.5, -0.18296763576522218, 5.000000171712609e-6, 0.5, 0.004999999999999999, 0.004999999999999999, 0.004999999999999999, 0.004999999999999999, 0.004999999999999999, 0.004999999999999999, 0.004999999999999999, 0.004999999999999999, 0.004999999999999999]
[NNENUM] Creating LP Star...
[NNENUM] Checking feasibility
[NNENUM] Generating output Spec...
[NNENUM] Spec list length:  5
[NNENUM] Enumeration in progress... 
(0.1 sec) Q: 0, Sets: 0/1  (0.0%) CEs: 0 ETA: - (expected 1 stars)   
(0.2 sec) Q: 0, Sets: 1/6  (3.125%) CEs: 0 ETA: 6.2 sec (expected 32 stars)   
(0.3 sec) Q: 0, Sets: 4/6  (25.0%) CEs: 0 ETA: 0.9 sec (expected 16 stars)   (0.4 sec) Q: 0, Sets: 5/8  (31.25%) CEs: 0 ETA: 0.9 sec (expected 16 stars)   
(0.5 sec) Q: 0, Sets: 7/10  (40.625%) CEs: 0 ETA: 0.8 sec (expected 17 stars)   (0.6 sec) Q: 0, Sets: 10/12  (75.0%) CEs: 0 ETA: 0.2 sec (expected 13 stars)   
Total Stars: 13 (1 exact, 12 approx)
Unfinished Stars: 0
Runtime: 0.7 sec
Completed work frac: 1.0
Num Stars Copied Between Processes: 0
Num Lps During Enumeration: 90
Total Num Lps: 90

Result: network is SAFE

[NNENUM] Result: 
<nnenum.result.Result object at 0x7159136e1b50>
[NNENUM] Enumeration finished.
safe
[NNENUM] Found counter-example stars: 0
[NNENUM] Filtering result using SMT solver...
[SMT] SMT filtered out 0 stars (out of 0; TO: 0).
[QUERY] Looking for nonlinear input combinations...
[QUERY] Found all non-linear combinations. Count: 1
[QUERY] Returning nonlinear disjunction
[CTRL] Considering conjunction with 42 input constraints and a disjunction of size 5
[APPROX] Checking cache: SNNT.Approx.ApproxCacheObject[]
[APPROX] Constructing Approximation
[APPROX] Resolving approximation
[CTRL] Initiating iterator over current linear queries
[APPROX] # Conjunctions over output: 5
[CTRL] Processing linear query no. 293
[NNENUM] Running nnenum now...
[NNENUM] lb: [0.0062499999999999995, -0.18296763576522218, 5.000000171712609e-6, 0.075, -0.005, -0.005, -0.005, -0.005, -0.005, -0.005, -0.005, -0.005, -0.005]
[NNENUM] ub: [0.5, -0.125, 5.000000171712609e-6, 0.5, 0.004999999999999999, 0.004999999999999999, 0.004999999999999999, 0.004999999999999999, 0.004999999999999999, 0.004999999999999999, 0.004999999999999999, 0.004999999999999999, 0.004999999999999999]
[NNENUM] Creating LP Star...
[NNENUM] Checking feasibility
[NNENUM] Generating output Spec...
[NNENUM] Spec list length:  5
[NNENUM] Enumeration in progress... 
(0.1 sec) Q: 0, Sets: 0/1  (0.0%) CEs: 0 ETA: - (expected 1 stars)   

Total Stars: 5 (1 exact, 4 approx)
Unfinished Stars: 0
Runtime: 0.2 sec
Completed work frac: 1.0
Num Stars Copied Between Processes: 0
Num Lps During Enumeration: 61
Total Num Lps: 61

Result: network is SAFE

[NNENUM] Result: 
<nnenum.result.Result object at 0x715913cf8d60>
[NNENUM] Enumeration finished.
safe
[NNENUM] Found counter-example stars: 0
[NNENUM] Filtering result using SMT solver...
[SMT] SMT filtered out 0 stars (out of 0; TO: 0).
[QUERY] Looking for nonlinear input combinations...
[QUERY] Found all non-linear combinations. Count: 1
[QUERY] Returning nonlinear disjunction
[CTRL] Considering conjunction with 42 input constraints and a disjunction of size 5
[APPROX] Checking cache: SNNT.Approx.ApproxCacheObject[]
[APPROX] Constructing Approximation
[APPROX] Resolving approximation
[CTRL] Initiating iterator over current linear queries
[APPROX] # Conjunctions over output: 5
[CTRL] Processing linear query no. 294
[NNENUM] Running nnenum now...
[NNENUM] lb: [0.0062499999999999995, -0.18296763576522218, 5.000000171712609e-6, 0.075, -0.005, -0.005, -0.005, -0.005, -0.005, -0.005, -0.005, -0.005, -0.005]
[NNENUM] ub: [0.5, -0.125, 5.000000171712609e-6, 0.5, 0.004999999999999999, 0.004999999999999999, 0.004999999999999999, 0.004999999999999999, 0.004999999999999999, 0.004999999999999999, 0.004999999999999999, 0.004999999999999999, 0.004999999999999999]
[NNENUM] Creating LP Star...
[NNENUM] Checking feasibility
[NNENUM] Generating output Spec...
[NNENUM] Spec list length:  5
[NNENUM] Enumeration in progress... 
(0.1 sec) Q: 0, Sets: 0/1  (0.0%) CEs: 0 ETA: - (expected 1 stars)   
(0.2 sec) Q: 0, Sets: 0/2  (0.0%) CEs: 0 ETA: - (expected 1 stars)   
(0.3 sec) Q: 0, Sets: 4/7  (18.75%) CEs: 0 ETA: 1.4 sec (expected 21 stars)   (0.4 sec) Q: 0, Sets: 8/10  (68.75%) CEs: 0 ETA: 0.2 sec (expected 12 stars)   

Total Stars: 10 (1 exact, 9 approx)
Unfinished Stars: 0
Runtime: 0.5 sec
Completed work frac: 1.0
Num Stars Copied Between Processes: 0
Num Lps During Enumeration: 7
Total Num Lps: 7

Result: network is SAFE

[NNENUM] Result: 
<nnenum.result.Result object at 0x7159140bd0a0>
[NNENUM] Enumeration finished.
safe
[NNENUM] Found counter-example stars: 0
[NNENUM] Filtering result using SMT solver...
[SMT] SMT filtered out 0 stars (out of 0; TO: 0).
[QUERY] Looking for nonlinear input combinations...
[QUERY] Found all non-linear combinations. Count: 1
[QUERY] Returning nonlinear disjunction
[CTRL] Considering conjunction with 42 input constraints and a disjunction of size 5
[APPROX] Checking cache: SNNT.Approx.ApproxCacheObject[]
[APPROX] Constructing Approximation
[APPROX] Resolving approximation
[CTRL] Initiating iterator over current linear queries
[APPROX] # Conjunctions over output: 5
[CTRL] Processing linear query no. 295
[NNENUM] Running nnenum now...
[NNENUM] lb: [0.0062499999999999995, -0.18296763576522218, 5.000000171712609e-6, 0.075, -0.005, -0.005, -0.005, -0.005, -0.005, -0.005, -0.005, -0.005, -0.005]
[NNENUM] ub: [0.5, -0.125, 5.000000171712609e-6, 0.5, 0.004999999999999999, 0.004999999999999999, 0.004999999999999999, 0.004999999999999999, 0.004999999999999999, 0.004999999999999999, 0.004999999999999999, 0.004999999999999999, 0.004999999999999999]
[NNENUM] Creating LP Star...
[NNENUM] Checking feasibility
[NNENUM] Generating output Spec...
[NNENUM] Spec list length:  5
[NNENUM] Enumeration in progress... 
(0.1 sec) Q: 0, Sets: 0/1  (0.0%) CEs: 0 ETA: - (expected 1 stars)   
(0.2 sec) Q: 0, Sets: 2/6  (15.625%) CEs: 0 ETA: 1.1 sec (expected 13 stars)   

Total Stars: 10 (1 exact, 9 approx)
Unfinished Stars: 0
Runtime: 0.3 sec
Completed work frac: 1.0
Num Stars Copied Between Processes: 0
Num Lps During Enumeration: 77
Total Num Lps: 77

Result: network is SAFE

[NNENUM] Result: 
<nnenum.result.Result object at 0x7159136e14c0>
[NNENUM] Enumeration finished.
safe
[NNENUM] Found counter-example stars: 0
[NNENUM] Filtering result using SMT solver...
[SMT] SMT filtered out 0 stars (out of 0; TO: 0).
[QUERY] Looking for nonlinear input combinations...
[QUERY] Found all non-linear combinations. Count: 2
[QUERY] Returning nonlinear disjunction
[CTRL] Considering conjunction with 42 input constraints and a disjunction of size 5
[APPROX] Checking cache: SNNT.Approx.ApproxCacheObject[]
[APPROX] Constructing Approximation
[APPROX] Resolving approximation
[CTRL] Initiating iterator over current linear queries
[APPROX] # Conjunctions over output: 5
[CTRL] Processing linear query no. 296
[NNENUM] Running nnenum now...
[NNENUM] lb: [0.0062499999999999995, -0.18296763576522218, 5.000000171712609e-6, 0.075, -0.005, -0.005, -0.005, -0.005, -0.005, -0.005, -0.005, -0.005, -0.005]
[NNENUM] ub: [0.5, -0.125, 5.000000171712609e-6, 0.5, 0.004999999999999999, 0.004999999999999999, 0.004999999999999999, 0.004999999999999999, 0.004999999999999999, 0.004999999999999999, 0.004999999999999999, 0.004999999999999999, 0.004999999999999999]
[NNENUM] Creating LP Star...
[NNENUM] Checking feasibility
[NNENUM] Generating output Spec...
[NNENUM] Spec list length:  5
[NNENUM] Enumeration in progress... 
(0.1 sec) Q: 0, Sets: 0/1  (0.0%) CEs: 0 ETA: - (expected 1 stars)   
(0.3 sec) Q: 0, Sets: 4/6  (37.5%) CEs: 0 ETA: 0.5 sec (expected 11 stars)   

Total Stars: 9 (1 exact, 8 approx)
Unfinished Stars: 0
Runtime: 0.3 sec
Completed work frac: 1.0
Num Stars Copied Between Processes: 0
Num Lps During Enumeration: 49
Total Num Lps: 49

Result: network is SAFE

[NNENUM] Result: 
<nnenum.result.Result object at 0x715913cf83d0>
[NNENUM] Enumeration finished.
safe
[NNENUM] Found counter-example stars: 0
[NNENUM] Filtering result using SMT solver...
[SMT] SMT filtered out 0 stars (out of 0; TO: 0).
[QUERY] Looking for nonlinear input combinations...
[QUERY] Found all non-linear combinations. Count: 2
[QUERY] Returning nonlinear disjunction
[CTRL] Considering conjunction with 42 input constraints and a disjunction of size 5
[APPROX] Checking cache: SNNT.Approx.ApproxCacheObject[]
[APPROX] Constructing Approximation
[APPROX] Resolving approximation
[CTRL] Initiating iterator over current linear queries
[APPROX] # Conjunctions over output: 5
[CTRL] Processing linear query no. 297
[NNENUM] Running nnenum now...
[NNENUM] lb: [0.0062499999999999995, -0.18296763576522218, 5.000000171712609e-6, 0.075, -0.005, -0.005, -0.005, -0.005, -0.005, -0.005, -0.005, -0.005, -0.005]
[NNENUM] ub: [0.5, -0.125, 5.000000171712609e-6, 0.5, 0.004999999999999999, 0.004999999999999999, 0.004999999999999999, 0.004999999999999999, 0.004999999999999999, 0.004999999999999999, 0.004999999999999999, 0.004999999999999999, 0.004999999999999999]
[NNENUM] Creating LP Star...
[NNENUM] Checking feasibility
[NNENUM] Generating output Spec...
[NNENUM] Spec list length:  5
[NNENUM] Enumeration in progress... 
(0.1 sec) Q: 0, Sets: 0/1  (0.0%) CEs: 0 ETA: - (expected 1 stars)   
(0.2 sec) Q: 0, Sets: 0/2  (0.0%) CEs: 0 ETA: - (expected 1 stars)   
(0.4 sec) Q: 0, Sets: 3/6  (56.25%) CEs: 0 ETA: 0.3 sec (expected 5 stars)   (0.5 sec) Q: 0, Sets: 5/7  (75.0%) CEs: 0 ETA: 0.2 sec (expected 7 stars)   

Total Stars: 7 (0 exact, 7 approx)
Unfinished Stars: 0
Runtime: 0.5 sec
Completed work frac: 1.0
Num Stars Copied Between Processes: 0
Num Lps During Enumeration: 0
Total Num Lps: 0

Result: network is SAFE

[NNENUM] Result: 
<nnenum.result.Result object at 0x715913cf14f0>
[NNENUM] Enumeration finished.
safe
[NNENUM] Found counter-example stars: 0
[NNENUM] Filtering result using SMT solver...
[SMT] SMT filtered out 0 stars (out of 0; TO: 0).
[QUERY] Looking for nonlinear input combinations...
.[QUERY] Found all non-linear combinations. Count: 1
[QUERY] Returning nonlinear disjunction
[CTRL] Considering conjunction with 42 input constraints and a disjunction of size 5
[APPROX] Checking cache: SNNT.Approx.ApproxCacheObject[]
[APPROX] Constructing Approximation
[APPROX] Resolving approximation
[CTRL] Initiating iterator over current linear queries
[APPROX] # Conjunctions over output: 5
[CTRL] Processing linear query no. 298
[NNENUM] Running nnenum now...
[NNENUM] lb: [0.0062499999999999995, -0.18296763576522218, 5.000000171712609e-6, 0.075, -0.005, -0.005, -0.005, -0.005, -0.005, -0.005, -0.005, -0.005, -0.005]
[NNENUM] ub: [0.5, -0.125, 5.000000171712609e-6, 0.5, 0.004999999999999999, 0.004999999999999999, 0.004999999999999999, 0.004999999999999999, 0.004999999999999999, 0.004999999999999999, 0.004999999999999999, 0.004999999999999999, 0.004999999999999999]
[NNENUM] Creating LP Star...
[NNENUM] Checking feasibility
[NNENUM] Generating output Spec...
[NNENUM] Spec list length:  5
[NNENUM] Enumeration in progress... 
(0.2 sec) Q: 0, Sets: 0/1  (0.0%) CEs: 0 ETA: - (expected 1 stars)   
(0.3 sec) Q: 0, Sets: 5/8  (85.156%) CEs: 0 ETA: 0.1 sec (expected 6 stars)   

Total Stars: 8 (0 exact, 8 approx)
Unfinished Stars: 0
Runtime: 0.3 sec
Completed work frac: 1.0
Num Stars Copied Between Processes: 0
Num Lps During Enumeration: 0
Total Num Lps: 0

Result: network is SAFE

[NNENUM] Result: 
<nnenum.result.Result object at 0x715913cdb850>
[NNENUM] Enumeration finished.
safe
[NNENUM] Found counter-example stars: 0
[NNENUM] Filtering result using SMT solver...
[SMT] SMT filtered out 0 stars (out of 0; TO: 0).
[QUERY] Looking for nonlinear input combinations...
[QUERY] Found all non-linear combinations. Count: 1
[QUERY] Returning nonlinear disjunction
[CTRL] Considering conjunction with 42 input constraints and a disjunction of size 5
[APPROX] Checking cache: SNNT.Approx.ApproxCacheObject[]
[APPROX] Constructing Approximation
[APPROX] Resolving approximation
[CTRL] Initiating iterator over current linear queries
[APPROX] # Conjunctions over output: 5
[CTRL] Processing linear query no. 299
[NNENUM] Running nnenum now...
[NNENUM] lb: [0.0062499999999999995, -0.18296763576522218, 5.000000171712609e-6, 0.075, -0.005, -0.005, -0.005, -0.005, -0.005, -0.005, -0.005, -0.005, -0.005]
[NNENUM] ub: [0.5, -0.125, 5.000000171712609e-6, 0.5, 0.004999999999999999, 0.004999999999999999, 0.004999999999999999, 0.004999999999999999, 0.004999999999999999, 0.004999999999999999, 0.004999999999999999, 0.004999999999999999, 0.004999999999999999]
[NNENUM] Creating LP Star...
[NNENUM] Checking feasibility
[NNENUM] Generating output Spec...
[NNENUM] Spec list length:  5
[NNENUM] Enumeration in progress... 
(0.1 sec) Q: 0, Sets: 0/1  (0.0%) CEs: 0 ETA: - (expected 1 stars)   
(0.2 sec) Q: 0, Sets: 0/2  (0.0%) CEs: 0 ETA: - (expected 1 stars)   

Total Stars: 6 (0 exact, 6 approx)
Unfinished Stars: 0
Runtime: 0.3 sec
Completed work frac: 1.0
Num Stars Copied Between Processes: 0
Num Lps During Enumeration: 0
Total Num Lps: 0

Result: network is SAFE

[NNENUM] Result: 
<nnenum.result.Result object at 0x7159136c2eb0>
[NNENUM] Enumeration finished.
safe
[NNENUM] Found counter-example stars: 0
[NNENUM] Filtering result using SMT solver...
[SMT] SMT filtered out 0 stars (out of 0; TO: 0).
[QUERY] Looking for nonlinear input combinations...
[QUERY] Found all non-linear combinations. Count: 2
[QUERY] Returning nonlinear disjunction
[CTRL] Considering conjunction with 42 input constraints and a disjunction of size 5
[APPROX] Checking cache: SNNT.Approx.ApproxCacheObject[]
[APPROX] Constructing Approximation
[APPROX] Resolving approximation
[CTRL] Initiating iterator over current linear queries
[APPROX] # Conjunctions over output: 5
[CTRL] Processing linear query no. 300
[NNENUM] Running nnenum now...
[NNENUM] lb: [0.0062499999999999995, -0.4999999701976776, 5.000000171712609e-6, 0.075, -0.005, -0.005, -0.005, -0.005, -0.005, -0.005, -0.005, -0.005, -0.005]
[NNENUM] ub: [0.5, -0.33623147889292704, 5.000000171712609e-6, 0.5, 0.004999999999999999, 0.004999999999999999, 0.004999999999999999, 0.004999999999999999, 0.004999999999999999, 0.004999999999999999, 0.004999999999999999, 0.004999999999999999, 0.004999999999999999]
[NNENUM] Creating LP Star...
[NNENUM] Checking feasibility
[NNENUM] Generating output Spec...
[NNENUM] Spec list length:  5
[NNENUM] Enumeration in progress... 
(0.1 sec) Q: 0, Sets: 0/1  (0.0%) CEs: 0 ETA: - (expected 1 stars)   

Total Stars: 2 (1 exact, 1 approx)
Unfinished Stars: 0
Runtime: 0.1 sec
Completed work frac: 1.0
Num Stars Copied Between Processes: 0
Num Lps During Enumeration: 95
Total Num Lps: 95

Result: network is SAFE

[NNENUM] Result: 
<nnenum.result.Result object at 0x715913cf8310>
[NNENUM] Enumeration finished.
safe
[NNENUM] Found counter-example stars: 0
[NNENUM] Filtering result using SMT solver...
[SMT] SMT filtered out 0 stars (out of 0; TO: 0).
[QUERY] Looking for nonlinear input combinations...
[QUERY] Found all non-linear combinations. Count: 1
[QUERY] Returning nonlinear disjunction
[CTRL] Considering conjunction with 42 input constraints and a disjunction of size 5
[APPROX] Checking cache: SNNT.Approx.ApproxCacheObject[]
[APPROX] Constructing Approximation
[APPROX] Resolving approximation
[CTRL] Initiating iterator over current linear queries
[APPROX] # Conjunctions over output: 5
[CTRL] Processing linear query no. 301
[NNENUM] Running nnenum now...
[NNENUM] lb: [0.0062499999999999995, -0.4999999701976776, 5.000000171712609e-6, 0.075, -0.005, -0.005, -0.005, -0.005, -0.005, -0.005, -0.005, -0.005, -0.005]
[NNENUM] ub: [0.5, -0.33623147889292704, 5.000000171712609e-6, 0.5, 0.004999999999999999, 0.004999999999999999, 0.004999999999999999, 0.004999999999999999, 0.004999999999999999, 0.004999999999999999, 0.004999999999999999, 0.004999999999999999, 0.004999999999999999]
[NNENUM] Creating LP Star...
[NNENUM] Checking feasibility
[NNENUM] Generating output Spec...
[NNENUM] Spec list length:  5
[NNENUM] Enumeration in progress... 
(0.1 sec) Q: 0, Sets: 0/1  (0.0%) CEs: 0 ETA: - (expected 1 stars)   
(0.2 sec) Q: 0, Sets: 0/2  (0.0%) CEs: 0 ETA: - (expected 1 stars)   

Total Stars: 4 (2 exact, 2 approx)
Unfinished Stars: 0
Runtime: 0.3 sec
Completed work frac: 1.0
Num Stars Copied Between Processes: 0
Num Lps During Enumeration: 73
Total Num Lps: 73

Result: network is SAFE

[NNENUM] Result: 
<nnenum.result.Result object at 0x715913cf8be0>
[NNENUM] Enumeration finished.
safe
[NNENUM] Found counter-example stars: 0
[NNENUM] Filtering result using SMT solver...
[SMT] SMT filtered out 0 stars (out of 0; TO: 0).
[QUERY] Looking for nonlinear input combinations...
[QUERY] Found all non-linear combinations. Count: 1
[QUERY] Returning nonlinear disjunction
[CTRL] Considering conjunction with 42 input constraints and a disjunction of size 5
[APPROX] Checking cache: SNNT.Approx.ApproxCacheObject[]
[APPROX] Constructing Approximation
[APPROX] Resolving approximation
[CTRL] Initiating iterator over current linear queries
[APPROX] # Conjunctions over output: 5
[CTRL] Processing linear query no. 302
[NNENUM] Running nnenum now...
[NNENUM] lb: [0.0062499999999999995, -0.33623147889292704, 5.000000171712609e-6, 0.075, -0.005, -0.005, -0.005, -0.005, -0.005, -0.005, -0.005, -0.005, -0.005]
[NNENUM] ub: [0.5, -0.18296763576522218, 5.000000171712609e-6, 0.5, 0.004999999999999999, 0.004999999999999999, 0.004999999999999999, 0.004999999999999999, 0.004999999999999999, 0.004999999999999999, 0.004999999999999999, 0.004999999999999999, 0.004999999999999999]
[NNENUM] Creating LP Star...
[NNENUM] Checking feasibility
[NNENUM] Generating output Spec...
[NNENUM] Spec list length:  5
[NNENUM] Enumeration in progress... 
(0.0 sec) Q: 0, Sets: 0/1  (0.0%) CEs: 0 ETA: - (expected 1 stars)   

Total Stars: 2 (2 exact, 0 approx)
Unfinished Stars: 0
Runtime: 0.1 sec
Completed work frac: 1.0
Num Stars Copied Between Processes: 0
Num Lps During Enumeration: 136
Total Num Lps: 136

Result: network is SAFE

[NNENUM] Result: 
<nnenum.result.Result object at 0x715913cdbbb0>
[NNENUM] Enumeration finished.
safe
[NNENUM] Found counter-example stars: 0
[NNENUM] Filtering result using SMT solver...
[SMT] SMT filtered out 0 stars (out of 0; TO: 0).
[QUERY] Looking for nonlinear input combinations...
[QUERY] Found all non-linear combinations. Count: 4
[QUERY] Returning nonlinear disjunction
[CTRL] Considering conjunction with 42 input constraints and a disjunction of size 6
[APPROX] Checking cache: SNNT.Approx.ApproxCacheObject[]
[APPROX] Constructing Approximation
[APPROX] Resolving approximation
[CTRL] Initiating iterator over current linear queries
[APPROX] # Conjunctions over output: 6
[CTRL] Processing linear query no. 303
[NNENUM] Running nnenum now...
[NNENUM] lb: [0.0062499999999999995, -0.33623147889292704, 5.000000171712609e-6, 0.075, -0.005, -0.005, -0.005, -0.005, -0.005, -0.005, -0.005, -0.005, -0.005]
[NNENUM] ub: [0.5, -0.18296763576522218, 5.000000171712609e-6, 0.5, 0.004999999999999999, 0.004999999999999999, 0.004999999999999999, 0.004999999999999999, 0.004999999999999999, 0.004999999999999999, 0.004999999999999999, 0.004999999999999999, 0.004999999999999999]
[NNENUM] Creating LP Star...
[NNENUM] Checking feasibility
[NNENUM] Generating output Spec...
[NNENUM] Spec list length:  6
[NNENUM] Enumeration in progress... 
(0.1 sec) Q: 0, Sets: 0/1  (0.0%) CEs: 0 ETA: - (expected 1 stars)   
(0.2 sec) Q: 0, Sets: 0/2  (0.0%) CEs: 0 ETA: - (expected 1 stars)   
(0.4 sec) Q: 0, Sets: 5/7  (84.375%) CEs: 0 ETA: 0.1 sec (expected 6 stars)   
Total Stars: 7 (3 exact, 4 approx)
Unfinished Stars: 0
Runtime: 0.4 sec
Completed work frac: 1.0
Num Stars Copied Between Processes: 0
Num Lps During Enumeration: 109
Total Num Lps: 109

Result: network is SAFE

[NNENUM] Result: 
<nnenum.result.Result object at 0x7159136f0880>
[NNENUM] Enumeration finished.
safe
[NNENUM] Found counter-example stars: 0
[NNENUM] Filtering result using SMT solver...
[SMT] SMT filtered out 0 stars (out of 0; TO: 0).
[QUERY] Looking for nonlinear input combinations...
[QUERY] Found all non-linear combinations. Count: 1
[QUERY] Returning nonlinear disjunction
[CTRL] Considering conjunction with 42 input constraints and a disjunction of size 6
[APPROX] Checking cache: SNNT.Approx.ApproxCacheObject[]
[APPROX] Constructing Approximation
[APPROX] Resolving approximation
[CTRL] Initiating iterator over current linear queries
[APPROX] # Conjunctions over output: 6
[CTRL] Processing linear query no. 304
[NNENUM] Running nnenum now...
[NNENUM] lb: [0.0062499999999999995, -0.33623147889292704, 5.000000171712609e-6, 0.075, -0.005, -0.005, -0.005, -0.005, -0.005, -0.005, -0.005, -0.005, -0.005]
[NNENUM] ub: [0.5, -0.18296763576522218, 5.000000171712609e-6, 0.5, 0.004999999999999999, 0.004999999999999999, 0.004999999999999999, 0.004999999999999999, 0.004999999999999999, 0.004999999999999999, 0.004999999999999999, 0.004999999999999999, 0.004999999999999999]
[NNENUM] Creating LP Star...
[NNENUM] Checking feasibility
[NNENUM] Generating output Spec...
[NNENUM] Spec list length:  6
[NNENUM] Enumeration in progress... 
(0.0 sec) Q: 0, Sets: 0/1  (0.0%) CEs: 0 ETA: - (expected 1 stars)   

Total Stars: 3 (2 exact, 1 approx)
Unfinished Stars: 0
Runtime: 0.1 sec
Completed work frac: 1.0
Num Stars Copied Between Processes: 0
Num Lps During Enumeration: 67
Total Num Lps: 67

Result: network is SAFE

[NNENUM] Result: 
<nnenum.result.Result object at 0x7159136ea6d0>
[NNENUM] Enumeration finished.
safe
[NNENUM] Found counter-example stars: 0
[NNENUM] Filtering result using SMT solver...
[SMT] SMT filtered out 0 stars (out of 0; TO: 0).
[QUERY] Looking for nonlinear input combinations...
[QUERY] Found all non-linear combinations. Count: 2
[QUERY] Returning nonlinear disjunction
[CTRL] Considering conjunction with 42 input constraints and a disjunction of size 6
[APPROX] Checking cache: SNNT.Approx.ApproxCacheObject[]
[APPROX] Constructing Approximation
[APPROX] Resolving approximation
[CTRL] Initiating iterator over current linear queries
[APPROX] # Conjunctions over output: 6
[CTRL] Processing linear query no. 305
[NNENUM] Running nnenum now...
[NNENUM] lb: [0.0062499999999999995, -0.33623147889292704, 5.000000171712609e-6, 0.075, -0.005, -0.005, -0.005, -0.005, -0.005, -0.005, -0.005, -0.005, -0.005]
[NNENUM] ub: [0.5, -0.18296763576522218, 5.000000171712609e-6, 0.5, 0.004999999999999999, 0.004999999999999999, 0.004999999999999999, 0.004999999999999999, 0.004999999999999999, 0.004999999999999999, 0.004999999999999999, 0.004999999999999999, 0.004999999999999999]
[NNENUM] Creating LP Star...
[NNENUM] Checking feasibility
[NNENUM] Generating output Spec...
[NNENUM] Spec list length:  6
[NNENUM] Enumeration in progress... 
(0.1 sec) Q: 0, Sets: 0/1  (0.0%) CEs: 0 ETA: - (expected 1 stars)   
(0.2 sec) Q: 0, Sets: 0/2  (0.0%) CEs: 0 ETA: - (expected 1 stars)   
(0.3 sec) Q: 0, Sets: 6/9  (56.25%) CEs: 0 ETA: 0.3 sec (expected 11 stars)   
Total Stars: 9 (2 exact, 7 approx)
Unfinished Stars: 0
Runtime: 0.4 sec
Completed work frac: 1.0
Num Stars Copied Between Processes: 0
Num Lps During Enumeration: 159
Total Num Lps: 159

Result: network is SAFE

[NNENUM] Result: 
<nnenum.result.Result object at 0x7159136f0100>
[NNENUM] Enumeration finished.
safe
[NNENUM] Found counter-example stars: 0
[NNENUM] Filtering result using SMT solver...
[SMT] SMT filtered out 0 stars (out of 0; TO: 0).
[QUERY] Looking for nonlinear input combinations...
[QUERY] Found all non-linear combinations. Count: 1
[QUERY] Returning nonlinear disjunction
[CTRL] Considering conjunction with 42 input constraints and a disjunction of size 6
[APPROX] Checking cache: SNNT.Approx.ApproxCacheObject[]
[APPROX] Constructing Approximation
[APPROX] Resolving approximation
[CTRL] Initiating iterator over current linear queries
[APPROX] # Conjunctions over output: 6
[CTRL] Processing linear query no. 306
[NNENUM] Running nnenum now...
[NNENUM] lb: [0.0062499999999999995, -0.33623147889292704, 5.000000171712609e-6, 0.075, -0.005, -0.005, -0.005, -0.005, -0.005, -0.005, -0.005, -0.005, -0.005]
[NNENUM] ub: [0.5, -0.18296763576522218, 5.000000171712609e-6, 0.5, 0.004999999999999999, 0.004999999999999999, 0.004999999999999999, 0.004999999999999999, 0.004999999999999999, 0.004999999999999999, 0.004999999999999999, 0.004999999999999999, 0.004999999999999999]
[NNENUM] Creating LP Star...
[NNENUM] Checking feasibility
[NNENUM] Generating output Spec...
[NNENUM] Spec list length:  6
[NNENUM] Enumeration in progress... 
(0.0 sec) Q: 0, Sets: 0/1  (0.0%) CEs: 0 ETA: - (expected 1 stars)   

Total Stars: 3 (2 exact, 1 approx)
Unfinished Stars: 0
Runtime: 0.1 sec
Completed work frac: 1.0
Num Stars Copied Between Processes: 0
Num Lps During Enumeration: 68
Total Num Lps: 68

Result: network is SAFE

[NNENUM] Result: 
<nnenum.result.Result object at 0x7159136cdf10>
[NNENUM] Enumeration finished.
safe
[NNENUM] Found counter-example stars: 0
[NNENUM] Filtering result using SMT solver...
[SMT] SMT filtered out 0 stars (out of 0; TO: 0).
[QUERY] Looking for nonlinear input combinations...
..[QUERY] Found all non-linear combinations. Count: 2
[QUERY] Returning nonlinear disjunction
[CTRL] Considering conjunction with 42 input constraints and a disjunction of size 6
[APPROX] Checking cache: SNNT.Approx.ApproxCacheObject[]
[APPROX] Constructing Approximation
[APPROX] Resolving approximation
[CTRL] Initiating iterator over current linear queries
[APPROX] # Conjunctions over output: 6
[CTRL] Processing linear query no. 307
[NNENUM] Running nnenum now...
[NNENUM] lb: [0.0062499999999999995, -0.4999999701976776, 5.000000171712609e-6, 0.075, -0.005, -0.005, -0.005, -0.005, -0.005, -0.005, -0.005, -0.005, -0.005]
[NNENUM] ub: [0.5, -0.33623147889292704, 5.000000171712609e-6, 0.5, 0.004999999999999999, 0.004999999999999999, 0.004999999999999999, 0.004999999999999999, 0.004999999999999999, 0.004999999999999999, 0.004999999999999999, 0.004999999999999999, 0.004999999999999999]
[NNENUM] Creating LP Star...
[NNENUM] Checking feasibility
[NNENUM] Generating output Spec...
[NNENUM] Spec list length:  6
[NNENUM] Enumeration in progress... 
(0.1 sec) Q: 0, Sets: 0/1  (0.0%) CEs: 0 ETA: - (expected 1 stars)   
(0.2 sec) Q: 0, Sets: 0/2  (0.0%) CEs: 0 ETA: - (expected 1 stars)   

Total Stars: 3 (1 exact, 2 approx)
Unfinished Stars: 0
Runtime: 0.3 sec
Completed work frac: 1.0
Num Stars Copied Between Processes: 0
Num Lps During Enumeration: 95
Total Num Lps: 95

Result: network is SAFE

[NNENUM] Result: 
<nnenum.result.Result object at 0x7159136cd940>
[NNENUM] Enumeration finished.
safe
[NNENUM] Found counter-example stars: 0
[NNENUM] Filtering result using SMT solver...
[SMT] SMT filtered out 0 stars (out of 0; TO: 0).
[QUERY] Looking for nonlinear input combinations...
[QUERY] Found all non-linear combinations. Count: 1
[QUERY] Returning nonlinear disjunction
[CTRL] Considering conjunction with 42 input constraints and a disjunction of size 6
[APPROX] Checking cache: SNNT.Approx.ApproxCacheObject[]
[APPROX] Constructing Approximation
[APPROX] Resolving approximation
[CTRL] Initiating iterator over current linear queries
[APPROX] # Conjunctions over output: 6
[CTRL] Processing linear query no. 308
[NNENUM] Running nnenum now...
[NNENUM] lb: [0.0062499999999999995, -0.4999999701976776, 5.000000171712609e-6, 0.075, -0.005, -0.005, -0.005, -0.005, -0.005, -0.005, -0.005, -0.005, -0.005]
[NNENUM] ub: [0.5, -0.33623147889292704, 5.000000171712609e-6, 0.5, 0.004999999999999999, 0.004999999999999999, 0.004999999999999999, 0.004999999999999999, 0.004999999999999999, 0.004999999999999999, 0.004999999999999999, 0.004999999999999999, 0.004999999999999999]
[NNENUM] Creating LP Star...
[NNENUM] Checking feasibility
[NNENUM] Generating output Spec...
[NNENUM] Spec list length:  6
[NNENUM] Enumeration in progress... 
(0.0 sec) Q: 0, Sets: 0/1  (0.0%) CEs: 0 ETA: - (expected 1 stars)   

Total Stars: 3 (3 exact, 0 approx)
Unfinished Stars: 0
Runtime: 0.1 sec
Completed work frac: 1.0
Num Stars Copied Between Processes: 0
Num Lps During Enumeration: 130
Total Num Lps: 130

Result: network is SAFE

[NNENUM] Result: 
<nnenum.result.Result object at 0x7159136cd790>
[NNENUM] Enumeration finished.
safe
[NNENUM] Found counter-example stars: 0
[NNENUM] Filtering result using SMT solver...
[SMT] SMT filtered out 0 stars (out of 0; TO: 0).
[QUERY] Looking for nonlinear input combinations...
.[QUERY] Found all non-linear combinations. Count: 3
[QUERY] Returning nonlinear disjunction
[CTRL] Considering conjunction with 42 input constraints and a disjunction of size 6
[APPROX] Checking cache: SNNT.Approx.ApproxCacheObject[]
[APPROX] Constructing Approximation
[APPROX] Resolving approximation
[CTRL] Initiating iterator over current linear queries
[APPROX] # Conjunctions over output: 6
[CTRL] Processing linear query no. 309
[NNENUM] Running nnenum now...
[NNENUM] lb: [0.0062499999999999995, -0.4999999701976776, 5.000000171712609e-6, 0.075, -0.005, -0.005, -0.005, -0.005, -0.005, -0.005, -0.005, -0.005, -0.005]
[NNENUM] ub: [0.5, -0.33623147889292704, 5.000000171712609e-6, 0.5, 0.004999999999999999, 0.004999999999999999, 0.004999999999999999, 0.004999999999999999, 0.004999999999999999, 0.004999999999999999, 0.004999999999999999, 0.004999999999999999, 0.004999999999999999]
[NNENUM] Creating LP Star...
[NNENUM] Checking feasibility
[NNENUM] Generating output Spec...
[NNENUM] Spec list length:  6
[NNENUM] Enumeration in progress... 
(0.1 sec) Q: 0, Sets: 0/1  (0.0%) CEs: 0 ETA: - (expected 1 stars)   
(0.2 sec) Q: 0, Sets: 0/2  (0.0%) CEs: 0 ETA: - (expected 1 stars)   

Total Stars: 4 (0 exact, 4 approx)
Unfinished Stars: 0
Runtime: 0.3 sec
Completed work frac: 1.0
Num Stars Copied Between Processes: 0
Num Lps During Enumeration: 0
Total Num Lps: 0

Result: network is SAFE

[NNENUM] Result: 
<nnenum.result.Result object at 0x7159136eb1c0>
[NNENUM] Enumeration finished.
safe
[NNENUM] Found counter-example stars: 0
[NNENUM] Filtering result using SMT solver...
[SMT] SMT filtered out 0 stars (out of 0; TO: 0).
[QUERY] Looking for nonlinear input combinations...
[QUERY] Found all non-linear combinations. Count: 2
[QUERY] Returning nonlinear disjunction
[CTRL] Considering conjunction with 42 input constraints and a disjunction of size 6
[APPROX] Checking cache: SNNT.Approx.ApproxCacheObject[]
[APPROX] Constructing Approximation
[APPROX] Resolving approximation
[CTRL] Initiating iterator over current linear queries
[APPROX] # Conjunctions over output: 6
[CTRL] Processing linear query no. 310
[NNENUM] Running nnenum now...
[NNENUM] lb: [0.0062499999999999995, -0.4999999701976776, 5.000000171712609e-6, 0.075, -0.005, -0.005, -0.005, -0.005, -0.005, -0.005, -0.005, -0.005, -0.005]
[NNENUM] ub: [0.5, -0.33623147889292704, 5.000000171712609e-6, 0.5, 0.004999999999999999, 0.004999999999999999, 0.004999999999999999, 0.004999999999999999, 0.004999999999999999, 0.004999999999999999, 0.004999999999999999, 0.004999999999999999, 0.004999999999999999]
[NNENUM] Creating LP Star...
[NNENUM] Checking feasibility
[NNENUM] Generating output Spec...
[NNENUM] Spec list length:  6
[NNENUM] Enumeration in progress... 
(0.1 sec) Q: 0, Sets: 0/1  (0.0%) CEs: 0 ETA: - (expected 1 stars)   
(0.3 sec) Q: 0, Sets: 1/6  (3.125%) CEs: 0 ETA: 10.5 sec (expected 32 stars)   
(0.4 sec) Q: 0, Sets: 3/7  (9.375%) CEs: 0 ETA: 4.3 sec (expected 32 stars)   (0.6 sec) Q: 0, Sets: 11/11  (100.0%) CEs: 0 ETA: 0.0 sec (expected 11 stars)   

Total Stars: 11 (1 exact, 10 approx)
Unfinished Stars: 0
Runtime: 0.6 sec
Completed work frac: 1.0
Num Stars Copied Between Processes: 0
Num Lps During Enumeration: 107
Total Num Lps: 107

Result: network is SAFE

[NNENUM] Result: 
<nnenum.result.Result object at 0x7159136eafd0>
[NNENUM] Enumeration finished.
safe
[NNENUM] Found counter-example stars: 0
[NNENUM] Filtering result using SMT solver...
[SMT] SMT filtered out 0 stars (out of 0; TO: 0).
[QUERY] Looking for nonlinear input combinations...
[QUERY] Found all non-linear combinations. Count: 1
[QUERY] Returning nonlinear disjunction
[CTRL] Considering conjunction with 42 input constraints and a disjunction of size 6
[APPROX] Checking cache: SNNT.Approx.ApproxCacheObject[]
[APPROX] Constructing Approximation
[APPROX] Resolving approximation
[CTRL] Initiating iterator over current linear queries
[APPROX] # Conjunctions over output: 6
[CTRL] Processing linear query no. 311
[NNENUM] Running nnenum now...
[NNENUM] lb: [0.0062499999999999995, -0.4999999701976776, 5.000000171712609e-6, 0.075, -0.005, -0.005, -0.005, -0.005, -0.005, -0.005, -0.005, -0.005, -0.005]
[NNENUM] ub: [0.5, -0.33623147889292704, 5.000000171712609e-6, 0.5, 0.004999999999999999, 0.004999999999999999, 0.004999999999999999, 0.004999999999999999, 0.004999999999999999, 0.004999999999999999, 0.004999999999999999, 0.004999999999999999, 0.004999999999999999]
[NNENUM] Creating LP Star...
[NNENUM] Checking feasibility
[NNENUM] Generating output Spec...
[NNENUM] Spec list length:  6
[NNENUM] Enumeration in progress... 
(0.1 sec) Q: 0, Sets: 0/1  (0.0%) CEs: 0 ETA: - (expected 1 stars)   
(0.2 sec) Q: 0, Sets: 2/7  (3.125%) CEs: 0 ETA: 7.6 sec (expected 64 stars)   
(0.4 sec) Q: 0, Sets: 4/7  (12.5%) CEs: 0 ETA: 2.7 sec (expected 32 stars)   (0.5 sec) Q: 0, Sets: 6/8  (25.0%) CEs: 0 ETA: 1.5 sec (expected 24 stars)   
(0.6 sec) Q: 0, Sets: 11/14  (68.75%) CEs: 0 ETA: 0.3 sec (expected 16 stars)   
Total Stars: 15 (1 exact, 14 approx)
Unfinished Stars: 0
Runtime: 0.7 sec
Completed work frac: 1.0
Num Stars Copied Between Processes: 0
Num Lps During Enumeration: 105
Total Num Lps: 105

Result: network is SAFE

[NNENUM] Result: 
<nnenum.result.Result object at 0x7159136e1d60>
[NNENUM] Enumeration finished.
safe
[NNENUM] Found counter-example stars: 0
[NNENUM] Filtering result using SMT solver...
[SMT] SMT filtered out 0 stars (out of 0; TO: 0).
[QUERY] Looking for nonlinear input combinations...
[QUERY] Found all non-linear combinations. Count: 1
[QUERY] Returning nonlinear disjunction
[CTRL] Considering conjunction with 42 input constraints and a disjunction of size 6
[APPROX] Checking cache: SNNT.Approx.ApproxCacheObject[]
[APPROX] Constructing Approximation
[APPROX] Resolving approximation
[CTRL] Initiating iterator over current linear queries
[APPROX] # Conjunctions over output: 6
[CTRL] Processing linear query no. 312
[NNENUM] Running nnenum now...
[NNENUM] lb: [0.0062499999999999995, -0.4999999701976776, 5.000000171712609e-6, 0.075, -0.005, -0.005, -0.005, -0.005, -0.005, -0.005, -0.005, -0.005, -0.005]
[NNENUM] ub: [0.5, -0.33623147889292704, 5.000000171712609e-6, 0.5, 0.004999999999999999, 0.004999999999999999, 0.004999999999999999, 0.004999999999999999, 0.004999999999999999, 0.004999999999999999, 0.004999999999999999, 0.004999999999999999, 0.004999999999999999]
[NNENUM] Creating LP Star...
[NNENUM] Checking feasibility
[NNENUM] Generating output Spec...
[NNENUM] Spec list length:  6
[NNENUM] Enumeration in progress... 
(0.1 sec) Q: 0, Sets: 0/1  (0.0%) CEs: 0 ETA: - (expected 1 stars)   
(0.2 sec) Q: 0, Sets: 5/7  (25.0%) CEs: 0 ETA: 0.7 sec (expected 20 stars)   
(0.4 sec) Q: 0, Sets: 9/13  (54.688%) CEs: 0 ETA: 0.3 sec (expected 16 stars)   (0.5 sec) Q: 0, Sets: 10/14  (56.25%) CEs: 0 ETA: 0.4 sec (expected 18 stars)   
(0.6 sec) Q: 0, Sets: 14/16  (68.75%) CEs: 0 ETA: 0.3 sec (expected 20 stars)   (0.7 sec) Q: 0, Sets: 17/20  (71.484%) CEs: 0 ETA: 0.3 sec (expected 24 stars)   (0.9 sec) Q: 0, Sets: 23/25  (86.719%) CEs: 0 ETA: 0.1 sec (expected 27 stars)   (1.0 sec) Q: 0, Sets: 24/26  (87.5%) CEs: 0 ETA: 0.1 sec (expected 27 stars)   

Total Stars: 26 (1 exact, 25 approx)
Unfinished Stars: 0
Runtime: 1.0 sec
Completed work frac: 1.0
Num Stars Copied Between Processes: 0
Num Lps During Enumeration: 11
Total Num Lps: 11

Result: network is SAFE

[NNENUM] Result: 
<nnenum.result.Result object at 0x7159140bd670>
[NNENUM] Enumeration finished.
safe
[NNENUM] Found counter-example stars: 0
[NNENUM] Filtering result using SMT solver...
[SMT] SMT filtered out 0 stars (out of 0; TO: 0).
[QUERY] Looking for nonlinear input combinations...
[QUERY] Found all non-linear combinations. Count: 1
[QUERY] Returning nonlinear disjunction
[CTRL] Considering conjunction with 42 input constraints and a disjunction of size 6
[APPROX] Checking cache: SNNT.Approx.ApproxCacheObject[]
[APPROX] Constructing Approximation
[APPROX] Resolving approximation
[CTRL] Initiating iterator over current linear queries
[APPROX] # Conjunctions over output: 6
[CTRL] Processing linear query no. 313
[NNENUM] Running nnenum now...
[NNENUM] lb: [0.0062499999999999995, -0.18296763576522218, 5.000000171712609e-6, 0.075, -0.005, -0.005, -0.005, -0.005, -0.005, -0.005, -0.005, -0.005, -0.005]
[NNENUM] ub: [0.5, -0.125, 5.000000171712609e-6, 0.5, 0.004999999999999999, 0.004999999999999999, 0.004999999999999999, 0.004999999999999999, 0.004999999999999999, 0.004999999999999999, 0.004999999999999999, 0.004999999999999999, 0.004999999999999999]
[NNENUM] Creating LP Star...
[NNENUM] Checking feasibility
[NNENUM] Generating output Spec...
[NNENUM] Spec list length:  6
[NNENUM] Enumeration in progress... 
(0.1 sec) Q: 0, Sets: 0/1  (0.0%) CEs: 0 ETA: - (expected 1 stars)   
(0.2 sec) Q: 0, Sets: 5/7  (50.0%) CEs: 0 ETA: 0.2 sec (expected 10 stars)   
(0.3 sec) Q: 0, Sets: 9/16  (75.195%) CEs: 0 ETA: 0.1 sec (expected 12 stars)   (0.4 sec) Q: 0, Sets: 13/18  (78.125%) CEs: 0 ETA: 0.1 sec (expected 17 stars)   

Total Stars: 23 (0 exact, 23 approx)
Unfinished Stars: 0
Runtime: 0.5 sec
Completed work frac: 1.0
Num Stars Copied Between Processes: 0
Num Lps During Enumeration: 0
Total Num Lps: 0

Result: network is SAFE

[NNENUM] Result: 
<nnenum.result.Result object at 0x715913ceef10>
[NNENUM] Enumeration finished.
safe
[NNENUM] Found counter-example stars: 0
[NNENUM] Filtering result using SMT solver...
[SMT] SMT filtered out 0 stars (out of 0; TO: 0).
[QUERY] Looking for nonlinear input combinations...
[QUERY] Found all non-linear combinations. Count: 1
[QUERY] Returning nonlinear disjunction
[CTRL] Considering conjunction with 42 input constraints and a disjunction of size 6
[APPROX] Checking cache: SNNT.Approx.ApproxCacheObject[]
[APPROX] Constructing Approximation
[APPROX] Resolving approximation
[CTRL] Initiating iterator over current linear queries
[APPROX] # Conjunctions over output: 6
[CTRL] Processing linear query no. 314
[NNENUM] Running nnenum now...
[NNENUM] lb: [0.0062499999999999995, -0.18296763576522218, 5.000000171712609e-6, 0.075, -0.005, -0.005, -0.005, -0.005, -0.005, -0.005, -0.005, -0.005, -0.005]
[NNENUM] ub: [0.5, -0.125, 5.000000171712609e-6, 0.5, 0.004999999999999999, 0.004999999999999999, 0.004999999999999999, 0.004999999999999999, 0.004999999999999999, 0.004999999999999999, 0.004999999999999999, 0.004999999999999999, 0.004999999999999999]
[NNENUM] Creating LP Star...
[NNENUM] Checking feasibility
[NNENUM] Generating output Spec...
[NNENUM] Spec list length:  6
[NNENUM] Enumeration in progress... 
(0.1 sec) Q: 0, Sets: 0/1  (0.0%) CEs: 0 ETA: - (expected 1 stars)   
(0.2 sec) Q: 0, Sets: 1/5  (50.0%) CEs: 0 ETA: 0.2 sec (expected 2 stars)   

Total Stars: 8 (1 exact, 7 approx)
Unfinished Stars: 0
Runtime: 0.3 sec
Completed work frac: 1.0
Num Stars Copied Between Processes: 0
Num Lps During Enumeration: 7
Total Num Lps: 7

Result: network is SAFE

[NNENUM] Result: 
<nnenum.result.Result object at 0x7159136d50d0>
[NNENUM] Enumeration finished.
safe
[NNENUM] Found counter-example stars: 0
[NNENUM] Filtering result using SMT solver...
[SMT] SMT filtered out 0 stars (out of 0; TO: 0).
[QUERY] Looking for nonlinear input combinations...
[QUERY] Found all non-linear combinations. Count: 2
[QUERY] Returning nonlinear disjunction
[CTRL] Considering conjunction with 42 input constraints and a disjunction of size 6
[APPROX] Checking cache: SNNT.Approx.ApproxCacheObject[]
[APPROX] Constructing Approximation
[APPROX] Resolving approximation
[CTRL] Initiating iterator over current linear queries
[APPROX] # Conjunctions over output: 6
[CTRL] Processing linear query no. 315
[NNENUM] Running nnenum now...
[NNENUM] lb: [0.0062499999999999995, -0.18296763576522218, 5.000000171712609e-6, 0.075, -0.005, -0.005, -0.005, -0.005, -0.005, -0.005, -0.005, -0.005, -0.005]
[NNENUM] ub: [0.5, -0.125, 5.000000171712609e-6, 0.5, 0.004999999999999999, 0.004999999999999999, 0.004999999999999999, 0.004999999999999999, 0.004999999999999999, 0.004999999999999999, 0.004999999999999999, 0.004999999999999999, 0.004999999999999999]
[NNENUM] Creating LP Star...
[NNENUM] Checking feasibility
[NNENUM] Generating output Spec...
[NNENUM] Spec list length:  6
[NNENUM] Enumeration in progress... 
(0.1 sec) Q: 0, Sets: 0/1  (0.0%) CEs: 0 ETA: - (expected 1 stars)   
(0.2 sec) Q: 0, Sets: 0/2  (0.0%) CEs: 0 ETA: - (expected 1 stars)   
(0.3 sec) Q: 0, Sets: 1/8  (1.562%) CEs: 0 ETA: 21.7 sec (expected 64 stars)   (0.5 sec) Q: 0, Sets: 5/11  (7.031%) CEs: 0 ETA: 6.5 sec (expected 71 stars)   
(0.6 sec) Q: 0, Sets: 6/12  (7.812%) CEs: 0 ETA: 7.2 sec (expected 77 stars)   (0.8 sec) Q: 0, Sets: 8/13  (9.375%) CEs: 0 ETA: 7.3 sec (expected 85 stars)   (0.9 sec) Q: 0, Sets: 10/14  (10.938%) CEs: 0 ETA: 7.1 sec (expected 91 stars)   (1.0 sec) Q: 0, Sets: 12/17  (25.0%) CEs: 0 ETA: 2.9 sec (expected 48 stars)   
(1.1 sec) Q: 0, Sets: 14/18  (28.125%) CEs: 0 ETA: 2.8 sec (expected 50 stars)   (1.2 sec) Q: 0, Sets: 15/18  (31.25%) CEs: 0 ETA: 2.6 sec (expected 48 stars)   (1.3 sec) Q: 0, Sets: 18/22  (50.0%) CEs: 0 ETA: 1.3 sec (expected 36 stars)   (1.4 sec) Q: 0, Sets: 22/25  (62.5%) CEs: 4 ETA: 0.9 sec (expected 35 stars)   (1.6 sec) Q: 0, Sets: 26/29  (75.0%) CEs: 7 ETA: 0.5 sec (expected 35 stars)   (1.7 sec) Q: 0, Sets: 27/30  (78.125%) CEs: 7 ETA: 0.5 sec (expected 35 stars)   (1.8 sec) Q: 0, Sets: 29/33  (78.906%) CEs: 8 ETA: 0.5 sec (expected 37 stars)   (1.9 sec) Q: 0, Sets: 32/37  (79.688%) CEs: 10 ETA: 0.5 sec (expected 40 stars)   
(2.0 sec) Q: 0, Sets: 35/38  (80.469%) CEs: 12 ETA: 0.5 sec (expected 43 stars)   (2.1 sec) Q: 0, Sets: 37/41  (82.031%) CEs: 13 ETA: 0.5 sec (expected 45 stars)   (2.2 sec) Q: 0, Sets: 41/45  (87.5%) CEs: 13 ETA: 0.3 sec (expected 47 stars)   (2.4 sec) Q: 0, Sets: 45/47  (90.625%) CEs: 16 ETA: 0.2 sec (expected 50 stars)   (2.5 sec) Q: 0, Sets: 48/50  (92.969%) CEs: 17 ETA: 0.2 sec (expected 52 stars)   (2.6 sec) Q: 0, Sets: 49/52  (93.75%) CEs: 20 ETA: 0.2 sec (expected 52 stars)   
Total Stars: 52 (30 exact, 22 approx)
Unfinished Stars: 0
Runtime: 2.6 sec
Completed work frac: 1.0
Num Stars Copied Between Processes: 0
Num Lps During Enumeration: 450
Total Num Lps: 450

Result: network is UNSAFE with confirmed counterexample in result.cinput and result.coutput
Output: [0.11836414784193039, 0.11135207861661911, 0.10354316979646683, 0.11217302083969116, 0.1089288592338562, -0.21716034412384033, -0.21437384188175201, -0.2142777442932129, -0.21587836742401123]

[NNENUM] Result: 
<nnenum.result.Result object at 0x7159136eeac0>
[NNENUM] Enumeration finished.
unsafe
[NNENUM] Found counter-example stars: 20
[NNENUM] Filtering result using SMT solver...
[SMT] SMT filtered out 2 stars (out of 20; TO: 0).
[QUERY] Looking for nonlinear input combinations...
[QUERY] Found all non-linear combinations. Count: 2
[QUERY] Returning nonlinear disjunction
[CTRL] Considering conjunction with 42 input constraints and a disjunction of size 6
[APPROX] Checking cache: SNNT.Approx.ApproxCacheObject[]
[APPROX] Constructing Approximation
[APPROX] Resolving approximation
[CTRL] Initiating iterator over current linear queries
[APPROX] # Conjunctions over output: 6
[CTRL] Processing linear query no. 316
[NNENUM] Running nnenum now...
[NNENUM] lb: [0.0062499999999999995, -0.4999999701976776, 5.000000171712609e-6, 0.075, -0.005, -0.005, -0.005, -0.005, -0.005, -0.005, -0.005, -0.005, -0.005]
[NNENUM] ub: [0.5, -0.33623147889292704, 5.000000171712609e-6, 0.5, 0.004999999999999999, 0.004999999999999999, 0.004999999999999999, 0.004999999999999999, 0.004999999999999999, 0.004999999999999999, 0.004999999999999999, 0.004999999999999999, 0.004999999999999999]
[NNENUM] Creating LP Star...
[NNENUM] Checking feasibility
[NNENUM] Generating output Spec...
[NNENUM] Spec list length:  6
[NNENUM] Enumeration in progress... 
(0.1 sec) Q: 0, Sets: 0/1  (0.0%) CEs: 0 ETA: - (expected 1 stars)   
(0.2 sec) Q: 0, Sets: 5/5  (100.0%) CEs: 0 ETA: 0.0 sec (expected 5 stars)   

Total Stars: 5 (1 exact, 4 approx)
Unfinished Stars: 0
Runtime: 0.2 sec
Completed work frac: 1.0
Num Stars Copied Between Processes: 0
Num Lps During Enumeration: 55
Total Num Lps: 55

Result: network is SAFE

[NNENUM] Result: 
<nnenum.result.Result object at 0x715913cff310>
[NNENUM] Enumeration finished.
safe
[NNENUM] Found counter-example stars: 0
[NNENUM] Filtering result using SMT solver...
[SMT] SMT filtered out 0 stars (out of 0; TO: 0).
[QUERY] Looking for nonlinear input combinations...
[QUERY] Found all non-linear combinations. Count: 1
[QUERY] Returning nonlinear disjunction
[CTRL] Considering conjunction with 42 input constraints and a disjunction of size 6
[APPROX] Checking cache: SNNT.Approx.ApproxCacheObject[]
[APPROX] Constructing Approximation
[APPROX] Resolving approximation
[CTRL] Initiating iterator over current linear queries
[APPROX] # Conjunctions over output: 6
[CTRL] Processing linear query no. 317
[NNENUM] Running nnenum now...
[NNENUM] lb: [0.0062499999999999995, -0.4999999701976776, 5.000000171712609e-6, 0.075, -0.005, -0.005, -0.005, -0.005, -0.005, -0.005, -0.005, -0.005, -0.005]
[NNENUM] ub: [0.5, -0.33623147889292704, 5.000000171712609e-6, 0.5, 0.004999999999999999, 0.004999999999999999, 0.004999999999999999, 0.004999999999999999, 0.004999999999999999, 0.004999999999999999, 0.004999999999999999, 0.004999999999999999, 0.004999999999999999]
[NNENUM] Creating LP Star...
[NNENUM] Checking feasibility
[NNENUM] Generating output Spec...
[NNENUM] Spec list length:  6
[NNENUM] Enumeration in progress... 
(0.1 sec) Q: 0, Sets: 0/1  (0.0%) CEs: 0 ETA: - (expected 1 stars)   
(0.2 sec) Q: 0, Sets: 0/2  (0.0%) CEs: 0 ETA: - (expected 1 stars)   
(0.4 sec) Q: 0, Sets: 3/5  (25.0%) CEs: 0 ETA: 1.1 sec (expected 12 stars)   (0.5 sec) Q: 0, Sets: 10/12  (62.5%) CEs: 0 ETA: 0.3 sec (expected 16 stars)   

Total Stars: 12 (3 exact, 9 approx)
Unfinished Stars: 0
Runtime: 0.6 sec
Completed work frac: 1.0
Num Stars Copied Between Processes: 0
Num Lps During Enumeration: 131
Total Num Lps: 131

Result: network is SAFE

[NNENUM] Result: 
<nnenum.result.Result object at 0x7159136fe3d0>
[NNENUM] Enumeration finished.
safe
[NNENUM] Found counter-example stars: 0
[NNENUM] Filtering result using SMT solver...
[SMT] SMT filtered out 0 stars (out of 0; TO: 0).
[QUERY] Looking for nonlinear input combinations...
[QUERY] Found all non-linear combinations. Count: 2
[QUERY] Returning nonlinear disjunction
[CTRL] Considering conjunction with 42 input constraints and a disjunction of size 6
[APPROX] Checking cache: SNNT.Approx.ApproxCacheObject[]
[APPROX] Constructing Approximation
[APPROX] Resolving approximation
[CTRL] Initiating iterator over current linear queries
[APPROX] # Conjunctions over output: 6
[CTRL] Processing linear query no. 318
[NNENUM] Running nnenum now...
[NNENUM] lb: [0.0062499999999999995, -0.4999999701976776, 5.000000171712609e-6, 0.075, -0.005, -0.005, -0.005, -0.005, -0.005, -0.005, -0.005, -0.005, -0.005]
[NNENUM] ub: [0.5, -0.33623147889292704, 5.000000171712609e-6, 0.5, 0.004999999999999999, 0.004999999999999999, 0.004999999999999999, 0.004999999999999999, 0.004999999999999999, 0.004999999999999999, 0.004999999999999999, 0.004999999999999999, 0.004999999999999999]
[NNENUM] Creating LP Star...
[NNENUM] Checking feasibility
[NNENUM] Generating output Spec...
[NNENUM] Spec list length:  6
[NNENUM] Enumeration in progress... 
(0.1 sec) Q: 0, Sets: 0/1  (0.0%) CEs: 0 ETA: - (expected 1 stars)   
(0.2 sec) Q: 0, Sets: 2/4  (75.0%) CEs: 0 ETA: 0.1 sec (expected 3 stars)   

Total Stars: 5 (1 exact, 4 approx)
Unfinished Stars: 0
Runtime: 0.2 sec
Completed work frac: 1.0
Num Stars Copied Between Processes: 0
Num Lps During Enumeration: 54
Total Num Lps: 54

Result: network is SAFE

[NNENUM] Result: 
<nnenum.result.Result object at 0x7159136fe580>
[NNENUM] Enumeration finished.
safe
[NNENUM] Found counter-example stars: 0
[NNENUM] Filtering result using SMT solver...
[SMT] SMT filtered out 0 stars (out of 0; TO: 0).
[QUERY] Looking for nonlinear input combinations...
[QUERY] Found all non-linear combinations. Count: 1
[QUERY] Returning nonlinear disjunction
[CTRL] Considering conjunction with 42 input constraints and a disjunction of size 6
[APPROX] Checking cache: SNNT.Approx.ApproxCacheObject[]
[APPROX] Constructing Approximation
[APPROX] Resolving approximation
[CTRL] Initiating iterator over current linear queries
[APPROX] # Conjunctions over output: 6
[CTRL] Processing linear query no. 319
[NNENUM] Running nnenum now...
[NNENUM] lb: [0.0062499999999999995, -0.4999999701976776, 5.000000171712609e-6, 0.075, -0.005, -0.005, -0.005, -0.005, -0.005, -0.005, -0.005, -0.005, -0.005]
[NNENUM] ub: [0.5, -0.33623147889292704, 5.000000171712609e-6, 0.5, 0.004999999999999999, 0.004999999999999999, 0.004999999999999999, 0.004999999999999999, 0.004999999999999999, 0.004999999999999999, 0.004999999999999999, 0.004999999999999999, 0.004999999999999999]
[NNENUM] Creating LP Star...
[NNENUM] Checking feasibility
[NNENUM] Generating output Spec...
[NNENUM] Spec list length:  6
[NNENUM] Enumeration in progress... 
(0.1 sec) Q: 0, Sets: 0/1  (0.0%) CEs: 0 ETA: - (expected 1 stars)   
(0.2 sec) Q: 0, Sets: 0/2  (0.0%) CEs: 0 ETA: - (expected 1 stars)   
(0.3 sec) Q: 0, Sets: 3/7  (9.375%) CEs: 0 ETA: 3.0 sec (expected 32 stars)   (0.4 sec) Q: 0, Sets: 4/7  (12.5%) CEs: 0 ETA: 2.9 sec (expected 32 stars)   
(0.5 sec) Q: 0, Sets: 6/9  (21.875%) CEs: 0 ETA: 1.9 sec (expected 27 stars)   (0.6 sec) Q: 0, Sets: 9/12  (31.25%) CEs: 0 ETA: 1.4 sec (expected 29 stars)   (0.7 sec) Q: 0, Sets: 11/13  (37.5%) CEs: 0 ETA: 1.2 sec (expected 29 stars)   (0.9 sec) Q: 0, Sets: 13/16  (45.312%) CEs: 0 ETA: 1.0 sec (expected 29 stars)   

Total Stars: 19 (2 exact, 17 approx)
Unfinished Stars: 0
Runtime: 0.9 sec
Completed work frac: 1.0
Num Stars Copied Between Processes: 0
Num Lps During Enumeration: 176
Total Num Lps: 176

Result: network is SAFE

[NNENUM] Result: 
<nnenum.result.Result object at 0x7159136eac10>
[NNENUM] Enumeration finished.
safe
[NNENUM] Found counter-example stars: 0
[NNENUM] Filtering result using SMT solver...
[SMT] SMT filtered out 0 stars (out of 0; TO: 0).
[QUERY] Looking for nonlinear input combinations...
[QUERY] Found all non-linear combinations. Count: 4
[QUERY] Returning nonlinear disjunction
[CTRL] Considering conjunction with 42 input constraints and a disjunction of size 6
[APPROX] Checking cache: SNNT.Approx.ApproxCacheObject[]
[APPROX] Constructing Approximation
[APPROX] Resolving approximation
[CTRL] Initiating iterator over current linear queries
[APPROX] # Conjunctions over output: 6
[CTRL] Processing linear query no. 320
[NNENUM] Running nnenum now...
[NNENUM] lb: [0.0062499999999999995, -0.4999999701976776, 5.000000171712609e-6, 0.075, -0.005, -0.005, -0.005, -0.005, -0.005, -0.005, -0.005, -0.005, -0.005]
[NNENUM] ub: [0.5, -0.33623147889292704, 5.000000171712609e-6, 0.5, 0.004999999999999999, 0.004999999999999999, 0.004999999999999999, 0.004999999999999999, 0.004999999999999999, 0.004999999999999999, 0.004999999999999999, 0.004999999999999999, 0.004999999999999999]
[NNENUM] Creating LP Star...
[NNENUM] Checking feasibility
[NNENUM] Generating output Spec...
[NNENUM] Spec list length:  6
[NNENUM] Enumeration in progress... 
(0.1 sec) Q: 0, Sets: 0/1  (0.0%) CEs: 0 ETA: - (expected 1 stars)   
(0.2 sec) Q: 0, Sets: 3/5  (62.5%) CEs: 0 ETA: 0.1 sec (expected 5 stars)   

Total Stars: 6 (0 exact, 6 approx)
Unfinished Stars: 0
Runtime: 0.2 sec
Completed work frac: 1.0
Num Stars Copied Between Processes: 0
Num Lps During Enumeration: 0
Total Num Lps: 0

Result: network is SAFE

[NNENUM] Result: 
<nnenum.result.Result object at 0x7159136eaa60>
[NNENUM] Enumeration finished.
safe
[NNENUM] Found counter-example stars: 0
[NNENUM] Filtering result using SMT solver...
[SMT] SMT filtered out 0 stars (out of 0; TO: 0).
[QUERY] Looking for nonlinear input combinations...
[QUERY] Found all non-linear combinations. Count: 2
[QUERY] Returning nonlinear disjunction
[CTRL] Considering conjunction with 42 input constraints and a disjunction of size 6
[APPROX] Checking cache: SNNT.Approx.ApproxCacheObject[]
[APPROX] Constructing Approximation
[APPROX] Resolving approximation
[CTRL] Initiating iterator over current linear queries
[APPROX] # Conjunctions over output: 6
[CTRL] Processing linear query no. 321
[NNENUM] Running nnenum now...
[NNENUM] lb: [0.0062499999999999995, -0.4999999701976776, 5.000000171712609e-6, 0.075, -0.005, -0.005, -0.005, -0.005, -0.005, -0.005, -0.005, -0.005, -0.005]
[NNENUM] ub: [0.5, -0.33623147889292704, 5.000000171712609e-6, 0.5, 0.004999999999999999, 0.004999999999999999, 0.004999999999999999, 0.004999999999999999, 0.004999999999999999, 0.004999999999999999, 0.004999999999999999, 0.004999999999999999, 0.004999999999999999]
[NNENUM] Creating LP Star...
[NNENUM] Checking feasibility
[NNENUM] Generating output Spec...
[NNENUM] Spec list length:  6
[NNENUM] Enumeration in progress... 
(0.1 sec) Q: 0, Sets: 0/1  (0.0%) CEs: 0 ETA: - (expected 1 stars)   
(0.2 sec) Q: 0, Sets: 0/2  (0.0%) CEs: 0 ETA: - (expected 1 stars)   
(0.4 sec) Q: 0, Sets: 1/6  (3.125%) CEs: 0 ETA: 11.3 sec (expected 32 stars)   (0.5 sec) Q: 0, Sets: 6/8  (25.0%) CEs: 0 ETA: 1.5 sec (expected 24 stars)   
(0.6 sec) Q: 0, Sets: 7/10  (31.25%) CEs: 0 ETA: 1.3 sec (expected 22 stars)   (0.7 sec) Q: 0, Sets: 15/15  (100.0%) CEs: 0 ETA: 0.0 sec (expected 15 stars)   
Total Stars: 15 (2 exact, 13 approx)
Unfinished Stars: 0
Runtime: 0.7 sec
Completed work frac: 1.0
Num Stars Copied Between Processes: 0
Num Lps During Enumeration: 124
Total Num Lps: 124

Result: network is SAFE

[NNENUM] Result: 
<nnenum.result.Result object at 0x7159136ee490>
[NNENUM] Enumeration finished.
safe
[NNENUM] Found counter-example stars: 0
[NNENUM] Filtering result using SMT solver...
[SMT] SMT filtered out 0 stars (out of 0; TO: 0).
[QUERY] Looking for nonlinear input combinations...
[QUERY] Found all non-linear combinations. Count: 2
[QUERY] Returning nonlinear disjunction
[CTRL] Considering conjunction with 42 input constraints and a disjunction of size 5
[APPROX] Checking cache: SNNT.Approx.ApproxCacheObject[]
[APPROX] Constructing Approximation
[APPROX] Resolving approximation
[CTRL] Initiating iterator over current linear queries
[APPROX] # Conjunctions over output: 5
[CTRL] Processing linear query no. 322
[NNENUM] Running nnenum now...
[NNENUM] lb: [0.0062499999999999995, -0.18296763576522218, 5.000000171712609e-6, 0.075, -0.005, -0.005, -0.005, -0.005, -0.005, -0.005, -0.005, -0.005, -0.005]
[NNENUM] ub: [0.5, -0.125, 5.000000171712609e-6, 0.5, 0.004999999999999999, 0.004999999999999999, 0.004999999999999999, 0.004999999999999999, 0.004999999999999999, 0.004999999999999999, 0.004999999999999999, 0.004999999999999999, 0.004999999999999999]
[NNENUM] Creating LP Star...
[NNENUM] Checking feasibility
[NNENUM] Generating output Spec...
[NNENUM] Spec list length:  5
[NNENUM] Enumeration in progress... 
(0.1 sec) Q: 0, Sets: 0/1  (0.0%) CEs: 0 ETA: - (expected 1 stars)   

Total Stars: 5 (2 exact, 3 approx)
Unfinished Stars: 0
Runtime: 0.2 sec
Completed work frac: 1.0
Num Stars Copied Between Processes: 0
Num Lps During Enumeration: 70
Total Num Lps: 70

Result: network is SAFE

[NNENUM] Result: 
<nnenum.result.Result object at 0x7159136d5280>
[NNENUM] Enumeration finished.
safe
[NNENUM] Found counter-example stars: 0
[NNENUM] Filtering result using SMT solver...
[SMT] SMT filtered out 0 stars (out of 0; TO: 0).
[QUERY] Looking for nonlinear input combinations...
[QUERY] Found all non-linear combinations. Count: 2
[QUERY] Returning nonlinear disjunction
[CTRL] Considering conjunction with 42 input constraints and a disjunction of size 5
[APPROX] Checking cache: SNNT.Approx.ApproxCacheObject[]
[APPROX] Constructing Approximation
[APPROX] Resolving approximation
[CTRL] Initiating iterator over current linear queries
[APPROX] # Conjunctions over output: 5
[CTRL] Processing linear query no. 323
[NNENUM] Running nnenum now...
[NNENUM] lb: [0.0062499999999999995, -0.18296763576522218, 5.000000171712609e-6, 0.075, -0.005, -0.005, -0.005, -0.005, -0.005, -0.005, -0.005, -0.005, -0.005]
[NNENUM] ub: [0.5, -0.125, 5.000000171712609e-6, 0.5, 0.004999999999999999, 0.004999999999999999, 0.004999999999999999, 0.004999999999999999, 0.004999999999999999, 0.004999999999999999, 0.004999999999999999, 0.004999999999999999, 0.004999999999999999]
[NNENUM] Creating LP Star...
[NNENUM] Checking feasibility
[NNENUM] Generating output Spec...
[NNENUM] Spec list length:  5
[NNENUM] Enumeration in progress... 
(0.1 sec) Q: 0, Sets: 0/1  (0.0%) CEs: 0 ETA: - (expected 1 stars)   
(0.2 sec) Q: 0, Sets: 0/2  (0.0%) CEs: 0 ETA: - (expected 1 stars)   
(0.4 sec) Q: 0, Sets: 5/5  (100.0%) CEs: 0 ETA: 0.0 sec (expected 5 stars)   
Total Stars: 5 (0 exact, 5 approx)
Unfinished Stars: 0
Runtime: 0.4 sec
Completed work frac: 1.0
Num Stars Copied Between Processes: 0
Num Lps During Enumeration: 0
Total Num Lps: 0

Result: network is SAFE

[NNENUM] Result: 
<nnenum.result.Result object at 0x7159136eec70>
[NNENUM] Enumeration finished.
safe
[NNENUM] Found counter-example stars: 0
[NNENUM] Filtering result using SMT solver...
[SMT] SMT filtered out 0 stars (out of 0; TO: 0).
[QUERY] Looking for nonlinear input combinations...
[QUERY] Found all non-linear combinations. Count: 1
[QUERY] Returning nonlinear disjunction
[CTRL] Considering conjunction with 42 input constraints and a disjunction of size 5
[APPROX] Checking cache: SNNT.Approx.ApproxCacheObject[]
[APPROX] Constructing Approximation
[APPROX] Resolving approximation
[CTRL] Initiating iterator over current linear queries
[APPROX] # Conjunctions over output: 5
[CTRL] Processing linear query no. 324
[NNENUM] Running nnenum now...
[NNENUM] lb: [0.0062499999999999995, -0.18296763576522218, 5.000000171712609e-6, 0.075, -0.005, -0.005, -0.005, -0.005, -0.005, -0.005, -0.005, -0.005, -0.005]
[NNENUM] ub: [0.5, -0.125, 5.000000171712609e-6, 0.5, 0.004999999999999999, 0.004999999999999999, 0.004999999999999999, 0.004999999999999999, 0.004999999999999999, 0.004999999999999999, 0.004999999999999999, 0.004999999999999999, 0.004999999999999999]
[NNENUM] Creating LP Star...
[NNENUM] Checking feasibility
[NNENUM] Generating output Spec...
[NNENUM] Spec list length:  5
[NNENUM] Enumeration in progress... 
(0.1 sec) Q: 0, Sets: 0/1  (0.0%) CEs: 0 ETA: - (expected 1 stars)   

Total Stars: 2 (1 exact, 1 approx)
Unfinished Stars: 0
Runtime: 0.1 sec
Completed work frac: 1.0
Num Stars Copied Between Processes: 0
Num Lps During Enumeration: 112
Total Num Lps: 112

Result: network is SAFE

[NNENUM] Result: 
<nnenum.result.Result object at 0x7159136eaac0>
[NNENUM] Enumeration finished.
safe
[NNENUM] Found counter-example stars: 0
[NNENUM] Filtering result using SMT solver...
[SMT] SMT filtered out 0 stars (out of 0; TO: 0).
[QUERY] Looking for nonlinear input combinations...
[QUERY] Found all non-linear combinations. Count: 1
[QUERY] Returning nonlinear disjunction
[CTRL] Considering conjunction with 42 input constraints and a disjunction of size 5
[APPROX] Checking cache: SNNT.Approx.ApproxCacheObject[]
[APPROX] Constructing Approximation
[APPROX] Resolving approximation
[CTRL] Initiating iterator over current linear queries
[APPROX] # Conjunctions over output: 5
[CTRL] Processing linear query no. 325
[NNENUM] Running nnenum now...
[NNENUM] lb: [0.0062499999999999995, -0.18296763576522218, 5.000000171712609e-6, 0.075, -0.005, -0.005, -0.005, -0.005, -0.005, -0.005, -0.005, -0.005, -0.005]
[NNENUM] ub: [0.5, -0.125, 5.000000171712609e-6, 0.5, 0.004999999999999999, 0.004999999999999999, 0.004999999999999999, 0.004999999999999999, 0.004999999999999999, 0.004999999999999999, 0.004999999999999999, 0.004999999999999999, 0.004999999999999999]
[NNENUM] Creating LP Star...
[NNENUM] Checking feasibility
[NNENUM] Generating output Spec...
[NNENUM] Spec list length:  5
[NNENUM] Enumeration in progress... 
(0.1 sec) Q: 0, Sets: 0/1  (0.0%) CEs: 0 ETA: - (expected 1 stars)   
(0.2 sec) Q: 0, Sets: 0/2  (0.0%) CEs: 0 ETA: - (expected 1 stars)   
(0.4 sec) Q: 0, Sets: 3/5  (25.0%) CEs: 0 ETA: 1.1 sec (expected 12 stars)   
Total Stars: 7 (1 exact, 6 approx)
Unfinished Stars: 0
Runtime: 0.4 sec
Completed work frac: 1.0
Num Stars Copied Between Processes: 0
Num Lps During Enumeration: 10
Total Num Lps: 10

Result: network is SAFE

[NNENUM] Result: 
<nnenum.result.Result object at 0x7159136d54f0>
[NNENUM] Enumeration finished.
safe
[NNENUM] Found counter-example stars: 0
[NNENUM] Filtering result using SMT solver...
[SMT] SMT filtered out 0 stars (out of 0; TO: 0).
[QUERY] Looking for nonlinear input combinations...
[QUERY] Found all non-linear combinations. Count: 1
[QUERY] Returning nonlinear disjunction
[CTRL] Considering conjunction with 42 input constraints and a disjunction of size 5
[APPROX] Checking cache: SNNT.Approx.ApproxCacheObject[]
[APPROX] Constructing Approximation
[APPROX] Resolving approximation
[CTRL] Initiating iterator over current linear queries
[APPROX] # Conjunctions over output: 5
[CTRL] Processing linear query no. 326
[NNENUM] Running nnenum now...
[NNENUM] lb: [0.0062499999999999995, -0.18296763576522218, 5.000000171712609e-6, 0.075, -0.005, -0.005, -0.005, -0.005, -0.005, -0.005, -0.005, -0.005, -0.005]
[NNENUM] ub: [0.5, -0.125, 5.000000171712609e-6, 0.5, 0.004999999999999999, 0.004999999999999999, 0.004999999999999999, 0.004999999999999999, 0.004999999999999999, 0.004999999999999999, 0.004999999999999999, 0.004999999999999999, 0.004999999999999999]
[NNENUM] Creating LP Star...
[NNENUM] Checking feasibility
[NNENUM] Generating output Spec...
[NNENUM] Spec list length:  5
[NNENUM] Enumeration in progress... 
(0.1 sec) Q: 0, Sets: 0/1  (0.0%) CEs: 0 ETA: - (expected 1 stars)   
(0.2 sec) Q: 0, Sets: 4/6  (25.0%) CEs: 0 ETA: 0.6 sec (expected 16 stars)   

Total Stars: 7 (2 exact, 5 approx)
Unfinished Stars: 0
Runtime: 0.2 sec
Completed work frac: 1.0
Num Stars Copied Between Processes: 0
Num Lps During Enumeration: 72
Total Num Lps: 72

Result: network is SAFE

[NNENUM] Result: 
<nnenum.result.Result object at 0x7159136ee340>
[NNENUM] Enumeration finished.
safe
[NNENUM] Found counter-example stars: 0
[NNENUM] Filtering result using SMT solver...
[SMT] SMT filtered out 0 stars (out of 0; TO: 0).
[QUERY] Looking for nonlinear input combinations...
[QUERY] Found all non-linear combinations. Count: 1
[QUERY] Returning nonlinear disjunction
[CTRL] Considering conjunction with 42 input constraints and a disjunction of size 5
[APPROX] Checking cache: SNNT.Approx.ApproxCacheObject[]
[APPROX] Constructing Approximation
[APPROX] Resolving approximation
[CTRL] Initiating iterator over current linear queries
[APPROX] # Conjunctions over output: 5
[CTRL] Processing linear query no. 327
[NNENUM] Running nnenum now...
[NNENUM] lb: [0.0062499999999999995, -0.18296763576522218, 5.000000171712609e-6, 0.075, -0.005, -0.005, -0.005, -0.005, -0.005, -0.005, -0.005, -0.005, -0.005]
[NNENUM] ub: [0.5, -0.125, 5.000000171712609e-6, 0.5, 0.004999999999999999, 0.004999999999999999, 0.004999999999999999, 0.004999999999999999, 0.004999999999999999, 0.004999999999999999, 0.004999999999999999, 0.004999999999999999, 0.004999999999999999]
[NNENUM] Creating LP Star...
[NNENUM] Checking feasibility
[NNENUM] Generating output Spec...
[NNENUM] Spec list length:  5
[NNENUM] Enumeration in progress... 
(0.0 sec) Q: 0, Sets: 0/1  (0.0%) CEs: 0 ETA: - (expected 1 stars)   
(0.2 sec) Q: 0, Sets: 0/2  (0.0%) CEs: 0 ETA: - (expected 1 stars)   

Total Stars: 5 (3 exact, 2 approx)
Unfinished Stars: 0
Runtime: 0.3 sec
Completed work frac: 1.0
Num Stars Copied Between Processes: 0
Num Lps During Enumeration: 166
Total Num Lps: 166

Result: network is SAFE

[NNENUM] Result: 
<nnenum.result.Result object at 0x7159136fed30>
[NNENUM] Enumeration finished.
safe
[NNENUM] Found counter-example stars: 0
[NNENUM] Filtering result using SMT solver...
[SMT] SMT filtered out 0 stars (out of 0; TO: 0).
[QUERY] Looking for nonlinear input combinations...
[QUERY] Found all non-linear combinations. Count: 1
[QUERY] Returning nonlinear disjunction
[CTRL] Considering conjunction with 42 input constraints and a disjunction of size 5
[APPROX] Checking cache: SNNT.Approx.ApproxCacheObject[]
[APPROX] Constructing Approximation
[APPROX] Resolving approximation
[CTRL] Initiating iterator over current linear queries
[APPROX] # Conjunctions over output: 5
[CTRL] Processing linear query no. 328
[NNENUM] Running nnenum now...
[NNENUM] lb: [0.0062499999999999995, -0.18296763576522218, 5.000000171712609e-6, 0.075, -0.005, -0.005, -0.005, -0.005, -0.005, -0.005, -0.005, -0.005, -0.005]
[NNENUM] ub: [0.5, -0.125, 5.000000171712609e-6, 0.5, 0.004999999999999999, 0.004999999999999999, 0.004999999999999999, 0.004999999999999999, 0.004999999999999999, 0.004999999999999999, 0.004999999999999999, 0.004999999999999999, 0.004999999999999999]
[NNENUM] Creating LP Star...
[NNENUM] Checking feasibility
[NNENUM] Generating output Spec...
[NNENUM] Spec list length:  5
[NNENUM] Enumeration in progress... 
(0.0 sec) Q: 0, Sets: 0/1  (0.0%) CEs: 0 ETA: - (expected 1 stars)   

Total Stars: 4 (3 exact, 1 approx)
Unfinished Stars: 0
Runtime: 0.1 sec
Completed work frac: 1.0
Num Stars Copied Between Processes: 0
Num Lps During Enumeration: 109
Total Num Lps: 109

Result: network is SAFE

[NNENUM] Result: 
<nnenum.result.Result object at 0x7159136cdb80>
[NNENUM] Enumeration finished.
safe
[NNENUM] Found counter-example stars: 0
[NNENUM] Filtering result using SMT solver...
[SMT] SMT filtered out 0 stars (out of 0; TO: 0).
[QUERY] Looking for nonlinear input combinations...
[QUERY] Found all non-linear combinations. Count: 1
[QUERY] Returning nonlinear disjunction
[CTRL] Considering conjunction with 42 input constraints and a disjunction of size 5
[APPROX] Checking cache: SNNT.Approx.ApproxCacheObject[]
[APPROX] Constructing Approximation
[APPROX] Resolving approximation
[CTRL] Initiating iterator over current linear queries
[APPROX] # Conjunctions over output: 5
[CTRL] Processing linear query no. 329
[NNENUM] Running nnenum now...
[NNENUM] lb: [0.0062499999999999995, -0.33623147889292704, 5.000000171712609e-6, 0.075, -0.005, -0.005, -0.005, -0.005, -0.005, -0.005, -0.005, -0.005, -0.005]
[NNENUM] ub: [0.5, -0.18296763576522218, 5.000000171712609e-6, 0.5, 0.004999999999999999, 0.004999999999999999, 0.004999999999999999, 0.004999999999999999, 0.004999999999999999, 0.004999999999999999, 0.004999999999999999, 0.004999999999999999, 0.004999999999999999]
[NNENUM] Creating LP Star...
[NNENUM] Checking feasibility
[NNENUM] Generating output Spec...
[NNENUM] Spec list length:  5
[NNENUM] Enumeration in progress... 
(0.1 sec) Q: 0, Sets: 0/1  (0.0%) CEs: 0 ETA: - (expected 1 stars)   
(0.2 sec) Q: 0, Sets: 0/2  (0.0%) CEs: 0 ETA: - (expected 1 stars)   
(0.3 sec) Q: 0, Sets: 6/8  (84.375%) CEs: 0 ETA: 0.1 sec (expected 7 stars)   
Total Stars: 8 (3 exact, 5 approx)
Unfinished Stars: 0
Runtime: 0.3 sec
Completed work frac: 1.0
Num Stars Copied Between Processes: 0
Num Lps During Enumeration: 142
Total Num Lps: 142

Result: network is SAFE

[NNENUM] Result: 
<nnenum.result.Result object at 0x71593407b5b0>
[NNENUM] Enumeration finished.
safe
[NNENUM] Found counter-example stars: 0
[NNENUM] Filtering result using SMT solver...
[SMT] SMT filtered out 0 stars (out of 0; TO: 0).
[QUERY] Looking for nonlinear input combinations...
[QUERY] Found all non-linear combinations. Count: 2
[QUERY] Returning nonlinear disjunction
[CTRL] Considering conjunction with 42 input constraints and a disjunction of size 5
[APPROX] Checking cache: SNNT.Approx.ApproxCacheObject[]
[APPROX] Constructing Approximation
[APPROX] Resolving approximation
[CTRL] Initiating iterator over current linear queries
[APPROX] # Conjunctions over output: 5
[CTRL] Processing linear query no. 330
[NNENUM] Running nnenum now...
[NNENUM] lb: [0.0062499999999999995, -0.33623147889292704, 5.000000171712609e-6, 0.075, -0.005, -0.005, -0.005, -0.005, -0.005, -0.005, -0.005, -0.005, -0.005]
[NNENUM] ub: [0.5, -0.18296763576522218, 5.000000171712609e-6, 0.5, 0.004999999999999999, 0.004999999999999999, 0.004999999999999999, 0.004999999999999999, 0.004999999999999999, 0.004999999999999999, 0.004999999999999999, 0.004999999999999999, 0.004999999999999999]
[NNENUM] Creating LP Star...
[NNENUM] Checking feasibility
[NNENUM] Generating output Spec...
[NNENUM] Spec list length:  5
[NNENUM] Enumeration in progress... 
(0.2 sec) Q: 0, Sets: 0/1  (0.0%) CEs: 0 ETA: - (expected 1 stars)   

Total Stars: 3 (1 exact, 2 approx)
Unfinished Stars: 0
Runtime: 0.2 sec
Completed work frac: 1.0
Num Stars Copied Between Processes: 0
Num Lps During Enumeration: 138
Total Num Lps: 138

Result: network is SAFE

[NNENUM] Result: 
<nnenum.result.Result object at 0x7159136ee400>
[NNENUM] Enumeration finished.
safe
[NNENUM] Found counter-example stars: 0
[NNENUM] Filtering result using SMT solver...
[SMT] SMT filtered out 0 stars (out of 0; TO: 0).
[QUERY] Looking for nonlinear input combinations...
[QUERY] Found all non-linear combinations. Count: 2
[QUERY] Returning nonlinear disjunction
[CTRL] Considering conjunction with 42 input constraints and a disjunction of size 5
[APPROX] Checking cache: SNNT.Approx.ApproxCacheObject[]
[APPROX] Constructing Approximation
[APPROX] Resolving approximation
[CTRL] Initiating iterator over current linear queries
[APPROX] # Conjunctions over output: 5
[CTRL] Processing linear query no. 331
[NNENUM] Running nnenum now...
[NNENUM] lb: [0.0062499999999999995, -0.33623147889292704, 5.000000171712609e-6, 0.075, -0.005, -0.005, -0.005, -0.005, -0.005, -0.005, -0.005, -0.005, -0.005]
[NNENUM] ub: [0.5, -0.18296763576522218, 5.000000171712609e-6, 0.5, 0.004999999999999999, 0.004999999999999999, 0.004999999999999999, 0.004999999999999999, 0.004999999999999999, 0.004999999999999999, 0.004999999999999999, 0.004999999999999999, 0.004999999999999999]

[406912] signal (2): Unterbrechung
in expression starting at /home/samuel/Dokumente/Projects/CPS/NN-Safety-via-dL/repos/NCubeV-Reinstall/src/cli.jl:3
_ZNK11onnxruntime11GraphViewer7GetNodeEm at /home/samuel/.julia/conda/3/lib/python3.8/site-packages/onnxruntime/capi/onnxruntime_pybind11_state.cpython-38-x86_64-linux-gnu.so (unknown line)
_ZN11onnxruntime18SequentialExecutor7ExecuteERKNS_12SessionStateERKSt6vectorIiSaIiEERKS4_I8OrtValueSaIS9_EES8_RSB_RKSt13unordered_mapImSt8functionIFNS_6common6StatusERKNS_11TensorShapeERK13OrtMemoryInfoRS9_RbEESt4hashImESt8equal_toImESaISt4pairIKmSS_EEERKNS_7logging6LoggerE at /home/samuel/.julia/conda/3/lib/python3.8/site-packages/onnxruntime/capi/onnxruntime_pybind11_state.cpython-38-x86_64-linux-gnu.so (unknown line)
_ZN11onnxruntime5utilsL16ExecuteGraphImplERKNS_12SessionStateERKNS_19FeedsFetchesManagerERKSt6vectorI8OrtValueSaIS8_EERSA_RKSt13unordered_mapImSt8functionIFNS_6common6StatusERKNS_11TensorShapeERK13OrtMemoryInfoRS8_RbEESt4hashImESt8equal_toImESaISt4pairIKmSR_EEE13ExecutionModeRKbRKNS_7logging6LoggerEb.lto_priv.5622 at /home/samuel/.julia/conda/3/lib/python3.8/site-packages/onnxruntime/capi/onnxruntime_pybind11_state.cpython-38-x86_64-linux-gnu.so (unknown line)
_ZN11onnxruntime16InferenceSession3RunERK13OrtRunOptionsRKSt6vectorINSt7__cxx1112basic_stringIcSt11char_traitsIcESaIcEEESaISA_EERKS4_I8OrtValueSaISF_EESE_PSH_PKS4_I9OrtDeviceSaISL_EE at /home/samuel/.julia/conda/3/lib/python3.8/site-packages/onnxruntime/capi/onnxruntime_pybind11_state.cpython-38-x86_64-linux-gnu.so (unknown line)
_ZN11onnxruntime16InferenceSession3RunERK13OrtRunOptionsRKSt13unordered_mapINSt7__cxx1112basic_stringIcSt11char_traitsIcESaIcEEE8OrtValueSt4hashISA_ESt8equal_toISA_ESaISt4pairIKSA_SB_EEERKSt6vectorISA_SaISA_EEPSN_ISB_SaISB_EE at /home/samuel/.julia/conda/3/lib/python3.8/site-packages/onnxruntime/capi/onnxruntime_pybind11_state.cpython-38-x86_64-linux-gnu.so (unknown line)
_ZZN8pybind1112cpp_function10initializeIZN11onnxruntime6python16addObjectMethodsERNS_7module_ERNS2_11EnvironmentESt8functionIFvPNS2_16InferenceSessionERKSt6vectorINSt7__cxx1112basic_stringIcSt11char_traitsIcESaIcEEESaISH_EERKSt13unordered_mapISH_SM_ISH_SH_St4hashISH_ESt8equal_toISH_ESaISt4pairIKSH_SH_EEESO_SQ_SaISR_ISS_SV_EEEEEEUlPNS3_18PyInferenceSessionESJ_St3mapISH_NS_6objectESt4lessISH_ESaISR_ISS_S16_EEEP13OrtRunOptionsE24_SB_IS16_SaIS16_EEJS14_SJ_S1B_S1D_EJNS_4nameENS_9is_methodENS_7siblingEEEEvOT_PFT0_DpT1_EDpRKT2_ENUlRNS_6detail13function_callEE1_4_FUNES1X_ at /home/samuel/.julia/conda/3/lib/python3.8/site-packages/onnxruntime/capi/onnxruntime_pybind11_state.cpython-38-x86_64-linux-gnu.so (unknown line)
_ZN8pybind1112cpp_function10dispatcherEP7_objectS2_S2_ at /home/samuel/.julia/conda/3/lib/python3.8/site-packages/onnxruntime/capi/onnxruntime_pybind11_state.cpython-38-x86_64-linux-gnu.so (unknown line)
cfunction_call_varargs at /usr/local/src/conda/python-3.8.16/Objects/call.c:743 [inlined]
PyCFunction_Call at /usr/local/src/conda/python-3.8.16/Objects/call.c:773
_PyObject_MakeTpCall at /usr/local/src/conda/python-3.8.16/Objects/call.c:159
_PyObject_Vectorcall at /usr/local/src/conda/python-3.8.16/Include/cpython/abstract.h:125 [inlined]
_PyObject_Vectorcall at /usr/local/src/conda/python-3.8.16/Include/cpython/abstract.h:115 [inlined]
method_vectorcall at /usr/local/src/conda/python-3.8.16/Objects/classobject.c:60
_PyObject_Vectorcall at /usr/local/src/conda/python-3.8.16/Include/cpython/abstract.h:127 [inlined]
call_function at /usr/local/src/conda/python-3.8.16/Python/ceval.c:4963 [inlined]
_PyEval_EvalFrameDefault at /usr/local/src/conda/python-3.8.16/Python/ceval.c:3469
_PyEval_EvalCodeWithName at /usr/local/src/conda/python-3.8.16/Python/ceval.c:4298
_PyFunction_Vectorcall at /usr/local/src/conda/python-3.8.16/Objects/call.c:436
_PyObject_Vectorcall at /usr/local/src/conda/python-3.8.16/Include/cpython/abstract.h:127 [inlined]
call_function at /usr/local/src/conda/python-3.8.16/Python/ceval.c:4963 [inlined]
_PyEval_EvalFrameDefault at /usr/local/src/conda/python-3.8.16/Python/ceval.c:3486
function_code_fastcall at /usr/local/src/conda/python-3.8.16/Objects/call.c:284 [inlined]
_PyFunction_Vectorcall at /usr/local/src/conda/python-3.8.16/Objects/call.c:411
_PyObject_Vectorcall at /usr/local/src/conda/python-3.8.16/Include/cpython/abstract.h:127 [inlined]
call_function at /usr/local/src/conda/python-3.8.16/Python/ceval.c:4963 [inlined]
_PyEval_EvalFrameDefault at /usr/local/src/conda/python-3.8.16/Python/ceval.c:3486
function_code_fastcall at /usr/local/src/conda/python-3.8.16/Objects/call.c:284 [inlined]
_PyFunction_Vectorcall at /usr/local/src/conda/python-3.8.16/Objects/call.c:411
_PyObject_Vectorcall at /usr/local/src/conda/python-3.8.16/Include/cpython/abstract.h:127 [inlined]
call_function at /usr/local/src/conda/python-3.8.16/Python/ceval.c:4963 [inlined]
_PyEval_EvalFrameDefault at /usr/local/src/conda/python-3.8.16/Python/ceval.c:3486
function_code_fastcall at /usr/local/src/conda/python-3.8.16/Objects/call.c:284 [inlined]
_PyFunction_Vectorcall at /usr/local/src/conda/python-3.8.16/Objects/call.c:411
_PyObject_Vectorcall at /usr/local/src/conda/python-3.8.16/Include/cpython/abstract.h:127 [inlined]
call_function at /usr/local/src/conda/python-3.8.16/Python/ceval.c:4963 [inlined]
_PyEval_EvalFrameDefault at /usr/local/src/conda/python-3.8.16/Python/ceval.c:3486
_PyEval_EvalCodeWithName at /usr/local/src/conda/python-3.8.16/Python/ceval.c:4298
_PyFunction_Vectorcall at /usr/local/src/conda/python-3.8.16/Objects/call.c:436
_PyObject_Vectorcall at /usr/local/src/conda/python-3.8.16/Include/cpython/abstract.h:127 [inlined]
call_function at /usr/local/src/conda/python-3.8.16/Python/ceval.c:4963 [inlined]
_PyEval_EvalFrameDefault at /usr/local/src/conda/python-3.8.16/Python/ceval.c:3500
_PyEval_EvalCodeWithName at /usr/local/src/conda/python-3.8.16/Python/ceval.c:4298
_PyFunction_Vectorcall at /usr/local/src/conda/python-3.8.16/Objects/call.c:436
_PyObject_Vectorcall at /usr/local/src/conda/python-3.8.16/Include/cpython/abstract.h:127 [inlined]
call_function at /usr/local/src/conda/python-3.8.16/Python/ceval.c:4963 [inlined]
_PyEval_EvalFrameDefault at /usr/local/src/conda/python-3.8.16/Python/ceval.c:3515
_PyEval_EvalCodeWithName at /usr/local/src/conda/python-3.8.16/Python/ceval.c:4298
_PyFunction_Vectorcall at /usr/local/src/conda/python-3.8.16/Objects/call.c:436
_PyObject_Vectorcall at /usr/local/src/conda/python-3.8.16/Include/cpython/abstract.h:127 [inlined]
call_function at /usr/local/src/conda/python-3.8.16/Python/ceval.c:4963 [inlined]
_PyEval_EvalFrameDefault at /usr/local/src/conda/python-3.8.16/Python/ceval.c:3486
gen_send_ex at /usr/local/src/conda/python-3.8.16/Objects/genobject.c:222 [inlined]
gen_iternext at /usr/local/src/conda/python-3.8.16/Objects/genobject.c:543
_PyEval_EvalFrameDefault at /usr/local/src/conda/python-3.8.16/Python/ceval.c:3202
gen_send_ex at /usr/local/src/conda/python-3.8.16/Objects/genobject.c:222 [inlined]
gen_iternext at /usr/local/src/conda/python-3.8.16/Objects/genobject.c:543
_PyEval_EvalFrameDefault at /usr/local/src/conda/python-3.8.16/Python/ceval.c:3202
gen_send_ex at /usr/local/src/conda/python-3.8.16/Objects/genobject.c:222 [inlined]
gen_iternext at /usr/local/src/conda/python-3.8.16/Objects/genobject.c:543 [inlined]
builtin_next at /usr/local/src/conda/python-3.8.16/Python/bltinmodule.c:1381
cfunction_vectorcall_FASTCALL at /usr/local/src/conda/python-3.8.16/Objects/methodobject.c:426
_PyObject_Vectorcall at /usr/local/src/conda/python-3.8.16/Include/cpython/abstract.h:127 [inlined]
call_function at /usr/local/src/conda/python-3.8.16/Python/ceval.c:4963 [inlined]
_PyEval_EvalFrameDefault at /usr/local/src/conda/python-3.8.16/Python/ceval.c:3500
gen_send_ex at /usr/local/src/conda/python-3.8.16/Objects/genobject.c:222 [inlined]
gen_iternext at /usr/local/src/conda/python-3.8.16/Objects/genobject.c:543
PyIter_Next at /usr/local/src/conda/python-3.8.16/Objects/abstract.c:2612
#40 at /home/samuel/.julia/packages/PyCall/twYvK/src/pyiterator.jl:10 [inlined]
disable_sigint at ./c.jl:473
_start at /home/samuel/.julia/packages/PyCall/twYvK/src/pyiterator.jl:8 [inlined]
iterate at /home/samuel/.julia/packages/PyCall/twYvK/src/pyiterator.jl:85
unknown function (ip: 0x715913156f72)
_jl_invoke at /cache/build/default-amdci5-5/julialang/julia-release-1-dot-9/src/gf.c:2758 [inlined]
ijl_apply_generic at /cache/build/default-amdci5-5/julialang/julia-release-1-dot-9/src/gf.c:2940
verify_enumerative at /home/samuel/Dokumente/Projects/CPS/NN-Safety-via-dL/repos/NCubeV-Reinstall/src/Verifiers/NNEnum.jl:163
verify_enumerative_filtered at /home/samuel/Dokumente/Projects/CPS/NN-Safety-via-dL/repos/NCubeV-Reinstall/src/Verifiers/NNEnum.jl:172
unknown function (ip: 0x71591314f2df)
_jl_invoke at /cache/build/default-amdci5-5/julialang/julia-release-1-dot-9/src/gf.c:2758 [inlined]
ijl_apply_generic at /cache/build/default-amdci5-5/julialang/julia-release-1-dot-9/src/gf.c:2940
macro expansion at /home/samuel/Dokumente/Projects/CPS/NN-Safety-via-dL/repos/NCubeV-Reinstall/src/Cmd/Main.jl:116 [inlined]
macro expansion at /home/samuel/.julia/packages/TimerOutputs/LHjFw/src/TimerOutput.jl:237 [inlined]
#4 at /home/samuel/Dokumente/Projects/CPS/NN-Safety-via-dL/repos/NCubeV-Reinstall/src/Cmd/Main.jl:115
unknown function (ip: 0x715913149112)
_jl_invoke at /cache/build/default-amdci5-5/julialang/julia-release-1-dot-9/src/gf.c:2758 [inlined]
ijl_apply_generic at /cache/build/default-amdci5-5/julialang/julia-release-1-dot-9/src/gf.c:2940
macro expansion at /home/samuel/Dokumente/Projects/CPS/NN-Safety-via-dL/repos/NCubeV-Reinstall/src/Control/Processing.jl:70 [inlined]
macro expansion at /home/samuel/.julia/packages/TimerOutputs/LHjFw/src/TimerOutput.jl:237 [inlined]
#2 at /home/samuel/Dokumente/Projects/CPS/NN-Safety-via-dL/repos/NCubeV-Reinstall/src/Control/Processing.jl:67
#smt_context#6 at /home/samuel/Dokumente/Projects/CPS/NN-Safety-via-dL/repos/NCubeV-Reinstall/src/SMTInterface/Base.jl:12
unknown function (ip: 0x7159137ef4c3)
_jl_invoke at /cache/build/default-amdci5-5/julialang/julia-release-1-dot-9/src/gf.c:2758 [inlined]
ijl_apply_generic at /cache/build/default-amdci5-5/julialang/julia-release-1-dot-9/src/gf.c:2940
smt_context at /home/samuel/Dokumente/Projects/CPS/NN-Safety-via-dL/repos/NCubeV-Reinstall/src/SMTInterface/Base.jl:1
macro expansion at /home/samuel/Dokumente/Projects/CPS/NN-Safety-via-dL/repos/NCubeV-Reinstall/src/Control/Processing.jl:43 [inlined]
macro expansion at /home/samuel/.julia/packages/TimerOutputs/LHjFw/src/TimerOutput.jl:237 [inlined]
#run_query#1 at /home/samuel/Dokumente/Projects/CPS/NN-Safety-via-dL/repos/NCubeV-Reinstall/src/Control/Processing.jl:41
unknown function (ip: 0x715913d95618)
_jl_invoke at /cache/build/default-amdci5-5/julialang/julia-release-1-dot-9/src/gf.c:2758 [inlined]
ijl_apply_generic at /cache/build/default-amdci5-5/julialang/julia-release-1-dot-9/src/gf.c:2940
run_query at /home/samuel/Dokumente/Projects/CPS/NN-Safety-via-dL/repos/NCubeV-Reinstall/src/Control/Processing.jl:26
unknown function (ip: 0x715913d76a0c)
_jl_invoke at /cache/build/default-amdci5-5/julialang/julia-release-1-dot-9/src/gf.c:2758 [inlined]
ijl_apply_generic at /cache/build/default-amdci5-5/julialang/julia-release-1-dot-9/src/gf.c:2940
#3 at /home/samuel/Dokumente/Projects/CPS/NN-Safety-via-dL/repos/NCubeV-Reinstall/src/Cmd/Main.jl:113
#smt_context#6 at /home/samuel/Dokumente/Projects/CPS/NN-Safety-via-dL/repos/NCubeV-Reinstall/src/SMTInterface/Base.jl:12
unknown function (ip: 0x715913d767d3)
_jl_invoke at /cache/build/default-amdci5-5/julialang/julia-release-1-dot-9/src/gf.c:2758 [inlined]
ijl_apply_generic at /cache/build/default-amdci5-5/julialang/julia-release-1-dot-9/src/gf.c:2940
smt_context at /home/samuel/Dokumente/Projects/CPS/NN-Safety-via-dL/repos/NCubeV-Reinstall/src/SMTInterface/Base.jl:1
unknown function (ip: 0x715913d76180)
_jl_invoke at /cache/build/default-amdci5-5/julialang/julia-release-1-dot-9/src/gf.c:2758 [inlined]
ijl_apply_generic at /cache/build/default-amdci5-5/julialang/julia-release-1-dot-9/src/gf.c:2940
run_internal at /home/samuel/Dokumente/Projects/CPS/NN-Safety-via-dL/repos/NCubeV-Reinstall/src/Cmd/Main.jl:112
unknown function (ip: 0x71594914bf22)
_jl_invoke at /cache/build/default-amdci5-5/julialang/julia-release-1-dot-9/src/gf.c:2758 [inlined]
ijl_apply_generic at /cache/build/default-amdci5-5/julialang/julia-release-1-dot-9/src/gf.c:2940
macro expansion at ./timing.jl:273 [inlined]
run_cmd at /home/samuel/Dokumente/Projects/CPS/NN-Safety-via-dL/repos/NCubeV-Reinstall/src/Cmd/Main.jl:130
unknown function (ip: 0x715949136902)
_jl_invoke at /cache/build/default-amdci5-5/julialang/julia-release-1-dot-9/src/gf.c:2758 [inlined]
ijl_apply_generic at /cache/build/default-amdci5-5/julialang/julia-release-1-dot-9/src/gf.c:2940
jl_apply at /cache/build/default-amdci5-5/julialang/julia-release-1-dot-9/src/julia.h:1880 [inlined]
do_call at /cache/build/default-amdci5-5/julialang/julia-release-1-dot-9/src/interpreter.c:126
eval_value at /cache/build/default-amdci5-5/julialang/julia-release-1-dot-9/src/interpreter.c:226
eval_stmt_value at /cache/build/default-amdci5-5/julialang/julia-release-1-dot-9/src/interpreter.c:177 [inlined]
eval_body at /cache/build/default-amdci5-5/julialang/julia-release-1-dot-9/src/interpreter.c:624
jl_interpret_toplevel_thunk at /cache/build/default-amdci5-5/julialang/julia-release-1-dot-9/src/interpreter.c:762
jl_toplevel_eval_flex at /cache/build/default-amdci5-5/julialang/julia-release-1-dot-9/src/toplevel.c:912
jl_toplevel_eval_flex at /cache/build/default-amdci5-5/julialang/julia-release-1-dot-9/src/toplevel.c:856
ijl_toplevel_eval_in at /cache/build/default-amdci5-5/julialang/julia-release-1-dot-9/src/toplevel.c:971
eval at ./boot.jl:370 [inlined]
include_string at ./loading.jl:1903
_jl_invoke at /cache/build/default-amdci5-5/julialang/julia-release-1-dot-9/src/gf.c:2758 [inlined]
ijl_apply_generic at /cache/build/default-amdci5-5/julialang/julia-release-1-dot-9/src/gf.c:2940
_include at ./loading.jl:1963
include at ./Base.jl:457
jfptr_include_35036.clone_1 at /home/samuel/Software/julia-1.9.2/lib/julia/sys.so (unknown line)
_jl_invoke at /cache/build/default-amdci5-5/julialang/julia-release-1-dot-9/src/gf.c:2758 [inlined]
ijl_apply_generic at /cache/build/default-amdci5-5/julialang/julia-release-1-dot-9/src/gf.c:2940
exec_options at ./client.jl:307
_start at ./client.jl:522
jfptr__start_40034.clone_1 at /home/samuel/Software/julia-1.9.2/lib/julia/sys.so (unknown line)
_jl_invoke at /cache/build/default-amdci5-5/julialang/julia-release-1-dot-9/src/gf.c:2758 [inlined]
ijl_apply_generic at /cache/build/default-amdci5-5/julialang/julia-release-1-dot-9/src/gf.c:2940
jl_apply at /cache/build/default-amdci5-5/julialang/julia-release-1-dot-9/src/julia.h:1880 [inlined]
true_main at /cache/build/default-amdci5-5/julialang/julia-release-1-dot-9/src/jlapi.c:573
jl_repl_entrypoint at /cache/build/default-amdci5-5/julialang/julia-release-1-dot-9/src/jlapi.c:717
main at julia (unknown line)
unknown function (ip: 0x71594fc29d8f)
__libc_start_main at /lib/x86_64-linux-gnu/libc.so.6 (unknown line)
unknown function (ip: 0x4010b8)
unknown function (ip: (nil))
Allocations: 651436828 (Pool: 651303295; Big: 133533); GC: 678

[406912] signal (11.1): Speicherzugriffsfehler
in expression starting at /home/samuel/Dokumente/Projects/CPS/NN-Safety-via-dL/repos/NCubeV-Reinstall/src/cli.jl:3
PyImport_GetModuleDict at /usr/local/src/conda/python-3.8.16/Python/import.c:314
PyImport_GetModule at /usr/local/src/conda/python-3.8.16/Python/import.c:360
wait_for_thread_shutdown at /usr/local/src/conda/python-3.8.16/Python/pylifecycle.c:2248
Py_FinalizeEx at /usr/local/src/conda/python-3.8.16/Python/pylifecycle.c:1163
Py_Finalize at /home/samuel/.julia/packages/PyCall/twYvK/src/pyinit.jl:125
jfptr_Py_Finalize_2486 at /home/samuel/.julia/compiled/v1.9/PyCall/GkzkC_UCvA9.so (unknown line)
_jl_invoke at /cache/build/default-amdci5-5/julialang/julia-release-1-dot-9/src/gf.c:2758 [inlined]
ijl_apply_generic at /cache/build/default-amdci5-5/julialang/julia-release-1-dot-9/src/gf.c:2940
_atexit at ./initdefs.jl:416
jfptr__atexit_46096.clone_1 at /home/samuel/Software/julia-1.9.2/lib/julia/sys.so (unknown line)
_jl_invoke at /cache/build/default-amdci5-5/julialang/julia-release-1-dot-9/src/gf.c:2758 [inlined]
ijl_apply_generic at /cache/build/default-amdci5-5/julialang/julia-release-1-dot-9/src/gf.c:2940
jl_apply at /cache/build/default-amdci5-5/julialang/julia-release-1-dot-9/src/julia.h:1880 [inlined]
ijl_atexit_hook at /cache/build/default-amdci5-5/julialang/julia-release-1-dot-9/src/init.c:280
jl_exit_thread0_cb at /cache/build/default-amdci5-5/julialang/julia-release-1-dot-9/src/signals-unix.c:470
Allocations: 651436828 (Pool: 651303295; Big: 133533); GC: 678
