[CMD] Using SMT solver: Z3
[CMD] Parsed initial query: SNNT.AST.Query(((-16000.0*x1<=8000.0&16000.0*x1<=8000.0&-40.0*x4<=14.0&40.0*x4<=20.0&-200.0*x2<=100.0&200.0*x2<=100.0&-200.0*x3<=0.0&200.0*x3<=0.0&1.0*x5<=0.1&-1.0*x5<=0.1&1.0*x6<=0.1&-1.0*x6<=0.1&1.0*x7<=0.1&-1.0*x7<=0.1&1.0*x8<=0.1&-1.0*x8<=0.1&1.0*x9<=0.1&-1.0*x9<=0.1&1.0*x10<=0.1&-1.0*x10<=0.1&1.0*x11<=0.1&-1.0*x11<=0.1&1.0*x12<=0.1&-1.0*x12<=0.1&1.0*x13<=0.1&-1.0*x13<=0.1&1.0*x14<=100.0&1.0*x15<=100.0&1.0*x16<=100.0&1.0*x17<=100.0&1.0*x18<=100.0&1.0*x19<=100.0&1.0*x20<=100.0&1.0*x21<=100.0&1.0*x22<=100.0&-1.0*x14<=100.0&-1.0*x15<=100.0&-1.0*x16<=100.0&-1.0*x17<=100.0&-1.0*x18<=100.0&-1.0*x19<=100.0&-1.0*x20<=100.0&-1.0*x21<=100.0&-1.0*x22<=100.0&!(isMax((nnCOCpostNN+err1),(nnCOCpostNN+err1),(nnDNCpostNN+err2),(nnDNDpostNN+err3),(nnDES1500postNN+err4),(nnCLI1500postNN+err5),(nnSDES1500postNN+err6),(err7+nnSCLI1500postNN),(nnSDES2500postNN+err8),(err9+nnSCL2500postNN)))&((-88000.0*x4<=45000.0&0.62*x21.0*x4<-0.51&200.0*x2<0.0)->(-0.09894854080578513+hNet+(-0.41144318181818185*tNMACNet)+(-0.25568181818181823*vONet)+(-0.40230000000000005*(tNMACNet^2.0))+(-0.5*tNMACNet*vONet))<0.0)&((((-88000.0*x4<=45000.0&-200.0*x2<=0.0)|(-0.62*x2-1.0*x4<=0.51&200.0*x2<0.0))&((88000.0*x4<=-44000.0&-200.0*x2<=0.0)|(0.62*x21.0*x4<=-0.5&200.0*x2<0.0)))->((16000.0*x1<-100.0&-200.0*x2<=0.0)|((100.0+(16000.0*hNet)+(-2485.707183693761*(vONet^2.0)))<0.0&200.0*x2<0.0)))&((((-88000.0*x4<44000.0&-200.0*x2<=0.0)|(-0.62*x2-1.0*x4<0.5&200.0*x2<0.0))&((88000.0*x4<=-44000.0&-200.0*x2<=0.0)|(0.62*x21.0*x4<=-0.5&200.0*x2<0.0)))->(-0.094325+hNet+(-0.40230000000000005*tNMACNet)+(-0.25*vONet)+(-0.40230000000000005*(tNMACNet^2.0))+(-0.5*tNMACNet*vONet))<0.0)&(((-88000.0*x4<44000.0&-200.0*x2<=0.0)|(-0.62*x2-1.0*x4<0.5&200.0*x2<0.0))->((3.52e7*x1<-220000.0&-200.0*x2<=0.0)|((0.0062499999999999995+hNet+(0.15535669898086005*(vONet^2.0)))<0.0&200.0*x2<0.0))))->((isMax((nnDNCpostNN+err2),(nnCOCpostNN+err1),(nnDNCpostNN+err2),(nnDNDpostNN+err3),(nnDES1500postNN+err4),(nnCLI1500postNN+err5),(nnSDES1500postNN+err6),(err7+nnSCLI1500postNN),(nnSDES2500postNN+err8),(err9+nnSCL2500postNN))&((-88000.0*x4<=45000.0&-0.62*x21.0*x4<-0.51&-200.0*x2<0.0)->(-0.09894854080578513+(-0.41144318181818185*tNMACNet)+(-1.0*hNet)+(0.2556818181818182*vONet)+(-0.40230000000000005*(tNMACNet^2.0))+(0.5*tNMACNet*vONet))<0.0)&((((-88000.0*x4<=45000.0&200.0*x2<=0.0)|(0.62*x2-1.0*x4<=0.51&-200.0*x2<0.0))&((88000.0*x4<=-44000.0&200.0*x2<=0.0)|(-0.62*x21.0*x4<=-0.5&-200.0*x2<0.0)))->((-16000.0*x1<-100.0&200.0*x2<=0.0)|((100.0+(-16000.0*hNet)+(-2485.707183693761*(vONet^2.0)))<0.0&-200.0*x2<0.0)))&((((-88000.0*x4<44000.0&200.0*x2<=0.0)|(0.62*x2-1.0*x4<0.5&-200.0*x2<0.0))&((88000.0*x4<=-44000.0&200.0*x2<=0.0)|(-0.62*x21.0*x4<=-0.5&-200.0*x2<0.0)))->(-0.094325+(-0.40230000000000005*tNMACNet)+(-1.0*hNet)+(0.25*vONet)+(-0.40230000000000005*(tNMACNet^2.0))+(0.5*tNMACNet*vONet))<0.0)&(((-88000.0*x4<44000.0&200.0*x2<=0.0)|(0.62*x2-1.0*x4<0.5&-200.0*x2<0.0))->((-3.52e7*x1<-220000.0&200.0*x2<=0.0)|((0.0062499999999999995+(-1.0*hNet)+(0.15535669898086005*(vONet^2.0)))<0.0&-200.0*x2<0.0))))|(isMax((nnDNDpostNN+err3),(nnCOCpostNN+err1),(nnDNCpostNN+err2),(nnDNDpostNN+err3),(nnDES1500postNN+err4),(nnCLI1500postNN+err5),(nnSDES1500postNN+err6),(err7+nnSCLI1500postNN),(nnSDES2500postNN+err8),(err9+nnSCL2500postNN))&((-88000.0*x4<=45000.0&0.62*x21.0*x4<-0.51&200.0*x2<0.0)->(-0.09894854080578513+hNet+(-0.41144318181818185*tNMACNet)+(-0.25568181818181823*vONet)+(-0.40230000000000005*(tNMACNet^2.0))+(-0.5*tNMACNet*vONet))<0.0)&((((-88000.0*x4<=45000.0&-200.0*x2<=0.0)|(-0.62*x2-1.0*x4<=0.51&200.0*x2<0.0))&((88000.0*x4<=-44000.0&-200.0*x2<=0.0)|(0.62*x21.0*x4<=-0.5&200.0*x2<0.0)))->((16000.0*x1<-100.0&-200.0*x2<=0.0)|((100.0+(16000.0*hNet)+(-2485.707183693761*(vONet^2.0)))<0.0&200.0*x2<0.0)))&((((-88000.0*x4<44000.0&-200.0*x2<=0.0)|(-0.62*x2-1.0*x4<0.5&200.0*x2<0.0))&((88000.0*x4<=-44000.0&-200.0*x2<=0.0)|(0.62*x21.0*x4<=-0.5&200.0*x2<0.0)))->(-0.094325+hNet+(-0.40230000000000005*tNMACNet)+(-0.25*vONet)+(-0.40230000000000005*(tNMACNet^2.0))+(-0.5*tNMACNet*vONet))<0.0)&(((-88000.0*x4<44000.0&-200.0*x2<=0.0)|(-0.62*x2-1.0*x4<0.5&200.0*x2<0.0))->((3.52e7*x1<-220000.0&-200.0*x2<=0.0)|((0.0062499999999999995+hNet+(0.15535669898086005*(vONet^2.0)))<0.0&200.0*x2<0.0))))|(((-88000.0*x4<=45000.0&-0.62*x21.0*x4<-0.51&-200.0*x2<0.0)->(-0.09894854080578513+(-0.41144318181818185*tNMACNet)+(-1.0*hNet)+(0.2556818181818182*vONet)+(-0.40230000000000005*(tNMACNet^2.0))+(0.5*tNMACNet*vONet))<0.0)&((((-88000.0*x4<=45000.0&200.0*x2<=0.0)|(0.62*x2-1.0*x4<=0.51&-200.0*x2<0.0))&((88000.0*x4<=-44000.0&200.0*x2<=0.0)|(-0.62*x21.0*x4<=-0.5&-200.0*x2<0.0)))->((-16000.0*x1<-100.0&200.0*x2<=0.0)|((100.0+(-16000.0*hNet)+(-2485.707183693761*(vONet^2.0)))<0.0&-200.0*x2<0.0)))&((((-88000.0*x4<44000.0&200.0*x2<=0.0)|(0.62*x2-1.0*x4<0.5&-200.0*x2<0.0))&((88000.0*x4<=-44000.0&200.0*x2<=-25.0)|(-0.12*x20.2*x4<=-0.08&-200.0*x2<25.0)))->(-0.094325+(-0.40230000000000005*tNMACNet)+(-1.0*hNet)+(0.25*vONet)+(-0.40230000000000005*(tNMACNet^2.0))+(0.5*tNMACNet*vONet))<0.0)&(((-88000.0*x4<44000.0&200.0*x2<=-25.0)|(0.12*x2-0.2*x4<0.08&-200.0*x2<25.0))->((-1.0*x1-0.06*x4<0.02&200.0*x2<=-25.0)|((-0.022572551578424062+(-0.0625*tNMACNet)+(-1.0*hNet)+(0.03883917474521501*vONet)+(0.15535669898086005*(vONet^2.0)))<0.0&-200.0*x2<25.0)))&isMax((nnDES1500postNN+err4),(nnCOCpostNN+err1),(nnDNCpostNN+err2),(nnDNDpostNN+err3),(nnDES1500postNN+err4),(nnCLI1500postNN+err5),(nnSDES1500postNN+err6),(err7+nnSCLI1500postNN),(nnSDES2500postNN+err8),(err9+nnSCL2500postNN)))|(((-88000.0*x4<=45000.0&0.62*x21.0*x4<-0.51&200.0*x2<0.0)->(-0.09894854080578513+hNet+(-0.41144318181818185*tNMACNet)+(-0.25568181818181823*vONet)+(-0.40230000000000005*(tNMACNet^2.0))+(-0.5*tNMACNet*vONet))<0.0)&((((-88000.0*x4<=45000.0&-200.0*x2<=0.0)|(-0.62*x2-1.0*x4<=0.51&200.0*x2<0.0))&((88000.0*x4<=-44000.0&-200.0*x2<=0.0)|(0.62*x21.0*x4<=-0.5&200.0*x2<0.0)))->((16000.0*x1<-100.0&-200.0*x2<=0.0)|((100.0+(16000.0*hNet)+(-2485.707183693761*(vONet^2.0)))<0.0&200.0*x2<0.0)))&((((-88000.0*x4<44000.0&-200.0*x2<=0.0)|(-0.62*x2-1.0*x4<0.5&200.0*x2<0.0))&((88000.0*x4<=-44000.0&-200.0*x2<=-25.0)|(0.12*x20.2*x4<=-0.08&200.0*x2<25.0)))->(-0.094325+hNet+(-0.40230000000000005*tNMACNet)+(-0.25*vONet)+(-0.40230000000000005*(tNMACNet^2.0))+(-0.5*tNMACNet*vONet))<0.0)&(((-88000.0*x4<44000.0&-200.0*x2<=-25.0)|(-0.12*x2-0.2*x4<0.08&200.0*x2<25.0))->((1.0*x1-0.06*x4<0.02&-200.0*x2<=-25.0)|((-0.022572551578424062+hNet+(-0.0625*tNMACNet)+(-0.03883917474521502*vONet)+(0.15535669898086005*(vONet^2.0)))<0.0&200.0*x2<25.0)))&isMax((nnCLI1500postNN+err5),(nnCOCpostNN+err1),(nnDNCpostNN+err2),(nnDNDpostNN+err3),(nnDES1500postNN+err4),(nnCLI1500postNN+err5),(nnSDES1500postNN+err6),(err7+nnSCLI1500postNN),(nnSDES2500postNN+err8),(err9+nnSCL2500postNN))))), Set(SNNT.AST.Variable[nnSCL2500postNN, nnSDES2500postNN, vINet, nnCOCpostNN, vONet, err3, tNMACNet, err4, nnCLI1500postNN, nnDNCpostNN, nnSCLI1500postNN, nnDES1500postNN, err8, err5, err7, nnDNDpostNN, err1, err6, nnSDES1500postNN, hNet, err2, err9]), 13, 9, Dict{SNNT.AST.ApproxQuery, SNNT.AST.Approximation}(), Vector{Float64}[])
[CMD] SMT Timeout: 10s
[CTRL] Iterating over conjunctions...
[APPROX] Trying to build approximation...
[APPROX] Generating expression for (vONet^2.0)...
Val Ranges: Dict(:x15 => [-100.0, 100.0], :x17 => [-100.0, 100.0], :x22 => [-100.0, 100.0], :x8 => [-0.10000000149011612, 0.10000000149011612], :x12 => [-0.10000000149011612, 0.10000000149011612], :x16 => [-100.0, 100.0], :x20 => [-100.0, 100.0], :x18 => [-100.0, 100.0], :x7 => [-0.10000000149011612, 0.10000000149011612], :x19 => [-100.0, 100.0], :x9 => [-0.10000000149011612, 0.10000000149011612], :x6 => [-0.10000000149011612, 0.10000000149011612], :x5 => [-0.10000000149011612, 0.10000000149011612], :x3 => [-4.999999873689376e-6, 5.000000171712609e-6], :x10 => [-0.10000000149011612, 0.10000000149011612], :x14 => [-100.0, 100.0], :x1 => [-0.4999999701976776, 0.5], :x2 => [-0.4999999701976776, 0.5], :x13 => [-0.10000000149011612, 0.10000000149011612], :x11 => [-0.10000000149011612, 0.10000000149011612], :x21 => [-100.0, 100.0], :x4 => [-0.3499999940395355, 0.5])
Using N=1, ϵ=0.0, rel_error_tol=0.005
[APPROX] Generating expression for (tNMACNet*vONet)...
Val Ranges: Dict(:x15 => [-100.0, 100.0], :x17 => [-100.0, 100.0], :x22 => [-100.0, 100.0], :x8 => [-0.10000000149011612, 0.10000000149011612], :x12 => [-0.10000000149011612, 0.10000000149011612], :x16 => [-100.0, 100.0], :x20 => [-100.0, 100.0], :x18 => [-100.0, 100.0], :x7 => [-0.10000000149011612, 0.10000000149011612], :x19 => [-100.0, 100.0], :x9 => [-0.10000000149011612, 0.10000000149011612], :x6 => [-0.10000000149011612, 0.10000000149011612], :x5 => [-0.10000000149011612, 0.10000000149011612], :x3 => [-4.999999873689376e-6, 5.000000171712609e-6], :x10 => [-0.10000000149011612, 0.10000000149011612], :x14 => [-100.0, 100.0], :x1 => [-0.4999999701976776, 0.5], :x2 => [-0.4999999701976776, 0.5], :x13 => [-0.10000000149011612, 0.10000000149011612], :x11 => [-0.10000000149011612, 0.10000000149011612], :x21 => [-100.0, 100.0], :x4 => [-0.3499999940395355, 0.5])
Using N=1, ϵ=0.0, rel_error_tol=0.005
[APPROX] Generating expression for (tNMACNet^2.0)...
Val Ranges: Dict(:x15 => [-100.0, 100.0], :x17 => [-100.0, 100.0], :x22 => [-100.0, 100.0], :x8 => [-0.10000000149011612, 0.10000000149011612], :x12 => [-0.10000000149011612, 0.10000000149011612], :x16 => [-100.0, 100.0], :x20 => [-100.0, 100.0], :x18 => [-100.0, 100.0], :x7 => [-0.10000000149011612, 0.10000000149011612], :x19 => [-100.0, 100.0], :x9 => [-0.10000000149011612, 0.10000000149011612], :x6 => [-0.10000000149011612, 0.10000000149011612], :x5 => [-0.10000000149011612, 0.10000000149011612], :x3 => [-4.999999873689376e-6, 5.000000171712609e-6], :x10 => [-0.10000000149011612, 0.10000000149011612], :x14 => [-100.0, 100.0], :x1 => [-0.4999999701976776, 0.5], :x2 => [-0.4999999701976776, 0.5], :x13 => [-0.10000000149011612, 0.10000000149011612], :x11 => [-0.10000000149011612, 0.10000000149011612], :x21 => [-100.0, 100.0], :x4 => [-0.3499999940395355, 0.5])
Using N=1, ϵ=0.0, rel_error_tol=0.005
[APPROX] Skipping verification of approximation (switch on using SNNT.Config.set_rigorous_approximations(true))
[APPROX] Skipping verification of approximation (switch on using SNNT.Config.set_rigorous_approximations(true))
[APPROX] Skipping verification of approximation (switch on using SNNT.Config.set_rigorous_approximations(true))
[APPROX] Skipping verification of approximation (switch on using SNNT.Config.set_rigorous_approximations(true))
[APPROX] Skipping verification of approximation (switch on using SNNT.Config.set_rigorous_approximations(true))
[APPROX] Skipping verification of approximation (switch on using SNNT.Config.set_rigorous_approximations(true))
[APPROX] Approximation Bounds: Vector{Float64}[]
[APPROX] Approximations: Dict{SNNT.AST.ApproxQuery, SNNT.AST.Approximation}()
[APPROX] Approximation is ready
Adding isMax((err7+nnSCLI1500postNN),(nnDNDpostNN+err3),(nnSDES2500postNN+err8),(nnDES1500postNN+err4),(err7+nnSCLI1500postNN),(nnCOCpostNN+err1),(err9+nnSCL2500postNN),(nnCLI1500postNN+err5),(nnDNCpostNN+err2),(nnSDES1500postNN+err6))
Adding isMax((err9+nnSCL2500postNN),(nnDNDpostNN+err3),(nnSDES2500postNN+err8),(nnDES1500postNN+err4),(err7+nnSCLI1500postNN),(nnCOCpostNN+err1),(err9+nnSCL2500postNN),(nnCLI1500postNN+err5),(nnDNCpostNN+err2),(nnSDES1500postNN+err6))
Adding isMax((nnCLI1500postNN+err5),(nnDNDpostNN+err3),(nnSDES2500postNN+err8),(nnDES1500postNN+err4),(err7+nnSCLI1500postNN),(nnCOCpostNN+err1),(err9+nnSCL2500postNN),(nnCLI1500postNN+err5),(nnDNCpostNN+err2),(nnSDES1500postNN+err6))
Adding isMax((nnCOCpostNN+err1),(nnDNDpostNN+err3),(nnSDES2500postNN+err8),(nnDES1500postNN+err4),(err7+nnSCLI1500postNN),(nnCOCpostNN+err1),(err9+nnSCL2500postNN),(nnCLI1500postNN+err5),(nnDNCpostNN+err2),(nnSDES1500postNN+err6))
Adding isMax((nnDES1500postNN+err4),(nnDNDpostNN+err3),(nnSDES2500postNN+err8),(nnDES1500postNN+err4),(err7+nnSCLI1500postNN),(nnCOCpostNN+err1),(err9+nnSCL2500postNN),(nnCLI1500postNN+err5),(nnDNCpostNN+err2),(nnSDES1500postNN+err6))
Adding isMax((nnDNCpostNN+err2),(nnDNDpostNN+err3),(nnSDES2500postNN+err8),(nnDES1500postNN+err4),(err7+nnSCLI1500postNN),(nnCOCpostNN+err1),(err9+nnSCL2500postNN),(nnCLI1500postNN+err5),(nnDNCpostNN+err2),(nnSDES1500postNN+err6))
Adding isMax((nnDNDpostNN+err3),(nnDNDpostNN+err3),(nnSDES2500postNN+err8),(nnDES1500postNN+err4),(err7+nnSCLI1500postNN),(nnCOCpostNN+err1),(err9+nnSCL2500postNN),(nnCLI1500postNN+err5),(nnDNCpostNN+err2),(nnSDES1500postNN+err6))
Adding isMax((nnSDES1500postNN+err6),(nnDNDpostNN+err3),(nnSDES2500postNN+err8),(nnDES1500postNN+err4),(err7+nnSCLI1500postNN),(nnCOCpostNN+err1),(err9+nnSCL2500postNN),(nnCLI1500postNN+err5),(nnDNCpostNN+err2),(nnSDES1500postNN+err6))
Adding isMax((nnSDES2500postNN+err8),(nnDNDpostNN+err3),(nnSDES2500postNN+err8),(nnDES1500postNN+err4),(err7+nnSCLI1500postNN),(nnCOCpostNN+err1),(err9+nnSCL2500postNN),(nnCLI1500postNN+err5),(nnDNCpostNN+err2),(nnSDES1500postNN+err6))
Searching isMax((nnCOCpostNN+err1),(nnDNDpostNN+err3),(nnSDES2500postNN+err8),(nnDES1500postNN+err4),(err7+nnSCLI1500postNN),(nnCOCpostNN+err1),(err9+nnSCL2500postNN),(nnCLI1500postNN+err5),(nnDNCpostNN+err2),(nnSDES1500postNN+err6))
[SKELETON] Adding linear dependency constraint
200.0*x2<0.0 -> Float32[0.0, 1.0, 0.0, 0.0, 0.0, 0.0, 0.0, 0.0, 0.0, 0.0, 0.0, 0.0, 0.0, 0.0, 0.0, 0.0, 0.0, 0.0, 0.0, 0.0, 0.0, 0.0]+0.0<=0.49999999999999994
0.0
[SKELETON] Adding linear dependency constraint
-200.0*x2<=0.0 -> Float32[0.0, -1.0, 0.0, 0.0, 0.0, 0.0, 0.0, 0.0, 0.0, 0.0, 0.0, 0.0, 0.0, 0.0, 0.0, 0.0, 0.0, 0.0, 0.0, 0.0, 0.0, 0.0]+0.0<=0.49999999999999994
0.0
[SKELETON] Adding negated linear dependency constraint
!-200.0*x2<=0.0 | !Float32[0.0, 1.0, 0.0, 0.0, 0.0, 0.0, 0.0, 0.0, 0.0, 0.0, 0.0, 0.0, 0.0, 0.0, 0.0, 0.0, 0.0, 0.0, 0.0, 0.0, 0.0, 0.0]+0.0<0.0
[SKELETON] Adding linear dependency constraint
88000.0*x4<=-44000.0 -> Float32[0.0, 0.0, 0.0, 1.0, 0.0, 0.0, 0.0, 0.0, 0.0, 0.0, 0.0, 0.0, 0.0, 0.0, 0.0, 0.0, 0.0, 0.0, 0.0, 0.0, 0.0, 0.0]+0.0<=0.49999999999999994
-0.5
[SKELETON] Adding linear dependency constraint
Float32[0.0, 0.53, 0.0, 0.85, 0.0, 0.0, 0.0, 0.0, 0.0, 0.0, 0.0, 0.0, 0.0, 0.0, 0.0, 0.0, 0.0, 0.0, 0.0, 0.0, 0.0, 0.0]+0.0<-0.43433156828125785 -> 0.62*x21.0*x4<=-0.5
-0.4246797556527854396090962032467706535215297791272401432676223698123988601657383
[SKELETON] Adding linear dependency constraint
16000.0*x1<-100.0 -> Float32[1.0, 0.0, 0.0, 0.0, 0.0, 0.0, 0.0, 0.0, 0.0, 0.0, 0.0, 0.0, 0.0, 0.0, 0.0, 0.0, 0.0, 0.0, 0.0, 0.0, 0.0, 0.0]+0.0<=0.49999999999999994
-0.006250000000000000000000000000000000000000000000000000000000000000000000000000013
[SKELETON] Adding linear dependency constraint
-88000.0*x4<44000.0 -> Float32[0.0, 0.0, 0.0, -1.0, 0.0, 0.0, 0.0, 0.0, 0.0, 0.0, 0.0, 0.0, 0.0, 0.0, 0.0, 0.0, 0.0, 0.0, 0.0, 0.0, 0.0, 0.0]+0.0<=0.5113636363636364
0.4999999999999999999999999999999999999999999999999999999999999999999999999999957
[SKELETON] Adding negated linear dependency constraint
!-88000.0*x4<44000.0 | !Float32[0.0, 0.0, 0.0, 1.0, 0.0, 0.0, 0.0, 0.0, 0.0, 0.0, 0.0, 0.0, 0.0, 0.0, 0.0, 0.0, 0.0, 0.0, 0.0, 0.0, 0.0, 0.0]+0.0<=-0.5
[SKELETON] Adding linear dependency constraint
-0.62*x2-1.0*x4<0.5 -> Float32[0.0, -0.53, 0.0, -0.85, 0.0, 0.0, 0.0, 0.0, 0.0, 0.0, 0.0, 0.0, 0.0, 0.0, 0.0, 0.0, 0.0, 0.0, 0.0, 0.0, 0.0, 0.0]+0.0<=0.4343315682812578
0.4246797556527854396090962032467706535215297791272401432676223698123988601657383
[SKELETON] Adding linear dependency constraint
3.52e7*x1<-220000.0 -> Float32[1.0, 0.0, 0.0, 0.0, 0.0, 0.0, 0.0, 0.0, 0.0, 0.0, 0.0, 0.0, 0.0, 0.0, 0.0, 0.0, 0.0, 0.0, 0.0, 0.0, 0.0, 0.0]+0.0<=0.49999999999999994
-0.006250000000000000000000000000000000000000000000000000000000000000000000000000013
[SKELETON] Adding linear dependency constraint
Float32[1.0, 0.0, 0.0, 0.0, 0.0, 0.0, 0.0, 0.0, 0.0, 0.0, 0.0, 0.0, 0.0, 0.0, 0.0, 0.0, 0.0, 0.0, 0.0, 0.0, 0.0, 0.0]+0.0<-0.00625 -> 3.52e7*x1<-220000.0
-0.006250000000000000000000000000000000000000000000000000000000000000000000000000013
Searching isMax((nnDNCpostNN+err2),(nnDNDpostNN+err3),(nnSDES2500postNN+err8),(nnDES1500postNN+err4),(err7+nnSCLI1500postNN),(nnCOCpostNN+err1),(err9+nnSCL2500postNN),(nnCLI1500postNN+err5),(nnDNCpostNN+err2),(nnSDES1500postNN+err6))
[SKELETON] Adding linear dependency constraint
-200.0*x2<0.0 -> Float32[0.0, -1.0, 0.0, 0.0, 0.0, 0.0, 0.0, 0.0, 0.0, 0.0, 0.0, 0.0, 0.0, 0.0, 0.0, 0.0, 0.0, 0.0, 0.0, 0.0, 0.0, 0.0]+0.0<=0.49999999999999994
0.0
[SKELETON] Adding linear dependency constraint
-200.0*x2<0.0 -> Float32[0.0, -1.0, 0.0, 0.0, 0.0, 0.0, 0.0, 0.0, 0.0, 0.0, 0.0, 0.0, 0.0, 0.0, 0.0, 0.0, 0.0, 0.0, 0.0, 0.0, 0.0, 0.0]+0.0<=0.0
0.0
[SKELETON] Adding negated linear dependency constraint
!-200.0*x2<0.0 | !Float32[0.0, 1.0, 0.0, 0.0, 0.0, 0.0, 0.0, 0.0, 0.0, 0.0, 0.0, 0.0, 0.0, 0.0, 0.0, 0.0, 0.0, 0.0, 0.0, 0.0, 0.0, 0.0]+0.0<0.0
[SKELETON] Adding linear dependency constraint
200.0*x2<=0.0 -> Float32[0.0, 1.0, 0.0, 0.0, 0.0, 0.0, 0.0, 0.0, 0.0, 0.0, 0.0, 0.0, 0.0, 0.0, 0.0, 0.0, 0.0, 0.0, 0.0, 0.0, 0.0, 0.0]+0.0<=0.49999999999999994
0.0
[SKELETON] Adding linear dependency constraint
Float32[0.0, 1.0, 0.0, 0.0, 0.0, 0.0, 0.0, 0.0, 0.0, 0.0, 0.0, 0.0, 0.0, 0.0, 0.0, 0.0, 0.0, 0.0, 0.0, 0.0, 0.0, 0.0]+0.0<0.0 -> 200.0*x2<=0.0
0.0
[SKELETON] Adding negated linear dependency constraint
!200.0*x2<=0.0 | !Float32[0.0, -1.0, 0.0, 0.0, 0.0, 0.0, 0.0, 0.0, 0.0, 0.0, 0.0, 0.0, 0.0, 0.0, 0.0, 0.0, 0.0, 0.0, 0.0, 0.0, 0.0, 0.0]+0.0<0.0
[SKELETON] Adding linear dependency constraint
Float32[0.0, -0.53, 0.0, 0.85, 0.0, 0.0, 0.0, 0.0, 0.0, 0.0, 0.0, 0.0, 0.0, 0.0, 0.0, 0.0, 0.0, 0.0, 0.0, 0.0, 0.0, 0.0]+0.0<-0.43433156828125785 -> -0.62*x21.0*x4<=-0.5
-0.4246797556527854396090962032467706535215297791272401432676223698123988601657383
[SKELETON] Adding linear dependency constraint
-16000.0*x1<-100.0 -> Float32[-1.0, 0.0, 0.0, 0.0, 0.0, 0.0, 0.0, 0.0, 0.0, 0.0, 0.0, 0.0, 0.0, 0.0, 0.0, 0.0, 0.0, 0.0, 0.0, 0.0, 0.0, 0.0]+0.0<=0.49999999999999994
-0.006250000000000000000000000000000000000000000000000000000000000000000000000000013
[SKELETON] Adding negated linear dependency constraint
!-16000.0*x1<-100.0 | !Float32[1.0, 0.0, 0.0, 0.0, 0.0, 0.0, 0.0, 0.0, 0.0, 0.0, 0.0, 0.0, 0.0, 0.0, 0.0, 0.0, 0.0, 0.0, 0.0, 0.0, 0.0, 0.0]+0.0<-0.00625
[SKELETON] Adding negated linear dependency constraint
!-16000.0*x1<-100.0 | !Float32[1.0, 0.0, 0.0, 0.0, 0.0, 0.0, 0.0, 0.0, 0.0, 0.0, 0.0, 0.0, 0.0, 0.0, 0.0, 0.0, 0.0, 0.0, 0.0, 0.0, 0.0, 0.0]+0.0<-0.00625
[SKELETON] Adding linear dependency constraint
0.62*x2-1.0*x4<0.5 -> Float32[0.0, 0.53, 0.0, -0.85, 0.0, 0.0, 0.0, 0.0, 0.0, 0.0, 0.0, 0.0, 0.0, 0.0, 0.0, 0.0, 0.0, 0.0, 0.0, 0.0, 0.0, 0.0]+0.0<=0.4343315682812578
0.4246797556527854396090962032467706535215297791272401432676223698123988601657383
[SKELETON] Adding linear dependency constraint
-3.52e7*x1<-220000.0 -> Float32[-1.0, 0.0, 0.0, 0.0, 0.0, 0.0, 0.0, 0.0, 0.0, 0.0, 0.0, 0.0, 0.0, 0.0, 0.0, 0.0, 0.0, 0.0, 0.0, 0.0, 0.0, 0.0]+0.0<=0.49999999999999994
-0.006250000000000000000000000000000000000000000000000000000000000000000000000000013
[SKELETON] Adding linear dependency constraint
Float32[-1.0, 0.0, 0.0, 0.0, 0.0, 0.0, 0.0, 0.0, 0.0, 0.0, 0.0, 0.0, 0.0, 0.0, 0.0, 0.0, 0.0, 0.0, 0.0, 0.0, 0.0, 0.0]+0.0<-0.00625 -> -3.52e7*x1<-220000.0
-0.006250000000000000000000000000000000000000000000000000000000000000000000000000013
[SKELETON] Adding negated linear dependency constraint
!-3.52e7*x1<-220000.0 | !Float32[1.0, 0.0, 0.0, 0.0, 0.0, 0.0, 0.0, 0.0, 0.0, 0.0, 0.0, 0.0, 0.0, 0.0, 0.0, 0.0, 0.0, 0.0, 0.0, 0.0, 0.0, 0.0]+0.0<-0.00625
[SKELETON] Adding negated linear dependency constraint
!-3.52e7*x1<-220000.0 | !Float32[1.0, 0.0, 0.0, 0.0, 0.0, 0.0, 0.0, 0.0, 0.0, 0.0, 0.0, 0.0, 0.0, 0.0, 0.0, 0.0, 0.0, 0.0, 0.0, 0.0, 0.0, 0.0]+0.0<-0.00625
Searching isMax((nnDNDpostNN+err3),(nnDNDpostNN+err3),(nnSDES2500postNN+err8),(nnDES1500postNN+err4),(err7+nnSCLI1500postNN),(nnCOCpostNN+err1),(err9+nnSCL2500postNN),(nnCLI1500postNN+err5),(nnDNCpostNN+err2),(nnSDES1500postNN+err6))
[SKELETON] Adding linear dependency constraint
200.0*x2<=-25.0 -> Float32[0.0, 1.0, 0.0, 0.0, 0.0, 0.0, 0.0, 0.0, 0.0, 0.0, 0.0, 0.0, 0.0, 0.0, 0.0, 0.0, 0.0, 0.0, 0.0, 0.0, 0.0, 0.0]+0.0<=0.49999999999999994
-0.125
[SKELETON] Adding linear dependency constraint
200.0*x2<=-25.0 -> Float32[0.0, 1.0, 0.0, 0.0, 0.0, 0.0, 0.0, 0.0, 0.0, 0.0, 0.0, 0.0, 0.0, 0.0, 0.0, 0.0, 0.0, 0.0, 0.0, 0.0, 0.0, 0.0]+0.0<0.0
-0.125
[SKELETON] Adding linear dependency constraint
200.0*x2<=-25.0 -> Float32[0.0, 1.0, 0.0, 0.0, 0.0, 0.0, 0.0, 0.0, 0.0, 0.0, 0.0, 0.0, 0.0, 0.0, 0.0, 0.0, 0.0, 0.0, 0.0, 0.0, 0.0, 0.0]+0.0<=0.0
-0.125
[SKELETON] Adding negated linear dependency constraint
!200.0*x2<=-25.0 | !Float32[0.0, -1.0, 0.0, 0.0, 0.0, 0.0, 0.0, 0.0, 0.0, 0.0, 0.0, 0.0, 0.0, 0.0, 0.0, 0.0, 0.0, 0.0, 0.0, 0.0, 0.0, 0.0]+0.0<=0.0
[SKELETON] Adding negated linear dependency constraint
!200.0*x2<=-25.0 | !Float32[0.0, -1.0, 0.0, 0.0, 0.0, 0.0, 0.0, 0.0, 0.0, 0.0, 0.0, 0.0, 0.0, 0.0, 0.0, 0.0, 0.0, 0.0, 0.0, 0.0, 0.0, 0.0]+0.0<0.0
[SKELETON] Adding linear dependency constraint
-200.0*x2<25.0 -> Float32[0.0, -1.0, 0.0, 0.0, 0.0, 0.0, 0.0, 0.0, 0.0, 0.0, 0.0, 0.0, 0.0, 0.0, 0.0, 0.0, 0.0, 0.0, 0.0, 0.0, 0.0, 0.0]+0.0<=0.49999999999999994
0.1249999999999999999999999999999999999999999999999999999999999999999999999999989
[SKELETON] Adding linear dependency constraint
Float32[0.0, -1.0, 0.0, 0.0, 0.0, 0.0, 0.0, 0.0, 0.0, 0.0, 0.0, 0.0, 0.0, 0.0, 0.0, 0.0, 0.0, 0.0, 0.0, 0.0, 0.0, 0.0]+0.0<=0.0 -> -200.0*x2<25.0
0.1249999999999999999999999999999999999999999999999999999999999999999999999999989
[SKELETON] Adding linear dependency constraint
Float32[0.0, -1.0, 0.0, 0.0, 0.0, 0.0, 0.0, 0.0, 0.0, 0.0, 0.0, 0.0, 0.0, 0.0, 0.0, 0.0, 0.0, 0.0, 0.0, 0.0, 0.0, 0.0]+0.0<0.0 -> -200.0*x2<25.0
0.1249999999999999999999999999999999999999999999999999999999999999999999999999989
[SKELETON] Adding negated linear dependency constraint
!-200.0*x2<25.0 | !Float32[0.0, 1.0, 0.0, 0.0, 0.0, 0.0, 0.0, 0.0, 0.0, 0.0, 0.0, 0.0, 0.0, 0.0, 0.0, 0.0, 0.0, 0.0, 0.0, 0.0, 0.0, 0.0]+0.0<=-0.125
Searching isMax((nnDES1500postNN+err4),(nnDNDpostNN+err3),(nnSDES2500postNN+err8),(nnDES1500postNN+err4),(err7+nnSCLI1500postNN),(nnCOCpostNN+err1),(err9+nnSCL2500postNN),(nnCLI1500postNN+err5),(nnDNCpostNN+err2),(nnSDES1500postNN+err6))
[SKELETON] Adding linear dependency constraint
-200.0*x2<=-25.0 -> Float32[0.0, -1.0, 0.0, 0.0, 0.0, 0.0, 0.0, 0.0, 0.0, 0.0, 0.0, 0.0, 0.0, 0.0, 0.0, 0.0, 0.0, 0.0, 0.0, 0.0, 0.0, 0.0]+0.0<=0.49999999999999994
-0.125
[SKELETON] Adding linear dependency constraint
-200.0*x2<=-25.0 -> Float32[0.0, -1.0, 0.0, 0.0, 0.0, 0.0, 0.0, 0.0, 0.0, 0.0, 0.0, 0.0, 0.0, 0.0, 0.0, 0.0, 0.0, 0.0, 0.0, 0.0, 0.0, 0.0]+0.0<=0.0
-0.125
[SKELETON] Adding linear dependency constraint
-200.0*x2<=-25.0 -> Float32[0.0, -1.0, 0.0, 0.0, 0.0, 0.0, 0.0, 0.0, 0.0, 0.0, 0.0, 0.0, 0.0, 0.0, 0.0, 0.0, 0.0, 0.0, 0.0, 0.0, 0.0, 0.0]+0.0<0.0
-0.125
[SKELETON] Adding linear dependency constraint
-200.0*x2<=-25.0 -> Float32[0.0, -1.0, 0.0, 0.0, 0.0, 0.0, 0.0, 0.0, 0.0, 0.0, 0.0, 0.0, 0.0, 0.0, 0.0, 0.0, 0.0, 0.0, 0.0, 0.0, 0.0, 0.0]+0.0<0.12499999999999999
-0.125
[SKELETON] Adding negated linear dependency constraint
!-200.0*x2<=-25.0 | !Float32[0.0, 1.0, 0.0, 0.0, 0.0, 0.0, 0.0, 0.0, 0.0, 0.0, 0.0, 0.0, 0.0, 0.0, 0.0, 0.0, 0.0, 0.0, 0.0, 0.0, 0.0, 0.0]+0.0<0.0
[SKELETON] Adding negated linear dependency constraint
!-200.0*x2<=-25.0 | !Float32[0.0, 1.0, 0.0, 0.0, 0.0, 0.0, 0.0, 0.0, 0.0, 0.0, 0.0, 0.0, 0.0, 0.0, 0.0, 0.0, 0.0, 0.0, 0.0, 0.0, 0.0, 0.0]+0.0<=0.0
[SKELETON] Adding negated linear dependency constraint
!-200.0*x2<=-25.0 | !Float32[0.0, 1.0, 0.0, 0.0, 0.0, 0.0, 0.0, 0.0, 0.0, 0.0, 0.0, 0.0, 0.0, 0.0, 0.0, 0.0, 0.0, 0.0, 0.0, 0.0, 0.0, 0.0]+0.0<=-0.125
[SKELETON] Adding linear dependency constraint
200.0*x2<25.0 -> Float32[0.0, 1.0, 0.0, 0.0, 0.0, 0.0, 0.0, 0.0, 0.0, 0.0, 0.0, 0.0, 0.0, 0.0, 0.0, 0.0, 0.0, 0.0, 0.0, 0.0, 0.0, 0.0]+0.0<=0.49999999999999994
0.1249999999999999999999999999999999999999999999999999999999999999999999999999989
[SKELETON] Adding linear dependency constraint
Float32[0.0, 1.0, 0.0, 0.0, 0.0, 0.0, 0.0, 0.0, 0.0, 0.0, 0.0, 0.0, 0.0, 0.0, 0.0, 0.0, 0.0, 0.0, 0.0, 0.0, 0.0, 0.0]+0.0<0.0 -> 200.0*x2<25.0
0.1249999999999999999999999999999999999999999999999999999999999999999999999999989
[SKELETON] Adding linear dependency constraint
Float32[0.0, 1.0, 0.0, 0.0, 0.0, 0.0, 0.0, 0.0, 0.0, 0.0, 0.0, 0.0, 0.0, 0.0, 0.0, 0.0, 0.0, 0.0, 0.0, 0.0, 0.0, 0.0]+0.0<=0.0 -> 200.0*x2<25.0
0.1249999999999999999999999999999999999999999999999999999999999999999999999999989
[SKELETON] Adding linear dependency constraint
Float32[0.0, 1.0, 0.0, 0.0, 0.0, 0.0, 0.0, 0.0, 0.0, 0.0, 0.0, 0.0, 0.0, 0.0, 0.0, 0.0, 0.0, 0.0, 0.0, 0.0, 0.0, 0.0]+0.0<=-0.125 -> 200.0*x2<25.0
0.1249999999999999999999999999999999999999999999999999999999999999999999999999989
[SKELETON] Adding negated linear dependency constraint
!200.0*x2<25.0 | !Float32[0.0, -1.0, 0.0, 0.0, 0.0, 0.0, 0.0, 0.0, 0.0, 0.0, 0.0, 0.0, 0.0, 0.0, 0.0, 0.0, 0.0, 0.0, 0.0, 0.0, 0.0, 0.0]+0.0<=-0.125
[SKELETON] Adding linear dependency constraint
-0.12*x2-0.2*x4<0.08 -> Float32[0.0, -0.53, 0.0, -0.85, 0.0, 0.0, 0.0, 0.0, 0.0, 0.0, 0.0, 0.0, 0.0, 0.0, 0.0, 0.0, 0.0, 0.0, 0.0, 0.0, 0.0, 0.0]+0.0<=0.4343315682812578
0.3587029106905704508555080533513613424474666143361575955315388547408728130358359
[SKELETON] Adding linear dependency constraint
-0.12*x2-0.2*x4<0.08 -> Float32[0.0, -0.53, 0.0, -0.85, 0.0, 0.0, 0.0, 0.0, 0.0, 0.0, 0.0, 0.0, 0.0, 0.0, 0.0, 0.0, 0.0, 0.0, 0.0, 0.0, 0.0, 0.0]+0.0<0.42467975565278543
0.3587029106905704508555080533513613424474666143361575955315388547408728130358359
Searching isMax((nnCLI1500postNN+err5),(nnDNDpostNN+err3),(nnSDES2500postNN+err8),(nnDES1500postNN+err4),(err7+nnSCLI1500postNN),(nnCOCpostNN+err1),(err9+nnSCL2500postNN),(nnCLI1500postNN+err5),(nnDNCpostNN+err2),(nnSDES1500postNN+err6))
[QUERY] Looking for nonlinear input combinations...
.........[QUERY] Found all non-linear combinations. Count: 6
[QUERY] Returning nonlinear disjunction
[CTRL] Considering conjunction with 31 input constraints and a disjunction of size 6
[APPROX] Checking cache: SNNT.Approx.ApproxCacheObject[]
[APPROX] Constructing Approximation
[APPROX] Resolving approximation
[CTRL] Initiating iterator over current linear queries
[APPROX] # Conjunctions over output: 6
[CTRL] Processing linear query no. 2
[NNENUM] Running nnenum now...
[NNENUM] lb: [-0.4999999701976776, -0.33623147889292704, 5.000000171712609e-6, -0.3499999940395355, -0.1, -0.1, -0.1, -0.1, -0.1, -0.1, -0.1, -0.1, -0.1]
[NNENUM] ub: [-0.00625, -0.18296763576522218, 5.000000171712609e-6, -0.21079675705898798, 0.09999999999999999, 0.09999999999999999, 0.09999999999999999, 0.09999999999999999, 0.09999999999999999, 0.09999999999999999, 0.09999999999999999, 0.09999999999999999, 0.09999999999999999]
[NNENUM] Creating LP Star...
[NNENUM] Checking feasibility
[NNENUM] Generating output Spec...
[NNENUM] Spec list length:  6
[NNENUM] Enumeration in progress... 
(0.1 sec) Q: 0, Sets: 0/1  (0.0%) CEs: 0 ETA: - (expected 1 stars)   
(0.2 sec) Q: 0, Sets: 3/5  (37.5%) CEs: 0 ETA: 0.3 sec (expected 8 stars)   
(0.3 sec) Q: 0, Sets: 9/15  (51.172%) CEs: 0 ETA: 0.3 sec (expected 18 stars)   (0.5 sec) Q: 0, Sets: 12/15  (56.25%) CEs: 0 ETA: 0.4 sec (expected 21 stars)   
(0.6 sec) Q: 0, Sets: 16/19  (65.625%) CEs: 0 ETA: 0.3 sec (expected 24 stars)   (0.7 sec) Q: 0, Sets: 27/27  (100.0%) CEs: 0 ETA: 0.0 sec (expected 27 stars)   
Total Stars: 27 (3 exact, 24 approx)
Unfinished Stars: 0
Runtime: 0.7 sec
Completed work frac: 1.0
Num Stars Copied Between Processes: 0
Num Lps During Enumeration: 179
Total Num Lps: 179

Result: network is SAFE

[NNENUM] Result: 
<nnenum.result.Result object at 0x747e3bf3ac70>
[NNENUM] Enumeration finished.
safe
[NNENUM] Found counter-example stars: 0
[NNENUM] Filtering result using SMT solver...
[SMT] SMT filtered out 0 stars (out of 0; TO: 0).
[QUERY] Looking for nonlinear input combinations...
.[QUERY] Found all non-linear combinations. Count: 3
[QUERY] Returning nonlinear disjunction
[CTRL] Considering conjunction with 31 input constraints and a disjunction of size 6
[APPROX] Checking cache: SNNT.Approx.ApproxCacheObject[]
[APPROX] Constructing Approximation
[APPROX] Resolving approximation
[CTRL] Initiating iterator over current linear queries
[APPROX] # Conjunctions over output: 6
[CTRL] Processing linear query no. 3
[NNENUM] Running nnenum now...
[NNENUM] lb: [-0.4999999701976776, -0.33623147889292704, 5.000000171712609e-6, -0.3499999940395355, -0.1, -0.1, -0.1, -0.1, -0.1, -0.1, -0.1, -0.1, -0.1]
[NNENUM] ub: [-0.00625, -0.18296763576522218, 5.000000171712609e-6, -0.21079675705898798, 0.09999999999999999, 0.09999999999999999, 0.09999999999999999, 0.09999999999999999, 0.09999999999999999, 0.09999999999999999, 0.09999999999999999, 0.09999999999999999, 0.09999999999999999]
[NNENUM] Creating LP Star...
[NNENUM] Checking feasibility
[NNENUM] Generating output Spec...
[NNENUM] Spec list length:  6
[NNENUM] Enumeration in progress... 
(0.1 sec) Q: 0, Sets: 0/1  (0.0%) CEs: 0 ETA: - (expected 1 stars)   
(0.2 sec) Q: 0, Sets: 4/6  (25.0%) CEs: 0 ETA: 0.6 sec (expected 16 stars)   
(0.3 sec) Q: 0, Sets: 14/14  (100.0%) CEs: 0 ETA: 0.0 sec (expected 14 stars)   
Total Stars: 14 (0 exact, 14 approx)
Unfinished Stars: 0
Runtime: 0.3 sec
Completed work frac: 1.0
Num Stars Copied Between Processes: 0
Num Lps During Enumeration: 0
Total Num Lps: 0

Result: network is SAFE

[NNENUM] Result: 
<nnenum.result.Result object at 0x747e3bed4700>
[NNENUM] Enumeration finished.
safe
[NNENUM] Found counter-example stars: 0
[NNENUM] Filtering result using SMT solver...
[SMT] SMT filtered out 0 stars (out of 0; TO: 0).
[QUERY] Looking for nonlinear input combinations...
[QUERY] Found all non-linear combinations. Count: 3
[QUERY] Returning nonlinear disjunction
[CTRL] Considering conjunction with 31 input constraints and a disjunction of size 6
[APPROX] Checking cache: SNNT.Approx.ApproxCacheObject[]
[APPROX] Constructing Approximation
[APPROX] Resolving approximation
[CTRL] Initiating iterator over current linear queries
[APPROX] # Conjunctions over output: 6
[CTRL] Processing linear query no. 4
[NNENUM] Running nnenum now...
[NNENUM] lb: [-0.4999999701976776, -0.33623147889292704, 5.000000171712609e-6, -0.3499999940395355, -0.1, -0.1, -0.1, -0.1, -0.1, -0.1, -0.1, -0.1, -0.1]
[NNENUM] ub: [-0.00625, -0.18296763576522218, 5.000000171712609e-6, -0.21079675705898798, 0.09999999999999999, 0.09999999999999999, 0.09999999999999999, 0.09999999999999999, 0.09999999999999999, 0.09999999999999999, 0.09999999999999999, 0.09999999999999999, 0.09999999999999999]
[NNENUM] Creating LP Star...
[NNENUM] Checking feasibility
[NNENUM] Generating output Spec...
[NNENUM] Spec list length:  6
[NNENUM] Enumeration in progress... 
(0.2 sec) Q: 0, Sets: 0/1  (0.0%) CEs: 0 ETA: - (expected 1 stars)   
(0.3 sec) Q: 0, Sets: 5/9  (50.0%) CEs: 0 ETA: 0.3 sec (expected 10 stars)   
(0.4 sec) Q: 0, Sets: 14/14  (100.0%) CEs: 0 ETA: 0.0 sec (expected 14 stars)   
Total Stars: 14 (2 exact, 12 approx)
Unfinished Stars: 0
Runtime: 0.4 sec
Completed work frac: 1.0
Num Stars Copied Between Processes: 0
Num Lps During Enumeration: 110
Total Num Lps: 110

Result: network is SAFE

[NNENUM] Result: 
<nnenum.result.Result object at 0x747e3bf295b0>
[NNENUM] Enumeration finished.
safe
[NNENUM] Found counter-example stars: 0
[NNENUM] Filtering result using SMT solver...
[SMT] SMT filtered out 0 stars (out of 0; TO: 0).
[QUERY] Looking for nonlinear input combinations...
.[QUERY] Found all non-linear combinations. Count: 1
[QUERY] Returning nonlinear disjunction
[CTRL] Considering conjunction with 31 input constraints and a disjunction of size 6
[APPROX] Checking cache: SNNT.Approx.ApproxCacheObject[]
[APPROX] Constructing Approximation
[APPROX] Resolving approximation
[CTRL] Initiating iterator over current linear queries
[APPROX] # Conjunctions over output: 6
[CTRL] Processing linear query no. 5
[NNENUM] Running nnenum now...
[NNENUM] lb: [-0.4999999701976776, -0.33623147889292704, 5.000000171712609e-6, -0.3499999940395355, -0.1, -0.1, -0.1, -0.1, -0.1, -0.1, -0.1, -0.1, -0.1]
[NNENUM] ub: [-0.00625, -0.18296763576522218, 5.000000171712609e-6, -0.21079675705898798, 0.09999999999999999, 0.09999999999999999, 0.09999999999999999, 0.09999999999999999, 0.09999999999999999, 0.09999999999999999, 0.09999999999999999, 0.09999999999999999, 0.09999999999999999]
[NNENUM] Creating LP Star...
[NNENUM] Checking feasibility
[NNENUM] Generating output Spec...
[NNENUM] Spec list length:  6
[NNENUM] Enumeration in progress... 
(0.1 sec) Q: 0, Sets: 0/1  (0.0%) CEs: 0 ETA: - (expected 1 stars)   
(0.2 sec) Q: 0, Sets: 4/6  (25.0%) CEs: 0 ETA: 0.5 sec (expected 16 stars)   
(0.3 sec) Q: 0, Sets: 12/12  (100.0%) CEs: 0 ETA: 0.0 sec (expected 12 stars)   
Total Stars: 12 (2 exact, 10 approx)
Unfinished Stars: 0
Runtime: 0.3 sec
Completed work frac: 1.0
Num Stars Copied Between Processes: 0
Num Lps During Enumeration: 60
Total Num Lps: 60

Result: network is SAFE

[NNENUM] Result: 
<nnenum.result.Result object at 0x747e3bec6820>
[NNENUM] Enumeration finished.
safe
[NNENUM] Found counter-example stars: 0
[NNENUM] Filtering result using SMT solver...
[SMT] SMT filtered out 0 stars (out of 0; TO: 0).
[QUERY] Looking for nonlinear input combinations...
[QUERY] Found all non-linear combinations. Count: 1
[QUERY] Returning nonlinear disjunction
[CTRL] Considering conjunction with 31 input constraints and a disjunction of size 6
[APPROX] Checking cache: SNNT.Approx.ApproxCacheObject[]
[APPROX] Constructing Approximation
[APPROX] Resolving approximation
[CTRL] Initiating iterator over current linear queries
[APPROX] # Conjunctions over output: 6
[CTRL] Processing linear query no. 6
[NNENUM] Running nnenum now...
[NNENUM] lb: [-0.4999999701976776, -0.33623147889292704, 5.000000171712609e-6, -0.3499999940395355, -0.1, -0.1, -0.1, -0.1, -0.1, -0.1, -0.1, -0.1, -0.1]
[NNENUM] ub: [-0.00625, -0.18296763576522218, 5.000000171712609e-6, -0.21079675705898798, 0.09999999999999999, 0.09999999999999999, 0.09999999999999999, 0.09999999999999999, 0.09999999999999999, 0.09999999999999999, 0.09999999999999999, 0.09999999999999999, 0.09999999999999999]
[NNENUM] Creating LP Star...
[NNENUM] Checking feasibility
[NNENUM] Generating output Spec...
[NNENUM] Spec list length:  6
[NNENUM] Enumeration in progress... 
(0.2 sec) Q: 0, Sets: 0/1  (0.0%) CEs: 0 ETA: - (expected 1 stars)   
(0.3 sec) Q: 0, Sets: 4/6  (50.0%) CEs: 0 ETA: 0.3 sec (expected 8 stars)   
(0.4 sec) Q: 0, Sets: 9/14  (78.125%) CEs: 0 ETA: 0.1 sec (expected 12 stars)   (0.5 sec) Q: 0, Sets: 14/17  (90.625%) CEs: 0 ETA: 0.1 sec (expected 15 stars)   

Total Stars: 18 (0 exact, 18 approx)
Unfinished Stars: 0
Runtime: 0.6 sec
Completed work frac: 1.0
Num Stars Copied Between Processes: 0
Num Lps During Enumeration: 0
Total Num Lps: 0

Result: network is SAFE

[NNENUM] Result: 
<nnenum.result.Result object at 0x747e3bedea00>
[NNENUM] Enumeration finished.
safe
[NNENUM] Found counter-example stars: 0
[NNENUM] Filtering result using SMT solver...
[SMT] SMT filtered out 0 stars (out of 0; TO: 0).
[QUERY] Looking for nonlinear input combinations...
[QUERY] Found all non-linear combinations. Count: 1
[QUERY] Returning nonlinear disjunction
[CTRL] Considering conjunction with 31 input constraints and a disjunction of size 6
[APPROX] Checking cache: SNNT.Approx.ApproxCacheObject[]
[APPROX] Constructing Approximation
[APPROX] Resolving approximation
[CTRL] Initiating iterator over current linear queries
[APPROX] # Conjunctions over output: 6
[CTRL] Processing linear query no. 7
[NNENUM] Running nnenum now...
[NNENUM] lb: [-0.4999999701976776, -0.33623147889292704, 5.000000171712609e-6, -0.3499999940395355, -0.1, -0.1, -0.1, -0.1, -0.1, -0.1, -0.1, -0.1, -0.1]
[NNENUM] ub: [-0.00625, -0.18296763576522218, 5.000000171712609e-6, -0.21079675705898798, 0.09999999999999999, 0.09999999999999999, 0.09999999999999999, 0.09999999999999999, 0.09999999999999999, 0.09999999999999999, 0.09999999999999999, 0.09999999999999999, 0.09999999999999999]
[NNENUM] Creating LP Star...
[NNENUM] Checking feasibility
[NNENUM] Generating output Spec...
[NNENUM] Spec list length:  6
[NNENUM] Enumeration in progress... 
(0.0 sec) Q: 0, Sets: 0/1  (0.0%) CEs: 0 ETA: - (expected 1 stars)   

Total Stars: 3 (1 exact, 2 approx)
Unfinished Stars: 0
Runtime: 0.1 sec
Completed work frac: 1.0
Num Stars Copied Between Processes: 0
Num Lps During Enumeration: 106
Total Num Lps: 106

Result: network is SAFE

[NNENUM] Result: 
<nnenum.result.Result object at 0x747e3bede8b0>
[NNENUM] Enumeration finished.
safe
[NNENUM] Found counter-example stars: 0
[NNENUM] Filtering result using SMT solver...
[SMT] SMT filtered out 0 stars (out of 0; TO: 0).
[QUERY] Looking for nonlinear input combinations...
.[QUERY] Found all non-linear combinations. Count: 1
[QUERY] Returning nonlinear disjunction
[CTRL] Considering conjunction with 31 input constraints and a disjunction of size 6
[APPROX] Checking cache: SNNT.Approx.ApproxCacheObject[]
[APPROX] Constructing Approximation
[APPROX] Resolving approximation
[CTRL] Initiating iterator over current linear queries
[APPROX] # Conjunctions over output: 6
[CTRL] Processing linear query no. 8
[NNENUM] Running nnenum now...
[NNENUM] lb: [-0.4999999701976776, -0.33623147889292704, 5.000000171712609e-6, -0.3499999940395355, -0.1, -0.1, -0.1, -0.1, -0.1, -0.1, -0.1, -0.1, -0.1]
[NNENUM] ub: [-0.00625, -0.18296763576522218, 5.000000171712609e-6, -0.21079675705898798, 0.09999999999999999, 0.09999999999999999, 0.09999999999999999, 0.09999999999999999, 0.09999999999999999, 0.09999999999999999, 0.09999999999999999, 0.09999999999999999, 0.09999999999999999]
[NNENUM] Creating LP Star...
[NNENUM] Checking feasibility
[NNENUM] Generating output Spec...
[NNENUM] Spec list length:  6
[NNENUM] Enumeration in progress... 
(0.1 sec) Q: 0, Sets: 0/1  (0.0%) CEs: 0 ETA: - (expected 1 stars)   
(0.2 sec) Q: 0, Sets: 0/2  (0.0%) CEs: 0 ETA: - (expected 1 stars)   

Total Stars: 6 (2 exact, 4 approx)
Unfinished Stars: 0
Runtime: 0.3 sec
Completed work frac: 1.0
Num Stars Copied Between Processes: 0
Num Lps During Enumeration: 88
Total Num Lps: 88

Result: network is SAFE

[NNENUM] Result: 
<nnenum.result.Result object at 0x747e3beded00>
[NNENUM] Enumeration finished.
safe
[NNENUM] Found counter-example stars: 0
[NNENUM] Filtering result using SMT solver...
[SMT] SMT filtered out 0 stars (out of 0; TO: 0).
[QUERY] Looking for nonlinear input combinations...
.[QUERY] Found all non-linear combinations. Count: 2
[QUERY] Returning nonlinear disjunction
[CTRL] Considering conjunction with 31 input constraints and a disjunction of size 6
[APPROX] Checking cache: SNNT.Approx.ApproxCacheObject[]
[APPROX] Constructing Approximation
[APPROX] Resolving approximation
[CTRL] Initiating iterator over current linear queries
[APPROX] # Conjunctions over output: 6
[CTRL] Processing linear query no. 9
[NNENUM] Running nnenum now...
[NNENUM] lb: [-0.4999999701976776, -0.33623147889292704, 5.000000171712609e-6, -0.3499999940395355, -0.1, -0.1, -0.1, -0.1, -0.1, -0.1, -0.1, -0.1, -0.1]
[NNENUM] ub: [-0.00625, -0.18296763576522218, 5.000000171712609e-6, -0.21079675705898798, 0.09999999999999999, 0.09999999999999999, 0.09999999999999999, 0.09999999999999999, 0.09999999999999999, 0.09999999999999999, 0.09999999999999999, 0.09999999999999999, 0.09999999999999999]
[NNENUM] Creating LP Star...
[NNENUM] Checking feasibility
[NNENUM] Generating output Spec...
[NNENUM] Spec list length:  6
[NNENUM] Enumeration in progress... 
(0.1 sec) Q: 0, Sets: 0/1  (0.0%) CEs: 0 ETA: - (expected 1 stars)   
(0.2 sec) Q: 0, Sets: 5/9  (15.625%) CEs: 0 ETA: 0.9 sec (expected 32 stars)   
(0.3 sec) Q: 0, Sets: 8/14  (17.676%) CEs: 0 ETA: 1.3 sec (expected 45 stars)   (0.4 sec) Q: 0, Sets: 15/20  (56.25%) CEs: 0 ETA: 0.3 sec (expected 27 stars)   
(0.5 sec) Q: 0, Sets: 24/26  (62.5%) CEs: 0 ETA: 0.3 sec (expected 38 stars)   (0.6 sec) Q: 0, Sets: 26/28  (75.0%) CEs: 0 ETA: 0.2 sec (expected 35 stars)   (0.7 sec) Q: 0, Sets: 34/34  (100.0%) CEs: 0 ETA: 0.0 sec (expected 34 stars)   
Total Stars: 34 (5 exact, 29 approx)
Unfinished Stars: 0
Runtime: 0.7 sec
Completed work frac: 1.0
Num Stars Copied Between Processes: 0
Num Lps During Enumeration: 130
Total Num Lps: 130

Result: network is SAFE

[NNENUM] Result: 
<nnenum.result.Result object at 0x747e3bec64c0>
[NNENUM] Enumeration finished.
safe
[NNENUM] Found counter-example stars: 0
[NNENUM] Filtering result using SMT solver...
[SMT] SMT filtered out 0 stars (out of 0; TO: 0).
[QUERY] Looking for nonlinear input combinations...
....[QUERY] Found all non-linear combinations. Count: 3
[QUERY] Returning nonlinear disjunction
[CTRL] Considering conjunction with 31 input constraints and a disjunction of size 6
[APPROX] Checking cache: SNNT.Approx.ApproxCacheObject[]
[APPROX] Constructing Approximation
[APPROX] Resolving approximation
[CTRL] Initiating iterator over current linear queries
[APPROX] # Conjunctions over output: 6
[CTRL] Processing linear query no. 10
[NNENUM] Running nnenum now...
[NNENUM] lb: [-0.4999999701976776, -0.33623147889292704, 5.000000171712609e-6, -0.3499999940395355, -0.1, -0.1, -0.1, -0.1, -0.1, -0.1, -0.1, -0.1, -0.1]
[NNENUM] ub: [-0.00625, -0.18296763576522218, 5.000000171712609e-6, -0.21079675705898798, 0.09999999999999999, 0.09999999999999999, 0.09999999999999999, 0.09999999999999999, 0.09999999999999999, 0.09999999999999999, 0.09999999999999999, 0.09999999999999999, 0.09999999999999999]
[NNENUM] Creating LP Star...
[NNENUM] Checking feasibility
[NNENUM] Generating output Spec...
[NNENUM] Spec list length:  6
[NNENUM] Enumeration in progress... 
(0.1 sec) Q: 0, Sets: 0/1  (0.0%) CEs: 0 ETA: - (expected 1 stars)   
(0.2 sec) Q: 0, Sets: 4/6  (25.0%) CEs: 0 ETA: 0.6 sec (expected 16 stars)   
(0.3 sec) Q: 0, Sets: 8/10  (62.5%) CEs: 0 ETA: 0.2 sec (expected 13 stars)   
Total Stars: 11 (0 exact, 11 approx)
Unfinished Stars: 0
Runtime: 0.4 sec
Completed work frac: 1.0
Num Stars Copied Between Processes: 0
Num Lps During Enumeration: 0
Total Num Lps: 0

Result: network is SAFE

[NNENUM] Result: 
<nnenum.result.Result object at 0x747e3beec7c0>
[NNENUM] Enumeration finished.
safe
[NNENUM] Found counter-example stars: 0
[NNENUM] Filtering result using SMT solver...
[SMT] SMT filtered out 0 stars (out of 0; TO: 0).
[QUERY] Looking for nonlinear input combinations...
[QUERY] Found all non-linear combinations. Count: 1
[QUERY] Returning nonlinear disjunction
[CTRL] Considering conjunction with 31 input constraints and a disjunction of size 6
[APPROX] Checking cache: SNNT.Approx.ApproxCacheObject[]
[APPROX] Constructing Approximation
[APPROX] Resolving approximation
[CTRL] Initiating iterator over current linear queries
[APPROX] # Conjunctions over output: 6
[CTRL] Processing linear query no. 11
[NNENUM] Running nnenum now...
[NNENUM] lb: [-0.4999999701976776, -0.33623147889292704, 5.000000171712609e-6, -0.3499999940395355, -0.1, -0.1, -0.1, -0.1, -0.1, -0.1, -0.1, -0.1, -0.1]
[NNENUM] ub: [-0.00625, -0.18296763576522218, 5.000000171712609e-6, -0.21079675705898798, 0.09999999999999999, 0.09999999999999999, 0.09999999999999999, 0.09999999999999999, 0.09999999999999999, 0.09999999999999999, 0.09999999999999999, 0.09999999999999999, 0.09999999999999999]
[NNENUM] Creating LP Star...
[NNENUM] Checking feasibility
[NNENUM] Generating output Spec...
[NNENUM] Spec list length:  6
[NNENUM] Enumeration in progress... 
(0.2 sec) Q: 0, Sets: 0/1  (0.0%) CEs: 0 ETA: - (expected 1 stars)   
(0.3 sec) Q: 0, Sets: 2/5  (25.0%) CEs: 0 ETA: 0.9 sec (expected 8 stars)   

Total Stars: 11 (0 exact, 11 approx)
Unfinished Stars: 0
Runtime: 0.4 sec
Completed work frac: 1.0
Num Stars Copied Between Processes: 0
Num Lps During Enumeration: 0
Total Num Lps: 0

Result: network is SAFE

[NNENUM] Result: 
<nnenum.result.Result object at 0x747e3bef11c0>
[NNENUM] Enumeration finished.
safe
[NNENUM] Found counter-example stars: 0
[NNENUM] Filtering result using SMT solver...
[SMT] SMT filtered out 0 stars (out of 0; TO: 0).
[QUERY] Looking for nonlinear input combinations...
[QUERY] Found all non-linear combinations. Count: 1
[QUERY] Returning nonlinear disjunction
[CTRL] Considering conjunction with 31 input constraints and a disjunction of size 6
[APPROX] Checking cache: SNNT.Approx.ApproxCacheObject[]
[APPROX] Constructing Approximation
[APPROX] Resolving approximation
[CTRL] Initiating iterator over current linear queries
[APPROX] # Conjunctions over output: 6
[CTRL] Processing linear query no. 12
[NNENUM] Running nnenum now...
[NNENUM] lb: [-0.4999999701976776, -0.33623147889292704, 5.000000171712609e-6, -0.3499999940395355, -0.1, -0.1, -0.1, -0.1, -0.1, -0.1, -0.1, -0.1, -0.1]
[NNENUM] ub: [-0.00625, -0.18296763576522218, 5.000000171712609e-6, -0.21079675705898798, 0.09999999999999999, 0.09999999999999999, 0.09999999999999999, 0.09999999999999999, 0.09999999999999999, 0.09999999999999999, 0.09999999999999999, 0.09999999999999999, 0.09999999999999999]
[NNENUM] Creating LP Star...
[NNENUM] Checking feasibility
[NNENUM] Generating output Spec...
[NNENUM] Spec list length:  6
[NNENUM] Enumeration in progress... 
(0.1 sec) Q: 0, Sets: 0/1  (0.0%) CEs: 0 ETA: - (expected 1 stars)   
(0.2 sec) Q: 0, Sets: 5/8  (62.5%) CEs: 0 ETA: 0.1 sec (expected 8 stars)   
(0.3 sec) Q: 0, Sets: 9/11  (75.0%) CEs: 0 ETA: 0.1 sec (expected 12 stars)   (0.4 sec) Q: 0, Sets: 17/17  (100.0%) CEs: 0 ETA: 0.0 sec (expected 17 stars)   

Total Stars: 17 (0 exact, 17 approx)
Unfinished Stars: 0
Runtime: 0.4 sec
Completed work frac: 1.0
Num Stars Copied Between Processes: 0
Num Lps During Enumeration: 0
Total Num Lps: 0

Result: network is SAFE

[NNENUM] Result: 
<nnenum.result.Result object at 0x747e3bed48b0>
[NNENUM] Enumeration finished.
safe
[NNENUM] Found counter-example stars: 0
[NNENUM] Filtering result using SMT solver...
[SMT] SMT filtered out 0 stars (out of 0; TO: 0).
[QUERY] Looking for nonlinear input combinations...
...[QUERY] Found all non-linear combinations. Count: 1
[QUERY] Returning nonlinear disjunction
[CTRL] Considering conjunction with 31 input constraints and a disjunction of size 6
[APPROX] Checking cache: SNNT.Approx.ApproxCacheObject[]
[APPROX] Constructing Approximation
[APPROX] Resolving approximation
[CTRL] Initiating iterator over current linear queries
[APPROX] # Conjunctions over output: 6
[CTRL] Processing linear query no. 13
[NNENUM] Running nnenum now...
[NNENUM] lb: [-0.4999999701976776, -0.33623147889292704, 5.000000171712609e-6, -0.3499999940395355, -0.1, -0.1, -0.1, -0.1, -0.1, -0.1, -0.1, -0.1, -0.1]
[NNENUM] ub: [-0.00625, -0.18296763576522218, 5.000000171712609e-6, -0.21079675705898798, 0.09999999999999999, 0.09999999999999999, 0.09999999999999999, 0.09999999999999999, 0.09999999999999999, 0.09999999999999999, 0.09999999999999999, 0.09999999999999999, 0.09999999999999999]
[NNENUM] Creating LP Star...
[NNENUM] Checking feasibility
[NNENUM] Generating output Spec...
[NNENUM] Spec list length:  6
[NNENUM] Enumeration in progress... 
(0.1 sec) Q: 0, Sets: 0/1  (0.0%) CEs: 0 ETA: - (expected 1 stars)   
(0.2 sec) Q: 0, Sets: 0/2  (0.0%) CEs: 0 ETA: - (expected 1 stars)   
(0.3 sec) Q: 0, Sets: 3/7  (6.25%) CEs: 0 ETA: 4.8 sec (expected 48 stars)   (0.4 sec) Q: 0, Sets: 12/15  (56.25%) CEs: 0 ETA: 0.3 sec (expected 21 stars)   
(0.6 sec) Q: 0, Sets: 19/21  (68.75%) CEs: 0 ETA: 0.3 sec (expected 28 stars)   (0.7 sec) Q: 0, Sets: 24/26  (81.25%) CEs: 0 ETA: 0.2 sec (expected 30 stars)   (0.8 sec) Q: 0, Sets: 25/29  (82.031%) CEs: 0 ETA: 0.2 sec (expected 30 stars)   (0.9 sec) Q: 0, Sets: 33/35  (87.5%) CEs: 0 ETA: 0.1 sec (expected 38 stars)   
(1.0 sec) Q: 0, Sets: 37/39  (93.75%) CEs: 0 ETA: 0.1 sec (expected 39 stars)   
Total Stars: 43 (0 exact, 43 approx)
Unfinished Stars: 0
Runtime: 1.1 sec
Completed work frac: 1.0
Num Stars Copied Between Processes: 0
Num Lps During Enumeration: 0
Total Num Lps: 0

Result: network is SAFE

[NNENUM] Result: 
<nnenum.result.Result object at 0x747e3bef19d0>
[NNENUM] Enumeration finished.
safe
[NNENUM] Found counter-example stars: 0
[NNENUM] Filtering result using SMT solver...
[SMT] SMT filtered out 0 stars (out of 0; TO: 0).
[QUERY] Looking for nonlinear input combinations...
.[QUERY] Found all non-linear combinations. Count: 1
[QUERY] Returning nonlinear disjunction
[CTRL] Considering conjunction with 31 input constraints and a disjunction of size 6
[APPROX] Checking cache: SNNT.Approx.ApproxCacheObject[]
[APPROX] Constructing Approximation
[APPROX] Resolving approximation
[CTRL] Initiating iterator over current linear queries
[APPROX] # Conjunctions over output: 6
[CTRL] Processing linear query no. 14
[NNENUM] Running nnenum now...
[NNENUM] lb: [-0.4999999701976776, -0.33623147889292704, 5.000000171712609e-6, -0.3499999940395355, -0.1, -0.1, -0.1, -0.1, -0.1, -0.1, -0.1, -0.1, -0.1]
[NNENUM] ub: [-0.00625, -0.18296763576522218, 5.000000171712609e-6, -0.21079675705898798, 0.09999999999999999, 0.09999999999999999, 0.09999999999999999, 0.09999999999999999, 0.09999999999999999, 0.09999999999999999, 0.09999999999999999, 0.09999999999999999, 0.09999999999999999]
[NNENUM] Creating LP Star...
[NNENUM] Checking feasibility
[NNENUM] Generating output Spec...
[NNENUM] Spec list length:  6
[NNENUM] Enumeration in progress... 
(0.1 sec) Q: 0, Sets: 0/1  (0.0%) CEs: 0 ETA: - (expected 1 stars)   
(0.2 sec) Q: 0, Sets: 3/6  (25.0%) CEs: 0 ETA: 0.6 sec (expected 12 stars)   
(0.3 sec) Q: 0, Sets: 10/13  (59.375%) CEs: 0 ETA: 0.2 sec (expected 17 stars)   (0.4 sec) Q: 0, Sets: 17/20  (81.25%) CEs: 0 ETA: 0.1 sec (expected 21 stars)   
(0.5 sec) Q: 0, Sets: 21/24  (93.75%) CEs: 0 ETA: 0.0 sec (expected 22 stars)   
Total Stars: 24 (0 exact, 24 approx)
Unfinished Stars: 0
Runtime: 0.6 sec
Completed work frac: 1.0
Num Stars Copied Between Processes: 0
Num Lps During Enumeration: 0
Total Num Lps: 0

Result: network is SAFE

[NNENUM] Result: 
<nnenum.result.Result object at 0x747e3beec970>
[NNENUM] Enumeration finished.
safe
[NNENUM] Found counter-example stars: 0
[NNENUM] Filtering result using SMT solver...
[SMT] SMT filtered out 0 stars (out of 0; TO: 0).
[QUERY] Looking for nonlinear input combinations...
.[QUERY] Found all non-linear combinations. Count: 1
[QUERY] Returning nonlinear disjunction
[CTRL] Considering conjunction with 31 input constraints and a disjunction of size 6
[APPROX] Checking cache: SNNT.Approx.ApproxCacheObject[]
[APPROX] Constructing Approximation
[APPROX] Resolving approximation
[CTRL] Initiating iterator over current linear queries
[APPROX] # Conjunctions over output: 6
[CTRL] Processing linear query no. 15
[NNENUM] Running nnenum now...
[NNENUM] lb: [-0.4999999701976776, -0.33623147889292704, 5.000000171712609e-6, -0.3499999940395355, -0.1, -0.1, -0.1, -0.1, -0.1, -0.1, -0.1, -0.1, -0.1]
[NNENUM] ub: [-0.00625, -0.18296763576522218, 5.000000171712609e-6, -0.21079675705898798, 0.09999999999999999, 0.09999999999999999, 0.09999999999999999, 0.09999999999999999, 0.09999999999999999, 0.09999999999999999, 0.09999999999999999, 0.09999999999999999, 0.09999999999999999]
[NNENUM] Creating LP Star...
[NNENUM] Checking feasibility
[NNENUM] Generating output Spec...
[NNENUM] Spec list length:  6
[NNENUM] Enumeration in progress... 
(0.1 sec) Q: 0, Sets: 0/1  (0.0%) CEs: 0 ETA: - (expected 1 stars)   
(0.2 sec) Q: 0, Sets: 5/8  (43.75%) CEs: 0 ETA: 0.2 sec (expected 11 stars)   

Total Stars: 13 (0 exact, 13 approx)
Unfinished Stars: 0
Runtime: 0.3 sec
Completed work frac: 1.0
Num Stars Copied Between Processes: 0
Num Lps During Enumeration: 0
Total Num Lps: 0

Result: network is SAFE

[NNENUM] Result: 
<nnenum.result.Result object at 0x747e3bef40d0>
[NNENUM] Enumeration finished.
safe
[NNENUM] Found counter-example stars: 0
[NNENUM] Filtering result using SMT solver...
[SMT] SMT filtered out 0 stars (out of 0; TO: 0).
[QUERY] Looking for nonlinear input combinations...
[QUERY] Found all non-linear combinations. Count: 1
[QUERY] Returning nonlinear disjunction
[CTRL] Considering conjunction with 31 input constraints and a disjunction of size 6
[APPROX] Checking cache: SNNT.Approx.ApproxCacheObject[]
[APPROX] Constructing Approximation
[APPROX] Resolving approximation
[CTRL] Initiating iterator over current linear queries
[APPROX] # Conjunctions over output: 6
[CTRL] Processing linear query no. 16
[NNENUM] Running nnenum now...
[NNENUM] lb: [-0.4999999701976776, -0.33623147889292704, 5.000000171712609e-6, -0.3499999940395355, -0.1, -0.1, -0.1, -0.1, -0.1, -0.1, -0.1, -0.1, -0.1]
[NNENUM] ub: [-0.00625, -0.18296763576522218, 5.000000171712609e-6, -0.21079675705898798, 0.09999999999999999, 0.09999999999999999, 0.09999999999999999, 0.09999999999999999, 0.09999999999999999, 0.09999999999999999, 0.09999999999999999, 0.09999999999999999, 0.09999999999999999]
[NNENUM] Creating LP Star...
[NNENUM] Checking feasibility
[NNENUM] Generating output Spec...
[NNENUM] Spec list length:  6
[NNENUM] Enumeration in progress... 
(0.2 sec) Q: 0, Sets: 0/1  (0.0%) CEs: 0 ETA: - (expected 1 stars)   
(0.3 sec) Q: 0, Sets: 4/6  (25.0%) CEs: 0 ETA: 1.0 sec (expected 16 stars)   
(0.4 sec) Q: 0, Sets: 10/12  (43.75%) CEs: 0 ETA: 0.5 sec (expected 23 stars)   (0.5 sec) Q: 0, Sets: 16/18  (96.875%) CEs: 0 ETA: 0.0 sec (expected 17 stars)   

Total Stars: 19 (0 exact, 19 approx)
Unfinished Stars: 0
Runtime: 0.5 sec
Completed work frac: 1.0
Num Stars Copied Between Processes: 0
Num Lps During Enumeration: 0
Total Num Lps: 0

Result: network is SAFE

[NNENUM] Result: 
<nnenum.result.Result object at 0x747e3bef4820>
[NNENUM] Enumeration finished.
safe
[NNENUM] Found counter-example stars: 0
[NNENUM] Filtering result using SMT solver...
[SMT] SMT filtered out 0 stars (out of 0; TO: 0).
[QUERY] Looking for nonlinear input combinations...
.[QUERY] Found all non-linear combinations. Count: 3
[QUERY] Returning nonlinear disjunction
[CTRL] Considering conjunction with 31 input constraints and a disjunction of size 6
[APPROX] Checking cache: SNNT.Approx.ApproxCacheObject[]
[APPROX] Constructing Approximation
[APPROX] Resolving approximation
[CTRL] Initiating iterator over current linear queries
[APPROX] # Conjunctions over output: 6
[CTRL] Processing linear query no. 17
[NNENUM] Running nnenum now...
[NNENUM] lb: [-0.4999999701976776, -0.33623147889292704, 5.000000171712609e-6, -0.3499999940395355, -0.1, -0.1, -0.1, -0.1, -0.1, -0.1, -0.1, -0.1, -0.1]
[NNENUM] ub: [-0.00625, -0.18296763576522218, 5.000000171712609e-6, -0.21079675705898798, 0.09999999999999999, 0.09999999999999999, 0.09999999999999999, 0.09999999999999999, 0.09999999999999999, 0.09999999999999999, 0.09999999999999999, 0.09999999999999999, 0.09999999999999999]
[NNENUM] Creating LP Star...
[NNENUM] Checking feasibility
[NNENUM] Generating output Spec...
[NNENUM] Spec list length:  6
[NNENUM] Enumeration in progress... 
(0.1 sec) Q: 0, Sets: 0/1  (0.0%) CEs: 0 ETA: - (expected 1 stars)   
(0.2 sec) Q: 0, Sets: 2/8  (7.812%) CEs: 0 ETA: 2.0 sec (expected 26 stars)   
(0.3 sec) Q: 0, Sets: 9/12  (18.75%) CEs: 0 ETA: 1.2 sec (expected 48 stars)   (0.4 sec) Q: 0, Sets: 15/19  (28.125%) CEs: 0 ETA: 1.0 sec (expected 53 stars)   
(0.5 sec) Q: 0, Sets: 21/26  (52.734%) CEs: 0 ETA: 0.5 sec (expected 40 stars)   (0.6 sec) Q: 0, Sets: 29/33  (55.859%) CEs: 0 ETA: 0.5 sec (expected 52 stars)   (0.8 sec) Q: 0, Sets: 36/40  (58.594%) CEs: 0 ETA: 0.5 sec (expected 61 stars)   (0.9 sec) Q: 0, Sets: 38/40  (62.5%) CEs: 0 ETA: 0.5 sec (expected 61 stars)   
(1.0 sec) Q: 0, Sets: 38/41  (62.5%) CEs: 0 ETA: 0.6 sec (expected 61 stars)   (1.1 sec) Q: 0, Sets: 42/45  (71.484%) CEs: 0 ETA: 0.4 sec (expected 59 stars)   (1.2 sec) Q: 0, Sets: 50/52  (81.25%) CEs: 0 ETA: 0.3 sec (expected 62 stars)   (1.4 sec) Q: 0, Sets: 56/58  (84.375%) CEs: 0 ETA: 0.3 sec (expected 66 stars)   (1.5 sec) Q: 0, Sets: 59/62  (86.328%) CEs: 0 ETA: 0.2 sec (expected 68 stars)   (1.7 sec) Q: 0, Sets: 65/70  (88.086%) CEs: 0 ETA: 0.2 sec (expected 74 stars)   (1.8 sec) Q: 0, Sets: 72/78  (89.844%) CEs: 0 ETA: 0.2 sec (expected 80 stars)   (1.9 sec) Q: 0, Sets: 77/81  (90.234%) CEs: 0 ETA: 0.2 sec (expected 85 stars)   
(2.0 sec) Q: 0, Sets: 85/88  (90.613%) CEs: 0 ETA: 0.2 sec (expected 94 stars)   (2.1 sec) Q: 0, Sets: 92/95  (94.922%) CEs: 0 ETA: 0.1 sec (expected 97 stars)   (2.2 sec) Q: 0, Sets: 97/99  (96.094%) CEs: 0 ETA: 0.1 sec (expected 101 stars)   
Total Stars: 99 (0 exact, 99 approx)
Unfinished Stars: 0
Runtime: 2.3 sec
Completed work frac: 1.0
Num Stars Copied Between Processes: 0
Num Lps During Enumeration: 0
Total Num Lps: 0

Result: network is SAFE

[NNENUM] Result: 
<nnenum.result.Result object at 0x747e3bed4760>
[NNENUM] Enumeration finished.
safe
[NNENUM] Found counter-example stars: 0
[NNENUM] Filtering result using SMT solver...
[SMT] SMT filtered out 0 stars (out of 0; TO: 0).
[QUERY] Looking for nonlinear input combinations...
[QUERY] Found all non-linear combinations. Count: 3
[QUERY] Returning nonlinear disjunction
[CTRL] Considering conjunction with 31 input constraints and a disjunction of size 6
[APPROX] Checking cache: SNNT.Approx.ApproxCacheObject[]
[APPROX] Constructing Approximation
[APPROX] Resolving approximation
[CTRL] Initiating iterator over current linear queries
[APPROX] # Conjunctions over output: 6
[CTRL] Processing linear query no. 18
[NNENUM] Running nnenum now...
[NNENUM] lb: [-0.4999999701976776, -0.33623147889292704, 5.000000171712609e-6, -0.3499999940395355, -0.1, -0.1, -0.1, -0.1, -0.1, -0.1, -0.1, -0.1, -0.1]
[NNENUM] ub: [-0.00625, -0.18296763576522218, 5.000000171712609e-6, -0.21079675705898798, 0.09999999999999999, 0.09999999999999999, 0.09999999999999999, 0.09999999999999999, 0.09999999999999999, 0.09999999999999999, 0.09999999999999999, 0.09999999999999999, 0.09999999999999999]
[NNENUM] Creating LP Star...
[NNENUM] Checking feasibility
[NNENUM] Generating output Spec...
[NNENUM] Spec list length:  6
[NNENUM] Enumeration in progress... 
(0.1 sec) Q: 0, Sets: 0/1  (0.0%) CEs: 0 ETA: - (expected 1 stars)   
(0.2 sec) Q: 0, Sets: 0/5  (0.0%) CEs: 0 ETA: - (expected 1 stars)   
(0.3 sec) Q: 0, Sets: 5/11  (7.031%) CEs: 0 ETA: 3.7 sec (expected 71 stars)   (0.4 sec) Q: 0, Sets: 11/19  (27.344%) CEs: 0 ETA: 1.0 sec (expected 40 stars)   
(0.5 sec) Q: 0, Sets: 17/21  (28.125%) CEs: 0 ETA: 1.3 sec (expected 60 stars)   (0.6 sec) Q: 0, Sets: 23/30  (29.175%) CEs: 0 ETA: 1.5 sec (expected 79 stars)   (0.7 sec) Q: 0, Sets: 29/33  (30.859%) CEs: 0 ETA: 1.6 sec (expected 94 stars)   (0.8 sec) Q: 0, Sets: 31/33  (37.5%) CEs: 0 ETA: 1.4 sec (expected 83 stars)   
(1.0 sec) Q: 0, Sets: 31/33  (37.5%) CEs: 0 ETA: 1.6 sec (expected 83 stars)   (1.1 sec) Q: 0, Sets: 35/40  (52.344%) CEs: 0 ETA: 1.0 sec (expected 67 stars)   (1.2 sec) Q: 0, Sets: 41/44  (59.375%) CEs: 0 ETA: 0.8 sec (expected 69 stars)   (1.4 sec) Q: 0, Sets: 43/46  (60.938%) CEs: 0 ETA: 0.9 sec (expected 71 stars)   (1.5 sec) Q: 0, Sets: 44/46  (62.5%) CEs: 0 ETA: 0.9 sec (expected 70 stars)   (1.6 sec) Q: 0, Sets: 49/53  (64.844%) CEs: 0 ETA: 0.8 sec (expected 76 stars)   (1.7 sec) Q: 0, Sets: 56/58  (68.75%) CEs: 0 ETA: 0.8 sec (expected 81 stars)   (1.8 sec) Q: 0, Sets: 59/64  (70.02%) CEs: 0 ETA: 0.8 sec (expected 84 stars)   
(1.9 sec) Q: 0, Sets: 63/67  (70.703%) CEs: 0 ETA: 0.8 sec (expected 89 stars)   (2.0 sec) Q: 0, Sets: 66/68  (75.0%) CEs: 0 ETA: 0.7 sec (expected 88 stars)   (2.1 sec) Q: 0, Sets: 72/77  (76.953%) CEs: 0 ETA: 0.6 sec (expected 94 stars)   (2.2 sec) Q: 0, Sets: 76/81  (78.516%) CEs: 0 ETA: 0.6 sec (expected 97 stars)   (2.3 sec) Q: 0, Sets: 86/88  (87.5%) CEs: 0 ETA: 0.3 sec (expected 98 stars)   
Total Stars: 91 (0 exact, 91 approx)
Unfinished Stars: 0
Runtime: 2.3 sec
Completed work frac: 1.0
Num Stars Copied Between Processes: 0
Num Lps During Enumeration: 0
Total Num Lps: 0

Result: network is SAFE

[NNENUM] Result: 
<nnenum.result.Result object at 0x747e3c070700>
[NNENUM] Enumeration finished.
safe
[NNENUM] Found counter-example stars: 0
[NNENUM] Filtering result using SMT solver...
[SMT] SMT filtered out 0 stars (out of 0; TO: 0).
[QUERY] Looking for nonlinear input combinations...
..[QUERY] Found all non-linear combinations. Count: 1
[QUERY] Returning nonlinear disjunction
[CTRL] Considering conjunction with 31 input constraints and a disjunction of size 6
[APPROX] Checking cache: SNNT.Approx.ApproxCacheObject[]
[APPROX] Constructing Approximation
[APPROX] Resolving approximation
[CTRL] Initiating iterator over current linear queries
[APPROX] # Conjunctions over output: 6
[CTRL] Processing linear query no. 19
[NNENUM] Running nnenum now...
[NNENUM] lb: [-0.4999999701976776, -0.33623147889292704, 5.000000171712609e-6, -0.3499999940395355, -0.1, -0.1, -0.1, -0.1, -0.1, -0.1, -0.1, -0.1, -0.1]
[NNENUM] ub: [-0.00625, -0.18296763576522218, 5.000000171712609e-6, -0.21079675705898798, 0.09999999999999999, 0.09999999999999999, 0.09999999999999999, 0.09999999999999999, 0.09999999999999999, 0.09999999999999999, 0.09999999999999999, 0.09999999999999999, 0.09999999999999999]
[NNENUM] Creating LP Star...
[NNENUM] Checking feasibility
[NNENUM] Generating output Spec...
[NNENUM] Spec list length:  6
[NNENUM] Enumeration in progress... 
(0.1 sec) Q: 0, Sets: 0/1  (0.0%) CEs: 0 ETA: - (expected 1 stars)   
(0.2 sec) Q: 0, Sets: 2/4  (50.0%) CEs: 0 ETA: 0.2 sec (expected 4 stars)   
(0.3 sec) Q: 0, Sets: 11/15  (54.688%) CEs: 0 ETA: 0.3 sec (expected 20 stars)   (0.4 sec) Q: 0, Sets: 13/15  (62.5%) CEs: 0 ETA: 0.3 sec (expected 21 stars)   
(0.5 sec) Q: 0, Sets: 13/16  (62.5%) CEs: 0 ETA: 0.3 sec (expected 21 stars)   (0.7 sec) Q: 0, Sets: 16/20  (64.062%) CEs: 0 ETA: 0.4 sec (expected 25 stars)   (0.8 sec) Q: 0, Sets: 18/20  (68.75%) CEs: 0 ETA: 0.4 sec (expected 26 stars)   
Total Stars: 20 (1 exact, 19 approx)
Unfinished Stars: 0
Runtime: 0.8 sec
Completed work frac: 1.0
Num Stars Copied Between Processes: 0
Num Lps During Enumeration: 8
Total Num Lps: 8

Result: network is SAFE

[NNENUM] Result: 
<nnenum.result.Result object at 0x747e3bede460>
[NNENUM] Enumeration finished.
safe
[NNENUM] Found counter-example stars: 0
[NNENUM] Filtering result using SMT solver...
[SMT] SMT filtered out 0 stars (out of 0; TO: 0).
[QUERY] Looking for nonlinear input combinations...
[QUERY] Found all non-linear combinations. Count: 3
[QUERY] Returning nonlinear disjunction
[CTRL] Considering conjunction with 31 input constraints and a disjunction of size 6
[APPROX] Checking cache: SNNT.Approx.ApproxCacheObject[]
[APPROX] Constructing Approximation
[APPROX] Resolving approximation
[CTRL] Initiating iterator over current linear queries
[APPROX] # Conjunctions over output: 6
[CTRL] Processing linear query no. 20
[NNENUM] Running nnenum now...
[NNENUM] lb: [-0.4999999701976776, -0.33623147889292704, 5.000000171712609e-6, -0.3499999940395355, -0.1, -0.1, -0.1, -0.1, -0.1, -0.1, -0.1, -0.1, -0.1]
[NNENUM] ub: [-0.00625, -0.18296763576522218, 5.000000171712609e-6, -0.21079675705898798, 0.09999999999999999, 0.09999999999999999, 0.09999999999999999, 0.09999999999999999, 0.09999999999999999, 0.09999999999999999, 0.09999999999999999, 0.09999999999999999, 0.09999999999999999]
[NNENUM] Creating LP Star...
[NNENUM] Checking feasibility
[NNENUM] Generating output Spec...
[NNENUM] Spec list length:  6
[NNENUM] Enumeration in progress... 
(0.1 sec) Q: 0, Sets: 0/1  (0.0%) CEs: 0 ETA: - (expected 1 stars)   
(0.2 sec) Q: 0, Sets: 2/5  (18.75%) CEs: 0 ETA: 0.9 sec (expected 11 stars)   
(0.3 sec) Q: 0, Sets: 9/14  (52.344%) CEs: 0 ETA: 0.3 sec (expected 17 stars)   (0.4 sec) Q: 0, Sets: 19/21  (75.0%) CEs: 0 ETA: 0.1 sec (expected 25 stars)   

Total Stars: 28 (2 exact, 26 approx)
Unfinished Stars: 0
Runtime: 0.5 sec
Completed work frac: 1.0
Num Stars Copied Between Processes: 0
Num Lps During Enumeration: 24
Total Num Lps: 24

Result: network is SAFE

[NNENUM] Result: 
<nnenum.result.Result object at 0x747e3beec280>
[NNENUM] Enumeration finished.
safe
[NNENUM] Found counter-example stars: 0
[NNENUM] Filtering result using SMT solver...
[SMT] SMT filtered out 0 stars (out of 0; TO: 0).
[QUERY] Looking for nonlinear input combinations...
............[QUERY] Found all non-linear combinations. Count: 9
[QUERY] Returning nonlinear disjunction
[CTRL] Considering conjunction with 35 input constraints and a disjunction of size 6
[APPROX] Checking cache: SNNT.Approx.ApproxCacheObject[]
[APPROX] Constructing Approximation
[APPROX] Resolving approximation
[CTRL] Initiating iterator over current linear queries
[APPROX] # Conjunctions over output: 6
[CTRL] Processing linear query no. 21
[NNENUM] Running nnenum now...
[NNENUM] lb: [-0.4999999701976776, -0.33623147889292704, 5.000000171712609e-6, -0.3499999940395355, -0.1, -0.1, -0.1, -0.1, -0.1, -0.1, -0.1, -0.1, -0.1]
[NNENUM] ub: [-0.00625, -0.18296763576522218, 5.000000171712609e-6, -0.21079675705898798, 0.09999999999999999, 0.09999999999999999, 0.09999999999999999, 0.09999999999999999, 0.09999999999999999, 0.09999999999999999, 0.09999999999999999, 0.09999999999999999, 0.09999999999999999]
[NNENUM] Creating LP Star...
[NNENUM] Checking feasibility
[NNENUM] Generating output Spec...
[NNENUM] Spec list length:  6
[NNENUM] Enumeration in progress... 
(0.1 sec) Q: 0, Sets: 0/1  (0.0%) CEs: 0 ETA: - (expected 1 stars)   
(0.2 sec) Q: 0, Sets: 1/4  (12.5%) CEs: 0 ETA: 1.3 sec (expected 8 stars)   
(0.3 sec) Q: 0, Sets: 8/10  (25.0%) CEs: 0 ETA: 0.9 sec (expected 32 stars)   (0.4 sec) Q: 0, Sets: 14/18  (53.125%) CEs: 0 ETA: 0.4 sec (expected 26 stars)   
(0.5 sec) Q: 0, Sets: 20/24  (54.688%) CEs: 0 ETA: 0.4 sec (expected 37 stars)   (0.6 sec) Q: 0, Sets: 22/24  (62.5%) CEs: 0 ETA: 0.4 sec (expected 35 stars)   (0.7 sec) Q: 0, Sets: 25/31  (76.758%) CEs: 0 ETA: 0.2 sec (expected 33 stars)   
Total Stars: 31 (3 exact, 28 approx)
Unfinished Stars: 0
Runtime: 0.8 sec
Completed work frac: 1.0
Num Stars Copied Between Processes: 0
Num Lps During Enumeration: 128
Total Num Lps: 128

Result: network is SAFE

[NNENUM] Result: 
<nnenum.result.Result object at 0x747e3bec6bb0>
[NNENUM] Enumeration finished.
safe
[NNENUM] Found counter-example stars: 0
[NNENUM] Filtering result using SMT solver...
[SMT] SMT filtered out 0 stars (out of 0; TO: 0).
[QUERY] Looking for nonlinear input combinations...
....[QUERY] Found all non-linear combinations. Count: 1
[QUERY] Returning nonlinear disjunction
[CTRL] Considering conjunction with 35 input constraints and a disjunction of size 6
[APPROX] Checking cache: SNNT.Approx.ApproxCacheObject[]
[APPROX] Constructing Approximation
[APPROX] Resolving approximation
[CTRL] Initiating iterator over current linear queries
[APPROX] # Conjunctions over output: 6
[CTRL] Processing linear query no. 22
[NNENUM] Running nnenum now...
[NNENUM] lb: [-0.00625, -0.33623147889292704, 5.000000171712609e-6, -0.3499999940395355, -0.1, -0.1, -0.1, -0.1, -0.1, -0.1, -0.1, -0.1, -0.1]
[NNENUM] ub: [0.0062499999999999995, -0.18296763576522218, 5.000000171712609e-6, -0.21079675705898798, 0.09999999999999999, 0.09999999999999999, 0.09999999999999999, 0.09999999999999999, 0.09999999999999999, 0.09999999999999999, 0.09999999999999999, 0.09999999999999999, 0.09999999999999999]
[NNENUM] Creating LP Star...
[NNENUM] Checking feasibility
[NNENUM] Generating output Spec...
[NNENUM] Spec list length:  6
[NNENUM] Enumeration in progress... 
(0.0 sec) Q: 0, Sets: 0/1  (0.0%) CEs: 0 ETA: - (expected 1 stars)   

Total Stars: 3 (1 exact, 2 approx)
Unfinished Stars: 0
Runtime: 0.1 sec
Completed work frac: 1.0
Num Stars Copied Between Processes: 0
Num Lps During Enumeration: 10
Total Num Lps: 10

Result: network is SAFE

[NNENUM] Result: 
<nnenum.result.Result object at 0x747e3bf29970>
[NNENUM] Enumeration finished.
safe
[NNENUM] Found counter-example stars: 0
[NNENUM] Filtering result using SMT solver...
[SMT] SMT filtered out 0 stars (out of 0; TO: 0).
[QUERY] Looking for nonlinear input combinations...
...[QUERY] Found all non-linear combinations. Count: 1
[QUERY] Returning nonlinear disjunction
[CTRL] Considering conjunction with 35 input constraints and a disjunction of size 6
[APPROX] Checking cache: SNNT.Approx.ApproxCacheObject[]
[APPROX] Constructing Approximation
[APPROX] Resolving approximation
[CTRL] Initiating iterator over current linear queries
[APPROX] # Conjunctions over output: 6
[CTRL] Processing linear query no. 23
[NNENUM] Running nnenum now...
[NNENUM] lb: [-0.4999999701976776, -0.33623147889292704, 5.000000171712609e-6, -0.3499999940395355, -0.1, -0.1, -0.1, -0.1, -0.1, -0.1, -0.1, -0.1, -0.1]
[NNENUM] ub: [-0.00625, -0.18296763576522218, 5.000000171712609e-6, -0.21079675705898798, 0.09999999999999999, 0.09999999999999999, 0.09999999999999999, 0.09999999999999999, 0.09999999999999999, 0.09999999999999999, 0.09999999999999999, 0.09999999999999999, 0.09999999999999999]
[NNENUM] Creating LP Star...
[NNENUM] Checking feasibility
[NNENUM] Generating output Spec...
[NNENUM] Spec list length:  6
[NNENUM] Enumeration in progress... 
(0.1 sec) Q: 0, Sets: 0/1  (0.0%) CEs: 0 ETA: - (expected 1 stars)   
(0.2 sec) Q: 0, Sets: 0/2  (0.0%) CEs: 0 ETA: - (expected 1 stars)   
(0.3 sec) Q: 0, Sets: 5/9  (20.312%) CEs: 0 ETA: 1.4 sec (expected 25 stars)   (0.4 sec) Q: 0, Sets: 10/14  (57.812%) CEs: 0 ETA: 0.3 sec (expected 17 stars)   
(0.6 sec) Q: 0, Sets: 14/17  (75.0%) CEs: 0 ETA: 0.2 sec (expected 19 stars)   (0.7 sec) Q: 0, Sets: 21/21  (100.0%) CEs: 0 ETA: 0.0 sec (expected 21 stars)   
Total Stars: 21 (0 exact, 21 approx)
Unfinished Stars: 0
Runtime: 0.7 sec
Completed work frac: 1.0
Num Stars Copied Between Processes: 0
Num Lps During Enumeration: 0
Total Num Lps: 0

Result: network is SAFE

[NNENUM] Result: 
<nnenum.result.Result object at 0x747e3bef1610>
[NNENUM] Enumeration finished.
safe
[NNENUM] Found counter-example stars: 0
[NNENUM] Filtering result using SMT solver...
[SMT] SMT filtered out 0 stars (out of 0; TO: 0).
[QUERY] Looking for nonlinear input combinations...
.[QUERY] Found all non-linear combinations. Count: 2
[QUERY] Returning nonlinear disjunction
[CTRL] Considering conjunction with 35 input constraints and a disjunction of size 6
[APPROX] Checking cache: SNNT.Approx.ApproxCacheObject[]
[APPROX] Constructing Approximation
[APPROX] Resolving approximation
[CTRL] Initiating iterator over current linear queries
[APPROX] # Conjunctions over output: 6
[CTRL] Processing linear query no. 24
[NNENUM] Running nnenum now...
[NNENUM] lb: [-0.4999999701976776, -0.33623147889292704, 5.000000171712609e-6, -0.3499999940395355, -0.1, -0.1, -0.1, -0.1, -0.1, -0.1, -0.1, -0.1, -0.1]
[NNENUM] ub: [-0.00625, -0.18296763576522218, 5.000000171712609e-6, -0.21079675705898798, 0.09999999999999999, 0.09999999999999999, 0.09999999999999999, 0.09999999999999999, 0.09999999999999999, 0.09999999999999999, 0.09999999999999999, 0.09999999999999999, 0.09999999999999999]
[NNENUM] Creating LP Star...
[NNENUM] Checking feasibility
[NNENUM] Generating output Spec...
[NNENUM] Spec list length:  6
[NNENUM] Enumeration in progress... 
(0.0 sec) Q: 0, Sets: 0/1  (0.0%) CEs: 0 ETA: - (expected 1 stars)   

Total Stars: 3 (0 exact, 3 approx)
Unfinished Stars: 0
Runtime: 0.1 sec
Completed work frac: 1.0
Num Stars Copied Between Processes: 0
Num Lps During Enumeration: 0
Total Num Lps: 0

Result: network is SAFE

[NNENUM] Result: 
<nnenum.result.Result object at 0x747e3beec4f0>
[NNENUM] Enumeration finished.
safe
[NNENUM] Found counter-example stars: 0
[NNENUM] Filtering result using SMT solver...
[SMT] SMT filtered out 0 stars (out of 0; TO: 0).
[QUERY] Looking for nonlinear input combinations...
.[QUERY] Found all non-linear combinations. Count: 2
[QUERY] Returning nonlinear disjunction
[CTRL] Considering conjunction with 35 input constraints and a disjunction of size 6
[APPROX] Checking cache: SNNT.Approx.ApproxCacheObject[]
[APPROX] Constructing Approximation
[APPROX] Resolving approximation
[CTRL] Initiating iterator over current linear queries
[APPROX] # Conjunctions over output: 6
[CTRL] Processing linear query no. 25
[NNENUM] Running nnenum now...
[NNENUM] lb: [-0.4999999701976776, -0.33623147889292704, 5.000000171712609e-6, -0.3499999940395355, -0.1, -0.1, -0.1, -0.1, -0.1, -0.1, -0.1, -0.1, -0.1]
[NNENUM] ub: [-0.00625, -0.18296763576522218, 5.000000171712609e-6, -0.21079675705898798, 0.09999999999999999, 0.09999999999999999, 0.09999999999999999, 0.09999999999999999, 0.09999999999999999, 0.09999999999999999, 0.09999999999999999, 0.09999999999999999, 0.09999999999999999]
[NNENUM] Creating LP Star...
[NNENUM] Checking feasibility
[NNENUM] Generating output Spec...
[NNENUM] Spec list length:  6
[NNENUM] Enumeration in progress... 
(0.0 sec) Q: 0, Sets: 0/1  (0.0%) CEs: 0 ETA: - (expected 1 stars)   
(0.2 sec) Q: 0, Sets: 0/2  (0.0%) CEs: 0 ETA: - (expected 1 stars)   

Total Stars: 4 (1 exact, 3 approx)
Unfinished Stars: 0
Runtime: 0.2 sec
Completed work frac: 1.0
Num Stars Copied Between Processes: 0
Num Lps During Enumeration: 79
Total Num Lps: 79

Result: network is SAFE

[NNENUM] Result: 
<nnenum.result.Result object at 0x747e3bef9040>
[NNENUM] Enumeration finished.
safe
[NNENUM] Found counter-example stars: 0
[NNENUM] Filtering result using SMT solver...
[SMT] SMT filtered out 0 stars (out of 0; TO: 0).
[QUERY] Looking for nonlinear input combinations...
[QUERY] Found all non-linear combinations. Count: 3
[QUERY] Returning nonlinear disjunction
[CTRL] Considering conjunction with 35 input constraints and a disjunction of size 6
[APPROX] Checking cache: SNNT.Approx.ApproxCacheObject[]
[APPROX] Constructing Approximation
[APPROX] Resolving approximation
[CTRL] Initiating iterator over current linear queries
[APPROX] # Conjunctions over output: 6
[CTRL] Processing linear query no. 26
[NNENUM] Running nnenum now...
[NNENUM] lb: [-0.4999999701976776, -0.33623147889292704, 5.000000171712609e-6, -0.3499999940395355, -0.1, -0.1, -0.1, -0.1, -0.1, -0.1, -0.1, -0.1, -0.1]
[NNENUM] ub: [-0.00625, -0.18296763576522218, 5.000000171712609e-6, -0.21079675705898798, 0.09999999999999999, 0.09999999999999999, 0.09999999999999999, 0.09999999999999999, 0.09999999999999999, 0.09999999999999999, 0.09999999999999999, 0.09999999999999999, 0.09999999999999999]
[NNENUM] Creating LP Star...
[NNENUM] Checking feasibility
[NNENUM] Generating output Spec...
[NNENUM] Spec list length:  6
[NNENUM] Enumeration in progress... 
(0.0 sec) Q: 0, Sets: 0/1  (0.0%) CEs: 0 ETA: - (expected 1 stars)   

Total Stars: 5 (1 exact, 4 approx)
Unfinished Stars: 0
Runtime: 0.1 sec
Completed work frac: 1.0
Num Stars Copied Between Processes: 0
Num Lps During Enumeration: 85
Total Num Lps: 85

Result: network is SAFE

[NNENUM] Result: 
<nnenum.result.Result object at 0x747e3bf297c0>
[NNENUM] Enumeration finished.
safe
[NNENUM] Found counter-example stars: 0
[NNENUM] Filtering result using SMT solver...
[SMT] SMT filtered out 0 stars (out of 0; TO: 0).
[QUERY] Looking for nonlinear input combinations...
[QUERY] Found all non-linear combinations. Count: 3
[QUERY] Returning nonlinear disjunction
[CTRL] Considering conjunction with 35 input constraints and a disjunction of size 6
[APPROX] Checking cache: SNNT.Approx.ApproxCacheObject[]
[APPROX] Constructing Approximation
[APPROX] Resolving approximation
[CTRL] Initiating iterator over current linear queries
[APPROX] # Conjunctions over output: 6
[CTRL] Processing linear query no. 27
[NNENUM] Running nnenum now...
[NNENUM] lb: [-0.4999999701976776, -0.33623147889292704, 5.000000171712609e-6, -0.3499999940395355, -0.1, -0.1, -0.1, -0.1, -0.1, -0.1, -0.1, -0.1, -0.1]
[NNENUM] ub: [-0.00625, -0.18296763576522218, 5.000000171712609e-6, -0.21079675705898798, 0.09999999999999999, 0.09999999999999999, 0.09999999999999999, 0.09999999999999999, 0.09999999999999999, 0.09999999999999999, 0.09999999999999999, 0.09999999999999999, 0.09999999999999999]
[NNENUM] Creating LP Star...
[NNENUM] Checking feasibility
[NNENUM] Generating output Spec...
[NNENUM] Spec list length:  6
[NNENUM] Enumeration in progress... 
(0.0 sec) Q: 0, Sets: 0/1  (0.0%) CEs: 0 ETA: - (expected 1 stars)   
(0.2 sec) Q: 0, Sets: 0/2  (0.0%) CEs: 0 ETA: - (expected 1 stars)   
(0.3 sec) Q: 0, Sets: 2/5  (50.0%) CEs: 0 ETA: 0.3 sec (expected 4 stars)   
Total Stars: 6 (1 exact, 5 approx)
Unfinished Stars: 0
Runtime: 0.3 sec
Completed work frac: 1.0
Num Stars Copied Between Processes: 0
Num Lps During Enumeration: 11
Total Num Lps: 11

Result: network is SAFE

[NNENUM] Result: 
<nnenum.result.Result object at 0x747e3bef9c70>
[NNENUM] Enumeration finished.
safe
[NNENUM] Found counter-example stars: 0
[NNENUM] Filtering result using SMT solver...
[SMT] SMT filtered out 0 stars (out of 0; TO: 0).
[QUERY] Looking for nonlinear input combinations...
..[QUERY] Found all non-linear combinations. Count: 1
[QUERY] Returning nonlinear disjunction
[CTRL] Considering conjunction with 35 input constraints and a disjunction of size 6
[APPROX] Checking cache: SNNT.Approx.ApproxCacheObject[]
[APPROX] Constructing Approximation
[APPROX] Resolving approximation
[CTRL] Initiating iterator over current linear queries
[APPROX] # Conjunctions over output: 6
[CTRL] Processing linear query no. 28
[NNENUM] Running nnenum now...
[NNENUM] lb: [-0.4999999701976776, -0.33623147889292704, 5.000000171712609e-6, -0.3499999940395355, -0.1, -0.1, -0.1, -0.1, -0.1, -0.1, -0.1, -0.1, -0.1]
[NNENUM] ub: [-0.00625, -0.18296763576522218, 5.000000171712609e-6, -0.21079675705898798, 0.09999999999999999, 0.09999999999999999, 0.09999999999999999, 0.09999999999999999, 0.09999999999999999, 0.09999999999999999, 0.09999999999999999, 0.09999999999999999, 0.09999999999999999]
[NNENUM] Creating LP Star...
[NNENUM] Checking feasibility
[NNENUM] Generating output Spec...
[NNENUM] Spec list length:  6
[NNENUM] Enumeration in progress... 
(0.0 sec) Q: 0, Sets: 0/1  (0.0%) CEs: 0 ETA: - (expected 1 stars)   
(0.1 sec) Q: 0, Sets: 1/4  (12.5%) CEs: 0 ETA: 1.0 sec (expected 8 stars)   

Total Stars: 4 (2 exact, 2 approx)
Unfinished Stars: 0
Runtime: 0.1 sec
Completed work frac: 1.0
Num Stars Copied Between Processes: 0
Num Lps During Enumeration: 103
Total Num Lps: 103

Result: network is SAFE

[NNENUM] Result: 
<nnenum.result.Result object at 0x747e3bed8280>
[NNENUM] Enumeration finished.
safe
[NNENUM] Found counter-example stars: 0
[NNENUM] Filtering result using SMT solver...
[SMT] SMT filtered out 0 stars (out of 0; TO: 0).
[QUERY] Looking for nonlinear input combinations...
[QUERY] Found all non-linear combinations. Count: 1
[QUERY] Returning nonlinear disjunction
[CTRL] Considering conjunction with 35 input constraints and a disjunction of size 6
[APPROX] Checking cache: SNNT.Approx.ApproxCacheObject[]
[APPROX] Constructing Approximation
[APPROX] Resolving approximation
[CTRL] Initiating iterator over current linear queries
[APPROX] # Conjunctions over output: 6
[CTRL] Processing linear query no. 29
[NNENUM] Running nnenum now...
[NNENUM] lb: [-0.4999999701976776, -0.33623147889292704, 5.000000171712609e-6, -0.3499999940395355, -0.1, -0.1, -0.1, -0.1, -0.1, -0.1, -0.1, -0.1, -0.1]
[NNENUM] ub: [-0.00625, -0.18296763576522218, 5.000000171712609e-6, -0.21079675705898798, 0.09999999999999999, 0.09999999999999999, 0.09999999999999999, 0.09999999999999999, 0.09999999999999999, 0.09999999999999999, 0.09999999999999999, 0.09999999999999999, 0.09999999999999999]
[NNENUM] Creating LP Star...
[NNENUM] Checking feasibility
[NNENUM] Generating output Spec...
[NNENUM] Spec list length:  6
[NNENUM] Enumeration in progress... 
(0.0 sec) Q: 0, Sets: 0/1  (0.0%) CEs: 0 ETA: - (expected 1 stars)   
(0.2 sec) Q: 0, Sets: 0/2  (0.0%) CEs: 0 ETA: - (expected 1 stars)   

Total Stars: 2 (1 exact, 1 approx)
Unfinished Stars: 0
Runtime: 0.2 sec
Completed work frac: 1.0
Num Stars Copied Between Processes: 0
Num Lps During Enumeration: 57
Total Num Lps: 57

Result: network is SAFE

[NNENUM] Result: 
<nnenum.result.Result object at 0x747e3be832e0>
[NNENUM] Enumeration finished.
safe
[NNENUM] Found counter-example stars: 0
[NNENUM] Filtering result using SMT solver...
[SMT] SMT filtered out 0 stars (out of 0; TO: 0).
[QUERY] Looking for nonlinear input combinations...
[QUERY] Found all non-linear combinations. Count: 1
[QUERY] Returning nonlinear disjunction
[CTRL] Considering conjunction with 35 input constraints and a disjunction of size 6
[APPROX] Checking cache: SNNT.Approx.ApproxCacheObject[]
[APPROX] Constructing Approximation
[APPROX] Resolving approximation
[CTRL] Initiating iterator over current linear queries
[APPROX] # Conjunctions over output: 6
[CTRL] Processing linear query no. 30
[NNENUM] Running nnenum now...
[NNENUM] lb: [-0.4999999701976776, -0.33623147889292704, 5.000000171712609e-6, -0.3499999940395355, -0.1, -0.1, -0.1, -0.1, -0.1, -0.1, -0.1, -0.1, -0.1]
[NNENUM] ub: [-0.00625, -0.18296763576522218, 5.000000171712609e-6, -0.21079675705898798, 0.09999999999999999, 0.09999999999999999, 0.09999999999999999, 0.09999999999999999, 0.09999999999999999, 0.09999999999999999, 0.09999999999999999, 0.09999999999999999, 0.09999999999999999]
[NNENUM] Creating LP Star...
[NNENUM] Checking feasibility
[NNENUM] Generating output Spec...
[NNENUM] Spec list length:  6
[NNENUM] Enumeration in progress... 
(0.0 sec) Q: 0, Sets: 0/1  (0.0%) CEs: 0 ETA: - (expected 1 stars)   

Total Stars: 6 (2 exact, 4 approx)
Unfinished Stars: 0
Runtime: 0.1 sec
Completed work frac: 1.0
Num Stars Copied Between Processes: 0
Num Lps During Enumeration: 60
Total Num Lps: 60

Result: network is SAFE

[NNENUM] Result: 
<nnenum.result.Result object at 0x747e3be85130>
[NNENUM] Enumeration finished.
safe
[NNENUM] Found counter-example stars: 0
[NNENUM] Filtering result using SMT solver...
[SMT] SMT filtered out 0 stars (out of 0; TO: 0).
[QUERY] Looking for nonlinear input combinations...
.[QUERY] Found all non-linear combinations. Count: 1
[QUERY] Returning nonlinear disjunction
[CTRL] Considering conjunction with 35 input constraints and a disjunction of size 6
[APPROX] Checking cache: SNNT.Approx.ApproxCacheObject[]
[APPROX] Constructing Approximation
[APPROX] Resolving approximation
[CTRL] Initiating iterator over current linear queries
[APPROX] # Conjunctions over output: 6
[CTRL] Processing linear query no. 31
[NNENUM] Running nnenum now...
[NNENUM] lb: [-0.4999999701976776, -0.33623147889292704, 5.000000171712609e-6, -0.3499999940395355, -0.1, -0.1, -0.1, -0.1, -0.1, -0.1, -0.1, -0.1, -0.1]
[NNENUM] ub: [-0.00625, -0.18296763576522218, 5.000000171712609e-6, -0.21079675705898798, 0.09999999999999999, 0.09999999999999999, 0.09999999999999999, 0.09999999999999999, 0.09999999999999999, 0.09999999999999999, 0.09999999999999999, 0.09999999999999999, 0.09999999999999999]
[NNENUM] Creating LP Star...
[NNENUM] Checking feasibility
[NNENUM] Generating output Spec...
[NNENUM] Spec list length:  6
[NNENUM] Enumeration in progress... 
(0.0 sec) Q: 0, Sets: 0/1  (0.0%) CEs: 0 ETA: - (expected 1 stars)   
(0.2 sec) Q: 0, Sets: 0/2  (0.0%) CEs: 0 ETA: - (expected 1 stars)   
(0.3 sec) Q: 0, Sets: 1/6  (3.125%) CEs: 0 ETA: 9.4 sec (expected 32 stars)   
Total Stars: 8 (1 exact, 7 approx)
Unfinished Stars: 0
Runtime: 0.3 sec
Completed work frac: 1.0
Num Stars Copied Between Processes: 0
Num Lps During Enumeration: 52
Total Num Lps: 52

Result: network is SAFE

[NNENUM] Result: 
<nnenum.result.Result object at 0x747e3be85940>
[NNENUM] Enumeration finished.
safe
[NNENUM] Found counter-example stars: 0
[NNENUM] Filtering result using SMT solver...
[SMT] SMT filtered out 0 stars (out of 0; TO: 0).
[QUERY] Looking for nonlinear input combinations...
.[QUERY] Found all non-linear combinations. Count: 2
[QUERY] Returning nonlinear disjunction
[CTRL] Considering conjunction with 35 input constraints and a disjunction of size 6
[APPROX] Checking cache: SNNT.Approx.ApproxCacheObject[]
[APPROX] Constructing Approximation
[APPROX] Resolving approximation
[CTRL] Initiating iterator over current linear queries
[APPROX] # Conjunctions over output: 6
[CTRL] Processing linear query no. 32
[NNENUM] Running nnenum now...
[NNENUM] lb: [-0.4999999701976776, -0.33623147889292704, 5.000000171712609e-6, -0.3499999940395355, -0.1, -0.1, -0.1, -0.1, -0.1, -0.1, -0.1, -0.1, -0.1]
[NNENUM] ub: [-0.00625, -0.18296763576522218, 5.000000171712609e-6, -0.21079675705898798, 0.09999999999999999, 0.09999999999999999, 0.09999999999999999, 0.09999999999999999, 0.09999999999999999, 0.09999999999999999, 0.09999999999999999, 0.09999999999999999, 0.09999999999999999]
[NNENUM] Creating LP Star...
[NNENUM] Checking feasibility
[NNENUM] Generating output Spec...
[NNENUM] Spec list length:  6
[NNENUM] Enumeration in progress... 
(0.1 sec) Q: 0, Sets: 0/1  (0.0%) CEs: 0 ETA: - (expected 1 stars)   
(0.2 sec) Q: 0, Sets: 1/7  (25.0%) CEs: 0 ETA: 0.6 sec (expected 4 stars)   
(0.3 sec) Q: 0, Sets: 9/11  (48.438%) CEs: 0 ETA: 0.3 sec (expected 19 stars)   (0.4 sec) Q: 0, Sets: 16/18  (62.5%) CEs: 0 ETA: 0.3 sec (expected 26 stars)   
(0.6 sec) Q: 0, Sets: 21/23  (81.25%) CEs: 0 ETA: 0.1 sec (expected 26 stars)   
Total Stars: 23 (0 exact, 23 approx)
Unfinished Stars: 0
Runtime: 0.6 sec
Completed work frac: 1.0
Num Stars Copied Between Processes: 0
Num Lps During Enumeration: 0
Total Num Lps: 0

Result: network is SAFE

[NNENUM] Result: 
<nnenum.result.Result object at 0x747e3beecf10>
[NNENUM] Enumeration finished.
safe
[NNENUM] Found counter-example stars: 0
[NNENUM] Filtering result using SMT solver...
[SMT] SMT filtered out 0 stars (out of 0; TO: 0).
[QUERY] Looking for nonlinear input combinations...
[QUERY] Found all non-linear combinations. Count: 1
[QUERY] Returning nonlinear disjunction
[CTRL] Considering conjunction with 36 input constraints and a disjunction of size 5
[APPROX] Checking cache: SNNT.Approx.ApproxCacheObject[]
[APPROX] Constructing Approximation
[APPROX] Resolving approximation
[CTRL] Initiating iterator over current linear queries
[APPROX] # Conjunctions over output: 5
[CTRL] Processing linear query no. 33
[NNENUM] Running nnenum now...
[NNENUM] lb: [-0.4999999701976776, -0.33623147889292704, 5.000000171712609e-6, -0.3499999940395355, -0.1, -0.1, -0.1, -0.1, -0.1, -0.1, -0.1, -0.1, -0.1]
[NNENUM] ub: [-0.00625, -0.18296763576522218, 5.000000171712609e-6, -0.21079675705898798, 0.09999999999999999, 0.09999999999999999, 0.09999999999999999, 0.09999999999999999, 0.09999999999999999, 0.09999999999999999, 0.09999999999999999, 0.09999999999999999, 0.09999999999999999]
[NNENUM] Creating LP Star...
[NNENUM] Checking feasibility
[NNENUM] Generating output Spec...
[NNENUM] Spec list length:  5
[NNENUM] Enumeration in progress... 
(0.0 sec) Q: 0, Sets: 0/1  (0.0%) CEs: 0 ETA: - (expected 1 stars)   

Total Stars: 2 (0 exact, 2 approx)
Unfinished Stars: 0
Runtime: 0.0 sec
Completed work frac: 1.0
Num Stars Copied Between Processes: 0
Num Lps During Enumeration: 0
Total Num Lps: 0

Result: network is SAFE

[NNENUM] Result: 
<nnenum.result.Result object at 0x747e3be85d90>
[NNENUM] Enumeration finished.
safe
[NNENUM] Found counter-example stars: 0
[NNENUM] Filtering result using SMT solver...
[SMT] SMT filtered out 0 stars (out of 0; TO: 0).
[QUERY] Looking for nonlinear input combinations...
[QUERY] Found all non-linear combinations. Count: 1
[QUERY] Returning nonlinear disjunction
[CTRL] Considering conjunction with 36 input constraints and a disjunction of size 5
[APPROX] Checking cache: SNNT.Approx.ApproxCacheObject[]
[APPROX] Constructing Approximation
[APPROX] Resolving approximation
[CTRL] Initiating iterator over current linear queries
[APPROX] # Conjunctions over output: 5
[CTRL] Processing linear query no. 34
[NNENUM] Running nnenum now...
[NNENUM] lb: [-0.4999999701976776, -0.33623147889292704, 5.000000171712609e-6, -0.3499999940395355, -0.1, -0.1, -0.1, -0.1, -0.1, -0.1, -0.1, -0.1, -0.1]
[NNENUM] ub: [-0.00625, -0.18296763576522218, 5.000000171712609e-6, -0.21079675705898798, 0.09999999999999999, 0.09999999999999999, 0.09999999999999999, 0.09999999999999999, 0.09999999999999999, 0.09999999999999999, 0.09999999999999999, 0.09999999999999999, 0.09999999999999999]
[NNENUM] Creating LP Star...
[NNENUM] Checking feasibility
[NNENUM] Generating output Spec...
[NNENUM] Spec list length:  5
[NNENUM] Enumeration in progress... 
(0.1 sec) Q: 0, Sets: 0/1  (0.0%) CEs: 0 ETA: - (expected 1 stars)   
(0.2 sec) Q: 0, Sets: 0/2  (0.0%) CEs: 0 ETA: - (expected 1 stars)   

Total Stars: 3 (1 exact, 2 approx)
Unfinished Stars: 0
Runtime: 0.2 sec
Completed work frac: 1.0
Num Stars Copied Between Processes: 0
Num Lps During Enumeration: 98
Total Num Lps: 98

Result: network is SAFE

[NNENUM] Result: 
<nnenum.result.Result object at 0x747e3be8ea30>
[NNENUM] Enumeration finished.
safe
[NNENUM] Found counter-example stars: 0
[NNENUM] Filtering result using SMT solver...
[SMT] SMT filtered out 0 stars (out of 0; TO: 0).
[QUERY] Looking for nonlinear input combinations...
..[QUERY] Found all non-linear combinations. Count: 1
[QUERY] Returning nonlinear disjunction
[CTRL] Considering conjunction with 37 input constraints and a disjunction of size 4
[APPROX] Checking cache: SNNT.Approx.ApproxCacheObject[]
[APPROX] Constructing Approximation
[APPROX] Resolving approximation
[CTRL] Initiating iterator over current linear queries
[APPROX] # Conjunctions over output: 4
[CTRL] Processing linear query no. 35
[NNENUM] Running nnenum now...
[NNENUM] lb: [0.0062499999999999995, -0.33623147889292704, 5.000000171712609e-6, -0.3499999940395355, -0.1, -0.1, -0.1, -0.1, -0.1, -0.1, -0.1, -0.1, -0.1]
[NNENUM] ub: [0.5, -0.18296763576522218, 5.000000171712609e-6, -0.21079675705898798, 0.09999999999999999, 0.09999999999999999, 0.09999999999999999, 0.09999999999999999, 0.09999999999999999, 0.09999999999999999, 0.09999999999999999, 0.09999999999999999, 0.09999999999999999]
[NNENUM] Creating LP Star...
[NNENUM] Checking feasibility
[NNENUM] Generating output Spec...
[NNENUM] Spec list length:  4
[NNENUM] Enumeration in progress... 
(0.0 sec) Q: 0, Sets: 0/1  (0.0%) CEs: 0 ETA: - (expected 1 stars)   
(0.2 sec) Q: 0, Sets: 5/7  (48.438%) CEs: 0 ETA: 0.2 sec (expected 10 stars)   

Total Stars: 8 (1 exact, 7 approx)
Unfinished Stars: 0
Runtime: 0.2 sec
Completed work frac: 1.0
Num Stars Copied Between Processes: 0
Num Lps During Enumeration: 13
Total Num Lps: 13

Result: network is SAFE

[NNENUM] Result: 
<nnenum.result.Result object at 0x747e3bede490>
[NNENUM] Enumeration finished.
safe
[NNENUM] Found counter-example stars: 0
[NNENUM] Filtering result using SMT solver...
[SMT] SMT filtered out 0 stars (out of 0; TO: 0).
[QUERY] Looking for nonlinear input combinations...
[QUERY] Found all non-linear combinations. Count: 1
[QUERY] Returning nonlinear disjunction
[CTRL] Considering conjunction with 37 input constraints and a disjunction of size 4
[APPROX] Checking cache: SNNT.Approx.ApproxCacheObject[]
[APPROX] Constructing Approximation
[APPROX] Resolving approximation
[CTRL] Initiating iterator over current linear queries
[APPROX] # Conjunctions over output: 4
[CTRL] Processing linear query no. 36
[NNENUM] Running nnenum now...
[NNENUM] lb: [0.0062499999999999995, -0.33623147889292704, 5.000000171712609e-6, -0.3499999940395355, -0.1, -0.1, -0.1, -0.1, -0.1, -0.1, -0.1, -0.1, -0.1]
[NNENUM] ub: [0.5, -0.18296763576522218, 5.000000171712609e-6, -0.21079675705898798, 0.09999999999999999, 0.09999999999999999, 0.09999999999999999, 0.09999999999999999, 0.09999999999999999, 0.09999999999999999, 0.09999999999999999, 0.09999999999999999, 0.09999999999999999]
[NNENUM] Creating LP Star...
[NNENUM] Checking feasibility
[NNENUM] Generating output Spec...
[NNENUM] Spec list length:  4
[NNENUM] Enumeration in progress... 
(0.1 sec) Q: 0, Sets: 0/1  (0.0%) CEs: 0 ETA: - (expected 1 stars)   
(0.2 sec) Q: 0, Sets: 0/2  (0.0%) CEs: 0 ETA: - (expected 1 stars)   

Total Stars: 5 (1 exact, 4 approx)
Unfinished Stars: 0
Runtime: 0.3 sec
Completed work frac: 1.0
Num Stars Copied Between Processes: 0
Num Lps During Enumeration: 8
Total Num Lps: 8

Result: network is SAFE

[NNENUM] Result: 
<nnenum.result.Result object at 0x747e3bed87c0>
[NNENUM] Enumeration finished.
safe
[NNENUM] Found counter-example stars: 0
[NNENUM] Filtering result using SMT solver...
[SMT] SMT filtered out 0 stars (out of 0; TO: 0).
[QUERY] Looking for nonlinear input combinations...
[QUERY] Found all non-linear combinations. Count: 2
[QUERY] Returning nonlinear disjunction
[CTRL] Considering conjunction with 37 input constraints and a disjunction of size 5
[APPROX] Checking cache: SNNT.Approx.ApproxCacheObject[]
[APPROX] Constructing Approximation
[APPROX] Resolving approximation
[CTRL] Initiating iterator over current linear queries
[APPROX] # Conjunctions over output: 5
[CTRL] Processing linear query no. 37
[NNENUM] Running nnenum now...
[NNENUM] lb: [-0.00625, -0.33623147889292704, 5.000000171712609e-6, -0.3499999940395355, -0.1, -0.1, -0.1, -0.1, -0.1, -0.1, -0.1, -0.1, -0.1]
[NNENUM] ub: [0.0062499999999999995, -0.18296763576522218, 5.000000171712609e-6, -0.21079675705898798, 0.09999999999999999, 0.09999999999999999, 0.09999999999999999, 0.09999999999999999, 0.09999999999999999, 0.09999999999999999, 0.09999999999999999, 0.09999999999999999, 0.09999999999999999]
[NNENUM] Creating LP Star...
[NNENUM] Checking feasibility
[NNENUM] Generating output Spec...
[NNENUM] Spec list length:  5
[NNENUM] Enumeration in progress... 
(0.0 sec) Q: 0, Sets: 0/1  (0.0%) CEs: 0 ETA: - (expected 1 stars)   
(0.1 sec) Q: 0, Sets: 2/9  (12.891%) CEs: 1 ETA: 1.0 sec (expected 16 stars)   
(0.3 sec) Q: 0, Sets: 2/14  (12.891%) CEs: 1 ETA: 1.7 sec (expected 16 stars)   (0.4 sec) Q: 0, Sets: 5/15  (12.915%) CEs: 4 ETA: 2.5 sec (expected 39 stars)   
(0.5 sec) Q: 0, Sets: 8/20  (12.92%) CEs: 8 ETA: 3.2 sec (expected 62 stars)   (0.6 sec) Q: 0, Sets: 13/24  (12.927%) CEs: 11 ETA: 3.9 sec (expected 101 stars)   (0.7 sec) Q: 0, Sets: 17/27  (12.952%) CEs: 15 ETA: 4.7 sec (expected 131 stars)   (0.8 sec) Q: 0, Sets: 21/29  (12.988%) CEs: 19 ETA: 5.4 sec (expected 162 stars)   
(0.9 sec) Q: 0, Sets: 23/32  (13.013%) CEs: 21 ETA: 6.1 sec (expected 177 stars)   (1.0 sec) Q: 0, Sets: 26/33  (13.281%) CEs: 23 ETA: 6.7 sec (expected 196 stars)   (1.1 sec) Q: 0, Sets: 28/36  (13.379%) CEs: 26 ETA: 7.3 sec (expected 209 stars)   (1.2 sec) Q: 0, Sets: 31/39  (13.574%) CEs: 28 ETA: 7.9 sec (expected 228 stars)   (1.4 sec) Q: 0, Sets: 34/41  (13.672%) CEs: 31 ETA: 8.6 sec (expected 249 stars)   (1.5 sec) Q: 0, Sets: 36/44  (13.77%) CEs: 33 ETA: 9.4 sec (expected 261 stars)   (1.6 sec) Q: 0, Sets: 40/46  (13.867%) CEs: 37 ETA: 10.0 sec (expected 288 stars)   (1.7 sec) Q: 0, Sets: 40/49  (13.867%) CEs: 39 ETA: 10.6 sec (expected 288 stars)   
(1.8 sec) Q: 0, Sets: 44/52  (13.965%) CEs: 42 ETA: 11.1 sec (expected 315 stars)   (1.9 sec) Q: 0, Sets: 48/54  (14.038%) CEs: 46 ETA: 11.7 sec (expected 342 stars)   (2.0 sec) Q: 0, Sets: 51/58  (14.258%) CEs: 48 ETA: 12.2 sec (expected 358 stars)   (2.1 sec) Q: 0, Sets: 52/62  (14.282%) CEs: 49 ETA: 12.8 sec (expected 364 stars)   (2.3 sec) Q: 0, Sets: 55/66  (14.288%) CEs: 52 ETA: 13.5 sec (expected 385 stars)   (2.4 sec) Q: 0, Sets: 58/70  (14.289%) CEs: 55 ETA: 14.2 sec (expected 406 stars)   (2.5 sec) Q: 0, Sets: 60/72  (14.29%) CEs: 59 ETA: 14.8 sec (expected 420 stars)   (2.6 sec) Q: 0, Sets: 66/75  (14.294%) CEs: 62 ETA: 15.5 sec (expected 462 stars)   (2.7 sec) Q: 0, Sets: 70/79  (14.305%) CEs: 66 ETA: 16.1 sec (expected 489 stars)   (2.8 sec) Q: 0, Sets: 74/82  (14.331%) CEs: 70 ETA: 16.7 sec (expected 516 stars)   (2.9 sec) Q: 0, Sets: 77/85  (14.453%) CEs: 72 ETA: 17.4 sec (expected 533 stars)   (3.1 sec) Q: 0, Sets: 79/88  (14.551%) CEs: 74 ETA: 18.0 sec (expected 543 stars)   (3.2 sec) Q: 0, Sets: 80/89  (14.563%) CEs: 76 ETA: 18.6 sec (expected 549 stars)   (3.3 sec) Q: 0, Sets: 82/93  (14.578%) CEs: 79 ETA: 19.3 sec (expected 562 stars)   (3.4 sec) Q: 0, Sets: 86/96  (14.587%) CEs: 82 ETA: 19.9 sec (expected 590 stars)   (3.5 sec) Q: 0, Sets: 90/98  (14.594%) CEs: 85 ETA: 20.5 sec (expected 617 stars)   
(3.6 sec) Q: 0, Sets: 92/99  (14.6%) CEs: 88 ETA: 21.1 sec (expected 630 stars)   (3.7 sec) Q: 0, Sets: 94/102  (14.648%) CEs: 89 ETA: 21.7 sec (expected 642 stars)   (3.8 sec) Q: 0, Sets: 96/105  (14.685%) CEs: 92 ETA: 22.3 sec (expected 654 stars)   (4.0 sec) Q: 0, Sets: 100/107  (14.722%) CEs: 96 ETA: 22.9 sec (expected 679 stars)   (4.1 sec) Q: 0, Sets: 102/111  (14.746%) CEs: 98 ETA: 23.6 sec (expected 692 stars)   (4.2 sec) Q: 0, Sets: 106/114  (14.771%) CEs: 101 ETA: 24.1 sec (expected 718 stars)   (4.3 sec) Q: 0, Sets: 109/117  (14.795%) CEs: 104 ETA: 24.8 sec (expected 737 stars)   (4.4 sec) Q: 0, Sets: 111/118  (14.819%) CEs: 106 ETA: 25.3 sec (expected 749 stars)   (4.5 sec) Q: 0, Sets: 111/120  (14.819%) CEs: 108 ETA: 25.9 sec (expected 749 stars)   (4.6 sec) Q: 0, Sets: 115/122  (14.844%) CEs: 110 ETA: 26.5 sec (expected 775 stars)   (4.7 sec) Q: 0, Sets: 118/125  (15.137%) CEs: 114 ETA: 26.5 sec (expected 780 stars)   (4.8 sec) Q: 0, Sets: 122/127  (15.527%) CEs: 117 ETA: 26.3 sec (expected 786 stars)   (5.0 sec) Q: 0, Sets: 123/128  (15.625%) CEs: 118 ETA: 26.8 sec (expected 787 stars)   (5.1 sec) Q: 0, Sets: 124/132  (15.723%) CEs: 120 ETA: 27.2 sec (expected 789 stars)   (5.2 sec) Q: 0, Sets: 128/134  (16.016%) CEs: 123 ETA: 27.2 sec (expected 799 stars)   (5.3 sec) Q: 0, Sets: 128/136  (16.016%) CEs: 123 ETA: 27.7 sec (expected 799 stars)   (5.4 sec) Q: 0, Sets: 133/140  (16.162%) CEs: 128 ETA: 28.1 sec (expected 823 stars)   (5.6 sec) Q: 0, Sets: 136/143  (16.406%) CEs: 131 ETA: 28.3 sec (expected 829 stars)   (5.7 sec) Q: 0, Sets: 136/146  (16.406%) CEs: 133 ETA: 28.8 sec (expected 829 stars)   (5.8 sec) Q: 0, Sets: 140/149  (16.455%) CEs: 136 ETA: 29.3 sec (expected 851 stars)   (5.9 sec) Q: 0, Sets: 144/151  (16.504%) CEs: 140 ETA: 29.8 sec (expected 873 stars)   (6.0 sec) Q: 0, Sets: 147/155  (16.797%) CEs: 142 ETA: 29.9 sec (expected 875 stars)   (6.1 sec) Q: 0, Sets: 150/158  (16.833%) CEs: 145 ETA: 30.4 sec (expected 891 stars)   (6.3 sec) Q: 0, Sets: 151/160  (16.846%) CEs: 146 ETA: 30.9 sec (expected 896 stars)   (6.4 sec) Q: 0, Sets: 153/164  (16.849%) CEs: 150 ETA: 31.4 sec (expected 908 stars)   (6.5 sec) Q: 0, Sets: 157/166  (16.858%) CEs: 153 ETA: 31.9 sec (expected 931 stars)   (6.6 sec) Q: 0, Sets: 160/169  (16.87%) CEs: 155 ETA: 32.4 sec (expected 948 stars)   (6.7 sec) Q: 0, Sets: 163/172  (16.882%) CEs: 159 ETA: 32.9 sec (expected 966 stars)   (6.8 sec) Q: 0, Sets: 167/174  (16.919%) CEs: 163 ETA: 33.4 sec (expected 987 stars)   (6.9 sec) Q: 0, Sets: 170/177  (16.992%) CEs: 165 ETA: 33.7 sec (expected 1000 stars)   (7.0 sec) Q: 0, Sets: 173/180  (17.09%) CEs: 168 ETA: 34.1 sec (expected 1012 stars)   (7.1 sec) Q: 0, Sets: 177/182  (17.139%) CEs: 172 ETA: 34.6 sec (expected 1033 stars)   
(7.3 sec) Q: 0, Sets: 179/185  (17.188%) CEs: 174 ETA: 35.0 sec (expected 1041 stars)   (7.4 sec) Q: 0, Sets: 181/189  (17.383%) CEs: 176 ETA: 35.0 sec (expected 1041 stars)   (7.5 sec) Q: 0, Sets: 184/190  (17.529%) CEs: 180 ETA: 35.2 sec (expected 1050 stars)   (7.6 sec) Q: 0, Sets: 187/193  (17.969%) CEs: 184 ETA: 34.6 sec (expected 1041 stars)   (7.7 sec) Q: 0, Sets: 191/195  (18.75%) CEs: 186 ETA: 33.4 sec (expected 1019 stars)   (7.8 sec) Q: 0, Sets: 192/197  (21.875%) CEs: 187 ETA: 28.0 sec (expected 878 stars)   (7.9 sec) Q: 0, Sets: 194/201  (21.973%) CEs: 189 ETA: 28.2 sec (expected 883 stars)   (8.0 sec) Q: 0, Sets: 196/203  (22.07%) CEs: 191 ETA: 28.4 sec (expected 888 stars)   (8.1 sec) Q: 0, Sets: 200/206  (22.168%) CEs: 196 ETA: 28.6 sec (expected 902 stars)   (8.3 sec) Q: 0, Sets: 203/209  (22.461%) CEs: 198 ETA: 28.5 sec (expected 904 stars)   (8.4 sec) Q: 0, Sets: 207/211  (22.656%) CEs: 202 ETA: 28.6 sec (expected 914 stars)   (8.5 sec) Q: 0, Sets: 209/214  (23.047%) CEs: 205 ETA: 28.3 sec (expected 907 stars)   (8.6 sec) Q: 0, Sets: 211/217  (23.438%) CEs: 206 ETA: 28.0 sec (expected 900 stars)   (8.7 sec) Q: 0, Sets: 213/220  (23.633%) CEs: 208 ETA: 28.1 sec (expected 901 stars)   (8.8 sec) Q: 0, Sets: 218/222  (24.219%) CEs: 213 ETA: 27.6 sec (expected 900 stars)   (8.9 sec) Q: 0, Sets: 219/224  (24.316%) CEs: 214 ETA: 27.8 sec (expected 901 stars)   (9.0 sec) Q: 0, Sets: 223/226  (24.609%) CEs: 218 ETA: 27.7 sec (expected 906 stars)   (9.2 sec) Q: 0, Sets: 224/228  (25.0%) CEs: 219 ETA: 27.5 sec (expected 896 stars)   (9.3 sec) Q: 0, Sets: 224/232  (25.0%) CEs: 219 ETA: 27.9 sec (expected 896 stars)   (9.4 sec) Q: 0, Sets: 228/234  (26.562%) CEs: 223 ETA: 26.1 sec (expected 858 stars)   (9.6 sec) Q: 0, Sets: 231/237  (28.125%) CEs: 226 ETA: 24.4 sec (expected 821 stars)   (9.7 sec) Q: 0, Sets: 235/240  (28.906%) CEs: 230 ETA: 23.8 sec (expected 813 stars)   (9.8 sec) Q: 0, Sets: 237/243  (29.395%) CEs: 232 ETA: 23.5 sec (expected 806 stars)   (9.9 sec) Q: 0, Sets: 240/244  (29.688%) CEs: 236 ETA: 23.4 sec (expected 808 stars)   (10.0 sec) Q: 0, Sets: 242/248  (30.566%) CEs: 238 ETA: 22.7 sec (expected 792 stars)   (10.1 sec) Q: 0, Sets: 246/251  (31.055%) CEs: 241 ETA: 22.4 sec (expected 792 stars)   (10.2 sec) Q: 0, Sets: 249/255  (31.104%) CEs: 245 ETA: 22.6 sec (expected 801 stars)   (10.3 sec) Q: 0, Sets: 253/258  (31.189%) CEs: 248 ETA: 22.8 sec (expected 811 stars)   (10.5 sec) Q: 0, Sets: 256/260  (31.25%) CEs: 251 ETA: 23.0 sec (expected 819 stars)   (10.6 sec) Q: 0, Sets: 256/262  (31.25%) CEs: 251 ETA: 23.3 sec (expected 819 stars)   (10.7 sec) Q: 0, Sets: 258/266  (31.445%) CEs: 254 ETA: 23.3 sec (expected 820 stars)   (10.8 sec) Q: 0, Sets: 261/268  (31.641%) CEs: 256 ETA: 23.3 sec (expected 825 stars)   (10.9 sec) Q: 0, Sets: 264/272  (31.836%) CEs: 260 ETA: 23.4 sec (expected 829 stars)   (11.0 sec) Q: 0, Sets: 268/275  (32.129%) CEs: 264 ETA: 23.3 sec (expected 834 stars)   (11.1 sec) Q: 0, Sets: 271/278  (32.422%) CEs: 267 ETA: 23.2 sec (expected 836 stars)   (11.3 sec) Q: 0, Sets: 275/281  (32.812%) CEs: 270 ETA: 23.1 sec (expected 838 stars)   (11.4 sec) Q: 0, Sets: 276/283  (32.91%) CEs: 273 ETA: 23.2 sec (expected 839 stars)   (11.5 sec) Q: 0, Sets: 280/286  (33.594%) CEs: 275 ETA: 22.7 sec (expected 833 stars)   (11.6 sec) Q: 0, Sets: 282/288  (33.789%) CEs: 280 ETA: 22.7 sec (expected 835 stars)   (11.7 sec) Q: 0, Sets: 285/290  (34.375%) CEs: 280 ETA: 22.3 sec (expected 829 stars)   (11.8 sec) Q: 0, Sets: 288/293  (35.156%) CEs: 284 ETA: 21.8 sec (expected 819 stars)   (11.9 sec) Q: 0, Sets: 292/294  (37.5%) CEs: 287 ETA: 19.9 sec (expected 779 stars)   (12.0 sec) Q: 0, Sets: 292/298  (37.5%) CEs: 287 ETA: 20.1 sec (expected 779 stars)   (12.1 sec) Q: 0, Sets: 295/301  (38.281%) CEs: 290 ETA: 19.6 sec (expected 771 stars)   (12.3 sec) Q: 0, Sets: 297/303  (38.477%) CEs: 293 ETA: 19.6 sec (expected 772 stars)   (12.4 sec) Q: 0, Sets: 301/305  (39.062%) CEs: 296 ETA: 19.3 sec (expected 771 stars)   (12.5 sec) Q: 0, Sets: 303/309  (39.844%) CEs: 298 ETA: 18.8 sec (expected 760 stars)   (12.6 sec) Q: 0, Sets: 306/310  (40.625%) CEs: 301 ETA: 18.4 sec (expected 753 stars)   (12.7 sec) Q: 0, Sets: 309/313  (42.188%) CEs: 304 ETA: 17.4 sec (expected 732 stars)   (12.9 sec) Q: 0, Sets: 312/315  (43.359%) CEs: 308 ETA: 16.8 sec (expected 720 stars)   (13.0 sec) Q: 0, Sets: 315/318  (46.875%) CEs: 311 ETA: 14.7 sec (expected 672 stars)   (13.1 sec) Q: 0, Sets: 319/322  (50.0%) CEs: 314 ETA: 13.1 sec (expected 638 stars)   (13.2 sec) Q: 0, Sets: 322/327  (75.0%) CEs: 314 ETA: 4.4 sec (expected 429 stars)   (13.3 sec) Q: 0, Sets: 322/331  (75.0%) CEs: 314 ETA: 4.4 sec (expected 429 stars)   (13.4 sec) Q: 0, Sets: 326/335  (75.122%) CEs: 319 ETA: 4.4 sec (expected 434 stars)   (13.5 sec) Q: 0, Sets: 330/338  (75.293%) CEs: 322 ETA: 4.4 sec (expected 438 stars)   (13.6 sec) Q: 0, Sets: 334/341  (75.488%) CEs: 325 ETA: 4.4 sec (expected 442 stars)   (13.7 sec) Q: 0, Sets: 336/343  (75.635%) CEs: 329 ETA: 4.4 sec (expected 444 stars)   (13.8 sec) Q: 0, Sets: 342/346  (78.906%) CEs: 332 ETA: 3.7 sec (expected 433 stars)   (14.0 sec) Q: 0, Sets: 345/349  (81.25%) CEs: 334 ETA: 3.2 sec (expected 425 stars)   (14.1 sec) Q: 0, Sets: 347/352  (81.641%) CEs: 336 ETA: 3.2 sec (expected 425 stars)   (14.2 sec) Q: 0, Sets: 350/357  (81.836%) CEs: 339 ETA: 3.2 sec (expected 428 stars)   (14.3 sec) Q: 0, Sets: 356/359  (85.156%) CEs: 343 ETA: 2.5 sec (expected 418 stars)   (14.4 sec) Q: 0, Sets: 358/360  (86.719%) CEs: 347 ETA: 2.2 sec (expected 413 stars)   
(14.5 sec) Q: 0, Sets: 360/364  (87.5%) CEs: 347 ETA: 2.1 sec (expected 411 stars)   (14.6 sec) Q: 0, Sets: 364/368  (89.453%) CEs: 351 ETA: 1.7 sec (expected 407 stars)   (14.7 sec) Q: 0, Sets: 366/369  (90.234%) CEs: 354 ETA: 1.6 sec (expected 406 stars)   (14.8 sec) Q: 0, Sets: 367/372  (90.625%) CEs: 355 ETA: 1.5 sec (expected 405 stars)   (15.0 sec) Q: 0, Sets: 372/375  (91.797%) CEs: 359 ETA: 1.3 sec (expected 405 stars)   (15.1 sec) Q: 0, Sets: 376/378  (93.359%) CEs: 363 ETA: 1.1 sec (expected 403 stars)   (15.2 sec) Q: 0, Sets: 378/381  (94.531%) CEs: 365 ETA: 0.9 sec (expected 400 stars)   (15.3 sec) Q: 0, Sets: 383/383  (100.0%) CEs: 370 ETA: 0.0 sec (expected 383 stars)   
Total Stars: 383 (375 exact, 8 approx)
Unfinished Stars: 0
Runtime: 15.3 sec
Completed work frac: 1.0
Num Stars Copied Between Processes: 0
Num Lps During Enumeration: 5893
Total Num Lps: 5893

Result: network is UNSAFE with confirmed counterexample in result.cinput and result.coutput
Output: [0.1476028859615326, 0.10948841273784637, 0.11776944994926453, 0.11503596603870392, 0.1108725294470787, -0.21605679392814636, -0.2170182764530182, -0.1953859180212021, -0.21548335254192352]

[NNENUM] Result: 
<nnenum.result.Result object at 0x747e3be853a0>
[NNENUM] Enumeration finished.
unsafe
[NNENUM] Found counter-example stars: 370
[NNENUM] Filtering result using SMT solver...
[SMT] SMT filtered out 25 stars (out of 370; TO: 0).
[QUERY] Looking for nonlinear input combinations...
.[QUERY] Found all non-linear combinations. Count: 3
[QUERY] Returning nonlinear disjunction
[CTRL] Considering conjunction with 37 input constraints and a disjunction of size 5
[APPROX] Checking cache: SNNT.Approx.ApproxCacheObject[]
[APPROX] Constructing Approximation
[APPROX] Resolving approximation
[CTRL] Initiating iterator over current linear queries
[APPROX] # Conjunctions over output: 5
[CTRL] Processing linear query no. 38
[NNENUM] Running nnenum now...
[NNENUM] lb: [-0.00625, -0.33623147889292704, 5.000000171712609e-6, -0.3499999940395355, -0.1, -0.1, -0.1, -0.1, -0.1, -0.1, -0.1, -0.1, -0.1]
[NNENUM] ub: [0.0062499999999999995, -0.18296763576522218, 5.000000171712609e-6, -0.21079675705898798, 0.09999999999999999, 0.09999999999999999, 0.09999999999999999, 0.09999999999999999, 0.09999999999999999, 0.09999999999999999, 0.09999999999999999, 0.09999999999999999, 0.09999999999999999]
[NNENUM] Creating LP Star...
[NNENUM] Checking feasibility
[NNENUM] Generating output Spec...
[NNENUM] Spec list length:  5
[NNENUM] Enumeration in progress... 
(0.1 sec) Q: 0, Sets: 0/1  (0.0%) CEs: 0 ETA: - (expected 1 stars)   
(0.2 sec) Q: 0, Sets: 1/7  (3.125%) CEs: 0 ETA: 5.4 sec (expected 32 stars)   
(0.3 sec) Q: 0, Sets: 3/13  (3.198%) CEs: 3 ETA: 8.6 sec (expected 94 stars)   (0.4 sec) Q: 0, Sets: 8/16  (3.516%) CEs: 6 ETA: 10.5 sec (expected 228 stars)   
(0.5 sec) Q: 0, Sets: 11/21  (3.552%) CEs: 10 ETA: 13.2 sec (expected 310 stars)   (0.6 sec) Q: 0, Sets: 16/24  (3.662%) CEs: 14 ETA: 15.6 sec (expected 437 stars)   (0.7 sec) Q: 0, Sets: 18/26  (3.687%) CEs: 17 ETA: 18.1 sec (expected 488 stars)   (0.8 sec) Q: 0, Sets: 22/30  (3.809%) CEs: 22 ETA: 20.4 sec (expected 578 stars)   
(0.9 sec) Q: 0, Sets: 27/35  (4.102%) CEs: 23 ETA: 21.4 sec (expected 658 stars)   (1.0 sec) Q: 0, Sets: 31/40  (4.181%) CEs: 27 ETA: 23.6 sec (expected 741 stars)   (1.1 sec) Q: 0, Sets: 36/43  (4.492%) CEs: 30 ETA: 24.3 sec (expected 801 stars)   (1.2 sec) Q: 0, Sets: 36/45  (4.492%) CEs: 32 ETA: 26.5 sec (expected 801 stars)   (1.3 sec) Q: 0, Sets: 41/49  (4.529%) CEs: 36 ETA: 28.4 sec (expected 905 stars)   (1.5 sec) Q: 0, Sets: 45/52  (4.614%) CEs: 41 ETA: 30.3 sec (expected 975 stars)   (1.6 sec) Q: 0, Sets: 48/53  (6.25%) CEs: 41 ETA: 23.5 sec (expected 768 stars)   (1.7 sec) Q: 0, Sets: 49/58  (9.375%) CEs: 41 ETA: 16.2 sec (expected 523 stars)   
(1.8 sec) Q: 0, Sets: 53/62  (9.473%) CEs: 44 ETA: 17.0 sec (expected 560 stars)   (1.9 sec) Q: 0, Sets: 57/64  (9.717%) CEs: 48 ETA: 17.5 sec (expected 587 stars)   (2.0 sec) Q: 0, Sets: 61/70  (12.5%) CEs: 49 ETA: 14.0 sec (expected 488 stars)   (2.1 sec) Q: 0, Sets: 62/73  (12.524%) CEs: 53 ETA: 14.7 sec (expected 495 stars)   (2.2 sec) Q: 0, Sets: 67/77  (12.634%) CEs: 56 ETA: 15.3 sec (expected 530 stars)   (2.3 sec) Q: 0, Sets: 71/80  (12.695%) CEs: 59 ETA: 16.0 sec (expected 559 stars)   (2.4 sec) Q: 0, Sets: 73/85  (12.708%) CEs: 63 ETA: 16.7 sec (expected 574 stars)   (2.5 sec) Q: 0, Sets: 78/89  (12.72%) CEs: 66 ETA: 17.4 sec (expected 613 stars)   (2.6 sec) Q: 0, Sets: 82/92  (12.793%) CEs: 68 ETA: 18.0 sec (expected 641 stars)   (2.8 sec) Q: 0, Sets: 85/95  (12.823%) CEs: 71 ETA: 18.8 sec (expected 663 stars)   (2.9 sec) Q: 0, Sets: 88/98  (12.833%) CEs: 74 ETA: 19.4 sec (expected 686 stars)   (3.0 sec) Q: 0, Sets: 90/99  (12.842%) CEs: 76 ETA: 20.1 sec (expected 701 stars)   (3.1 sec) Q: 0, Sets: 93/103  (12.854%) CEs: 80 ETA: 20.8 sec (expected 724 stars)   (3.2 sec) Q: 0, Sets: 97/106  (12.865%) CEs: 84 ETA: 21.6 sec (expected 754 stars)   (3.3 sec) Q: 0, Sets: 101/108  (12.891%) CEs: 87 ETA: 22.4 sec (expected 784 stars)   (3.4 sec) Q: 0, Sets: 105/112  (13.477%) CEs: 90 ETA: 21.9 sec (expected 779 stars)   
(3.5 sec) Q: 0, Sets: 109/116  (13.77%) CEs: 94 ETA: 22.1 sec (expected 792 stars)   (3.6 sec) Q: 0, Sets: 111/118  (13.916%) CEs: 98 ETA: 22.4 sec (expected 798 stars)   (3.7 sec) Q: 0, Sets: 114/122  (14.453%) CEs: 100 ETA: 22.1 sec (expected 789 stars)   (3.8 sec) Q: 0, Sets: 119/124  (14.844%) CEs: 104 ETA: 22.0 sec (expected 802 stars)   (4.0 sec) Q: 0, Sets: 122/128  (15.234%) CEs: 107 ETA: 22.1 sec (expected 801 stars)   (4.1 sec) Q: 0, Sets: 126/130  (15.625%) CEs: 111 ETA: 22.1 sec (expected 806 stars)   (4.2 sec) Q: 0, Sets: 126/132  (15.625%) CEs: 112 ETA: 22.8 sec (expected 806 stars)   (4.3 sec) Q: 0, Sets: 130/135  (16.797%) CEs: 116 ETA: 21.4 sec (expected 774 stars)   (4.4 sec) Q: 0, Sets: 133/139  (17.188%) CEs: 118 ETA: 21.3 sec (expected 774 stars)   (4.5 sec) Q: 0, Sets: 134/142  (17.285%) CEs: 122 ETA: 21.7 sec (expected 775 stars)   (4.6 sec) Q: 0, Sets: 139/144  (17.773%) CEs: 125 ETA: 21.4 sec (expected 782 stars)   (4.8 sec) Q: 0, Sets: 144/153  (21.094%) CEs: 127 ETA: 17.8 sec (expected 683 stars)   (4.9 sec) Q: 0, Sets: 144/158  (21.094%) CEs: 127 ETA: 18.3 sec (expected 683 stars)   (5.0 sec) Q: 0, Sets: 148/161  (21.096%) CEs: 130 ETA: 18.7 sec (expected 702 stars)   (5.1 sec) Q: 0, Sets: 150/162  (21.097%) CEs: 133 ETA: 19.1 sec (expected 711 stars)   (5.2 sec) Q: 0, Sets: 154/165  (21.098%) CEs: 136 ETA: 19.5 sec (expected 730 stars)   (5.3 sec) Q: 0, Sets: 157/170  (21.099%) CEs: 140 ETA: 19.9 sec (expected 744 stars)   (5.4 sec) Q: 0, Sets: 161/173  (21.099%) CEs: 144 ETA: 20.3 sec (expected 763 stars)   (5.6 sec) Q: 0, Sets: 165/177  (21.1%) CEs: 147 ETA: 20.8 sec (expected 782 stars)   (5.7 sec) Q: 0, Sets: 169/180  (21.1%) CEs: 151 ETA: 21.2 sec (expected 801 stars)   (5.8 sec) Q: 0, Sets: 171/184  (21.1%) CEs: 153 ETA: 21.6 sec (expected 810 stars)   (5.9 sec) Q: 0, Sets: 174/185  (21.101%) CEs: 157 ETA: 22.0 sec (expected 825 stars)   (6.0 sec) Q: 0, Sets: 178/189  (21.103%) CEs: 162 ETA: 22.4 sec (expected 844 stars)   (6.1 sec) Q: 0, Sets: 181/194  (21.103%) CEs: 164 ETA: 22.8 sec (expected 858 stars)   (6.2 sec) Q: 0, Sets: 184/199  (21.104%) CEs: 166 ETA: 23.2 sec (expected 872 stars)   (6.3 sec) Q: 0, Sets: 186/199  (21.105%) CEs: 170 ETA: 23.6 sec (expected 881 stars)   (6.4 sec) Q: 0, Sets: 191/201  (21.106%) CEs: 173 ETA: 24.0 sec (expected 905 stars)   (6.5 sec) Q: 0, Sets: 192/207  (21.106%) CEs: 175 ETA: 24.4 sec (expected 910 stars)   (6.6 sec) Q: 0, Sets: 196/210  (21.106%) CEs: 179 ETA: 24.8 sec (expected 929 stars)   (6.8 sec) Q: 0, Sets: 200/213  (21.107%) CEs: 182 ETA: 25.3 sec (expected 948 stars)   (6.9 sec) Q: 0, Sets: 205/215  (21.109%) CEs: 185 ETA: 25.7 sec (expected 971 stars)   (7.0 sec) Q: 0, Sets: 208/219  (21.11%) CEs: 188 ETA: 26.1 sec (expected 985 stars)   
(7.1 sec) Q: 0, Sets: 211/224  (21.111%) CEs: 191 ETA: 26.4 sec (expected 999 stars)   (7.2 sec) Q: 0, Sets: 213/225  (21.111%) CEs: 195 ETA: 26.8 sec (expected 1009 stars)   (7.3 sec) Q: 0, Sets: 218/228  (21.112%) CEs: 199 ETA: 27.2 sec (expected 1033 stars)   (7.4 sec) Q: 0, Sets: 222/232  (21.112%) CEs: 203 ETA: 27.6 sec (expected 1052 stars)   (7.5 sec) Q: 0, Sets: 225/235  (21.114%) CEs: 205 ETA: 28.1 sec (expected 1066 stars)   (7.6 sec) Q: 0, Sets: 228/238  (21.114%) CEs: 208 ETA: 28.5 sec (expected 1080 stars)   (7.7 sec) Q: 0, Sets: 231/242  (21.115%) CEs: 211 ETA: 28.9 sec (expected 1094 stars)   (7.9 sec) Q: 0, Sets: 232/245  (21.115%) CEs: 214 ETA: 29.3 sec (expected 1099 stars)   (8.0 sec) Q: 0, Sets: 237/248  (21.115%) CEs: 217 ETA: 29.7 sec (expected 1122 stars)   (8.1 sec) Q: 0, Sets: 239/250  (21.115%) CEs: 221 ETA: 30.1 sec (expected 1132 stars)   (8.2 sec) Q: 0, Sets: 243/253  (21.115%) CEs: 224 ETA: 30.5 sec (expected 1151 stars)   (8.3 sec) Q: 0, Sets: 245/258  (21.115%) CEs: 226 ETA: 31.0 sec (expected 1160 stars)   (8.4 sec) Q: 0, Sets: 249/261  (21.116%) CEs: 229 ETA: 31.4 sec (expected 1179 stars)   (8.5 sec) Q: 0, Sets: 253/264  (21.117%) CEs: 233 ETA: 31.7 sec (expected 1198 stars)   (8.6 sec) Q: 0, Sets: 255/266  (21.117%) CEs: 236 ETA: 32.2 sec (expected 1208 stars)   (8.7 sec) Q: 0, Sets: 261/269  (21.143%) CEs: 240 ETA: 32.6 sec (expected 1234 stars)   (8.8 sec) Q: 0, Sets: 262/274  (21.146%) CEs: 241 ETA: 33.0 sec (expected 1239 stars)   (8.9 sec) Q: 0, Sets: 265/276  (21.148%) CEs: 244 ETA: 33.4 sec (expected 1253 stars)   (9.1 sec) Q: 0, Sets: 269/279  (21.149%) CEs: 246 ETA: 33.8 sec (expected 1272 stars)   (9.2 sec) Q: 0, Sets: 272/282  (21.152%) CEs: 249 ETA: 34.2 sec (expected 1286 stars)   (9.3 sec) Q: 0, Sets: 275/283  (21.155%) CEs: 252 ETA: 34.5 sec (expected 1300 stars)   (9.4 sec) Q: 0, Sets: 277/287  (21.158%) CEs: 255 ETA: 34.9 sec (expected 1309 stars)   (9.5 sec) Q: 0, Sets: 280/291  (21.16%) CEs: 258 ETA: 35.3 sec (expected 1323 stars)   (9.6 sec) Q: 0, Sets: 283/295  (21.16%) CEs: 261 ETA: 35.7 sec (expected 1337 stars)   (9.7 sec) Q: 0, Sets: 287/298  (21.16%) CEs: 265 ETA: 36.2 sec (expected 1356 stars)   (9.8 sec) Q: 0, Sets: 291/300  (21.161%) CEs: 269 ETA: 36.6 sec (expected 1375 stars)   (9.9 sec) Q: 0, Sets: 294/305  (21.161%) CEs: 272 ETA: 37.0 sec (expected 1389 stars)   (10.0 sec) Q: 0, Sets: 298/308  (21.163%) CEs: 275 ETA: 37.4 sec (expected 1408 stars)   (10.2 sec) Q: 0, Sets: 302/311  (21.164%) CEs: 279 ETA: 37.8 sec (expected 1427 stars)   (10.3 sec) Q: 0, Sets: 304/313  (21.165%) CEs: 281 ETA: 38.3 sec (expected 1436 stars)   (10.4 sec) Q: 0, Sets: 308/315  (21.191%) CEs: 284 ETA: 38.6 sec (expected 1453 stars)   (10.5 sec) Q: 0, Sets: 311/320  (21.243%) CEs: 287 ETA: 38.9 sec (expected 1464 stars)   (10.6 sec) Q: 0, Sets: 315/321  (21.289%) CEs: 291 ETA: 39.2 sec (expected 1480 stars)   (10.7 sec) Q: 0, Sets: 315/322  (21.289%) CEs: 291 ETA: 39.6 sec (expected 1480 stars)   (10.8 sec) Q: 0, Sets: 316/326  (21.295%) CEs: 291 ETA: 40.0 sec (expected 1484 stars)   (10.9 sec) Q: 0, Sets: 320/330  (21.297%) CEs: 295 ETA: 40.4 sec (expected 1503 stars)   (11.0 sec) Q: 0, Sets: 321/333  (21.298%) CEs: 298 ETA: 40.8 sec (expected 1507 stars)   (11.2 sec) Q: 0, Sets: 326/336  (21.3%) CEs: 302 ETA: 41.2 sec (expected 1531 stars)   (11.3 sec) Q: 0, Sets: 330/340  (21.3%) CEs: 305 ETA: 41.6 sec (expected 1549 stars)   (11.4 sec) Q: 0, Sets: 331/342  (21.301%) CEs: 307 ETA: 42.0 sec (expected 1554 stars)   (11.5 sec) Q: 0, Sets: 334/344  (21.301%) CEs: 309 ETA: 42.4 sec (expected 1568 stars)   (11.6 sec) Q: 0, Sets: 337/347  (21.304%) CEs: 312 ETA: 42.8 sec (expected 1582 stars)   (11.7 sec) Q: 0, Sets: 340/350  (21.305%) CEs: 316 ETA: 43.2 sec (expected 1596 stars)   (11.8 sec) Q: 0, Sets: 347/353  (21.387%) CEs: 320 ETA: 43.4 sec (expected 1623 stars)   (11.9 sec) Q: 0, Sets: 347/355  (21.387%) CEs: 320 ETA: 43.8 sec (expected 1623 stars)   (12.0 sec) Q: 0, Sets: 349/361  (21.39%) CEs: 322 ETA: 44.2 sec (expected 1632 stars)   (12.1 sec) Q: 0, Sets: 353/364  (21.391%) CEs: 326 ETA: 44.6 sec (expected 1650 stars)   (12.3 sec) Q: 0, Sets: 356/365  (21.392%) CEs: 329 ETA: 45.0 sec (expected 1664 stars)   (12.4 sec) Q: 0, Sets: 359/369  (21.394%) CEs: 333 ETA: 45.4 sec (expected 1678 stars)   (12.5 sec) Q: 0, Sets: 364/372  (21.398%) CEs: 337 ETA: 45.8 sec (expected 1701 stars)   (12.6 sec) Q: 0, Sets: 366/377  (21.4%) CEs: 338 ETA: 46.3 sec (expected 1710 stars)   (12.7 sec) Q: 0, Sets: 371/379  (21.402%) CEs: 342 ETA: 46.6 sec (expected 1733 stars)   (12.8 sec) Q: 0, Sets: 375/382  (21.405%) CEs: 347 ETA: 47.0 sec (expected 1752 stars)   (12.9 sec) Q: 0, Sets: 380/385  (21.484%) CEs: 349 ETA: 47.2 sec (expected 1769 stars)   (13.0 sec) Q: 0, Sets: 383/389  (21.558%) CEs: 352 ETA: 47.4 sec (expected 1777 stars)   (13.1 sec) Q: 0, Sets: 386/393  (21.631%) CEs: 355 ETA: 47.6 sec (expected 1784 stars)   (13.2 sec) Q: 0, Sets: 390/395  (21.777%) CEs: 359 ETA: 47.6 sec (expected 1791 stars)   (13.4 sec) Q: 0, Sets: 394/398  (21.851%) CEs: 363 ETA: 47.8 sec (expected 1803 stars)   (13.5 sec) Q: 0, Sets: 395/402  (21.875%) CEs: 364 ETA: 48.1 sec (expected 1806 stars)   (13.6 sec) Q: 0, Sets: 397/407  (21.924%) CEs: 368 ETA: 48.4 sec (expected 1811 stars)   (13.7 sec) Q: 0, Sets: 402/409  (21.973%) CEs: 371 ETA: 48.6 sec (expected 1830 stars)   (13.8 sec) Q: 0, Sets: 404/413  (22.021%) CEs: 375 ETA: 48.8 sec (expected 1835 stars)   (13.9 sec) Q: 0, Sets: 409/415  (22.07%) CEs: 378 ETA: 49.1 sec (expected 1853 stars)   (14.0 sec) Q: 0, Sets: 409/421  (22.07%) CEs: 378 ETA: 49.5 sec (expected 1853 stars)   
(14.1 sec) Q: 0, Sets: 413/424  (22.083%) CEs: 382 ETA: 49.8 sec (expected 1870 stars)   (14.2 sec) Q: 0, Sets: 417/425  (22.095%) CEs: 386 ETA: 50.1 sec (expected 1887 stars)   (14.3 sec) Q: 0, Sets: 421/428  (22.119%) CEs: 390 ETA: 50.5 sec (expected 1903 stars)   (14.4 sec) Q: 0, Sets: 423/433  (22.122%) CEs: 392 ETA: 50.9 sec (expected 1912 stars)   (14.6 sec) Q: 0, Sets: 425/435  (22.125%) CEs: 396 ETA: 51.2 sec (expected 1921 stars)   (14.7 sec) Q: 0, Sets: 430/438  (22.131%) CEs: 398 ETA: 51.6 sec (expected 1943 stars)   (14.8 sec) Q: 0, Sets: 433/443  (22.134%) CEs: 402 ETA: 52.0 sec (expected 1956 stars)   (14.9 sec) Q: 0, Sets: 437/446  (22.144%) CEs: 406 ETA: 52.3 sec (expected 1973 stars)   (15.0 sec) Q: 0, Sets: 441/449  (22.159%) CEs: 410 ETA: 52.7 sec (expected 1990 stars)   (15.1 sec) Q: 0, Sets: 444/452  (22.266%) CEs: 411 ETA: 52.7 sec (expected 1994 stars)   (15.2 sec) Q: 0, Sets: 447/453  (22.363%) CEs: 414 ETA: 52.8 sec (expected 1999 stars)   (15.3 sec) Q: 0, Sets: 450/456  (22.461%) CEs: 419 ETA: 52.9 sec (expected 2003 stars)   (15.4 sec) Q: 0, Sets: 452/459  (22.656%) CEs: 419 ETA: 52.7 sec (expected 1995 stars)   (15.6 sec) Q: 0, Sets: 456/462  (22.803%) CEs: 423 ETA: 52.7 sec (expected 2000 stars)   (15.7 sec) Q: 0, Sets: 457/463  (22.852%) CEs: 426 ETA: 52.9 sec (expected 2000 stars)   (15.8 sec) Q: 0, Sets: 459/468  (22.949%) CEs: 427 ETA: 52.9 sec (expected 2000 stars)   (15.9 sec) Q: 0, Sets: 464/471  (22.961%) CEs: 430 ETA: 53.2 sec (expected 2021 stars)   (16.0 sec) Q: 0, Sets: 468/475  (22.98%) CEs: 434 ETA: 53.5 sec (expected 2037 stars)   (16.1 sec) Q: 0, Sets: 473/478  (23.047%) CEs: 438 ETA: 53.8 sec (expected 2052 stars)   (16.2 sec) Q: 0, Sets: 476/481  (23.242%) CEs: 441 ETA: 53.6 sec (expected 2048 stars)   (16.3 sec) Q: 0, Sets: 479/482  (23.438%) CEs: 444 ETA: 53.3 sec (expected 2044 stars)   (16.4 sec) Q: 0, Sets: 479/489  (23.438%) CEs: 444 ETA: 53.7 sec (expected 2044 stars)   (16.6 sec) Q: 0, Sets: 484/492  (23.462%) CEs: 449 ETA: 54.0 sec (expected 2063 stars)   (16.7 sec) Q: 0, Sets: 486/496  (23.465%) CEs: 451 ETA: 54.3 sec (expected 2071 stars)   (16.8 sec) Q: 0, Sets: 488/498  (23.466%) CEs: 455 ETA: 54.7 sec (expected 2080 stars)   (16.9 sec) Q: 0, Sets: 492/502  (23.476%) CEs: 458 ETA: 55.1 sec (expected 2096 stars)   (17.0 sec) Q: 0, Sets: 496/505  (23.479%) CEs: 462 ETA: 55.4 sec (expected 2112 stars)   (17.1 sec) Q: 0, Sets: 499/508  (23.482%) CEs: 464 ETA: 55.8 sec (expected 2125 stars)   (17.2 sec) Q: 0, Sets: 502/511  (23.486%) CEs: 467 ETA: 56.1 sec (expected 2137 stars)   (17.3 sec) Q: 0, Sets: 505/511  (23.535%) CEs: 471 ETA: 56.3 sec (expected 2146 stars)   (17.4 sec) Q: 0, Sets: 509/515  (23.633%) CEs: 474 ETA: 56.3 sec (expected 2154 stars)   (17.5 sec) Q: 0, Sets: 509/517  (23.633%) CEs: 474 ETA: 56.7 sec (expected 2154 stars)   (17.6 sec) Q: 0, Sets: 510/522  (23.636%) CEs: 474 ETA: 57.0 sec (expected 2158 stars)   (17.8 sec) Q: 0, Sets: 514/526  (23.636%) CEs: 478 ETA: 57.4 sec (expected 2175 stars)   (17.9 sec) Q: 0, Sets: 518/529  (23.637%) CEs: 482 ETA: 57.7 sec (expected 2192 stars)   (18.0 sec) Q: 0, Sets: 519/534  (23.637%) CEs: 483 ETA: 58.1 sec (expected 2196 stars)   (18.1 sec) Q: 0, Sets: 522/534  (23.637%) CEs: 487 ETA: 58.4 sec (expected 2208 stars)   (18.2 sec) Q: 0, Sets: 525/538  (23.637%) CEs: 491 ETA: 58.8 sec (expected 2221 stars)   (18.3 sec) Q: 0, Sets: 529/541  (23.637%) CEs: 494 ETA: 59.1 sec (expected 2238 stars)   (18.4 sec) Q: 0, Sets: 532/544  (23.637%) CEs: 498 ETA: 59.5 sec (expected 2251 stars)   (18.5 sec) Q: 0, Sets: 536/546  (23.639%) CEs: 500 ETA: 59.8 sec (expected 2267 stars)   (18.6 sec) Q: 0, Sets: 539/549  (23.641%) CEs: 504 ETA: 1.0 min (expected 2280 stars)   (18.7 sec) Q: 0, Sets: 542/553  (23.642%) CEs: 507 ETA: 1.01 min (expected 2292 stars)   (18.8 sec) Q: 0, Sets: 546/557  (23.643%) CEs: 510 ETA: 1.01 min (expected 2309 stars)   (18.9 sec) Q: 0, Sets: 549/560  (23.643%) CEs: 513 ETA: 1.02 min (expected 2322 stars)   (19.1 sec) Q: 0, Sets: 553/562  (23.644%) CEs: 517 ETA: 1.03 min (expected 2339 stars)   (19.2 sec) Q: 0, Sets: 555/563  (23.645%) CEs: 519 ETA: 1.03 min (expected 2347 stars)   (19.3 sec) Q: 0, Sets: 559/566  (23.657%) CEs: 522 ETA: 1.04 min (expected 2363 stars)   (19.4 sec) Q: 0, Sets: 561/570  (23.685%) CEs: 524 ETA: 1.04 min (expected 2369 stars)   (19.5 sec) Q: 0, Sets: 566/572  (23.706%) CEs: 528 ETA: 1.05 min (expected 2388 stars)   (19.6 sec) Q: 0, Sets: 566/577  (23.706%) CEs: 529 ETA: 1.05 min (expected 2388 stars)   (19.7 sec) Q: 0, Sets: 569/579  (23.708%) CEs: 532 ETA: 1.06 min (expected 2400 stars)   (19.8 sec) Q: 0, Sets: 572/582  (23.709%) CEs: 534 ETA: 1.06 min (expected 2413 stars)   (19.9 sec) Q: 0, Sets: 576/585  (23.71%) CEs: 538 ETA: 1.07 min (expected 2429 stars)   (20.0 sec) Q: 0, Sets: 579/589  (23.711%) CEs: 541 ETA: 1.08 min (expected 2442 stars)   (20.2 sec) Q: 0, Sets: 582/592  (23.711%) CEs: 544 ETA: 1.08 min (expected 2455 stars)   (20.3 sec) Q: 0, Sets: 585/593  (23.712%) CEs: 547 ETA: 1.09 min (expected 2467 stars)   (20.4 sec) Q: 0, Sets: 588/597  (23.713%) CEs: 550 ETA: 1.09 min (expected 2480 stars)   (20.5 sec) Q: 0, Sets: 591/600  (23.714%) CEs: 554 ETA: 1.1 min (expected 2492 stars)   (20.6 sec) Q: 0, Sets: 595/603  (23.717%) CEs: 557 ETA: 1.1 min (expected 2509 stars)   (20.7 sec) Q: 0, Sets: 598/605  (23.73%) CEs: 558 ETA: 1.11 min (expected 2520 stars)   (20.8 sec) Q: 0, Sets: 600/610  (23.732%) CEs: 560 ETA: 1.11 min (expected 2528 stars)   (20.9 sec) Q: 0, Sets: 605/612  (23.743%) CEs: 565 ETA: 1.12 min (expected 2548 stars)   (21.0 sec) Q: 0, Sets: 608/615  (23.752%) CEs: 568 ETA: 1.12 min (expected 2560 stars)   (21.1 sec) Q: 0, Sets: 611/618  (23.761%) CEs: 571 ETA: 1.13 min (expected 2571 stars)   (21.2 sec) Q: 0, Sets: 613/620  (23.764%) CEs: 574 ETA: 1.14 min (expected 2580 stars)   (21.3 sec) Q: 0, Sets: 616/623  (23.773%) CEs: 577 ETA: 1.14 min (expected 2591 stars)   (21.4 sec) Q: 0, Sets: 618/624  (23.779%) CEs: 578 ETA: 1.15 min (expected 2599 stars)   (21.6 sec) Q: 0, Sets: 622/627  (23.804%) CEs: 582 ETA: 1.15 min (expected 2613 stars)   (21.7 sec) Q: 0, Sets: 622/631  (23.804%) CEs: 582 ETA: 1.16 min (expected 2613 stars)   (21.8 sec) Q: 0, Sets: 622/633  (23.804%) CEs: 583 ETA: 1.16 min (expected 2613 stars)   (21.9 sec) Q: 0, Sets: 626/636  (23.804%) CEs: 587 ETA: 1.17 min (expected 2630 stars)   (22.0 sec) Q: 0, Sets: 630/639  (23.805%) CEs: 591 ETA: 1.17 min (expected 2646 stars)   (22.1 sec) Q: 0, Sets: 633/641  (23.807%) CEs: 594 ETA: 1.18 min (expected 2659 stars)   (22.2 sec) Q: 0, Sets: 637/643  (23.81%) CEs: 597 ETA: 1.18 min (expected 2675 stars)   (22.3 sec) Q: 0, Sets: 639/648  (23.811%) CEs: 600 ETA: 1.19 min (expected 2684 stars)   (22.4 sec) Q: 0, Sets: 644/650  (23.813%) CEs: 603 ETA: 1.2 min (expected 2704 stars)   (22.5 sec) Q: 0, Sets: 647/655  (23.814%) CEs: 606 ETA: 1.2 min (expected 2717 stars)   (22.7 sec) Q: 0, Sets: 651/658  (23.814%) CEs: 610 ETA: 1.21 min (expected 2734 stars)   (22.8 sec) Q: 0, Sets: 656/661  (23.828%) CEs: 613 ETA: 1.21 min (expected 2753 stars)   (22.9 sec) Q: 0, Sets: 656/665  (23.828%) CEs: 613 ETA: 1.22 min (expected 2753 stars)   (23.0 sec) Q: 0, Sets: 658/669  (23.834%) CEs: 615 ETA: 1.23 min (expected 2761 stars)   (23.1 sec) Q: 0, Sets: 663/671  (23.84%) CEs: 620 ETA: 1.23 min (expected 2781 stars)   (23.2 sec) Q: 0, Sets: 663/672  (23.84%) CEs: 621 ETA: 1.24 min (expected 2781 stars)   (23.3 sec) Q: 0, Sets: 667/675  (23.849%) CEs: 625 ETA: 1.24 min (expected 2797 stars)   (23.5 sec) Q: 0, Sets: 671/679  (23.859%) CEs: 628 ETA: 1.25 min (expected 2812 stars)   (23.6 sec) Q: 0, Sets: 675/682  (23.871%) CEs: 632 ETA: 1.25 min (expected 2828 stars)   (23.7 sec) Q: 0, Sets: 677/686  (23.877%) CEs: 634 ETA: 1.26 min (expected 2835 stars)   (23.8 sec) Q: 0, Sets: 679/687  (23.886%) CEs: 637 ETA: 1.26 min (expected 2843 stars)   (23.9 sec) Q: 0, Sets: 683/691  (23.895%) CEs: 640 ETA: 1.27 min (expected 2858 stars)   (24.0 sec) Q: 0, Sets: 687/693  (23.926%) CEs: 644 ETA: 1.27 min (expected 2871 stars)   (24.2 sec) Q: 0, Sets: 689/697  (23.932%) CEs: 646 ETA: 1.28 min (expected 2879 stars)   (24.3 sec) Q: 0, Sets: 691/699  (23.935%) CEs: 650 ETA: 1.29 min (expected 2887 stars)   (24.4 sec) Q: 0, Sets: 693/701  (23.95%) CEs: 651 ETA: 1.29 min (expected 2894 stars)   (24.5 sec) Q: 0, Sets: 698/703  (23.975%) CEs: 655 ETA: 1.29 min (expected 2911 stars)   (24.6 sec) Q: 0, Sets: 700/706  (24.023%) CEs: 657 ETA: 1.3 min (expected 2914 stars)   (24.7 sec) Q: 0, Sets: 701/709  (24.03%) CEs: 658 ETA: 1.3 min (expected 2917 stars)   (24.8 sec) Q: 0, Sets: 704/712  (24.039%) CEs: 661 ETA: 1.31 min (expected 2929 stars)   (24.9 sec) Q: 0, Sets: 706/714  (24.043%) CEs: 665 ETA: 1.31 min (expected 2936 stars)   (25.0 sec) Q: 0, Sets: 710/716  (24.066%) CEs: 668 ETA: 1.32 min (expected 2950 stars)   (25.1 sec) Q: 0, Sets: 712/721  (24.074%) CEs: 669 ETA: 1.32 min (expected 2958 stars)   (25.3 sec) Q: 0, Sets: 716/723  (24.081%) CEs: 673 ETA: 1.33 min (expected 2973 stars)   (25.4 sec) Q: 0, Sets: 720/725  (24.097%) CEs: 677 ETA: 1.33 min (expected 2988 stars)   (25.5 sec) Q: 0, Sets: 720/727  (24.097%) CEs: 677 ETA: 1.34 min (expected 2988 stars)   (25.6 sec) Q: 0, Sets: 722/731  (24.097%) CEs: 679 ETA: 1.34 min (expected 2996 stars)   (25.7 sec) Q: 0, Sets: 725/733  (24.1%) CEs: 682 ETA: 1.35 min (expected 3008 stars)   (25.8 sec) Q: 0, Sets: 727/734  (24.101%) CEs: 685 ETA: 1.35 min (expected 3016 stars)   (25.9 sec) Q: 0, Sets: 730/736  (24.109%) CEs: 687 ETA: 1.36 min (expected 3028 stars)   (26.0 sec) Q: 0, Sets: 733/739  (24.117%) CEs: 691 ETA: 1.36 min (expected 3039 stars)   (26.1 sec) Q: 0, Sets: 737/740  (24.219%) CEs: 694 ETA: 1.36 min (expected 3043 stars)   (26.2 sec) Q: 0, Sets: 737/746  (24.219%) CEs: 694 ETA: 1.37 min (expected 3043 stars)   (26.3 sec) Q: 0, Sets: 741/748  (24.255%) CEs: 698 ETA: 1.37 min (expected 3055 stars)   (26.4 sec) Q: 0, Sets: 744/752  (24.277%) CEs: 701 ETA: 1.37 min (expected 3065 stars)   (26.5 sec) Q: 0, Sets: 746/754  (24.283%) CEs: 705 ETA: 1.38 min (expected 3072 stars)   (26.6 sec) Q: 0, Sets: 749/758  (24.294%) CEs: 707 ETA: 1.38 min (expected 3083 stars)   (26.7 sec) Q: 0, Sets: 753/759  (24.304%) CEs: 711 ETA: 1.39 min (expected 3098 stars)   (26.9 sec) Q: 0, Sets: 756/761  (24.414%) CEs: 713 ETA: 1.39 min (expected 3097 stars)   (27.0 sec) Q: 0, Sets: 756/766  (24.414%) CEs: 715 ETA: 1.39 min (expected 3097 stars)   (27.1 sec) Q: 0, Sets: 761/768  (24.432%) CEs: 719 ETA: 1.4 min (expected 3115 stars)   (27.2 sec) Q: 0, Sets: 763/771  (24.442%) CEs: 721 ETA: 1.4 min (expected 3122 stars)   (27.3 sec) Q: 0, Sets: 765/772  (24.451%) CEs: 724 ETA: 1.41 min (expected 3129 stars)   (27.4 sec) Q: 0, Sets: 769/775  (24.463%) CEs: 727 ETA: 1.41 min (expected 3144 stars)   (27.5 sec) Q: 0, Sets: 772/778  (24.484%) CEs: 731 ETA: 1.41 min (expected 3153 stars)   (27.6 sec) Q: 0, Sets: 774/781  (24.512%) CEs: 731 ETA: 1.42 min (expected 3158 stars)   (27.8 sec) Q: 0, Sets: 775/786  (24.512%) CEs: 733 ETA: 1.43 min (expected 3162 stars)   (27.9 sec) Q: 0, Sets: 779/789  (24.514%) CEs: 737 ETA: 1.43 min (expected 3178 stars)   (28.0 sec) Q: 0, Sets: 783/792  (24.516%) CEs: 741 ETA: 1.44 min (expected 3194 stars)   (28.1 sec) Q: 0, Sets: 786/795  (24.517%) CEs: 744 ETA: 1.44 min (expected 3206 stars)   
(28.2 sec) Q: 0, Sets: 789/798  (24.518%) CEs: 746 ETA: 1.45 min (expected 3218 stars)   (28.3 sec) Q: 0, Sets: 793/801  (24.52%) CEs: 750 ETA: 1.45 min (expected 3234 stars)   (28.4 sec) Q: 0, Sets: 797/804  (24.527%) CEs: 754 ETA: 1.46 min (expected 3249 stars)   (28.5 sec) Q: 0, Sets: 802/806  (24.561%) CEs: 759 ETA: 1.46 min (expected 3265 stars)   (28.7 sec) Q: 0, Sets: 802/808  (24.561%) CEs: 759 ETA: 1.47 min (expected 3265 stars)   (28.8 sec) Q: 0, Sets: 804/812  (24.564%) CEs: 761 ETA: 1.47 min (expected 3273 stars)   (28.9 sec) Q: 0, Sets: 808/815  (24.565%) CEs: 765 ETA: 1.48 min (expected 3289 stars)   (29.0 sec) Q: 0, Sets: 811/819  (24.567%) CEs: 768 ETA: 1.48 min (expected 3301 stars)   (29.1 sec) Q: 0, Sets: 813/821  (24.568%) CEs: 771 ETA: 1.49 min (expected 3309 stars)   (29.2 sec) Q: 0, Sets: 817/824  (24.569%) CEs: 775 ETA: 1.49 min (expected 3325 stars)   (29.3 sec) Q: 0, Sets: 821/828  (24.57%) CEs: 779 ETA: 1.5 min (expected 3342 stars)   (29.4 sec) Q: 0, Sets: 825/832  (24.585%) CEs: 781 ETA: 1.51 min (expected 3356 stars)   (29.5 sec) Q: 0, Sets: 828/833  (24.594%) CEs: 786 ETA: 1.51 min (expected 3367 stars)   (29.7 sec) Q: 0, Sets: 831/837  (24.609%) CEs: 787 ETA: 1.51 min (expected 3377 stars)   (29.8 sec) Q: 0, Sets: 833/841  (24.622%) CEs: 790 ETA: 1.52 min (expected 3383 stars)   (29.9 sec) Q: 0, Sets: 836/844  (24.64%) CEs: 793 ETA: 1.52 min (expected 3393 stars)   (30.0 sec) Q: 0, Sets: 838/848  (24.646%) CEs: 795 ETA: 1.53 min (expected 3400 stars)   (30.1 sec) Q: 0, Sets: 842/850  (24.649%) CEs: 798 ETA: 1.53 min (expected 3416 stars)   (30.2 sec) Q: 0, Sets: 846/852  (24.652%) CEs: 802 ETA: 1.54 min (expected 3432 stars)   (30.3 sec) Q: 0, Sets: 848/853  (24.658%) CEs: 804 ETA: 1.54 min (expected 3439 stars)   (30.4 sec) Q: 0, Sets: 850/857  (24.67%) CEs: 808 ETA: 1.55 min (expected 3445 stars)   (30.5 sec) Q: 0, Sets: 855/860  (24.707%) CEs: 811 ETA: 1.55 min (expected 3461 stars)   (30.6 sec) Q: 0, Sets: 857/865  (24.713%) CEs: 813 ETA: 1.56 min (expected 3468 stars)   (30.8 sec) Q: 0, Sets: 862/867  (24.756%) CEs: 818 ETA: 1.56 min (expected 3482 stars)   (30.9 sec) Q: 0, Sets: 863/869  (24.768%) CEs: 820 ETA: 1.56 min (expected 3484 stars)   (31.0 sec) Q: 0, Sets: 866/871  (24.78%) CEs: 822 ETA: 1.57 min (expected 3495 stars)   (31.1 sec) Q: 0, Sets: 866/874  (24.78%) CEs: 822 ETA: 1.57 min (expected 3495 stars)   (31.2 sec) Q: 0, Sets: 870/878  (24.781%) CEs: 827 ETA: 1.58 min (expected 3511 stars)   (31.3 sec) Q: 0, Sets: 874/881  (24.784%) CEs: 831 ETA: 1.58 min (expected 3526 stars)   (31.4 sec) Q: 0, Sets: 877/884  (24.788%) CEs: 834 ETA: 1.59 min (expected 3538 stars)   (31.5 sec) Q: 0, Sets: 881/886  (24.791%) CEs: 838 ETA: 1.59 min (expected 3554 stars)   (31.6 sec) Q: 0, Sets: 884/889  (24.796%) CEs: 840 ETA: 1.6 min (expected 3565 stars)   (31.7 sec) Q: 0, Sets: 886/891  (24.797%) CEs: 842 ETA: 1.6 min (expected 3573 stars)   (31.8 sec) Q: 0, Sets: 889/894  (24.8%) CEs: 845 ETA: 1.61 min (expected 3585 stars)   (31.9 sec) Q: 0, Sets: 891/896  (24.801%) CEs: 848 ETA: 1.61 min (expected 3593 stars)   (32.1 sec) Q: 0, Sets: 895/900  (24.804%) CEs: 852 ETA: 1.62 min (expected 3608 stars)   (32.2 sec) Q: 0, Sets: 897/902  (24.805%) CEs: 853 ETA: 1.62 min (expected 3616 stars)   (32.3 sec) Q: 0, Sets: 899/905  (24.854%) CEs: 855 ETA: 1.63 min (expected 3617 stars)   (32.4 sec) Q: 0, Sets: 900/908  (24.855%) CEs: 857 ETA: 1.63 min (expected 3621 stars)   (32.5 sec) Q: 0, Sets: 904/910  (24.863%) CEs: 860 ETA: 1.64 min (expected 3636 stars)   (32.6 sec) Q: 0, Sets: 905/911  (24.866%) CEs: 863 ETA: 1.64 min (expected 3640 stars)   (32.7 sec) Q: 0, Sets: 909/914  (24.878%) CEs: 865 ETA: 1.65 min (expected 3654 stars)   (32.8 sec) Q: 0, Sets: 909/916  (24.878%) CEs: 867 ETA: 1.65 min (expected 3654 stars)   (32.9 sec) Q: 0, Sets: 914/918  (24.89%) CEs: 870 ETA: 1.66 min (expected 3672 stars)   (33.0 sec) Q: 0, Sets: 917/921  (24.902%) CEs: 873 ETA: 1.66 min (expected 3682 stars)   (33.1 sec) Q: 0, Sets: 920/925  (24.951%) CEs: 877 ETA: 1.66 min (expected 3687 stars)   (33.2 sec) Q: 0, Sets: 924/927  (25.0%) CEs: 880 ETA: 1.66 min (expected 3696 stars)   (33.4 sec) Q: 0, Sets: 927/930  (43.75%) CEs: 883 ETA: 42.9 sec (expected 2119 stars)   (33.5 sec) Q: 0, Sets: 929/931  (48.438%) CEs: 886 ETA: 35.6 sec (expected 1918 stars)   
Total Stars: 939 (903 exact, 36 approx)
Unfinished Stars: 0
Runtime: 33.5 sec
Completed work frac: 1.0
Num Stars Copied Between Processes: 0
Num Lps During Enumeration: 14466
Total Num Lps: 14466

Result: network is UNSAFE with confirmed counterexample in result.cinput and result.coutput
Output: [0.13145746290683746, 0.09808243066072464, 0.07049576938152313, 0.11523962020874023, 0.06332419812679291, -0.24534392356872559, -0.26943668723106384, -0.22394044697284698, -0.26740169525146484]

[NNENUM] Result: 
<nnenum.result.Result object at 0x747e3bef4a60>
[NNENUM] Enumeration finished.
unsafe
[NNENUM] Found counter-example stars: 886
[NNENUM] Filtering result using SMT solver...
[SMT] SMT filtered out 35 stars (out of 886; TO: 0).
[QUERY] Looking for nonlinear input combinations...
.[QUERY] Found all non-linear combinations. Count: 1
[QUERY] Returning nonlinear disjunction
[CTRL] Considering conjunction with 37 input constraints and a disjunction of size 5
[APPROX] Checking cache: SNNT.Approx.ApproxCacheObject[]
[APPROX] Constructing Approximation
[APPROX] Resolving approximation
[CTRL] Initiating iterator over current linear queries
[APPROX] # Conjunctions over output: 5
[CTRL] Processing linear query no. 39
[NNENUM] Running nnenum now...
[NNENUM] lb: [-0.00625, -0.33623147889292704, 5.000000171712609e-6, -0.3499999940395355, -0.1, -0.1, -0.1, -0.1, -0.1, -0.1, -0.1, -0.1, -0.1]
[NNENUM] ub: [0.0062499999999999995, -0.18296763576522218, 5.000000171712609e-6, -0.21079675705898798, 0.09999999999999999, 0.09999999999999999, 0.09999999999999999, 0.09999999999999999, 0.09999999999999999, 0.09999999999999999, 0.09999999999999999, 0.09999999999999999, 0.09999999999999999]
[NNENUM] Creating LP Star...
[NNENUM] Checking feasibility
[NNENUM] Generating output Spec...
[NNENUM] Spec list length:  5
[NNENUM] Enumeration in progress... 
(0.0 sec) Q: 0, Sets: 0/1  (0.0%) CEs: 0 ETA: - (expected 1 stars)   

Total Stars: 3 (0 exact, 3 approx)
Unfinished Stars: 0
Runtime: 0.1 sec
Completed work frac: 1.0
Num Stars Copied Between Processes: 0
Num Lps During Enumeration: 0
Total Num Lps: 0

Result: network is SAFE

[NNENUM] Result: 
<nnenum.result.Result object at 0x747e3c05ae50>
[NNENUM] Enumeration finished.
safe
[NNENUM] Found counter-example stars: 0
[NNENUM] Filtering result using SMT solver...
[SMT] SMT filtered out 0 stars (out of 0; TO: 0).
[QUERY] Looking for nonlinear input combinations...
[QUERY] Found all non-linear combinations. Count: 1
[QUERY] Returning nonlinear disjunction
[CTRL] Considering conjunction with 37 input constraints and a disjunction of size 5
[APPROX] Checking cache: SNNT.Approx.ApproxCacheObject[]
[APPROX] Constructing Approximation
[APPROX] Resolving approximation
[CTRL] Initiating iterator over current linear queries
[APPROX] # Conjunctions over output: 5
[CTRL] Processing linear query no. 40
[NNENUM] Running nnenum now...
[NNENUM] lb: [-0.00625, -0.33623147889292704, 5.000000171712609e-6, -0.3499999940395355, -0.1, -0.1, -0.1, -0.1, -0.1, -0.1, -0.1, -0.1, -0.1]
[NNENUM] ub: [0.0062499999999999995, -0.18296763576522218, 5.000000171712609e-6, -0.21079675705898798, 0.09999999999999999, 0.09999999999999999, 0.09999999999999999, 0.09999999999999999, 0.09999999999999999, 0.09999999999999999, 0.09999999999999999, 0.09999999999999999, 0.09999999999999999]
[NNENUM] Creating LP Star...
[NNENUM] Checking feasibility
[NNENUM] Generating output Spec...
[NNENUM] Spec list length:  5
[NNENUM] Enumeration in progress... 
(0.2 sec) Q: 0, Sets: 0/1  (0.0%) CEs: 0 ETA: - (expected 1 stars)   

Total Stars: 3 (1 exact, 2 approx)
Unfinished Stars: 0
Runtime: 0.2 sec
Completed work frac: 1.0
Num Stars Copied Between Processes: 0
Num Lps During Enumeration: 10
Total Num Lps: 10

Result: network is SAFE

[NNENUM] Result: 
<nnenum.result.Result object at 0x747e3bf29f40>
[NNENUM] Enumeration finished.
safe
[NNENUM] Found counter-example stars: 0
[NNENUM] Filtering result using SMT solver...
[SMT] SMT filtered out 0 stars (out of 0; TO: 0).
[QUERY] Looking for nonlinear input combinations...
.[QUERY] Found all non-linear combinations. Count: 3
[QUERY] Returning nonlinear disjunction
[CTRL] Considering conjunction with 37 input constraints and a disjunction of size 6
[APPROX] Checking cache: SNNT.Approx.ApproxCacheObject[]
[APPROX] Constructing Approximation
[APPROX] Resolving approximation
[CTRL] Initiating iterator over current linear queries
[APPROX] # Conjunctions over output: 6
[CTRL] Processing linear query no. 41
[NNENUM] Running nnenum now...
[NNENUM] lb: [-0.4999999701976776, -0.33623147889292704, 5.000000171712609e-6, -0.3499999940395355, -0.1, -0.1, -0.1, -0.1, -0.1, -0.1, -0.1, -0.1, -0.1]
[NNENUM] ub: [-0.00625, -0.18296763576522218, 5.000000171712609e-6, -0.21079675705898798, 0.09999999999999999, 0.09999999999999999, 0.09999999999999999, 0.09999999999999999, 0.09999999999999999, 0.09999999999999999, 0.09999999999999999, 0.09999999999999999, 0.09999999999999999]
[NNENUM] Creating LP Star...
[NNENUM] Checking feasibility
[NNENUM] Generating output Spec...
[NNENUM] Spec list length:  6
[NNENUM] Enumeration in progress... 
(0.1 sec) Q: 0, Sets: 0/1  (0.0%) CEs: 0 ETA: - (expected 1 stars)   
(0.2 sec) Q: 0, Sets: 4/7  (12.5%) CEs: 0 ETA: 1.5 sec (expected 32 stars)   
(0.3 sec) Q: 0, Sets: 5/7  (25.0%) CEs: 0 ETA: 0.9 sec (expected 20 stars)   (0.4 sec) Q: 0, Sets: 12/17  (51.562%) CEs: 0 ETA: 0.4 sec (expected 23 stars)   
(0.5 sec) Q: 0, Sets: 12/17  (51.562%) CEs: 0 ETA: 0.5 sec (expected 23 stars)   (0.7 sec) Q: 0, Sets: 16/18  (75.0%) CEs: 0 ETA: 0.2 sec (expected 21 stars)   (0.8 sec) Q: 0, Sets: 20/28  (82.812%) CEs: 0 ETA: 0.2 sec (expected 24 stars)   (0.9 sec) Q: 0, Sets: 26/29  (83.594%) CEs: 0 ETA: 0.2 sec (expected 31 stars)   

Total Stars: 29 (0 exact, 29 approx)
Unfinished Stars: 0
Runtime: 0.9 sec
Completed work frac: 1.0
Num Stars Copied Between Processes: 0
Num Lps During Enumeration: 0
Total Num Lps: 0

Result: network is SAFE

[NNENUM] Result: 
<nnenum.result.Result object at 0x747e3a727100>
[NNENUM] Enumeration finished.
safe
[NNENUM] Found counter-example stars: 0
[NNENUM] Filtering result using SMT solver...
[SMT] SMT filtered out 0 stars (out of 0; TO: 0).
[QUERY] Looking for nonlinear input combinations...
[QUERY] Found all non-linear combinations. Count: 3
[QUERY] Returning nonlinear disjunction
[CTRL] Considering conjunction with 37 input constraints and a disjunction of size 6
[APPROX] Checking cache: SNNT.Approx.ApproxCacheObject[]
[APPROX] Constructing Approximation
[APPROX] Resolving approximation
[CTRL] Initiating iterator over current linear queries
[APPROX] # Conjunctions over output: 6
[CTRL] Processing linear query no. 42
[NNENUM] Running nnenum now...
[NNENUM] lb: [-0.4999999701976776, -0.33623147889292704, 5.000000171712609e-6, -0.3499999940395355, -0.1, -0.1, -0.1, -0.1, -0.1, -0.1, -0.1, -0.1, -0.1]
[NNENUM] ub: [-0.00625, -0.18296763576522218, 5.000000171712609e-6, -0.21079675705898798, 0.09999999999999999, 0.09999999999999999, 0.09999999999999999, 0.09999999999999999, 0.09999999999999999, 0.09999999999999999, 0.09999999999999999, 0.09999999999999999, 0.09999999999999999]
[NNENUM] Creating LP Star...
[NNENUM] Checking feasibility
[NNENUM] Generating output Spec...
[NNENUM] Spec list length:  6
[NNENUM] Enumeration in progress... 
(0.1 sec) Q: 0, Sets: 0/1  (0.0%) CEs: 0 ETA: - (expected 1 stars)   
(0.2 sec) Q: 0, Sets: 4/7  (12.5%) CEs: 0 ETA: 1.3 sec (expected 32 stars)   
(0.3 sec) Q: 0, Sets: 5/8  (25.0%) CEs: 0 ETA: 0.9 sec (expected 20 stars)   (0.4 sec) Q: 0, Sets: 13/20  (28.467%) CEs: 0 ETA: 1.1 sec (expected 46 stars)   
(0.5 sec) Q: 0, Sets: 15/20  (28.906%) CEs: 0 ETA: 1.3 sec (expected 52 stars)   (0.6 sec) Q: 0, Sets: 21/26  (30.273%) CEs: 0 ETA: 1.5 sec (expected 69 stars)   (0.7 sec) Q: 0, Sets: 27/31  (31.25%) CEs: 0 ETA: 1.6 sec (expected 86 stars)   (0.8 sec) Q: 0, Sets: 34/38  (34.326%) CEs: 0 ETA: 1.6 sec (expected 99 stars)   
(1.0 sec) Q: 0, Sets: 38/42  (34.363%) CEs: 0 ETA: 1.9 sec (expected 111 stars)   (1.1 sec) Q: 0, Sets: 42/48  (75.0%) CEs: 0 ETA: 0.4 sec (expected 56 stars)   (1.2 sec) Q: 0, Sets: 49/55  (76.074%) CEs: 0 ETA: 0.4 sec (expected 64 stars)   (1.3 sec) Q: 0, Sets: 51/55  (76.562%) CEs: 0 ETA: 0.4 sec (expected 67 stars)   (1.4 sec) Q: 0, Sets: 52/55  (78.125%) CEs: 0 ETA: 0.4 sec (expected 67 stars)   (1.5 sec) Q: 0, Sets: 57/62  (81.641%) CEs: 0 ETA: 0.3 sec (expected 70 stars)   (1.6 sec) Q: 0, Sets: 61/71  (82.06%) CEs: 0 ETA: 0.4 sec (expected 74 stars)   (1.7 sec) Q: 0, Sets: 67/74  (82.123%) CEs: 0 ETA: 0.4 sec (expected 82 stars)   
(1.8 sec) Q: 0, Sets: 73/77  (82.617%) CEs: 0 ETA: 0.4 sec (expected 88 stars)   (1.9 sec) Q: 0, Sets: 78/82  (82.812%) CEs: 0 ETA: 0.4 sec (expected 94 stars)   (2.1 sec) Q: 0, Sets: 80/85  (83.105%) CEs: 0 ETA: 0.4 sec (expected 96 stars)   (2.2 sec) Q: 0, Sets: 86/91  (83.301%) CEs: 0 ETA: 0.4 sec (expected 103 stars)   (2.3 sec) Q: 0, Sets: 90/92  (85.938%) CEs: 0 ETA: 0.4 sec (expected 105 stars)   (2.5 sec) Q: 0, Sets: 95/97  (87.109%) CEs: 0 ETA: 0.4 sec (expected 109 stars)   (2.7 sec) Q: 0, Sets: 97/97  (100.0%) CEs: 0 ETA: 0.0 sec (expected 97 stars)   
Total Stars: 97 (3 exact, 94 approx)
Unfinished Stars: 0
Runtime: 2.7 sec
Completed work frac: 1.0
Num Stars Copied Between Processes: 0
Num Lps During Enumeration: 153
Total Num Lps: 153

Result: network is SAFE

[NNENUM] Result: 
<nnenum.result.Result object at 0x747e3bed8100>
[NNENUM] Enumeration finished.
safe
[NNENUM] Found counter-example stars: 0
[NNENUM] Filtering result using SMT solver...
[SMT] SMT filtered out 0 stars (out of 0; TO: 0).
[QUERY] Looking for nonlinear input combinations...
[QUERY] Found all non-linear combinations. Count: 3
[QUERY] Returning nonlinear disjunction
[CTRL] Considering conjunction with 37 input constraints and a disjunction of size 6
[APPROX] Checking cache: SNNT.Approx.ApproxCacheObject[]
[APPROX] Constructing Approximation
[APPROX] Resolving approximation
[CTRL] Initiating iterator over current linear queries
[APPROX] # Conjunctions over output: 6
[CTRL] Processing linear query no. 43
[NNENUM] Running nnenum now...
[NNENUM] lb: [-0.4999999701976776, -0.33623147889292704, 5.000000171712609e-6, -0.3499999940395355, -0.1, -0.1, -0.1, -0.1, -0.1, -0.1, -0.1, -0.1, -0.1]
[NNENUM] ub: [-0.00625, -0.18296763576522218, 5.000000171712609e-6, -0.21079675705898798, 0.09999999999999999, 0.09999999999999999, 0.09999999999999999, 0.09999999999999999, 0.09999999999999999, 0.09999999999999999, 0.09999999999999999, 0.09999999999999999, 0.09999999999999999]
[NNENUM] Creating LP Star...
[NNENUM] Checking feasibility
[NNENUM] Generating output Spec...
[NNENUM] Spec list length:  6
[NNENUM] Enumeration in progress... 
(0.1 sec) Q: 0, Sets: 0/1  (0.0%) CEs: 0 ETA: - (expected 1 stars)   

Total Stars: 6 (1 exact, 5 approx)
Unfinished Stars: 0
Runtime: 0.2 sec
Completed work frac: 1.0
Num Stars Copied Between Processes: 0
Num Lps During Enumeration: 81
Total Num Lps: 81

Result: network is SAFE

[NNENUM] Result: 
<nnenum.result.Result object at 0x747e3a727be0>
[NNENUM] Enumeration finished.
safe
[NNENUM] Found counter-example stars: 0
[NNENUM] Filtering result using SMT solver...
[SMT] SMT filtered out 0 stars (out of 0; TO: 0).
[QUERY] Looking for nonlinear input combinations...
[QUERY] Found all non-linear combinations. Count: 3
[QUERY] Returning nonlinear disjunction
[CTRL] Considering conjunction with 37 input constraints and a disjunction of size 6
[APPROX] Checking cache: SNNT.Approx.ApproxCacheObject[]
[APPROX] Constructing Approximation
[APPROX] Resolving approximation
[CTRL] Initiating iterator over current linear queries
[APPROX] # Conjunctions over output: 6
[CTRL] Processing linear query no. 44
[NNENUM] Running nnenum now...
[NNENUM] lb: [-0.4999999701976776, -0.33623147889292704, 5.000000171712609e-6, -0.3499999940395355, -0.1, -0.1, -0.1, -0.1, -0.1, -0.1, -0.1, -0.1, -0.1]
[NNENUM] ub: [-0.00625, -0.18296763576522218, 5.000000171712609e-6, -0.21079675705898798, 0.09999999999999999, 0.09999999999999999, 0.09999999999999999, 0.09999999999999999, 0.09999999999999999, 0.09999999999999999, 0.09999999999999999, 0.09999999999999999, 0.09999999999999999]
[NNENUM] Creating LP Star...
[NNENUM] Checking feasibility
[NNENUM] Generating output Spec...
[NNENUM] Spec list length:  6
[NNENUM] Enumeration in progress... 
(0.2 sec) Q: 0, Sets: 0/1  (0.0%) CEs: 0 ETA: - (expected 1 stars)   
(0.3 sec) Q: 0, Sets: 9/9  (100.0%) CEs: 0 ETA: 0.0 sec (expected 9 stars)   

Total Stars: 9 (2 exact, 7 approx)
Unfinished Stars: 0
Runtime: 0.3 sec
Completed work frac: 1.0
Num Stars Copied Between Processes: 0
Num Lps During Enumeration: 108
Total Num Lps: 108

Result: network is SAFE

[NNENUM] Result: 
<nnenum.result.Result object at 0x747e3bede460>
[NNENUM] Enumeration finished.
safe
[NNENUM] Found counter-example stars: 0
[NNENUM] Filtering result using SMT solver...
[SMT] SMT filtered out 0 stars (out of 0; TO: 0).
[QUERY] Looking for nonlinear input combinations...
[QUERY] Found all non-linear combinations. Count: 2
[QUERY] Returning nonlinear disjunction
[CTRL] Considering conjunction with 37 input constraints and a disjunction of size 6
[APPROX] Checking cache: SNNT.Approx.ApproxCacheObject[]
[APPROX] Constructing Approximation
[APPROX] Resolving approximation
[CTRL] Initiating iterator over current linear queries
[APPROX] # Conjunctions over output: 6
[CTRL] Processing linear query no. 45
[NNENUM] Running nnenum now...
[NNENUM] lb: [-0.4999999701976776, -0.33623147889292704, 5.000000171712609e-6, -0.3499999940395355, -0.1, -0.1, -0.1, -0.1, -0.1, -0.1, -0.1, -0.1, -0.1]
[NNENUM] ub: [-0.00625, -0.18296763576522218, 5.000000171712609e-6, -0.21079675705898798, 0.09999999999999999, 0.09999999999999999, 0.09999999999999999, 0.09999999999999999, 0.09999999999999999, 0.09999999999999999, 0.09999999999999999, 0.09999999999999999, 0.09999999999999999]
[NNENUM] Creating LP Star...
[NNENUM] Checking feasibility
[NNENUM] Generating output Spec...
[NNENUM] Spec list length:  6
[NNENUM] Enumeration in progress... 
(0.0 sec) Q: 0, Sets: 0/1  (0.0%) CEs: 0 ETA: - (expected 1 stars)   
(0.2 sec) Q: 0, Sets: 2/5  (31.25%) CEs: 0 ETA: 0.3 sec (expected 6 stars)   

Total Stars: 6 (2 exact, 4 approx)
Unfinished Stars: 0
Runtime: 0.2 sec
Completed work frac: 1.0
Num Stars Copied Between Processes: 0
Num Lps During Enumeration: 157
Total Num Lps: 157

Result: network is SAFE

[NNENUM] Result: 
<nnenum.result.Result object at 0x747e3c070190>
[NNENUM] Enumeration finished.
safe
[NNENUM] Found counter-example stars: 0
[NNENUM] Filtering result using SMT solver...
[SMT] SMT filtered out 0 stars (out of 0; TO: 0).
[QUERY] Looking for nonlinear input combinations...
.[QUERY] Found all non-linear combinations. Count: 2
[QUERY] Returning nonlinear disjunction
[CTRL] Considering conjunction with 37 input constraints and a disjunction of size 6
[APPROX] Checking cache: SNNT.Approx.ApproxCacheObject[]
[APPROX] Constructing Approximation
[APPROX] Resolving approximation
[CTRL] Initiating iterator over current linear queries
[APPROX] # Conjunctions over output: 6
[CTRL] Processing linear query no. 46
[NNENUM] Running nnenum now...
[NNENUM] lb: [-0.4999999701976776, -0.33623147889292704, 5.000000171712609e-6, -0.3499999940395355, -0.1, -0.1, -0.1, -0.1, -0.1, -0.1, -0.1, -0.1, -0.1]
[NNENUM] ub: [-0.00625, -0.18296763576522218, 5.000000171712609e-6, -0.21079675705898798, 0.09999999999999999, 0.09999999999999999, 0.09999999999999999, 0.09999999999999999, 0.09999999999999999, 0.09999999999999999, 0.09999999999999999, 0.09999999999999999, 0.09999999999999999]
[NNENUM] Creating LP Star...
[NNENUM] Checking feasibility
[NNENUM] Generating output Spec...
[NNENUM] Spec list length:  6
[NNENUM] Enumeration in progress... 
(0.1 sec) Q: 0, Sets: 0/1  (0.0%) CEs: 0 ETA: - (expected 1 stars)   
(0.2 sec) Q: 0, Sets: 0/2  (0.0%) CEs: 0 ETA: - (expected 1 stars)   
(0.3 sec) Q: 0, Sets: 3/6  (12.5%) CEs: 0 ETA: 2.2 sec (expected 24 stars)   
Total Stars: 15 (0 exact, 15 approx)
Unfinished Stars: 0
Runtime: 0.4 sec
Completed work frac: 1.0
Num Stars Copied Between Processes: 0
Num Lps During Enumeration: 0
Total Num Lps: 0

Result: network is SAFE

[NNENUM] Result: 
<nnenum.result.Result object at 0x747e3bec6220>
[NNENUM] Enumeration finished.
safe
[NNENUM] Found counter-example stars: 0
[NNENUM] Filtering result using SMT solver...
[SMT] SMT filtered out 0 stars (out of 0; TO: 0).
[QUERY] Looking for nonlinear input combinations...
[QUERY] Found all non-linear combinations. Count: 2
[QUERY] Returning nonlinear disjunction
[CTRL] Considering conjunction with 37 input constraints and a disjunction of size 6
[APPROX] Checking cache: SNNT.Approx.ApproxCacheObject[]
[APPROX] Constructing Approximation
[APPROX] Resolving approximation
[CTRL] Initiating iterator over current linear queries
[APPROX] # Conjunctions over output: 6
[CTRL] Processing linear query no. 47
[NNENUM] Running nnenum now...
[NNENUM] lb: [-0.4999999701976776, -0.33623147889292704, 5.000000171712609e-6, -0.3499999940395355, -0.1, -0.1, -0.1, -0.1, -0.1, -0.1, -0.1, -0.1, -0.1]
[NNENUM] ub: [-0.00625, -0.18296763576522218, 5.000000171712609e-6, -0.21079675705898798, 0.09999999999999999, 0.09999999999999999, 0.09999999999999999, 0.09999999999999999, 0.09999999999999999, 0.09999999999999999, 0.09999999999999999, 0.09999999999999999, 0.09999999999999999]
[NNENUM] Creating LP Star...
[NNENUM] Checking feasibility
[NNENUM] Generating output Spec...
[NNENUM] Spec list length:  6
[NNENUM] Enumeration in progress... 
(0.2 sec) Q: 0, Sets: 0/1  (0.0%) CEs: 0 ETA: - (expected 1 stars)   

Total Stars: 5 (1 exact, 4 approx)
Unfinished Stars: 0
Runtime: 0.2 sec
Completed work frac: 1.0
Num Stars Copied Between Processes: 0
Num Lps During Enumeration: 80
Total Num Lps: 80

Result: network is SAFE

[NNENUM] Result: 
<nnenum.result.Result object at 0x747e3bededf0>
[NNENUM] Enumeration finished.
safe
[NNENUM] Found counter-example stars: 0
[NNENUM] Filtering result using SMT solver...
[SMT] SMT filtered out 0 stars (out of 0; TO: 0).
[QUERY] Looking for nonlinear input combinations...
[QUERY] Found all non-linear combinations. Count: 1
[QUERY] Returning nonlinear disjunction
[CTRL] Considering conjunction with 37 input constraints and a disjunction of size 6
[APPROX] Checking cache: SNNT.Approx.ApproxCacheObject[]
[APPROX] Constructing Approximation
[APPROX] Resolving approximation
[CTRL] Initiating iterator over current linear queries
[APPROX] # Conjunctions over output: 6
[CTRL] Processing linear query no. 48
[NNENUM] Running nnenum now...
[NNENUM] lb: [-0.4999999701976776, -0.33623147889292704, 5.000000171712609e-6, -0.3499999940395355, -0.1, -0.1, -0.1, -0.1, -0.1, -0.1, -0.1, -0.1, -0.1]
[NNENUM] ub: [-0.00625, -0.18296763576522218, 5.000000171712609e-6, -0.21079675705898798, 0.09999999999999999, 0.09999999999999999, 0.09999999999999999, 0.09999999999999999, 0.09999999999999999, 0.09999999999999999, 0.09999999999999999, 0.09999999999999999, 0.09999999999999999]
[NNENUM] Creating LP Star...
[NNENUM] Checking feasibility
[NNENUM] Generating output Spec...
[NNENUM] Spec list length:  6
[NNENUM] Enumeration in progress... 
(0.0 sec) Q: 0, Sets: 0/1  (0.0%) CEs: 0 ETA: - (expected 1 stars)   
(0.2 sec) Q: 0, Sets: 0/2  (0.0%) CEs: 0 ETA: - (expected 1 stars)   

Total Stars: 3 (0 exact, 3 approx)
Unfinished Stars: 0
Runtime: 0.2 sec
Completed work frac: 1.0
Num Stars Copied Between Processes: 0
Num Lps During Enumeration: 0
Total Num Lps: 0

Result: network is SAFE

[NNENUM] Result: 
<nnenum.result.Result object at 0x747e3bec6400>
[NNENUM] Enumeration finished.
safe
[NNENUM] Found counter-example stars: 0
[NNENUM] Filtering result using SMT solver...
[SMT] SMT filtered out 0 stars (out of 0; TO: 0).
[QUERY] Looking for nonlinear input combinations...
[QUERY] Found all non-linear combinations. Count: 1
[QUERY] Returning nonlinear disjunction
[CTRL] Considering conjunction with 37 input constraints and a disjunction of size 6
[APPROX] Checking cache: SNNT.Approx.ApproxCacheObject[]
[APPROX] Constructing Approximation
[APPROX] Resolving approximation
[CTRL] Initiating iterator over current linear queries
[APPROX] # Conjunctions over output: 6
[CTRL] Processing linear query no. 49
[NNENUM] Running nnenum now...
[NNENUM] lb: [-0.00625, -0.33623147889292704, 5.000000171712609e-6, -0.3499999940395355, -0.1, -0.1, -0.1, -0.1, -0.1, -0.1, -0.1, -0.1, -0.1]
[NNENUM] ub: [0.0062499999999999995, -0.18296763576522218, 5.000000171712609e-6, -0.21079675705898798, 0.09999999999999999, 0.09999999999999999, 0.09999999999999999, 0.09999999999999999, 0.09999999999999999, 0.09999999999999999, 0.09999999999999999, 0.09999999999999999, 0.09999999999999999]
[NNENUM] Creating LP Star...
[NNENUM] Checking feasibility
[NNENUM] Generating output Spec...
[NNENUM] Spec list length:  6
[NNENUM] Enumeration in progress... 
(0.0 sec) Q: 0, Sets: 0/1  (0.0%) CEs: 0 ETA: - (expected 1 stars)   

Total Stars: 2 (1 exact, 1 approx)
Unfinished Stars: 0
Runtime: 0.1 sec
Completed work frac: 1.0
Num Stars Copied Between Processes: 0
Num Lps During Enumeration: 36
Total Num Lps: 36

Result: network is SAFE

[NNENUM] Result: 
<nnenum.result.Result object at 0x747e3c070190>
[NNENUM] Enumeration finished.
safe
[NNENUM] Found counter-example stars: 0
[NNENUM] Filtering result using SMT solver...
[SMT] SMT filtered out 0 stars (out of 0; TO: 0).
[QUERY] Looking for nonlinear input combinations...
.[QUERY] Found all non-linear combinations. Count: 1
[QUERY] Returning nonlinear disjunction
[CTRL] Considering conjunction with 37 input constraints and a disjunction of size 6
[APPROX] Checking cache: SNNT.Approx.ApproxCacheObject[]
[APPROX] Constructing Approximation
[APPROX] Resolving approximation
[CTRL] Initiating iterator over current linear queries
[APPROX] # Conjunctions over output: 6
[CTRL] Processing linear query no. 50
[NNENUM] Running nnenum now...
[NNENUM] lb: [-0.00625, -0.33623147889292704, 5.000000171712609e-6, -0.3499999940395355, -0.1, -0.1, -0.1, -0.1, -0.1, -0.1, -0.1, -0.1, -0.1]
[NNENUM] ub: [0.0062499999999999995, -0.18296763576522218, 5.000000171712609e-6, -0.21079675705898798, 0.09999999999999999, 0.09999999999999999, 0.09999999999999999, 0.09999999999999999, 0.09999999999999999, 0.09999999999999999, 0.09999999999999999, 0.09999999999999999, 0.09999999999999999]
[NNENUM] Creating LP Star...
[NNENUM] Checking feasibility
[NNENUM] Generating output Spec...
[NNENUM] Spec list length:  6
[NNENUM] Enumeration in progress... 
(0.1 sec) Q: 0, Sets: 0/1  (0.0%) CEs: 0 ETA: - (expected 1 stars)   
(0.2 sec) Q: 0, Sets: 0/2  (0.0%) CEs: 0 ETA: - (expected 1 stars)   

Total Stars: 3 (0 exact, 3 approx)
Unfinished Stars: 0
Runtime: 0.2 sec
Completed work frac: 1.0
Num Stars Copied Between Processes: 0
Num Lps During Enumeration: 0
Total Num Lps: 0

Result: network is SAFE

[NNENUM] Result: 
<nnenum.result.Result object at 0x747e3bef11c0>
[NNENUM] Enumeration finished.
safe
[NNENUM] Found counter-example stars: 0
[NNENUM] Filtering result using SMT solver...
[SMT] SMT filtered out 0 stars (out of 0; TO: 0).
[QUERY] Looking for nonlinear input combinations...
.[QUERY] Found all non-linear combinations. Count: 2
[QUERY] Returning nonlinear disjunction
[CTRL] Considering conjunction with 37 input constraints and a disjunction of size 6
[APPROX] Checking cache: SNNT.Approx.ApproxCacheObject[]
[APPROX] Constructing Approximation
[APPROX] Resolving approximation
[CTRL] Initiating iterator over current linear queries
[APPROX] # Conjunctions over output: 6
[CTRL] Processing linear query no. 51
[NNENUM] Running nnenum now...
[NNENUM] lb: [-0.00625, -0.33623147889292704, 5.000000171712609e-6, -0.3499999940395355, -0.1, -0.1, -0.1, -0.1, -0.1, -0.1, -0.1, -0.1, -0.1]
[NNENUM] ub: [0.0062499999999999995, -0.18296763576522218, 5.000000171712609e-6, -0.21079675705898798, 0.09999999999999999, 0.09999999999999999, 0.09999999999999999, 0.09999999999999999, 0.09999999999999999, 0.09999999999999999, 0.09999999999999999, 0.09999999999999999, 0.09999999999999999]
[NNENUM] Creating LP Star...
[NNENUM] Checking feasibility
[NNENUM] Generating output Spec...
[NNENUM] Spec list length:  6
[NNENUM] Enumeration in progress... 
(0.0 sec) Q: 0, Sets: 0/1  (0.0%) CEs: 0 ETA: - (expected 1 stars)   
(0.2 sec) Q: 0, Sets: 4/6  (50.0%) CEs: 0 ETA: 0.2 sec (expected 8 stars)   

Total Stars: 11 (1 exact, 10 approx)
Unfinished Stars: 0
Runtime: 0.2 sec
Completed work frac: 1.0
Num Stars Copied Between Processes: 0
Num Lps During Enumeration: 73
Total Num Lps: 73

Result: network is SAFE

[NNENUM] Result: 
<nnenum.result.Result object at 0x747e3bef1940>
[NNENUM] Enumeration finished.
safe
[NNENUM] Found counter-example stars: 0
[NNENUM] Filtering result using SMT solver...
[SMT] SMT filtered out 0 stars (out of 0; TO: 0).
[QUERY] Looking for nonlinear input combinations...
.[QUERY] Found all non-linear combinations. Count: 1
[QUERY] Returning nonlinear disjunction
[CTRL] Considering conjunction with 37 input constraints and a disjunction of size 6
[APPROX] Checking cache: SNNT.Approx.ApproxCacheObject[]
[APPROX] Constructing Approximation
[APPROX] Resolving approximation
[CTRL] Initiating iterator over current linear queries
[APPROX] # Conjunctions over output: 6
[CTRL] Processing linear query no. 52
[NNENUM] Running nnenum now...
[NNENUM] lb: [-0.4999999701976776, -0.33623147889292704, 5.000000171712609e-6, -0.3499999940395355, -0.1, -0.1, -0.1, -0.1, -0.1, -0.1, -0.1, -0.1, -0.1]
[NNENUM] ub: [-0.00625, -0.18296763576522218, 5.000000171712609e-6, -0.21079675705898798, 0.09999999999999999, 0.09999999999999999, 0.09999999999999999, 0.09999999999999999, 0.09999999999999999, 0.09999999999999999, 0.09999999999999999, 0.09999999999999999, 0.09999999999999999]
[NNENUM] Creating LP Star...
[NNENUM] Checking feasibility
[NNENUM] Generating output Spec...
[NNENUM] Spec list length:  6
[NNENUM] Enumeration in progress... 
(0.1 sec) Q: 0, Sets: 0/1  (0.0%) CEs: 0 ETA: - (expected 1 stars)   
(0.2 sec) Q: 0, Sets: 0/2  (0.0%) CEs: 0 ETA: - (expected 1 stars)   
(0.3 sec) Q: 0, Sets: 3/9  (26.172%) CEs: 0 ETA: 0.9 sec (expected 11 stars)   (0.4 sec) Q: 0, Sets: 6/9  (31.25%) CEs: 0 ETA: 0.9 sec (expected 19 stars)   
(0.5 sec) Q: 0, Sets: 10/12  (75.0%) CEs: 0 ETA: 0.2 sec (expected 13 stars)   (0.7 sec) Q: 0, Sets: 14/16  (81.25%) CEs: 0 ETA: 0.2 sec (expected 17 stars)   (0.9 sec) Q: 0, Sets: 14/17  (81.25%) CEs: 0 ETA: 0.2 sec (expected 17 stars)   (1.0 sec) Q: 0, Sets: 18/25  (82.08%) CEs: 0 ETA: 0.2 sec (expected 22 stars)   
(1.1 sec) Q: 0, Sets: 21/28  (82.104%) CEs: 0 ETA: 0.2 sec (expected 26 stars)   (1.2 sec) Q: 0, Sets: 25/28  (82.812%) CEs: 0 ETA: 0.2 sec (expected 30 stars)   (1.3 sec) Q: 0, Sets: 25/28  (82.812%) CEs: 0 ETA: 0.3 sec (expected 30 stars)   (1.5 sec) Q: 0, Sets: 27/29  (87.5%) CEs: 0 ETA: 0.2 sec (expected 31 stars)   (1.6 sec) Q: 0, Sets: 30/34  (90.625%) CEs: 0 ETA: 0.2 sec (expected 33 stars)   (1.7 sec) Q: 0, Sets: 34/39  (90.82%) CEs: 0 ETA: 0.2 sec (expected 37 stars)   (1.8 sec) Q: 0, Sets: 41/44  (91.406%) CEs: 0 ETA: 0.2 sec (expected 45 stars)   
Total Stars: 44 (3 exact, 41 approx)
Unfinished Stars: 0
Runtime: 1.8 sec
Completed work frac: 1.0
Num Stars Copied Between Processes: 0
Num Lps During Enumeration: 141
Total Num Lps: 141

Result: network is SAFE

[NNENUM] Result: 
<nnenum.result.Result object at 0x747e3bef1730>
[NNENUM] Enumeration finished.
safe
[NNENUM] Found counter-example stars: 0
[NNENUM] Filtering result using SMT solver...
[SMT] SMT filtered out 0 stars (out of 0; TO: 0).
[QUERY] Looking for nonlinear input combinations...
[QUERY] Found all non-linear combinations. Count: 1
[QUERY] Returning nonlinear disjunction
[CTRL] Considering conjunction with 37 input constraints and a disjunction of size 6
[APPROX] Checking cache: SNNT.Approx.ApproxCacheObject[]
[APPROX] Constructing Approximation
[APPROX] Resolving approximation
[CTRL] Initiating iterator over current linear queries
[APPROX] # Conjunctions over output: 6
[CTRL] Processing linear query no. 53
[NNENUM] Running nnenum now...
[NNENUM] lb: [-0.4999999701976776, -0.33623147889292704, 5.000000171712609e-6, -0.3499999940395355, -0.1, -0.1, -0.1, -0.1, -0.1, -0.1, -0.1, -0.1, -0.1]
[NNENUM] ub: [-0.00625, -0.18296763576522218, 5.000000171712609e-6, -0.21079675705898798, 0.09999999999999999, 0.09999999999999999, 0.09999999999999999, 0.09999999999999999, 0.09999999999999999, 0.09999999999999999, 0.09999999999999999, 0.09999999999999999, 0.09999999999999999]
[NNENUM] Creating LP Star...
[NNENUM] Checking feasibility
[NNENUM] Generating output Spec...
[NNENUM] Spec list length:  6
[NNENUM] Enumeration in progress... 
(0.1 sec) Q: 0, Sets: 0/1  (0.0%) CEs: 0 ETA: - (expected 1 stars)   
(0.2 sec) Q: 0, Sets: 3/8  (3.125%) CEs: 0 ETA: 4.9 sec (expected 96 stars)   
(0.3 sec) Q: 0, Sets: 5/13  (3.32%) CEs: 0 ETA: 7.8 sec (expected 151 stars)   (0.4 sec) Q: 0, Sets: 8/13  (4.688%) CEs: 0 ETA: 7.6 sec (expected 171 stars)   
(0.5 sec) Q: 0, Sets: 10/13  (12.5%) CEs: 0 ETA: 3.6 sec (expected 80 stars)   (0.7 sec) Q: 0, Sets: 11/13  (25.0%) CEs: 0 ETA: 2.1 sec (expected 44 stars)   (0.8 sec) Q: 0, Sets: 12/14  (50.0%) CEs: 0 ETA: 0.8 sec (expected 24 stars)   (1.0 sec) Q: 0, Sets: 18/18  (100.0%) CEs: 0 ETA: 0.0 sec (expected 18 stars)   

Total Stars: 18 (0 exact, 18 approx)
Unfinished Stars: 0
Runtime: 1.0 sec
Completed work frac: 1.0
Num Stars Copied Between Processes: 0
Num Lps During Enumeration: 0
Total Num Lps: 0

Result: network is SAFE

[NNENUM] Result: 
<nnenum.result.Result object at 0x747e3beec190>
[NNENUM] Enumeration finished.
safe
[NNENUM] Found counter-example stars: 0
[NNENUM] Filtering result using SMT solver...
[SMT] SMT filtered out 0 stars (out of 0; TO: 0).
[QUERY] Looking for nonlinear input combinations...
[QUERY] Found all non-linear combinations. Count: 1
[QUERY] Returning nonlinear disjunction
[CTRL] Considering conjunction with 37 input constraints and a disjunction of size 5
[APPROX] Checking cache: SNNT.Approx.ApproxCacheObject[]
[APPROX] Constructing Approximation
[APPROX] Resolving approximation
[CTRL] Initiating iterator over current linear queries
[APPROX] # Conjunctions over output: 5
[CTRL] Processing linear query no. 54
[NNENUM] Running nnenum now...
[NNENUM] lb: [-0.4999999701976776, -0.33623147889292704, 5.000000171712609e-6, -0.3499999940395355, -0.1, -0.1, -0.1, -0.1, -0.1, -0.1, -0.1, -0.1, -0.1]
[NNENUM] ub: [-0.00625, -0.18296763576522218, 5.000000171712609e-6, -0.21079675705898798, 0.09999999999999999, 0.09999999999999999, 0.09999999999999999, 0.09999999999999999, 0.09999999999999999, 0.09999999999999999, 0.09999999999999999, 0.09999999999999999, 0.09999999999999999]
[NNENUM] Creating LP Star...
[NNENUM] Checking feasibility
[NNENUM] Generating output Spec...
[NNENUM] Spec list length:  5
[NNENUM] Enumeration in progress... 
(0.1 sec) Q: 0, Sets: 0/1  (0.0%) CEs: 0 ETA: - (expected 1 stars)   
(0.2 sec) Q: 0, Sets: 3/5  (62.5%) CEs: 0 ETA: 0.1 sec (expected 5 stars)   
(0.3 sec) Q: 0, Sets: 11/11  (100.0%) CEs: 0 ETA: 0.0 sec (expected 11 stars)   
Total Stars: 11 (1 exact, 10 approx)
Unfinished Stars: 0
Runtime: 0.3 sec
Completed work frac: 1.0
Num Stars Copied Between Processes: 0
Num Lps During Enumeration: 55
Total Num Lps: 55

Result: network is SAFE

[NNENUM] Result: 
<nnenum.result.Result object at 0x747e3bef45b0>
[NNENUM] Enumeration finished.
safe
[NNENUM] Found counter-example stars: 0
[NNENUM] Filtering result using SMT solver...
[SMT] SMT filtered out 0 stars (out of 0; TO: 0).
[QUERY] Looking for nonlinear input combinations...
.[QUERY] Found all non-linear combinations. Count: 1
[QUERY] Returning nonlinear disjunction
[CTRL] Considering conjunction with 37 input constraints and a disjunction of size 5
[APPROX] Checking cache: SNNT.Approx.ApproxCacheObject[]
[APPROX] Constructing Approximation
[APPROX] Resolving approximation
[CTRL] Initiating iterator over current linear queries
[APPROX] # Conjunctions over output: 5
[CTRL] Processing linear query no. 55
[NNENUM] Running nnenum now...
[NNENUM] lb: [-0.4999999701976776, -0.33623147889292704, 5.000000171712609e-6, 0.075, -0.1, -0.1, -0.1, -0.1, -0.1, -0.1, -0.1, -0.1, -0.1]
[NNENUM] ub: [-0.00625, -0.18296763576522218, 5.000000171712609e-6, 0.5, 0.09999999999999999, 0.09999999999999999, 0.09999999999999999, 0.09999999999999999, 0.09999999999999999, 0.09999999999999999, 0.09999999999999999, 0.09999999999999999, 0.09999999999999999]
[NNENUM] Creating LP Star...
[NNENUM] Checking feasibility
[NNENUM] Generating output Spec...
[NNENUM] Spec list length:  5
[NNENUM] Enumeration in progress... 
(0.1 sec) Q: 0, Sets: 0/1  (0.0%) CEs: 0 ETA: - (expected 1 stars)   
(0.2 sec) Q: 0, Sets: 0/2  (0.0%) CEs: 0 ETA: - (expected 1 stars)   
(0.3 sec) Q: 0, Sets: 1/7  (3.125%) CEs: 0 ETA: 9.7 sec (expected 32 stars)   (0.4 sec) Q: 0, Sets: 10/15  (28.125%) CEs: 0 ETA: 1.1 sec (expected 36 stars)   
(0.5 sec) Q: 0, Sets: 17/21  (37.5%) CEs: 0 ETA: 0.9 sec (expected 45 stars)   (0.6 sec) Q: 0, Sets: 24/26  (43.75%) CEs: 0 ETA: 0.8 sec (expected 55 stars)   
Total Stars: 30 (1 exact, 29 approx)
Unfinished Stars: 0
Runtime: 0.7 sec
Completed work frac: 1.0
Num Stars Copied Between Processes: 0
Num Lps During Enumeration: 11
Total Num Lps: 11

Result: network is SAFE

[NNENUM] Result: 
<nnenum.result.Result object at 0x747e3be85850>
[NNENUM] Enumeration finished.
safe
[NNENUM] Found counter-example stars: 0
[NNENUM] Filtering result using SMT solver...
[SMT] SMT filtered out 0 stars (out of 0; TO: 0).
[QUERY] Looking for nonlinear input combinations...
.[QUERY] Found all non-linear combinations. Count: 1
[QUERY] Returning nonlinear disjunction
[CTRL] Considering conjunction with 37 input constraints and a disjunction of size 5
[APPROX] Checking cache: SNNT.Approx.ApproxCacheObject[]
[APPROX] Constructing Approximation
[APPROX] Resolving approximation
[CTRL] Initiating iterator over current linear queries
[APPROX] # Conjunctions over output: 5
[CTRL] Processing linear query no. 56
[NNENUM] Running nnenum now...
[NNENUM] lb: [-0.4999999701976776, -0.33623147889292704, 5.000000171712609e-6, -0.08052249040043885, -0.1, -0.1, -0.1, -0.1, -0.1, -0.1, -0.1, -0.1, -0.1]
[NNENUM] ub: [-0.00625, -0.18296763576522218, 5.000000171712609e-6, 0.075, 0.09999999999999999, 0.09999999999999999, 0.09999999999999999, 0.09999999999999999, 0.09999999999999999, 0.09999999999999999, 0.09999999999999999, 0.09999999999999999, 0.09999999999999999]
[NNENUM] Creating LP Star...
[NNENUM] Checking feasibility
[NNENUM] Generating output Spec...
[NNENUM] Spec list length:  5
[NNENUM] Enumeration in progress... 
(0.1 sec) Q: 0, Sets: 0/1  (0.0%) CEs: 0 ETA: - (expected 1 stars)   
(0.2 sec) Q: 0, Sets: 4/9  (26.562%) CEs: 0 ETA: 0.5 sec (expected 15 stars)   
(0.3 sec) Q: 0, Sets: 9/12  (40.625%) CEs: 0 ETA: 0.4 sec (expected 22 stars)   (0.4 sec) Q: 0, Sets: 18/21  (78.125%) CEs: 0 ETA: 0.1 sec (expected 23 stars)   

Total Stars: 21 (2 exact, 19 approx)
Unfinished Stars: 0
Runtime: 0.5 sec
Completed work frac: 1.0
Num Stars Copied Between Processes: 0
Num Lps During Enumeration: 18
Total Num Lps: 18

Result: network is SAFE

[NNENUM] Result: 
<nnenum.result.Result object at 0x747e3bed8b50>
[NNENUM] Enumeration finished.
safe
[NNENUM] Found counter-example stars: 0
[NNENUM] Filtering result using SMT solver...
[SMT] SMT filtered out 0 stars (out of 0; TO: 0).
[QUERY] Looking for nonlinear input combinations...
[QUERY] Found all non-linear combinations. Count: 1
[QUERY] Returning nonlinear disjunction
[CTRL] Considering conjunction with 36 input constraints and a disjunction of size 5
[APPROX] Checking cache: SNNT.Approx.ApproxCacheObject[]
[APPROX] Constructing Approximation
[APPROX] Resolving approximation
[CTRL] Initiating iterator over current linear queries
[APPROX] # Conjunctions over output: 5
[CTRL] Processing linear query no. 57
[NNENUM] Running nnenum now...
[NNENUM] lb: [-0.4999999701976776, -0.33623147889292704, 5.000000171712609e-6, 0.075, -0.1, -0.1, -0.1, -0.1, -0.1, -0.1, -0.1, -0.1, -0.1]
[NNENUM] ub: [-0.00625, -0.18296763576522218, 5.000000171712609e-6, 0.5, 0.09999999999999999, 0.09999999999999999, 0.09999999999999999, 0.09999999999999999, 0.09999999999999999, 0.09999999999999999, 0.09999999999999999, 0.09999999999999999, 0.09999999999999999]
[NNENUM] Creating LP Star...
[NNENUM] Checking feasibility
[NNENUM] Generating output Spec...
[NNENUM] Spec list length:  5
[NNENUM] Enumeration in progress... 
(0.1 sec) Q: 0, Sets: 0/1  (0.0%) CEs: 0 ETA: - (expected 1 stars)   
(0.2 sec) Q: 0, Sets: 2/7  (37.5%) CEs: 0 ETA: 0.3 sec (expected 5 stars)   
(0.3 sec) Q: 0, Sets: 9/11  (68.75%) CEs: 0 ETA: 0.1 sec (expected 13 stars)   
Total Stars: 13 (1 exact, 12 approx)
Unfinished Stars: 0
Runtime: 0.3 sec
Completed work frac: 1.0
Num Stars Copied Between Processes: 0
Num Lps During Enumeration: 19
Total Num Lps: 19

Result: network is SAFE

[NNENUM] Result: 
<nnenum.result.Result object at 0x747e3bed80d0>
[NNENUM] Enumeration finished.
safe
[NNENUM] Found counter-example stars: 0
[NNENUM] Filtering result using SMT solver...
[SMT] SMT filtered out 0 stars (out of 0; TO: 0).
[QUERY] Looking for nonlinear input combinations...
[QUERY] Found all non-linear combinations. Count: 1
[QUERY] Returning nonlinear disjunction
[CTRL] Considering conjunction with 37 input constraints and a disjunction of size 5
[APPROX] Checking cache: SNNT.Approx.ApproxCacheObject[]
[APPROX] Constructing Approximation
[APPROX] Resolving approximation
[CTRL] Initiating iterator over current linear queries
[APPROX] # Conjunctions over output: 5
[CTRL] Processing linear query no. 58
[NNENUM] Running nnenum now...
[NNENUM] lb: [-0.4999999701976776, -0.33623147889292704, 5.000000171712609e-6, 0.075, -0.1, -0.1, -0.1, -0.1, -0.1, -0.1, -0.1, -0.1, -0.1]
[NNENUM] ub: [-0.00625, -0.18296763576522218, 5.000000171712609e-6, 0.5, 0.09999999999999999, 0.09999999999999999, 0.09999999999999999, 0.09999999999999999, 0.09999999999999999, 0.09999999999999999, 0.09999999999999999, 0.09999999999999999, 0.09999999999999999]
[NNENUM] Creating LP Star...
[NNENUM] Checking feasibility
[NNENUM] Generating output Spec...
[NNENUM] Spec list length:  5
[NNENUM] Enumeration in progress... 
(0.1 sec) Q: 0, Sets: 0/1  (0.0%) CEs: 0 ETA: - (expected 1 stars)   
(0.2 sec) Q: 0, Sets: 0/2  (0.0%) CEs: 0 ETA: - (expected 1 stars)   
(0.3 sec) Q: 0, Sets: 8/10  (37.5%) CEs: 0 ETA: 0.6 sec (expected 21 stars)   
Total Stars: 12 (1 exact, 11 approx)
Unfinished Stars: 0
Runtime: 0.4 sec
Completed work frac: 1.0
Num Stars Copied Between Processes: 0
Num Lps During Enumeration: 127
Total Num Lps: 127

Result: network is SAFE

[NNENUM] Result: 
<nnenum.result.Result object at 0x747e3bef9040>
[NNENUM] Enumeration finished.
safe
[NNENUM] Found counter-example stars: 0
[NNENUM] Filtering result using SMT solver...
[SMT] SMT filtered out 0 stars (out of 0; TO: 0).
[QUERY] Looking for nonlinear input combinations...
[QUERY] Found all non-linear combinations. Count: 1
[QUERY] Returning nonlinear disjunction
[CTRL] Considering conjunction with 36 input constraints and a disjunction of size 5
[APPROX] Checking cache: SNNT.Approx.ApproxCacheObject[]
[APPROX] Constructing Approximation
[APPROX] Resolving approximation
[CTRL] Initiating iterator over current linear queries
[APPROX] # Conjunctions over output: 5
[CTRL] Processing linear query no. 59
[NNENUM] Running nnenum now...
[NNENUM] lb: [-0.4999999701976776, -0.33623147889292704, 5.000000171712609e-6, 0.075, -0.1, -0.1, -0.1, -0.1, -0.1, -0.1, -0.1, -0.1, -0.1]
[NNENUM] ub: [-0.00625, -0.18296763576522218, 5.000000171712609e-6, 0.5, 0.09999999999999999, 0.09999999999999999, 0.09999999999999999, 0.09999999999999999, 0.09999999999999999, 0.09999999999999999, 0.09999999999999999, 0.09999999999999999, 0.09999999999999999]
[NNENUM] Creating LP Star...
[NNENUM] Checking feasibility
[NNENUM] Generating output Spec...
[NNENUM] Spec list length:  5
[NNENUM] Enumeration in progress... 
(0.1 sec) Q: 0, Sets: 0/1  (0.0%) CEs: 0 ETA: - (expected 1 stars)   
(0.2 sec) Q: 0, Sets: 6/8  (50.0%) CEs: 0 ETA: 0.2 sec (expected 12 stars)   

Total Stars: 8 (0 exact, 8 approx)
Unfinished Stars: 0
Runtime: 0.2 sec
Completed work frac: 1.0
Num Stars Copied Between Processes: 0
Num Lps During Enumeration: 0
Total Num Lps: 0

Result: network is SAFE

[NNENUM] Result: 
<nnenum.result.Result object at 0x747e3bef19d0>
[NNENUM] Enumeration finished.
safe
[NNENUM] Found counter-example stars: 0
[NNENUM] Filtering result using SMT solver...
[SMT] SMT filtered out 0 stars (out of 0; TO: 0).
[QUERY] Looking for nonlinear input combinations...
[QUERY] Found all non-linear combinations. Count: 1
[QUERY] Returning nonlinear disjunction
[CTRL] Considering conjunction with 36 input constraints and a disjunction of size 5
[APPROX] Checking cache: SNNT.Approx.ApproxCacheObject[]
[APPROX] Constructing Approximation
[APPROX] Resolving approximation
[CTRL] Initiating iterator over current linear queries
[APPROX] # Conjunctions over output: 5
[CTRL] Processing linear query no. 60
[NNENUM] Running nnenum now...
[NNENUM] lb: [-0.4999999701976776, -0.33623147889292704, 5.000000171712609e-6, 0.075, -0.1, -0.1, -0.1, -0.1, -0.1, -0.1, -0.1, -0.1, -0.1]
[NNENUM] ub: [-0.00625, -0.18296763576522218, 5.000000171712609e-6, 0.5, 0.09999999999999999, 0.09999999999999999, 0.09999999999999999, 0.09999999999999999, 0.09999999999999999, 0.09999999999999999, 0.09999999999999999, 0.09999999999999999, 0.09999999999999999]
[NNENUM] Creating LP Star...
[NNENUM] Checking feasibility
[NNENUM] Generating output Spec...
[NNENUM] Spec list length:  5
[NNENUM] Enumeration in progress... 
(0.1 sec) Q: 0, Sets: 0/1  (0.0%) CEs: 0 ETA: - (expected 1 stars)   

Total Stars: 5 (2 exact, 3 approx)
Unfinished Stars: 0
Runtime: 0.1 sec
Completed work frac: 1.0
Num Stars Copied Between Processes: 0
Num Lps During Enumeration: 98
Total Num Lps: 98

Result: network is SAFE

[NNENUM] Result: 
<nnenum.result.Result object at 0x747e3be85700>
[NNENUM] Enumeration finished.
safe
[NNENUM] Found counter-example stars: 0
[NNENUM] Filtering result using SMT solver...
[SMT] SMT filtered out 0 stars (out of 0; TO: 0).
[QUERY] Looking for nonlinear input combinations...
[QUERY] Found all non-linear combinations. Count: 1
[QUERY] Returning nonlinear disjunction
[CTRL] Considering conjunction with 36 input constraints and a disjunction of size 5
[APPROX] Checking cache: SNNT.Approx.ApproxCacheObject[]
[APPROX] Constructing Approximation
[APPROX] Resolving approximation
[CTRL] Initiating iterator over current linear queries
[APPROX] # Conjunctions over output: 5
[CTRL] Processing linear query no. 61
[NNENUM] Running nnenum now...
[NNENUM] lb: [-0.4999999701976776, -0.33623147889292704, 5.000000171712609e-6, 0.075, -0.1, -0.1, -0.1, -0.1, -0.1, -0.1, -0.1, -0.1, -0.1]
[NNENUM] ub: [-0.00625, -0.18296763576522218, 5.000000171712609e-6, 0.5, 0.09999999999999999, 0.09999999999999999, 0.09999999999999999, 0.09999999999999999, 0.09999999999999999, 0.09999999999999999, 0.09999999999999999, 0.09999999999999999, 0.09999999999999999]
[NNENUM] Creating LP Star...
[NNENUM] Checking feasibility
[NNENUM] Generating output Spec...
[NNENUM] Spec list length:  5
[NNENUM] Enumeration in progress... 
(0.1 sec) Q: 0, Sets: 0/1  (0.0%) CEs: 0 ETA: - (expected 1 stars)   
(0.2 sec) Q: 0, Sets: 0/2  (0.0%) CEs: 0 ETA: - (expected 1 stars)   

Total Stars: 5 (0 exact, 5 approx)
Unfinished Stars: 0
Runtime: 0.3 sec
Completed work frac: 1.0
Num Stars Copied Between Processes: 0
Num Lps During Enumeration: 0
Total Num Lps: 0

Result: network is SAFE

[NNENUM] Result: 
<nnenum.result.Result object at 0x747e3be85880>
[NNENUM] Enumeration finished.
safe
[NNENUM] Found counter-example stars: 0
[NNENUM] Filtering result using SMT solver...
[SMT] SMT filtered out 0 stars (out of 0; TO: 0).
[QUERY] Looking for nonlinear input combinations...
[QUERY] Found all non-linear combinations. Count: 1
[QUERY] Returning nonlinear disjunction
[CTRL] Considering conjunction with 36 input constraints and a disjunction of size 5
[APPROX] Checking cache: SNNT.Approx.ApproxCacheObject[]
[APPROX] Constructing Approximation
[APPROX] Resolving approximation
[CTRL] Initiating iterator over current linear queries
[APPROX] # Conjunctions over output: 5
[CTRL] Processing linear query no. 62
[NNENUM] Running nnenum now...
[NNENUM] lb: [-0.4999999701976776, -0.33623147889292704, 5.000000171712609e-6, 0.075, -0.1, -0.1, -0.1, -0.1, -0.1, -0.1, -0.1, -0.1, -0.1]
[NNENUM] ub: [-0.00625, -0.18296763576522218, 5.000000171712609e-6, 0.5, 0.09999999999999999, 0.09999999999999999, 0.09999999999999999, 0.09999999999999999, 0.09999999999999999, 0.09999999999999999, 0.09999999999999999, 0.09999999999999999, 0.09999999999999999]
[NNENUM] Creating LP Star...
[NNENUM] Checking feasibility
[NNENUM] Generating output Spec...
[NNENUM] Spec list length:  5
[NNENUM] Enumeration in progress... 
(0.1 sec) Q: 0, Sets: 0/1  (0.0%) CEs: 0 ETA: - (expected 1 stars)   
(0.2 sec) Q: 0, Sets: 4/7  (31.25%) CEs: 0 ETA: 0.5 sec (expected 13 stars)   

Total Stars: 10 (2 exact, 8 approx)
Unfinished Stars: 0
Runtime: 0.2 sec
Completed work frac: 1.0
Num Stars Copied Between Processes: 0
Num Lps During Enumeration: 50
Total Num Lps: 50

Result: network is SAFE

[NNENUM] Result: 
<nnenum.result.Result object at 0x747e3bef1100>
[NNENUM] Enumeration finished.
safe
[NNENUM] Found counter-example stars: 0
[NNENUM] Filtering result using SMT solver...
[SMT] SMT filtered out 0 stars (out of 0; TO: 0).
[QUERY] Looking for nonlinear input combinations...
[QUERY] Found all non-linear combinations. Count: 2
[QUERY] Returning nonlinear disjunction
[CTRL] Considering conjunction with 36 input constraints and a disjunction of size 5
[APPROX] Checking cache: SNNT.Approx.ApproxCacheObject[]
[APPROX] Constructing Approximation
[APPROX] Resolving approximation
[CTRL] Initiating iterator over current linear queries
[APPROX] # Conjunctions over output: 5
[CTRL] Processing linear query no. 63
[NNENUM] Running nnenum now...
[NNENUM] lb: [-0.4999999701976776, -0.33623147889292704, 5.000000171712609e-6, 0.075, -0.1, -0.1, -0.1, -0.1, -0.1, -0.1, -0.1, -0.1, -0.1]
[NNENUM] ub: [-0.00625, -0.18296763576522218, 5.000000171712609e-6, 0.5, 0.09999999999999999, 0.09999999999999999, 0.09999999999999999, 0.09999999999999999, 0.09999999999999999, 0.09999999999999999, 0.09999999999999999, 0.09999999999999999, 0.09999999999999999]
[NNENUM] Creating LP Star...
[NNENUM] Checking feasibility
[NNENUM] Generating output Spec...
[NNENUM] Spec list length:  5
[NNENUM] Enumeration in progress... 
(0.1 sec) Q: 0, Sets: 0/1  (0.0%) CEs: 0 ETA: - (expected 1 stars)   
(0.2 sec) Q: 0, Sets: 8/11  (18.75%) CEs: 0 ETA: 0.9 sec (expected 43 stars)   
(0.3 sec) Q: 0, Sets: 14/18  (20.312%) CEs: 0 ETA: 1.4 sec (expected 69 stars)   (0.5 sec) Q: 0, Sets: 16/19  (25.0%) CEs: 0 ETA: 1.6 sec (expected 64 stars)   
(0.6 sec) Q: 0, Sets: 19/22  (40.625%) CEs: 0 ETA: 0.9 sec (expected 47 stars)   (0.7 sec) Q: 0, Sets: 26/28  (62.5%) CEs: 0 ETA: 0.4 sec (expected 42 stars)   (0.8 sec) Q: 0, Sets: 32/34  (75.0%) CEs: 0 ETA: 0.3 sec (expected 43 stars)   (0.9 sec) Q: 0, Sets: 36/39  (83.984%) CEs: 0 ETA: 0.2 sec (expected 43 stars)   

Total Stars: 40 (0 exact, 40 approx)
Unfinished Stars: 0
Runtime: 1.0 sec
Completed work frac: 1.0
Num Stars Copied Between Processes: 0
Num Lps During Enumeration: 0
Total Num Lps: 0

Result: network is SAFE

[NNENUM] Result: 
<nnenum.result.Result object at 0x747e3bede4f0>
[NNENUM] Enumeration finished.
safe
[NNENUM] Found counter-example stars: 0
[NNENUM] Filtering result using SMT solver...
[SMT] SMT filtered out 0 stars (out of 0; TO: 0).
[QUERY] Looking for nonlinear input combinations...
[QUERY] Found all non-linear combinations. Count: 1
[QUERY] Returning nonlinear disjunction
[CTRL] Considering conjunction with 36 input constraints and a disjunction of size 5
[APPROX] Checking cache: SNNT.Approx.ApproxCacheObject[]
[APPROX] Constructing Approximation
[APPROX] Resolving approximation
[CTRL] Initiating iterator over current linear queries
[APPROX] # Conjunctions over output: 5
[CTRL] Processing linear query no. 64
[NNENUM] Running nnenum now...
[NNENUM] lb: [-0.4999999701976776, -0.33623147889292704, 5.000000171712609e-6, 0.075, -0.1, -0.1, -0.1, -0.1, -0.1, -0.1, -0.1, -0.1, -0.1]
[NNENUM] ub: [-0.00625, -0.18296763576522218, 5.000000171712609e-6, 0.5, 0.09999999999999999, 0.09999999999999999, 0.09999999999999999, 0.09999999999999999, 0.09999999999999999, 0.09999999999999999, 0.09999999999999999, 0.09999999999999999, 0.09999999999999999]
[NNENUM] Creating LP Star...
[NNENUM] Checking feasibility
[NNENUM] Generating output Spec...
[NNENUM] Spec list length:  5
[NNENUM] Enumeration in progress... 
(0.1 sec) Q: 0, Sets: 0/1  (0.0%) CEs: 0 ETA: - (expected 1 stars)   
(0.2 sec) Q: 0, Sets: 1/6  (25.0%) CEs: 0 ETA: 0.6 sec (expected 4 stars)   
(0.3 sec) Q: 0, Sets: 8/10  (37.5%) CEs: 0 ETA: 0.5 sec (expected 21 stars)   (0.4 sec) Q: 0, Sets: 13/15  (75.0%) CEs: 0 ETA: 0.1 sec (expected 17 stars)   
(0.5 sec) Q: 0, Sets: 20/23  (82.812%) CEs: 0 ETA: 0.1 sec (expected 24 stars)   (0.6 sec) Q: 0, Sets: 22/24  (87.5%) CEs: 0 ETA: 0.1 sec (expected 25 stars)   (0.7 sec) Q: 0, Sets: 26/30  (91.016%) CEs: 0 ETA: 0.1 sec (expected 29 stars)   
Total Stars: 30 (0 exact, 30 approx)
Unfinished Stars: 0
Runtime: 0.8 sec
Completed work frac: 1.0
Num Stars Copied Between Processes: 0
Num Lps During Enumeration: 0
Total Num Lps: 0

Result: network is SAFE

[NNENUM] Result: 
<nnenum.result.Result object at 0x747e3be85e20>
[NNENUM] Enumeration finished.
safe
[NNENUM] Found counter-example stars: 0
[NNENUM] Filtering result using SMT solver...
[SMT] SMT filtered out 0 stars (out of 0; TO: 0).
[QUERY] Looking for nonlinear input combinations...
[QUERY] Found all non-linear combinations. Count: 2
[QUERY] Returning nonlinear disjunction
[CTRL] Considering conjunction with 36 input constraints and a disjunction of size 5
[APPROX] Checking cache: SNNT.Approx.ApproxCacheObject[]
[APPROX] Constructing Approximation
[APPROX] Resolving approximation
[CTRL] Initiating iterator over current linear queries
[APPROX] # Conjunctions over output: 5
[CTRL] Processing linear query no. 65
[NNENUM] Running nnenum now...
[NNENUM] lb: [-0.4999999701976776, -0.33623147889292704, 5.000000171712609e-6, 0.075, -0.1, -0.1, -0.1, -0.1, -0.1, -0.1, -0.1, -0.1, -0.1]
[NNENUM] ub: [-0.00625, -0.18296763576522218, 5.000000171712609e-6, 0.5, 0.09999999999999999, 0.09999999999999999, 0.09999999999999999, 0.09999999999999999, 0.09999999999999999, 0.09999999999999999, 0.09999999999999999, 0.09999999999999999, 0.09999999999999999]
[NNENUM] Creating LP Star...
[NNENUM] Checking feasibility
[NNENUM] Generating output Spec...
[NNENUM] Spec list length:  5
[NNENUM] Enumeration in progress... 
(0.1 sec) Q: 0, Sets: 0/1  (0.0%) CEs: 0 ETA: - (expected 1 stars)   
(0.2 sec) Q: 0, Sets: 8/10  (90.625%) CEs: 0 ETA: 0.0 sec (expected 9 stars)   

Total Stars: 10 (1 exact, 9 approx)
Unfinished Stars: 0
Runtime: 0.2 sec
Completed work frac: 1.0
Num Stars Copied Between Processes: 0
Num Lps During Enumeration: 72
Total Num Lps: 72

Result: network is SAFE

[NNENUM] Result: 
<nnenum.result.Result object at 0x747e3bf294c0>
[NNENUM] Enumeration finished.
safe
[NNENUM] Found counter-example stars: 0
[NNENUM] Filtering result using SMT solver...
[SMT] SMT filtered out 0 stars (out of 0; TO: 0).
[QUERY] Looking for nonlinear input combinations...
[QUERY] Found all non-linear combinations. Count: 1
[QUERY] Returning nonlinear disjunction
[CTRL] Considering conjunction with 36 input constraints and a disjunction of size 5
[APPROX] Checking cache: SNNT.Approx.ApproxCacheObject[]
[APPROX] Constructing Approximation
[APPROX] Resolving approximation
[CTRL] Initiating iterator over current linear queries
[APPROX] # Conjunctions over output: 5
[CTRL] Processing linear query no. 66
[NNENUM] Running nnenum now...
[NNENUM] lb: [-0.4999999701976776, -0.33623147889292704, 5.000000171712609e-6, 0.075, -0.1, -0.1, -0.1, -0.1, -0.1, -0.1, -0.1, -0.1, -0.1]
[NNENUM] ub: [-0.00625, -0.18296763576522218, 5.000000171712609e-6, 0.5, 0.09999999999999999, 0.09999999999999999, 0.09999999999999999, 0.09999999999999999, 0.09999999999999999, 0.09999999999999999, 0.09999999999999999, 0.09999999999999999, 0.09999999999999999]
[NNENUM] Creating LP Star...
[NNENUM] Checking feasibility
[NNENUM] Generating output Spec...
[NNENUM] Spec list length:  5
[NNENUM] Enumeration in progress... 
(0.1 sec) Q: 0, Sets: 0/1  (0.0%) CEs: 0 ETA: - (expected 1 stars)   
(0.2 sec) Q: 0, Sets: 0/2  (0.0%) CEs: 0 ETA: - (expected 1 stars)   

Total Stars: 9 (2 exact, 7 approx)
Unfinished Stars: 0
Runtime: 0.3 sec
Completed work frac: 1.0
Num Stars Copied Between Processes: 0
Num Lps During Enumeration: 92
Total Num Lps: 92

Result: network is SAFE

[NNENUM] Result: 
<nnenum.result.Result object at 0x747e3a7277f0>
[NNENUM] Enumeration finished.
safe
[NNENUM] Found counter-example stars: 0
[NNENUM] Filtering result using SMT solver...
[SMT] SMT filtered out 0 stars (out of 0; TO: 0).
[QUERY] Looking for nonlinear input combinations...
[QUERY] Found all non-linear combinations. Count: 2
[QUERY] Returning nonlinear disjunction
[CTRL] Considering conjunction with 37 input constraints and a disjunction of size 5
[APPROX] Checking cache: SNNT.Approx.ApproxCacheObject[]
[APPROX] Constructing Approximation
[APPROX] Resolving approximation
[CTRL] Initiating iterator over current linear queries
[APPROX] # Conjunctions over output: 5
[CTRL] Processing linear query no. 67
[NNENUM] Running nnenum now...
[NNENUM] lb: [-0.4999999701976776, -0.33623147889292704, 5.000000171712609e-6, 0.075, -0.1, -0.1, -0.1, -0.1, -0.1, -0.1, -0.1, -0.1, -0.1]
[NNENUM] ub: [-0.00625, -0.18296763576522218, 5.000000171712609e-6, 0.5, 0.09999999999999999, 0.09999999999999999, 0.09999999999999999, 0.09999999999999999, 0.09999999999999999, 0.09999999999999999, 0.09999999999999999, 0.09999999999999999, 0.09999999999999999]
[NNENUM] Creating LP Star...
[NNENUM] Checking feasibility
[NNENUM] Generating output Spec...
[NNENUM] Spec list length:  5
[NNENUM] Enumeration in progress... 
(0.1 sec) Q: 0, Sets: 0/1  (0.0%) CEs: 0 ETA: - (expected 1 stars)   
(0.2 sec) Q: 0, Sets: 1/6  (25.0%) CEs: 0 ETA: 0.6 sec (expected 4 stars)   

Total Stars: 10 (0 exact, 10 approx)
Unfinished Stars: 0
Runtime: 0.3 sec
Completed work frac: 1.0
Num Stars Copied Between Processes: 0
Num Lps During Enumeration: 0
Total Num Lps: 0

Result: network is SAFE

[NNENUM] Result: 
<nnenum.result.Result object at 0x747e3c05ab20>
[NNENUM] Enumeration finished.
safe
[NNENUM] Found counter-example stars: 0
[NNENUM] Filtering result using SMT solver...
[SMT] SMT filtered out 0 stars (out of 0; TO: 0).
[QUERY] Looking for nonlinear input combinations...
[QUERY] Found all non-linear combinations. Count: 1
[QUERY] Returning nonlinear disjunction
[CTRL] Considering conjunction with 37 input constraints and a disjunction of size 5
[APPROX] Checking cache: SNNT.Approx.ApproxCacheObject[]
[APPROX] Constructing Approximation
[APPROX] Resolving approximation
[CTRL] Initiating iterator over current linear queries
[APPROX] # Conjunctions over output: 5
[CTRL] Processing linear query no. 68
[NNENUM] Running nnenum now...
[NNENUM] lb: [-0.4999999701976776, -0.33623147889292704, 5.000000171712609e-6, 0.075, -0.1, -0.1, -0.1, -0.1, -0.1, -0.1, -0.1, -0.1, -0.1]
[NNENUM] ub: [-0.00625, -0.18296763576522218, 5.000000171712609e-6, 0.5, 0.09999999999999999, 0.09999999999999999, 0.09999999999999999, 0.09999999999999999, 0.09999999999999999, 0.09999999999999999, 0.09999999999999999, 0.09999999999999999, 0.09999999999999999]
[NNENUM] Creating LP Star...
[NNENUM] Checking feasibility
[NNENUM] Generating output Spec...
[NNENUM] Spec list length:  5
[NNENUM] Enumeration in progress... 
(0.1 sec) Q: 0, Sets: 0/1  (0.0%) CEs: 0 ETA: - (expected 1 stars)   

Total Stars: 6 (0 exact, 6 approx)
Unfinished Stars: 0
Runtime: 0.1 sec
Completed work frac: 1.0
Num Stars Copied Between Processes: 0
Num Lps During Enumeration: 0
Total Num Lps: 0

Result: network is SAFE

[NNENUM] Result: 
<nnenum.result.Result object at 0x747e3beec9a0>
[NNENUM] Enumeration finished.
safe
[NNENUM] Found counter-example stars: 0
[NNENUM] Filtering result using SMT solver...
[SMT] SMT filtered out 0 stars (out of 0; TO: 0).
[QUERY] Looking for nonlinear input combinations...
[QUERY] Found all non-linear combinations. Count: 2
[QUERY] Returning nonlinear disjunction
[CTRL] Considering conjunction with 37 input constraints and a disjunction of size 5
[APPROX] Checking cache: SNNT.Approx.ApproxCacheObject[]
[APPROX] Constructing Approximation
[APPROX] Resolving approximation
[CTRL] Initiating iterator over current linear queries
[APPROX] # Conjunctions over output: 5
[CTRL] Processing linear query no. 69
[NNENUM] Running nnenum now...
[NNENUM] lb: [-0.4999999701976776, -0.33623147889292704, 5.000000171712609e-6, 0.075, -0.1, -0.1, -0.1, -0.1, -0.1, -0.1, -0.1, -0.1, -0.1]
[NNENUM] ub: [-0.00625, -0.18296763576522218, 5.000000171712609e-6, 0.5, 0.09999999999999999, 0.09999999999999999, 0.09999999999999999, 0.09999999999999999, 0.09999999999999999, 0.09999999999999999, 0.09999999999999999, 0.09999999999999999, 0.09999999999999999]
[NNENUM] Creating LP Star...
[NNENUM] Checking feasibility
[NNENUM] Generating output Spec...
[NNENUM] Spec list length:  5
[NNENUM] Enumeration in progress... 
(0.2 sec) Q: 0, Sets: 0/1  (0.0%) CEs: 0 ETA: - (expected 1 stars)   
(0.3 sec) Q: 0, Sets: 0/2  (0.0%) CEs: 0 ETA: - (expected 1 stars)   

Total Stars: 8 (0 exact, 8 approx)
Unfinished Stars: 0
Runtime: 0.4 sec
Completed work frac: 1.0
Num Stars Copied Between Processes: 0
Num Lps During Enumeration: 0
Total Num Lps: 0

Result: network is SAFE

[NNENUM] Result: 
<nnenum.result.Result object at 0x747e3bed8ac0>
[NNENUM] Enumeration finished.
safe
[NNENUM] Found counter-example stars: 0
[NNENUM] Filtering result using SMT solver...
[SMT] SMT filtered out 0 stars (out of 0; TO: 0).
[QUERY] Looking for nonlinear input combinations...
.[QUERY] Found all non-linear combinations. Count: 2
[QUERY] Returning nonlinear disjunction
[CTRL] Considering conjunction with 37 input constraints and a disjunction of size 5
[APPROX] Checking cache: SNNT.Approx.ApproxCacheObject[]
[APPROX] Constructing Approximation
[APPROX] Resolving approximation
[CTRL] Initiating iterator over current linear queries
[APPROX] # Conjunctions over output: 5
[CTRL] Processing linear query no. 70
[NNENUM] Running nnenum now...
[NNENUM] lb: [-0.4999999701976776, -0.33623147889292704, 5.000000171712609e-6, -0.21079675705898798, -0.1, -0.1, -0.1, -0.1, -0.1, -0.1, -0.1, -0.1, -0.1]
[NNENUM] ub: [-0.00625, -0.18296763576522218, 5.000000171712609e-6, -0.08052249040043885, 0.09999999999999999, 0.09999999999999999, 0.09999999999999999, 0.09999999999999999, 0.09999999999999999, 0.09999999999999999, 0.09999999999999999, 0.09999999999999999, 0.09999999999999999]
[NNENUM] Creating LP Star...
[NNENUM] Checking feasibility
[NNENUM] Generating output Spec...
[NNENUM] Spec list length:  5
[NNENUM] Enumeration in progress... 
(0.1 sec) Q: 0, Sets: 0/1  (0.0%) CEs: 0 ETA: - (expected 1 stars)   
(0.2 sec) Q: 0, Sets: 5/10  (3.125%) CEs: 0 ETA: 5.1 sec (expected 160 stars)   
(0.3 sec) Q: 0, Sets: 8/16  (12.695%) CEs: 0 ETA: 1.8 sec (expected 63 stars)   (0.4 sec) Q: 0, Sets: 17/21  (25.0%) CEs: 0 ETA: 1.1 sec (expected 68 stars)   
(0.5 sec) Q: 0, Sets: 25/27  (62.5%) CEs: 0 ETA: 0.3 sec (expected 40 stars)   (0.6 sec) Q: 0, Sets: 32/34  (92.188%) CEs: 0 ETA: 0.0 sec (expected 35 stars)   
Total Stars: 38 (1 exact, 37 approx)
Unfinished Stars: 0
Runtime: 0.6 sec
Completed work frac: 1.0
Num Stars Copied Between Processes: 0
Num Lps During Enumeration: 148
Total Num Lps: 148

Result: network is SAFE

[NNENUM] Result: 
<nnenum.result.Result object at 0x747e3bef4d90>
[NNENUM] Enumeration finished.
safe
[NNENUM] Found counter-example stars: 0
[NNENUM] Filtering result using SMT solver...
[SMT] SMT filtered out 0 stars (out of 0; TO: 0).
[QUERY] Looking for nonlinear input combinations...
[QUERY] Found all non-linear combinations. Count: 2
[QUERY] Returning nonlinear disjunction
[CTRL] Considering conjunction with 37 input constraints and a disjunction of size 5
[APPROX] Checking cache: SNNT.Approx.ApproxCacheObject[]
[APPROX] Constructing Approximation
[APPROX] Resolving approximation
[CTRL] Initiating iterator over current linear queries
[APPROX] # Conjunctions over output: 5
[CTRL] Processing linear query no. 71
[NNENUM] Running nnenum now...
[NNENUM] lb: [-0.4999999701976776, -0.33623147889292704, 5.000000171712609e-6, -0.08052249040043885, -0.1, -0.1, -0.1, -0.1, -0.1, -0.1, -0.1, -0.1, -0.1]
[NNENUM] ub: [-0.00625, -0.18296763576522218, 5.000000171712609e-6, 0.075, 0.09999999999999999, 0.09999999999999999, 0.09999999999999999, 0.09999999999999999, 0.09999999999999999, 0.09999999999999999, 0.09999999999999999, 0.09999999999999999, 0.09999999999999999]
[NNENUM] Creating LP Star...
[NNENUM] Checking feasibility
[NNENUM] Generating output Spec...
[NNENUM] Spec list length:  5
[NNENUM] Enumeration in progress... 
(0.1 sec) Q: 0, Sets: 0/1  (0.0%) CEs: 0 ETA: - (expected 1 stars)   
(0.2 sec) Q: 0, Sets: 3/7  (25.0%) CEs: 0 ETA: 0.5 sec (expected 12 stars)   
(0.3 sec) Q: 0, Sets: 11/13  (43.75%) CEs: 0 ETA: 0.4 sec (expected 25 stars)   (0.4 sec) Q: 0, Sets: 18/21  (45.312%) CEs: 0 ETA: 0.5 sec (expected 40 stars)   
(0.5 sec) Q: 0, Sets: 19/21  (46.875%) CEs: 0 ETA: 0.6 sec (expected 41 stars)   
Total Stars: 25 (1 exact, 24 approx)
Unfinished Stars: 0
Runtime: 0.6 sec
Completed work frac: 1.0
Num Stars Copied Between Processes: 0
Num Lps During Enumeration: 81
Total Num Lps: 81

Result: network is SAFE

[NNENUM] Result: 
<nnenum.result.Result object at 0x747e3bed4a30>
[NNENUM] Enumeration finished.
safe
[NNENUM] Found counter-example stars: 0
[NNENUM] Filtering result using SMT solver...
[SMT] SMT filtered out 0 stars (out of 0; TO: 0).
[QUERY] Looking for nonlinear input combinations...
[QUERY] Found all non-linear combinations. Count: 1
[QUERY] Returning nonlinear disjunction
[CTRL] Considering conjunction with 37 input constraints and a disjunction of size 5
[APPROX] Checking cache: SNNT.Approx.ApproxCacheObject[]
[APPROX] Constructing Approximation
[APPROX] Resolving approximation
[CTRL] Initiating iterator over current linear queries
[APPROX] # Conjunctions over output: 5
[CTRL] Processing linear query no. 72
[NNENUM] Running nnenum now...
[NNENUM] lb: [-0.4999999701976776, -0.33623147889292704, 5.000000171712609e-6, -0.08052249040043885, -0.1, -0.1, -0.1, -0.1, -0.1, -0.1, -0.1, -0.1, -0.1]
[NNENUM] ub: [-0.00625, -0.18296763576522218, 5.000000171712609e-6, 0.075, 0.09999999999999999, 0.09999999999999999, 0.09999999999999999, 0.09999999999999999, 0.09999999999999999, 0.09999999999999999, 0.09999999999999999, 0.09999999999999999, 0.09999999999999999]
[NNENUM] Creating LP Star...
[NNENUM] Checking feasibility
[NNENUM] Generating output Spec...
[NNENUM] Spec list length:  5
[NNENUM] Enumeration in progress... 
(0.1 sec) Q: 0, Sets: 0/1  (0.0%) CEs: 0 ETA: - (expected 1 stars)   
(0.2 sec) Q: 0, Sets: 7/9  (75.0%) CEs: 0 ETA: 0.1 sec (expected 9 stars)   

Total Stars: 10 (4 exact, 6 approx)
Unfinished Stars: 0
Runtime: 0.2 sec
Completed work frac: 1.0
Num Stars Copied Between Processes: 0
Num Lps During Enumeration: 251
Total Num Lps: 251

Result: network is SAFE

[NNENUM] Result: 
<nnenum.result.Result object at 0x747e3bed4280>
[NNENUM] Enumeration finished.
safe
[NNENUM] Found counter-example stars: 0
[NNENUM] Filtering result using SMT solver...
[SMT] SMT filtered out 0 stars (out of 0; TO: 0).
[QUERY] Looking for nonlinear input combinations...
[QUERY] Found all non-linear combinations. Count: 1
[QUERY] Returning nonlinear disjunction
[CTRL] Considering conjunction with 37 input constraints and a disjunction of size 5
[APPROX] Checking cache: SNNT.Approx.ApproxCacheObject[]
[APPROX] Constructing Approximation
[APPROX] Resolving approximation
[CTRL] Initiating iterator over current linear queries
[APPROX] # Conjunctions over output: 5
[CTRL] Processing linear query no. 73
[NNENUM] Running nnenum now...
[NNENUM] lb: [-0.4999999701976776, -0.33623147889292704, 5.000000171712609e-6, -0.08052249040043885, -0.1, -0.1, -0.1, -0.1, -0.1, -0.1, -0.1, -0.1, -0.1]
[NNENUM] ub: [-0.00625, -0.18296763576522218, 5.000000171712609e-6, 0.075, 0.09999999999999999, 0.09999999999999999, 0.09999999999999999, 0.09999999999999999, 0.09999999999999999, 0.09999999999999999, 0.09999999999999999, 0.09999999999999999, 0.09999999999999999]
[NNENUM] Creating LP Star...
[NNENUM] Checking feasibility
[NNENUM] Generating output Spec...
[NNENUM] Spec list length:  5
[NNENUM] Enumeration in progress... 
(0.1 sec) Q: 0, Sets: 0/1  (0.0%) CEs: 0 ETA: - (expected 1 stars)   
(0.3 sec) Q: 0, Sets: 1/7  (3.125%) CEs: 0 ETA: 8.4 sec (expected 32 stars)   
(0.4 sec) Q: 0, Sets: 6/10  (28.125%) CEs: 0 ETA: 1.0 sec (expected 21 stars)   
Total Stars: 12 (1 exact, 11 approx)
Unfinished Stars: 0
Runtime: 0.4 sec
Completed work frac: 1.0
Num Stars Copied Between Processes: 0
Num Lps During Enumeration: 9
Total Num Lps: 9

Result: network is SAFE

[NNENUM] Result: 
<nnenum.result.Result object at 0x747e39f574c0>
[NNENUM] Enumeration finished.
safe
[NNENUM] Found counter-example stars: 0
[NNENUM] Filtering result using SMT solver...
[SMT] SMT filtered out 0 stars (out of 0; TO: 0).
[QUERY] Looking for nonlinear input combinations...
[QUERY] Found all non-linear combinations. Count: 2
[QUERY] Returning nonlinear disjunction
[CTRL] Considering conjunction with 37 input constraints and a disjunction of size 5
[APPROX] Checking cache: SNNT.Approx.ApproxCacheObject[]
[APPROX] Constructing Approximation
[APPROX] Resolving approximation
[CTRL] Initiating iterator over current linear queries
[APPROX] # Conjunctions over output: 5
[CTRL] Processing linear query no. 74
[NNENUM] Running nnenum now...
[NNENUM] lb: [-0.4999999701976776, -0.33623147889292704, 5.000000171712609e-6, -0.21079675705898798, -0.1, -0.1, -0.1, -0.1, -0.1, -0.1, -0.1, -0.1, -0.1]
[NNENUM] ub: [-0.00625, -0.18296763576522218, 5.000000171712609e-6, -0.08052249040043885, 0.09999999999999999, 0.09999999999999999, 0.09999999999999999, 0.09999999999999999, 0.09999999999999999, 0.09999999999999999, 0.09999999999999999, 0.09999999999999999, 0.09999999999999999]
[NNENUM] Creating LP Star...
[NNENUM] Checking feasibility
[NNENUM] Generating output Spec...
[NNENUM] Spec list length:  5
[NNENUM] Enumeration in progress... 
(0.1 sec) Q: 0, Sets: 0/1  (0.0%) CEs: 0 ETA: - (expected 1 stars)   
(0.2 sec) Q: 0, Sets: 2/8  (1.562%) CEs: 0 ETA: 11.2 sec (expected 128 stars)   
(0.3 sec) Q: 0, Sets: 6/8  (25.0%) CEs: 0 ETA: 0.9 sec (expected 24 stars)   (0.4 sec) Q: 0, Sets: 12/16  (65.625%) CEs: 0 ETA: 0.2 sec (expected 18 stars)   
(0.5 sec) Q: 0, Sets: 15/18  (67.188%) CEs: 0 ETA: 0.2 sec (expected 22 stars)   (0.6 sec) Q: 0, Sets: 21/23  (81.25%) CEs: 0 ETA: 0.1 sec (expected 26 stars)   (0.7 sec) Q: 0, Sets: 29/29  (100.0%) CEs: 0 ETA: 0.0 sec (expected 29 stars)   
Total Stars: 29 (1 exact, 28 approx)
Unfinished Stars: 0
Runtime: 0.7 sec
Completed work frac: 1.0
Num Stars Copied Between Processes: 0
Num Lps During Enumeration: 10
Total Num Lps: 10

Result: network is SAFE

[NNENUM] Result: 
<nnenum.result.Result object at 0x747e3beecca0>
[NNENUM] Enumeration finished.
safe
[NNENUM] Found counter-example stars: 0
[NNENUM] Filtering result using SMT solver...
[SMT] SMT filtered out 0 stars (out of 0; TO: 0).
[QUERY] Looking for nonlinear input combinations...
[QUERY] Found all non-linear combinations. Count: 2
[QUERY] Returning nonlinear disjunction
[CTRL] Considering conjunction with 37 input constraints and a disjunction of size 5
[APPROX] Checking cache: SNNT.Approx.ApproxCacheObject[]
[APPROX] Constructing Approximation
[APPROX] Resolving approximation
[CTRL] Initiating iterator over current linear queries
[APPROX] # Conjunctions over output: 5
[CTRL] Processing linear query no. 75
[NNENUM] Running nnenum now...
[NNENUM] lb: [-0.4999999701976776, -0.33623147889292704, 5.000000171712609e-6, 0.075, -0.1, -0.1, -0.1, -0.1, -0.1, -0.1, -0.1, -0.1, -0.1]
[NNENUM] ub: [-0.00625, -0.18296763576522218, 5.000000171712609e-6, 0.5, 0.09999999999999999, 0.09999999999999999, 0.09999999999999999, 0.09999999999999999, 0.09999999999999999, 0.09999999999999999, 0.09999999999999999, 0.09999999999999999, 0.09999999999999999]
[NNENUM] Creating LP Star...
[NNENUM] Checking feasibility
[NNENUM] Generating output Spec...
[NNENUM] Spec list length:  5
[NNENUM] Enumeration in progress... 
(0.1 sec) Q: 0, Sets: 0/1  (0.0%) CEs: 0 ETA: - (expected 1 stars)   
(0.2 sec) Q: 0, Sets: 5/7  (50.0%) CEs: 0 ETA: 0.2 sec (expected 10 stars)   
(0.3 sec) Q: 0, Sets: 8/10  (75.0%) CEs: 0 ETA: 0.1 sec (expected 11 stars)   
Total Stars: 12 (0 exact, 12 approx)
Unfinished Stars: 0
Runtime: 0.4 sec
Completed work frac: 1.0
Num Stars Copied Between Processes: 0
Num Lps During Enumeration: 0
Total Num Lps: 0

Result: network is SAFE

[NNENUM] Result: 
<nnenum.result.Result object at 0x747e3bef1310>
[NNENUM] Enumeration finished.
safe
[NNENUM] Found counter-example stars: 0
[NNENUM] Filtering result using SMT solver...
[SMT] SMT filtered out 0 stars (out of 0; TO: 0).
[QUERY] Looking for nonlinear input combinations...
[QUERY] Found all non-linear combinations. Count: 1
[QUERY] Returning nonlinear disjunction
[CTRL] Considering conjunction with 37 input constraints and a disjunction of size 5
[APPROX] Checking cache: SNNT.Approx.ApproxCacheObject[]
[APPROX] Constructing Approximation
[APPROX] Resolving approximation
[CTRL] Initiating iterator over current linear queries
[APPROX] # Conjunctions over output: 5
[CTRL] Processing linear query no. 76
[NNENUM] Running nnenum now...
[NNENUM] lb: [-0.4999999701976776, -0.33623147889292704, 5.000000171712609e-6, 0.075, -0.1, -0.1, -0.1, -0.1, -0.1, -0.1, -0.1, -0.1, -0.1]
[NNENUM] ub: [-0.00625, -0.18296763576522218, 5.000000171712609e-6, 0.5, 0.09999999999999999, 0.09999999999999999, 0.09999999999999999, 0.09999999999999999, 0.09999999999999999, 0.09999999999999999, 0.09999999999999999, 0.09999999999999999, 0.09999999999999999]
[NNENUM] Creating LP Star...
[NNENUM] Checking feasibility
[NNENUM] Generating output Spec...
[NNENUM] Spec list length:  5
[NNENUM] Enumeration in progress... 
(0.1 sec) Q: 0, Sets: 0/1  (0.0%) CEs: 0 ETA: - (expected 1 stars)   
(0.2 sec) Q: 0, Sets: 0/2  (0.0%) CEs: 0 ETA: - (expected 1 stars)   
(0.3 sec) Q: 0, Sets: 5/10  (37.5%) CEs: 0 ETA: 0.5 sec (expected 13 stars)   
Total Stars: 11 (3 exact, 8 approx)
Unfinished Stars: 0
Runtime: 0.3 sec
Completed work frac: 1.0
Num Stars Copied Between Processes: 0
Num Lps During Enumeration: 68
Total Num Lps: 68

Result: network is SAFE

[NNENUM] Result: 
<nnenum.result.Result object at 0x747e3bed4e20>
[NNENUM] Enumeration finished.
safe
[NNENUM] Found counter-example stars: 0
[NNENUM] Filtering result using SMT solver...
[SMT] SMT filtered out 0 stars (out of 0; TO: 0).
[QUERY] Looking for nonlinear input combinations...
[QUERY] Found all non-linear combinations. Count: 1
[QUERY] Returning nonlinear disjunction
[CTRL] Considering conjunction with 37 input constraints and a disjunction of size 5
[APPROX] Checking cache: SNNT.Approx.ApproxCacheObject[]
[APPROX] Constructing Approximation
[APPROX] Resolving approximation
[CTRL] Initiating iterator over current linear queries
[APPROX] # Conjunctions over output: 5
[CTRL] Processing linear query no. 77
[NNENUM] Running nnenum now...
[NNENUM] lb: [-0.4999999701976776, -0.33623147889292704, 5.000000171712609e-6, 0.075, -0.1, -0.1, -0.1, -0.1, -0.1, -0.1, -0.1, -0.1, -0.1]
[NNENUM] ub: [-0.00625, -0.18296763576522218, 5.000000171712609e-6, 0.5, 0.09999999999999999, 0.09999999999999999, 0.09999999999999999, 0.09999999999999999, 0.09999999999999999, 0.09999999999999999, 0.09999999999999999, 0.09999999999999999, 0.09999999999999999]
[NNENUM] Creating LP Star...
[NNENUM] Checking feasibility
[NNENUM] Generating output Spec...
[NNENUM] Spec list length:  5
[NNENUM] Enumeration in progress... 
(0.1 sec) Q: 0, Sets: 0/1  (0.0%) CEs: 0 ETA: - (expected 1 stars)   
(0.2 sec) Q: 0, Sets: 5/8  (40.625%) CEs: 0 ETA: 0.3 sec (expected 12 stars)   
(0.3 sec) Q: 0, Sets: 9/12  (50.0%) CEs: 0 ETA: 0.3 sec (expected 18 stars)   (0.4 sec) Q: 0, Sets: 19/21  (71.875%) CEs: 0 ETA: 0.2 sec (expected 26 stars)   
(0.5 sec) Q: 0, Sets: 24/26  (93.75%) CEs: 0 ETA: 0.0 sec (expected 26 stars)   (0.6 sec) Q: 0, Sets: 29/32  (94.922%) CEs: 0 ETA: 0.0 sec (expected 31 stars)   
Total Stars: 32 (1 exact, 31 approx)
Unfinished Stars: 0
Runtime: 0.6 sec
Completed work frac: 1.0
Num Stars Copied Between Processes: 0
Num Lps During Enumeration: 55
Total Num Lps: 55

Result: network is SAFE

[NNENUM] Result: 
<nnenum.result.Result object at 0x747e39f572e0>
[NNENUM] Enumeration finished.
safe
[NNENUM] Found counter-example stars: 0
[NNENUM] Filtering result using SMT solver...
[SMT] SMT filtered out 0 stars (out of 0; TO: 0).
[QUERY] Looking for nonlinear input combinations...
[QUERY] Found all non-linear combinations. Count: 2
[QUERY] Returning nonlinear disjunction
[CTRL] Considering conjunction with 37 input constraints and a disjunction of size 5
[APPROX] Checking cache: SNNT.Approx.ApproxCacheObject[]
[APPROX] Constructing Approximation
[APPROX] Resolving approximation
[CTRL] Initiating iterator over current linear queries
[APPROX] # Conjunctions over output: 5
[CTRL] Processing linear query no. 78
[NNENUM] Running nnenum now...
[NNENUM] lb: [-0.4999999701976776, -0.33623147889292704, 5.000000171712609e-6, 0.075, -0.1, -0.1, -0.1, -0.1, -0.1, -0.1, -0.1, -0.1, -0.1]
[NNENUM] ub: [-0.00625, -0.18296763576522218, 5.000000171712609e-6, 0.5, 0.09999999999999999, 0.09999999999999999, 0.09999999999999999, 0.09999999999999999, 0.09999999999999999, 0.09999999999999999, 0.09999999999999999, 0.09999999999999999, 0.09999999999999999]
[NNENUM] Creating LP Star...
[NNENUM] Checking feasibility
[NNENUM] Generating output Spec...
[NNENUM] Spec list length:  5
[NNENUM] Enumeration in progress... 
(0.1 sec) Q: 0, Sets: 0/1  (0.0%) CEs: 0 ETA: - (expected 1 stars)   
(0.2 sec) Q: 0, Sets: 2/7  (9.375%) CEs: 0 ETA: 1.7 sec (expected 21 stars)   

Total Stars: 8 (2 exact, 6 approx)
Unfinished Stars: 0
Runtime: 0.2 sec
Completed work frac: 1.0
Num Stars Copied Between Processes: 0
Num Lps During Enumeration: 81
Total Num Lps: 81

Result: network is SAFE

[NNENUM] Result: 
<nnenum.result.Result object at 0x747e3bf29850>
[NNENUM] Enumeration finished.
safe
[NNENUM] Found counter-example stars: 0
[NNENUM] Filtering result using SMT solver...
[SMT] SMT filtered out 0 stars (out of 0; TO: 0).
[QUERY] Looking for nonlinear input combinations...
[QUERY] Found all non-linear combinations. Count: 2
[QUERY] Returning nonlinear disjunction
[CTRL] Considering conjunction with 37 input constraints and a disjunction of size 5
[APPROX] Checking cache: SNNT.Approx.ApproxCacheObject[]
[APPROX] Constructing Approximation
[APPROX] Resolving approximation
[CTRL] Initiating iterator over current linear queries
[APPROX] # Conjunctions over output: 5
[CTRL] Processing linear query no. 79
[NNENUM] Running nnenum now...
[NNENUM] lb: [-0.4999999701976776, -0.33623147889292704, 5.000000171712609e-6, 0.075, -0.1, -0.1, -0.1, -0.1, -0.1, -0.1, -0.1, -0.1, -0.1]
[NNENUM] ub: [-0.00625, -0.18296763576522218, 5.000000171712609e-6, 0.5, 0.09999999999999999, 0.09999999999999999, 0.09999999999999999, 0.09999999999999999, 0.09999999999999999, 0.09999999999999999, 0.09999999999999999, 0.09999999999999999, 0.09999999999999999]
[NNENUM] Creating LP Star...
[NNENUM] Checking feasibility
[NNENUM] Generating output Spec...
[NNENUM] Spec list length:  5
[NNENUM] Enumeration in progress... 
(0.1 sec) Q: 0, Sets: 0/1  (0.0%) CEs: 0 ETA: - (expected 1 stars)   
(0.2 sec) Q: 0, Sets: 0/2  (0.0%) CEs: 0 ETA: - (expected 1 stars)   
(0.3 sec) Q: 0, Sets: 1/6  (12.5%) CEs: 0 ETA: 2.1 sec (expected 8 stars)   
Total Stars: 11 (6 exact, 5 approx)
Unfinished Stars: 0
Runtime: 0.4 sec
Completed work frac: 1.0
Num Stars Copied Between Processes: 0
Num Lps During Enumeration: 199
Total Num Lps: 199

Result: network is SAFE

[NNENUM] Result: 
<nnenum.result.Result object at 0x747e3bef4d90>
[NNENUM] Enumeration finished.
safe
[NNENUM] Found counter-example stars: 0
[NNENUM] Filtering result using SMT solver...
[SMT] SMT filtered out 0 stars (out of 0; TO: 0).
[QUERY] Looking for nonlinear input combinations...
[QUERY] Found all non-linear combinations. Count: 1
[QUERY] Returning nonlinear disjunction
[CTRL] Considering conjunction with 37 input constraints and a disjunction of size 5
[APPROX] Checking cache: SNNT.Approx.ApproxCacheObject[]
[APPROX] Constructing Approximation
[APPROX] Resolving approximation
[CTRL] Initiating iterator over current linear queries
[APPROX] # Conjunctions over output: 5
[CTRL] Processing linear query no. 80
[NNENUM] Running nnenum now...
[NNENUM] lb: [-0.4999999701976776, -0.33623147889292704, 5.000000171712609e-6, 0.075, -0.1, -0.1, -0.1, -0.1, -0.1, -0.1, -0.1, -0.1, -0.1]
[NNENUM] ub: [-0.00625, -0.18296763576522218, 5.000000171712609e-6, 0.5, 0.09999999999999999, 0.09999999999999999, 0.09999999999999999, 0.09999999999999999, 0.09999999999999999, 0.09999999999999999, 0.09999999999999999, 0.09999999999999999, 0.09999999999999999]
[NNENUM] Creating LP Star...
[NNENUM] Checking feasibility
[NNENUM] Generating output Spec...
[NNENUM] Spec list length:  5
[NNENUM] Enumeration in progress... 
(0.1 sec) Q: 0, Sets: 0/1  (0.0%) CEs: 0 ETA: - (expected 1 stars)   
(0.2 sec) Q: 0, Sets: 7/9  (37.5%) CEs: 0 ETA: 0.4 sec (expected 19 stars)   

Total Stars: 10 (1 exact, 9 approx)
Unfinished Stars: 0
Runtime: 0.3 sec
Completed work frac: 1.0
Num Stars Copied Between Processes: 0
Num Lps During Enumeration: 143
Total Num Lps: 143

Result: network is SAFE

[NNENUM] Result: 
<nnenum.result.Result object at 0x747e3bede730>
[NNENUM] Enumeration finished.
safe
[NNENUM] Found counter-example stars: 0
[NNENUM] Filtering result using SMT solver...
[SMT] SMT filtered out 0 stars (out of 0; TO: 0).
[QUERY] Looking for nonlinear input combinations...
[QUERY] Found all non-linear combinations. Count: 1
[QUERY] Returning nonlinear disjunction
[CTRL] Considering conjunction with 37 input constraints and a disjunction of size 5
[APPROX] Checking cache: SNNT.Approx.ApproxCacheObject[]
[APPROX] Constructing Approximation
[APPROX] Resolving approximation
[CTRL] Initiating iterator over current linear queries
[APPROX] # Conjunctions over output: 5
[CTRL] Processing linear query no. 81
[NNENUM] Running nnenum now...
[NNENUM] lb: [-0.4999999701976776, -0.33623147889292704, 5.000000171712609e-6, 0.075, -0.1, -0.1, -0.1, -0.1, -0.1, -0.1, -0.1, -0.1, -0.1]
[NNENUM] ub: [-0.00625, -0.18296763576522218, 5.000000171712609e-6, 0.5, 0.09999999999999999, 0.09999999999999999, 0.09999999999999999, 0.09999999999999999, 0.09999999999999999, 0.09999999999999999, 0.09999999999999999, 0.09999999999999999, 0.09999999999999999]
[NNENUM] Creating LP Star...
[NNENUM] Checking feasibility
[NNENUM] Generating output Spec...
[NNENUM] Spec list length:  5
[NNENUM] Enumeration in progress... 
(0.0 sec) Q: 0, Sets: 0/1  (0.0%) CEs: 0 ETA: - (expected 1 stars)   
(0.2 sec) Q: 0, Sets: 0/2  (0.0%) CEs: 0 ETA: - (expected 1 stars)   

Total Stars: 2 (1 exact, 1 approx)
Unfinished Stars: 0
Runtime: 0.2 sec
Completed work frac: 1.0
Num Stars Copied Between Processes: 0
Num Lps During Enumeration: 10
Total Num Lps: 10

Result: network is SAFE

[NNENUM] Result: 
<nnenum.result.Result object at 0x747e3bef4c10>
[NNENUM] Enumeration finished.
safe
[NNENUM] Found counter-example stars: 0
[NNENUM] Filtering result using SMT solver...
[SMT] SMT filtered out 0 stars (out of 0; TO: 0).
┌ Warning: Beware: Use of isMax assumes that there always exists a *unique* maximum!
└ @ SNNT.QueryGeneration ~/Dokumente/Projects/CPS/NN-Safety-via-dL/repos/NCubeV-Reinstall/src/QueryGeneration/Skeleton.jl:269
┌ Warning: Beware: Use of isMax assumes that there always exists a *unique* maximum!
└ @ SNNT.QueryGeneration ~/Dokumente/Projects/CPS/NN-Safety-via-dL/repos/NCubeV-Reinstall/src/QueryGeneration/Skeleton.jl:269
┌ Warning: Beware: Use of isMax assumes that there always exists a *unique* maximum!
└ @ SNNT.QueryGeneration ~/Dokumente/Projects/CPS/NN-Safety-via-dL/repos/NCubeV-Reinstall/src/QueryGeneration/Skeleton.jl:269
┌ Warning: Beware: Use of isMax assumes that there always exists a *unique* maximum!
└ @ SNNT.QueryGeneration ~/Dokumente/Projects/CPS/NN-Safety-via-dL/repos/NCubeV-Reinstall/src/QueryGeneration/Skeleton.jl:269
┌ Warning: Beware: Use of isMax assumes that there always exists a *unique* maximum!
└ @ SNNT.QueryGeneration ~/Dokumente/Projects/CPS/NN-Safety-via-dL/repos/NCubeV-Reinstall/src/QueryGeneration/Skeleton.jl:269
┌ Warning: Generating independent linear disjunctions
└ @ SNNT.QueryGeneration ~/Dokumente/Projects/CPS/NN-Safety-via-dL/repos/NCubeV-Reinstall/src/QueryGeneration/Iterator.jl:420
┌ Warning: Make sure you are not using this option for non-mixed constraints!
└ @ SNNT.QueryGeneration ~/Dokumente/Projects/CPS/NN-Safety-via-dL/repos/NCubeV-Reinstall/src/QueryGeneration/Iterator.jl:421
┌ Warning: Generating independent linear disjunctions
└ @ SNNT.QueryGeneration ~/Dokumente/Projects/CPS/NN-Safety-via-dL/repos/NCubeV-Reinstall/src/QueryGeneration/Iterator.jl:420
┌ Warning: Make sure you are not using this option for non-mixed constraints!
└ @ SNNT.QueryGeneration ~/Dokumente/Projects/CPS/NN-Safety-via-dL/repos/NCubeV-Reinstall/src/QueryGeneration/Iterator.jl:421
┌ Warning: Generating independent linear disjunctions
└ @ SNNT.QueryGeneration ~/Dokumente/Projects/CPS/NN-Safety-via-dL/repos/NCubeV-Reinstall/src/QueryGeneration/Iterator.jl:420
┌ Warning: Make sure you are not using this option for non-mixed constraints!
└ @ SNNT.QueryGeneration ~/Dokumente/Projects/CPS/NN-Safety-via-dL/repos/NCubeV-Reinstall/src/QueryGeneration/Iterator.jl:421
┌ Warning: Generating independent linear disjunctions
└ @ SNNT.QueryGeneration ~/Dokumente/Projects/CPS/NN-Safety-via-dL/repos/NCubeV-Reinstall/src/QueryGeneration/Iterator.jl:420
┌ Warning: Make sure you are not using this option for non-mixed constraints!
└ @ SNNT.QueryGeneration ~/Dokumente/Projects/CPS/NN-Safety-via-dL/repos/NCubeV-Reinstall/src/QueryGeneration/Iterator.jl:421
┌ Warning: Generating independent linear disjunctions
└ @ SNNT.QueryGeneration ~/Dokumente/Projects/CPS/NN-Safety-via-dL/repos/NCubeV-Reinstall/src/QueryGeneration/Iterator.jl:420
┌ Warning: Make sure you are not using this option for non-mixed constraints!
└ @ SNNT.QueryGeneration ~/Dokumente/Projects/CPS/NN-Safety-via-dL/repos/NCubeV-Reinstall/src/QueryGeneration/Iterator.jl:421
┌ Warning: Generating independent linear disjunctions
└ @ SNNT.QueryGeneration ~/Dokumente/Projects/CPS/NN-Safety-via-dL/repos/NCubeV-Reinstall/src/QueryGeneration/Iterator.jl:420
┌ Warning: Make sure you are not using this option for non-mixed constraints!
└ @ SNNT.QueryGeneration ~/Dokumente/Projects/CPS/NN-Safety-via-dL/repos/NCubeV-Reinstall/src/QueryGeneration/Iterator.jl:421
┌ Warning: Generating independent linear disjunctions
└ @ SNNT.QueryGeneration ~/Dokumente/Projects/CPS/NN-Safety-via-dL/repos/NCubeV-Reinstall/src/QueryGeneration/Iterator.jl:420
┌ Warning: Make sure you are not using this option for non-mixed constraints!
└ @ SNNT.QueryGeneration ~/Dokumente/Projects/CPS/NN-Safety-via-dL/repos/NCubeV-Reinstall/src/QueryGeneration/Iterator.jl:421
┌ Warning: Generating independent linear disjunctions
└ @ SNNT.QueryGeneration ~/Dokumente/Projects/CPS/NN-Safety-via-dL/repos/NCubeV-Reinstall/src/QueryGeneration/Iterator.jl:420
┌ Warning: Make sure you are not using this option for non-mixed constraints!
└ @ SNNT.QueryGeneration ~/Dokumente/Projects/CPS/NN-Safety-via-dL/repos/NCubeV-Reinstall/src/QueryGeneration/Iterator.jl:421
┌ Warning: Generating independent linear disjunctions
└ @ SNNT.QueryGeneration ~/Dokumente/Projects/CPS/NN-Safety-via-dL/repos/NCubeV-Reinstall/src/QueryGeneration/Iterator.jl:420
┌ Warning: Make sure you are not using this option for non-mixed constraints!
└ @ SNNT.QueryGeneration ~/Dokumente/Projects/CPS/NN-Safety-via-dL/repos/NCubeV-Reinstall/src/QueryGeneration/Iterator.jl:421
┌ Warning: Generating independent linear disjunctions
└ @ SNNT.QueryGeneration ~/Dokumente/Projects/CPS/NN-Safety-via-dL/repos/NCubeV-Reinstall/src/QueryGeneration/Iterator.jl:420
┌ Warning: Make sure you are not using this option for non-mixed constraints!
└ @ SNNT.QueryGeneration ~/Dokumente/Projects/CPS/NN-Safety-via-dL/repos/NCubeV-Reinstall/src/QueryGeneration/Iterator.jl:421
┌ Warning: Generating independent linear disjunctions
└ @ SNNT.QueryGeneration ~/Dokumente/Projects/CPS/NN-Safety-via-dL/repos/NCubeV-Reinstall/src/QueryGeneration/Iterator.jl:420
┌ Warning: Make sure you are not using this option for non-mixed constraints!
└ @ SNNT.QueryGeneration ~/Dokumente/Projects/CPS/NN-Safety-via-dL/repos/NCubeV-Reinstall/src/QueryGeneration/Iterator.jl:421
┌ Warning: Generating independent linear disjunctions
└ @ SNNT.QueryGeneration ~/Dokumente/Projects/CPS/NN-Safety-via-dL/repos/NCubeV-Reinstall/src/QueryGeneration/Iterator.jl:420
┌ Warning: Make sure you are not using this option for non-mixed constraints!
└ @ SNNT.QueryGeneration ~/Dokumente/Projects/CPS/NN-Safety-via-dL/repos/NCubeV-Reinstall/src/QueryGeneration/Iterator.jl:421
┌ Warning: Generating independent linear disjunctions
└ @ SNNT.QueryGeneration ~/Dokumente/Projects/CPS/NN-Safety-via-dL/repos/NCubeV-Reinstall/src/QueryGeneration/Iterator.jl:420
┌ Warning: Make sure you are not using this option for non-mixed constraints!
└ @ SNNT.QueryGeneration ~/Dokumente/Projects/CPS/NN-Safety-via-dL/repos/NCubeV-Reinstall/src/QueryGeneration/Iterator.jl:421
┌ Warning: Generating independent linear disjunctions
└ @ SNNT.QueryGeneration ~/Dokumente/Projects/CPS/NN-Safety-via-dL/repos/NCubeV-Reinstall/src/QueryGeneration/Iterator.jl:420
┌ Warning: Make sure you are not using this option for non-mixed constraints!
└ @ SNNT.QueryGeneration ~/Dokumente/Projects/CPS/NN-Safety-via-dL/repos/NCubeV-Reinstall/src/QueryGeneration/Iterator.jl:421
┌ Warning: Generating independent linear disjunctions
└ @ SNNT.QueryGeneration ~/Dokumente/Projects/CPS/NN-Safety-via-dL/repos/NCubeV-Reinstall/src/QueryGeneration/Iterator.jl:420
┌ Warning: Make sure you are not using this option for non-mixed constraints!
└ @ SNNT.QueryGeneration ~/Dokumente/Projects/CPS/NN-Safety-via-dL/repos/NCubeV-Reinstall/src/QueryGeneration/Iterator.jl:421
┌ Warning: Generating independent linear disjunctions
└ @ SNNT.QueryGeneration ~/Dokumente/Projects/CPS/NN-Safety-via-dL/repos/NCubeV-Reinstall/src/QueryGeneration/Iterator.jl:420
┌ Warning: Make sure you are not using this option for non-mixed constraints!
└ @ SNNT.QueryGeneration ~/Dokumente/Projects/CPS/NN-Safety-via-dL/repos/NCubeV-Reinstall/src/QueryGeneration/Iterator.jl:421
┌ Warning: Generating independent linear disjunctions
└ @ SNNT.QueryGeneration ~/Dokumente/Projects/CPS/NN-Safety-via-dL/repos/NCubeV-Reinstall/src/QueryGeneration/Iterator.jl:420
┌ Warning: Make sure you are not using this option for non-mixed constraints!
└ @ SNNT.QueryGeneration ~/Dokumente/Projects/CPS/NN-Safety-via-dL/repos/NCubeV-Reinstall/src/QueryGeneration/Iterator.jl:421
┌ Warning: Generating independent linear disjunctions
└ @ SNNT.QueryGeneration ~/Dokumente/Projects/CPS/NN-Safety-via-dL/repos/NCubeV-Reinstall/src/QueryGeneration/Iterator.jl:420
┌ Warning: Make sure you are not using this option for non-mixed constraints!
└ @ SNNT.QueryGeneration ~/Dokumente/Projects/CPS/NN-Safety-via-dL/repos/NCubeV-Reinstall/src/QueryGeneration/Iterator.jl:421
┌ Warning: Generating independent linear disjunctions
└ @ SNNT.QueryGeneration ~/Dokumente/Projects/CPS/NN-Safety-via-dL/repos/NCubeV-Reinstall/src/QueryGeneration/Iterator.jl:420
┌ Warning: Make sure you are not using this option for non-mixed constraints!
└ @ SNNT.QueryGeneration ~/Dokumente/Projects/CPS/NN-Safety-via-dL/repos/NCubeV-Reinstall/src/QueryGeneration/Iterator.jl:421
┌ Warning: Generating independent linear disjunctions
└ @ SNNT.QueryGeneration ~/Dokumente/Projects/CPS/NN-Safety-via-dL/repos/NCubeV-Reinstall/src/QueryGeneration/Iterator.jl:420
┌ Warning: Make sure you are not using this option for non-mixed constraints!
└ @ SNNT.QueryGeneration ~/Dokumente/Projects/CPS/NN-Safety-via-dL/repos/NCubeV-Reinstall/src/QueryGeneration/Iterator.jl:421
┌ Warning: Generating independent linear disjunctions
└ @ SNNT.QueryGeneration ~/Dokumente/Projects/CPS/NN-Safety-via-dL/repos/NCubeV-Reinstall/src/QueryGeneration/Iterator.jl:420
┌ Warning: Make sure you are not using this option for non-mixed constraints!
└ @ SNNT.QueryGeneration ~/Dokumente/Projects/CPS/NN-Safety-via-dL/repos/NCubeV-Reinstall/src/QueryGeneration/Iterator.jl:421
┌ Warning: Generating independent linear disjunctions
└ @ SNNT.QueryGeneration ~/Dokumente/Projects/CPS/NN-Safety-via-dL/repos/NCubeV-Reinstall/src/QueryGeneration/Iterator.jl:420
┌ Warning: Make sure you are not using this option for non-mixed constraints!
└ @ SNNT.QueryGeneration ~/Dokumente/Projects/CPS/NN-Safety-via-dL/repos/NCubeV-Reinstall/src/QueryGeneration/Iterator.jl:421
┌ Warning: Generating independent linear disjunctions
└ @ SNNT.QueryGeneration ~/Dokumente/Projects/CPS/NN-Safety-via-dL/repos/NCubeV-Reinstall/src/QueryGeneration/Iterator.jl:420
┌ Warning: Make sure you are not using this option for non-mixed constraints!
└ @ SNNT.QueryGeneration ~/Dokumente/Projects/CPS/NN-Safety-via-dL/repos/NCubeV-Reinstall/src/QueryGeneration/Iterator.jl:421
┌ Warning: Generating independent linear disjunctions
└ @ SNNT.QueryGeneration ~/Dokumente/Projects/CPS/NN-Safety-via-dL/repos/NCubeV-Reinstall/src/QueryGeneration/Iterator.jl:420
┌ Warning: Make sure you are not using this option for non-mixed constraints!
└ @ SNNT.QueryGeneration ~/Dokumente/Projects/CPS/NN-Safety-via-dL/repos/NCubeV-Reinstall/src/QueryGeneration/Iterator.jl:421
┌ Warning: Generating independent linear disjunctions
└ @ SNNT.QueryGeneration ~/Dokumente/Projects/CPS/NN-Safety-via-dL/repos/NCubeV-Reinstall/src/QueryGeneration/Iterator.jl:420
┌ Warning: Make sure you are not using this option for non-mixed constraints!
└ @ SNNT.QueryGeneration ~/Dokumente/Projects/CPS/NN-Safety-via-dL/repos/NCubeV-Reinstall/src/QueryGeneration/Iterator.jl:421
┌ Warning: Generating independent linear disjunctions
└ @ SNNT.QueryGeneration ~/Dokumente/Projects/CPS/NN-Safety-via-dL/repos/NCubeV-Reinstall/src/QueryGeneration/Iterator.jl:420
┌ Warning: Make sure you are not using this option for non-mixed constraints!
└ @ SNNT.QueryGeneration ~/Dokumente/Projects/CPS/NN-Safety-via-dL/repos/NCubeV-Reinstall/src/QueryGeneration/Iterator.jl:421
┌ Warning: Generating independent linear disjunctions
└ @ SNNT.QueryGeneration ~/Dokumente/Projects/CPS/NN-Safety-via-dL/repos/NCubeV-Reinstall/src/QueryGeneration/Iterator.jl:420
┌ Warning: Make sure you are not using this option for non-mixed constraints!
└ @ SNNT.QueryGeneration ~/Dokumente/Projects/CPS/NN-Safety-via-dL/repos/NCubeV-Reinstall/src/QueryGeneration/Iterator.jl:421
┌ Warning: Generating independent linear disjunctions
└ @ SNNT.QueryGeneration ~/Dokumente/Projects/CPS/NN-Safety-via-dL/repos/NCubeV-Reinstall/src/QueryGeneration/Iterator.jl:420
┌ Warning: Make sure you are not using this option for non-mixed constraints!
└ @ SNNT.QueryGeneration ~/Dokumente/Projects/CPS/NN-Safety-via-dL/repos/NCubeV-Reinstall/src/QueryGeneration/Iterator.jl:421
┌ Warning: Generating independent linear disjunctions
└ @ SNNT.QueryGeneration ~/Dokumente/Projects/CPS/NN-Safety-via-dL/repos/NCubeV-Reinstall/src/QueryGeneration/Iterator.jl:420
┌ Warning: Make sure you are not using this option for non-mixed constraints!
└ @ SNNT.QueryGeneration ~/Dokumente/Projects/CPS/NN-Safety-via-dL/repos/NCubeV-Reinstall/src/QueryGeneration/Iterator.jl:421
┌ Warning: Generating independent linear disjunctions
└ @ SNNT.QueryGeneration ~/Dokumente/Projects/CPS/NN-Safety-via-dL/repos/NCubeV-Reinstall/src/QueryGeneration/Iterator.jl:420
┌ Warning: Make sure you are not using this option for non-mixed constraints!
└ @ SNNT.QueryGeneration ~/Dokumente/Projects/CPS/NN-Safety-via-dL/repos/NCubeV-Reinstall/src/QueryGeneration/Iterator.jl:421
┌ Warning: Generating independent linear disjunctions
└ @ SNNT.QueryGeneration ~/Dokumente/Projects/CPS/NN-Safety-via-dL/repos/NCubeV-Reinstall/src/QueryGeneration/Iterator.jl:420
┌ Warning: Make sure you are not using this option for non-mixed constraints!
└ @ SNNT.QueryGeneration ~/Dokumente/Projects/CPS/NN-Safety-via-dL/repos/NCubeV-Reinstall/src/QueryGeneration/Iterator.jl:421
┌ Warning: Generating independent linear disjunctions
└ @ SNNT.QueryGeneration ~/Dokumente/Projects/CPS/NN-Safety-via-dL/repos/NCubeV-Reinstall/src/QueryGeneration/Iterator.jl:420
┌ Warning: Make sure you are not using this option for non-mixed constraints!
└ @ SNNT.QueryGeneration ~/Dokumente/Projects/CPS/NN-Safety-via-dL/repos/NCubeV-Reinstall/src/QueryGeneration/Iterator.jl:421
┌ Warning: Generating independent linear disjunctions
└ @ SNNT.QueryGeneration ~/Dokumente/Projects/CPS/NN-Safety-via-dL/repos/NCubeV-Reinstall/src/QueryGeneration/Iterator.jl:420
┌ Warning: Make sure you are not using this option for non-mixed constraints!
└ @ SNNT.QueryGeneration ~/Dokumente/Projects/CPS/NN-Safety-via-dL/repos/NCubeV-Reinstall/src/QueryGeneration/Iterator.jl:421
┌ Warning: Generating independent linear disjunctions
└ @ SNNT.QueryGeneration ~/Dokumente/Projects/CPS/NN-Safety-via-dL/repos/NCubeV-Reinstall/src/QueryGeneration/Iterator.jl:420
┌ Warning: Make sure you are not using this option for non-mixed constraints!
└ @ SNNT.QueryGeneration ~/Dokumente/Projects/CPS/NN-Safety-via-dL/repos/NCubeV-Reinstall/src/QueryGeneration/Iterator.jl:421
┌ Warning: Generating independent linear disjunctions
└ @ SNNT.QueryGeneration ~/Dokumente/Projects/CPS/NN-Safety-via-dL/repos/NCubeV-Reinstall/src/QueryGeneration/Iterator.jl:420
┌ Warning: Make sure you are not using this option for non-mixed constraints!
└ @ SNNT.QueryGeneration ~/Dokumente/Projects/CPS/NN-Safety-via-dL/repos/NCubeV-Reinstall/src/QueryGeneration/Iterator.jl:421
┌ Warning: Generating independent linear disjunctions
└ @ SNNT.QueryGeneration ~/Dokumente/Projects/CPS/NN-Safety-via-dL/repos/NCubeV-Reinstall/src/QueryGeneration/Iterator.jl:420
┌ Warning: Make sure you are not using this option for non-mixed constraints!
└ @ SNNT.QueryGeneration ~/Dokumente/Projects/CPS/NN-Safety-via-dL/repos/NCubeV-Reinstall/src/QueryGeneration/Iterator.jl:421
┌ Warning: Generating independent linear disjunctions
└ @ SNNT.QueryGeneration ~/Dokumente/Projects/CPS/NN-Safety-via-dL/repos/NCubeV-Reinstall/src/QueryGeneration/Iterator.jl:420
┌ Warning: Make sure you are not using this option for non-mixed constraints!
└ @ SNNT.QueryGeneration ~/Dokumente/Projects/CPS/NN-Safety-via-dL/repos/NCubeV-Reinstall/src/QueryGeneration/Iterator.jl:421
┌ Warning: Generating independent linear disjunctions
└ @ SNNT.QueryGeneration ~/Dokumente/Projects/CPS/NN-Safety-via-dL/repos/NCubeV-Reinstall/src/QueryGeneration/Iterator.jl:420
┌ Warning: Make sure you are not using this option for non-mixed constraints!
└ @ SNNT.QueryGeneration ~/Dokumente/Projects/CPS/NN-Safety-via-dL/repos/NCubeV-Reinstall/src/QueryGeneration/Iterator.jl:421
┌ Warning: Generating independent linear disjunctions
└ @ SNNT.QueryGeneration ~/Dokumente/Projects/CPS/NN-Safety-via-dL/repos/NCubeV-Reinstall/src/QueryGeneration/Iterator.jl:420
┌ Warning: Make sure you are not using this option for non-mixed constraints!
└ @ SNNT.QueryGeneration ~/Dokumente/Projects/CPS/NN-Safety-via-dL/repos/NCubeV-Reinstall/src/QueryGeneration/Iterator.jl:421
┌ Warning: Generating independent linear disjunctions
└ @ SNNT.QueryGeneration ~/Dokumente/Projects/CPS/NN-Safety-via-dL/repos/NCubeV-Reinstall/src/QueryGeneration/Iterator.jl:420
┌ Warning: Make sure you are not using this option for non-mixed constraints!
└ @ SNNT.QueryGeneration ~/Dokumente/Projects/CPS/NN-Safety-via-dL/repos/NCubeV-Reinstall/src/QueryGeneration/Iterator.jl:421
┌ Warning: Generating independent linear disjunctions
└ @ SNNT.QueryGeneration ~/Dokumente/Projects/CPS/NN-Safety-via-dL/repos/NCubeV-Reinstall/src/QueryGeneration/Iterator.jl:420
┌ Warning: Make sure you are not using this option for non-mixed constraints!
└ @ SNNT.QueryGeneration ~/Dokumente/Projects/CPS/NN-Safety-via-dL/repos/NCubeV-Reinstall/src/QueryGeneration/Iterator.jl:421
┌ Warning: Generating independent linear disjunctions
└ @ SNNT.QueryGeneration ~/Dokumente/Projects/CPS/NN-Safety-via-dL/repos/NCubeV-Reinstall/src/QueryGeneration/Iterator.jl:420
┌ Warning: Make sure you are not using this option for non-mixed constraints!
└ @ SNNT.QueryGeneration ~/Dokumente/Projects/CPS/NN-Safety-via-dL/repos/NCubeV-Reinstall/src/QueryGeneration/Iterator.jl:421
┌ Warning: Generating independent linear disjunctions
└ @ SNNT.QueryGeneration ~/Dokumente/Projects/CPS/NN-Safety-via-dL/repos/NCubeV-Reinstall/src/QueryGeneration/Iterator.jl:420
┌ Warning: Make sure you are not using this option for non-mixed constraints!
└ @ SNNT.QueryGeneration ~/Dokumente/Projects/CPS/NN-Safety-via-dL/repos/NCubeV-Reinstall/src/QueryGeneration/Iterator.jl:421
┌ Warning: Generating independent linear disjunctions
└ @ SNNT.QueryGeneration ~/Dokumente/Projects/CPS/NN-Safety-via-dL/repos/NCubeV-Reinstall/src/QueryGeneration/Iterator.jl:420
┌ Warning: Make sure you are not using this option for non-mixed constraints!
└ @ SNNT.QueryGeneration ~/Dokumente/Projects/CPS/NN-Safety-via-dL/repos/NCubeV-Reinstall/src/QueryGeneration/Iterator.jl:421
┌ Warning: Generating independent linear disjunctions
└ @ SNNT.QueryGeneration ~/Dokumente/Projects/CPS/NN-Safety-via-dL/repos/NCubeV-Reinstall/src/QueryGeneration/Iterator.jl:420
┌ Warning: Make sure you are not using this option for non-mixed constraints!
└ @ SNNT.QueryGeneration ~/Dokumente/Projects/CPS/NN-Safety-via-dL/repos/NCubeV-Reinstall/src/QueryGeneration/Iterator.jl:421
┌ Warning: Generating independent linear disjunctions
└ @ SNNT.QueryGeneration ~/Dokumente/Projects/CPS/NN-Safety-via-dL/repos/NCubeV-Reinstall/src/QueryGeneration/Iterator.jl:420
┌ Warning: Make sure you are not using this option for non-mixed constraints!
└ @ SNNT.QueryGeneration ~/Dokumente/Projects/CPS/NN-Safety-via-dL/repos/NCubeV-Reinstall/src/QueryGeneration/Iterator.jl:421
┌ Warning: Generating independent linear disjunctions
└ @ SNNT.QueryGeneration ~/Dokumente/Projects/CPS/NN-Safety-via-dL/repos/NCubeV-Reinstall/src/QueryGeneration/Iterator.jl:420
┌ Warning: Make sure you are not using this option for non-mixed constraints!
└ @ SNNT.QueryGeneration ~/Dokumente/Projects/CPS/NN-Safety-via-dL/repos/NCubeV-Reinstall/src/QueryGeneration/Iterator.jl:421
┌ Warning: Generating independent linear disjunctions
└ @ SNNT.QueryGeneration ~/Dokumente/Projects/CPS/NN-Safety-via-dL/repos/NCubeV-Reinstall/src/QueryGeneration/Iterator.jl:420
┌ Warning: Make sure you are not using this option for non-mixed constraints!
└ @ SNNT.QueryGeneration ~/Dokumente/Projects/CPS/NN-Safety-via-dL/repos/NCubeV-Reinstall/src/QueryGeneration/Iterator.jl:421
┌ Warning: Generating independent linear disjunctions
└ @ SNNT.QueryGeneration ~/Dokumente/Projects/CPS/NN-Safety-via-dL/repos/NCubeV-Reinstall/src/QueryGeneration/Iterator.jl:420
┌ Warning: Make sure you are not using this option for non-mixed constraints!
└ @ SNNT.QueryGeneration ~/Dokumente/Projects/CPS/NN-Safety-via-dL/repos/NCubeV-Reinstall/src/QueryGeneration/Iterator.jl:421
┌ Warning: Generating independent linear disjunctions
└ @ SNNT.QueryGeneration ~/Dokumente/Projects/CPS/NN-Safety-via-dL/repos/NCubeV-Reinstall/src/QueryGeneration/Iterator.jl:420
┌ Warning: Make sure you are not using this option for non-mixed constraints!
└ @ SNNT.QueryGeneration ~/Dokumente/Projects/CPS/NN-Safety-via-dL/repos/NCubeV-Reinstall/src/QueryGeneration/Iterator.jl:421
┌ Warning: Generating independent linear disjunctions
└ @ SNNT.QueryGeneration ~/Dokumente/Projects/CPS/NN-Safety-via-dL/repos/NCubeV-Reinstall/src/QueryGeneration/Iterator.jl:420
┌ Warning: Make sure you are not using this option for non-mixed constraints!
└ @ SNNT.QueryGeneration ~/Dokumente/Projects/CPS/NN-Safety-via-dL/repos/NCubeV-Reinstall/src/QueryGeneration/Iterator.jl:421
┌ Warning: Generating independent linear disjunctions
└ @ SNNT.QueryGeneration ~/Dokumente/Projects/CPS/NN-Safety-via-dL/repos/NCubeV-Reinstall/src/QueryGeneration/Iterator.jl:420
┌ Warning: Make sure you are not using this option for non-mixed constraints!
└ @ SNNT.QueryGeneration ~/Dokumente/Projects/CPS/NN-Safety-via-dL/repos/NCubeV-Reinstall/src/QueryGeneration/Iterator.jl:421
┌ Warning: Generating independent linear disjunctions
└ @ SNNT.QueryGeneration ~/Dokumente/Projects/CPS/NN-Safety-via-dL/repos/NCubeV-Reinstall/src/QueryGeneration/Iterator.jl:420
┌ Warning: Make sure you are not using this option for non-mixed constraints!
└ @ SNNT.QueryGeneration ~/Dokumente/Projects/CPS/NN-Safety-via-dL/repos/NCubeV-Reinstall/src/QueryGeneration/Iterator.jl:421
┌ Warning: Generating independent linear disjunctions
└ @ SNNT.QueryGeneration ~/Dokumente/Projects/CPS/NN-Safety-via-dL/repos/NCubeV-Reinstall/src/QueryGeneration/Iterator.jl:420
┌ Warning: Make sure you are not using this option for non-mixed constraints!
└ @ SNNT.QueryGeneration ~/Dokumente/Projects/CPS/NN-Safety-via-dL/repos/NCubeV-Reinstall/src/QueryGeneration/Iterator.jl:421
┌ Warning: Generating independent linear disjunctions
└ @ SNNT.QueryGeneration ~/Dokumente/Projects/CPS/NN-Safety-via-dL/repos/NCubeV-Reinstall/src/QueryGeneration/Iterator.jl:420
┌ Warning: Make sure you are not using this option for non-mixed constraints!
└ @ SNNT.QueryGeneration ~/Dokumente/Projects/CPS/NN-Safety-via-dL/repos/NCubeV-Reinstall/src/QueryGeneration/Iterator.jl:421
┌ Warning: Generating independent linear disjunctions
└ @ SNNT.QueryGeneration ~/Dokumente/Projects/CPS/NN-Safety-via-dL/repos/NCubeV-Reinstall/src/QueryGeneration/Iterator.jl:420
┌ Warning: Make sure you are not using this option for non-mixed constraints!
└ @ SNNT.QueryGeneration ~/Dokumente/Projects/CPS/NN-Safety-via-dL/repos/NCubeV-Reinstall/src/QueryGeneration/Iterator.jl:421
┌ Warning: Generating independent linear disjunctions
└ @ SNNT.QueryGeneration ~/Dokumente/Projects/CPS/NN-Safety-via-dL/repos/NCubeV-Reinstall/src/QueryGeneration/Iterator.jl:420
┌ Warning: Make sure you are not using this option for non-mixed constraints!
└ @ SNNT.QueryGeneration ~/Dokumente/Projects/CPS/NN-Safety-via-dL/repos/NCubeV-Reinstall/src/QueryGeneration/Iterator.jl:421
┌ Warning: Generating independent linear disjunctions
└ @ SNNT.QueryGeneration ~/Dokumente/Projects/CPS/NN-Safety-via-dL/repos/NCubeV-Reinstall/src/QueryGeneration/Iterator.jl:420
┌ Warning: Make sure you are not using this option for non-mixed constraints!
└ @ SNNT.QueryGeneration ~/Dokumente/Projects/CPS/NN-Safety-via-dL/repos/NCubeV-Reinstall/src/QueryGeneration/Iterator.jl:421
┌ Warning: Generating independent linear disjunctions
└ @ SNNT.QueryGeneration ~/Dokumente/Projects/CPS/NN-Safety-via-dL/repos/NCubeV-Reinstall/src/QueryGeneration/Iterator.jl:420
┌ Warning: Make sure you are not using this option for non-mixed constraints!
└ @ SNNT.QueryGeneration ~/Dokumente/Projects/CPS/NN-Safety-via-dL/repos/NCubeV-Reinstall/src/QueryGeneration/Iterator.jl:421
┌ Warning: Generating independent linear disjunctions
└ @ SNNT.QueryGeneration ~/Dokumente/Projects/CPS/NN-Safety-via-dL/repos/NCubeV-Reinstall/src/QueryGeneration/Iterator.jl:420
┌ Warning: Make sure you are not using this option for non-mixed constraints!
└ @ SNNT.QueryGeneration ~/Dokumente/Projects/CPS/NN-Safety-via-dL/repos/NCubeV-Reinstall/src/QueryGeneration/Iterator.jl:421
┌ Warning: Generating independent linear disjunctions
└ @ SNNT.QueryGeneration ~/Dokumente/Projects/CPS/NN-Safety-via-dL/repos/NCubeV-Reinstall/src/QueryGeneration/Iterator.jl:420
┌ Warning: Make sure you are not using this option for non-mixed constraints!
└ @ SNNT.QueryGeneration ~/Dokumente/Projects/CPS/NN-Safety-via-dL/repos/NCubeV-Reinstall/src/QueryGeneration/Iterator.jl:421
┌ Warning: Generating independent linear disjunctions
└ @ SNNT.QueryGeneration ~/Dokumente/Projects/CPS/NN-Safety-via-dL/repos/NCubeV-Reinstall/src/QueryGeneration/Iterator.jl:420
┌ Warning: Make sure you are not using this option for non-mixed constraints!
└ @ SNNT.QueryGeneration ~/Dokumente/Projects/CPS/NN-Safety-via-dL/repos/NCubeV-Reinstall/src/QueryGeneration/Iterator.jl:421
┌ Warning: Generating independent linear disjunctions
└ @ SNNT.QueryGeneration ~/Dokumente/Projects/CPS/NN-Safety-via-dL/repos/NCubeV-Reinstall/src/QueryGeneration/Iterator.jl:420
┌ Warning: Make sure you are not using this option for non-mixed constraints!
└ @ SNNT.QueryGeneration ~/Dokumente/Projects/CPS/NN-Safety-via-dL/repos/NCubeV-Reinstall/src/QueryGeneration/Iterator.jl:421
┌ Warning: Generating independent linear disjunctions
└ @ SNNT.QueryGeneration ~/Dokumente/Projects/CPS/NN-Safety-via-dL/repos/NCubeV-Reinstall/src/QueryGeneration/Iterator.jl:420
┌ Warning: Make sure you are not using this option for non-mixed constraints!
└ @ SNNT.QueryGeneration ~/Dokumente/Projects/CPS/NN-Safety-via-dL/repos/NCubeV-Reinstall/src/QueryGeneration/Iterator.jl:421
┌ Warning: Generating independent linear disjunctions
└ @ SNNT.QueryGeneration ~/Dokumente/Projects/CPS/NN-Safety-via-dL/repos/NCubeV-Reinstall/src/QueryGeneration/Iterator.jl:420
┌ Warning: Make sure you are not using this option for non-mixed constraints!
└ @ SNNT.QueryGeneration ~/Dokumente/Projects/CPS/NN-Safety-via-dL/repos/NCubeV-Reinstall/src/QueryGeneration/Iterator.jl:421
┌ Warning: Generating independent linear disjunctions
└ @ SNNT.QueryGeneration ~/Dokumente/Projects/CPS/NN-Safety-via-dL/repos/NCubeV-Reinstall/src/QueryGeneration/Iterator.jl:420
┌ Warning: Make sure you are not using this option for non-mixed constraints!
└ @ SNNT.QueryGeneration ~/Dokumente/Projects/CPS/NN-Safety-via-dL/repos/NCubeV-Reinstall/src/QueryGeneration/Iterator.jl:421
┌ Warning: Generating independent linear disjunctions
└ @ SNNT.QueryGeneration ~/Dokumente/Projects/CPS/NN-Safety-via-dL/repos/NCubeV-Reinstall/src/QueryGeneration/Iterator.jl:420
┌ Warning: Make sure you are not using this option for non-mixed constraints!
└ @ SNNT.QueryGeneration ~/Dokumente/Projects/CPS/NN-Safety-via-dL/repos/NCubeV-Reinstall/src/QueryGeneration/Iterator.jl:421
┌ Warning: Generating independent linear disjunctions
└ @ SNNT.QueryGeneration ~/Dokumente/Projects/CPS/NN-Safety-via-dL/repos/NCubeV-Reinstall/src/QueryGeneration/Iterator.jl:420
┌ Warning: Make sure you are not using this option for non-mixed constraints!
└ @ SNNT.QueryGeneration ~/Dokumente/Projects/CPS/NN-Safety-via-dL/repos/NCubeV-Reinstall/src/QueryGeneration/Iterator.jl:421
┌ Warning: Generating independent linear disjunctions
└ @ SNNT.QueryGeneration ~/Dokumente/Projects/CPS/NN-Safety-via-dL/repos/NCubeV-Reinstall/src/QueryGeneration/Iterator.jl:420
┌ Warning: Make sure you are not using this option for non-mixed constraints!
└ @ SNNT.QueryGeneration ~/Dokumente/Projects/CPS/NN-Safety-via-dL/repos/NCubeV-Reinstall/src/QueryGeneration/Iterator.jl:421
┌ Warning: Generating independent linear disjunctions
└ @ SNNT.QueryGeneration ~/Dokumente/Projects/CPS/NN-Safety-via-dL/repos/NCubeV-Reinstall/src/QueryGeneration/Iterator.jl:420
┌ Warning: Make sure you are not using this option for non-mixed constraints!
└ @ SNNT.QueryGeneration ~/Dokumente/Projects/CPS/NN-Safety-via-dL/repos/NCubeV-Reinstall/src/QueryGeneration/Iterator.jl:421
┌ Warning: Generating independent linear disjunctions
└ @ SNNT.QueryGeneration ~/Dokumente/Projects/CPS/NN-Safety-via-dL/repos/NCubeV-Reinstall/src/QueryGeneration/Iterator.jl:420
┌ Warning: Make sure you are not using this option for non-mixed constraints!
└ @ SNNT.QueryGeneration ~/Dokumente/Projects/CPS/NN-Safety-via-dL/repos/NCubeV-Reinstall/src/QueryGeneration/Iterator.jl:421
┌ Warning: Generating independent linear disjunctions
└ @ SNNT.QueryGeneration ~/Dokumente/Projects/CPS/NN-Safety-via-dL/repos/NCubeV-Reinstall/src/QueryGeneration/Iterator.jl:420
┌ Warning: Make sure you are not using this option for non-mixed constraints!
└ @ SNNT.QueryGeneration ~/Dokumente/Projects/CPS/NN-Safety-via-dL/repos/NCubeV-Reinstall/src/QueryGeneration/Iterator.jl:421
┌ Warning: Generating independent linear disjunctions
└ @ SNNT.QueryGeneration ~/Dokumente/Projects/CPS/NN-Safety-via-dL/repos/NCubeV-Reinstall/src/QueryGeneration/Iterator.jl:420
┌ Warning: Make sure you are not using this option for non-mixed constraints!
└ @ SNNT.QueryGeneration ~/Dokumente/Projects/CPS/NN-Safety-via-dL/repos/NCubeV-Reinstall/src/QueryGeneration/Iterator.jl:421
┌ Warning: Generating independent linear disjunctions
└ @ SNNT.QueryGeneration ~/Dokumente/Projects/CPS/NN-Safety-via-dL/repos/NCubeV-Reinstall/src/QueryGeneration/Iterator.jl:420
┌ Warning: Make sure you are not using this option for non-mixed constraints!
└ @ SNNT.QueryGeneration ~/Dokumente/Projects/CPS/NN-Safety-via-dL/repos/NCubeV-Reinstall/src/QueryGeneration/Iterator.jl:421
┌ Warning: Generating independent linear disjunctions
└ @ SNNT.QueryGeneration ~/Dokumente/Projects/CPS/NN-Safety-via-dL/repos/NCubeV-Reinstall/src/QueryGeneration/Iterator.jl:420
┌ Warning: Make sure you are not using this option for non-mixed constraints!
└ @ SNNT.QueryGeneration ~/Dokumente/Projects/CPS/NN-Safety-via-dL/repos/NCubeV-Reinstall/src/QueryGeneration/Iterator.jl:421
┌ Warning: Generating independent linear disjunctions
└ @ SNNT.QueryGeneration ~/Dokumente/Projects/CPS/NN-Safety-via-dL/repos/NCubeV-Reinstall/src/QueryGeneration/Iterator.jl:420
┌ Warning: Make sure you are not using this option for non-mixed constraints!
└ @ SNNT.QueryGeneration ~/Dokumente/Projects/CPS/NN-Safety-via-dL/repos/NCubeV-Reinstall/src/QueryGeneration/Iterator.jl:421
┌ Warning: Generating independent linear disjunctions
└ @ SNNT.QueryGeneration ~/Dokumente/Projects/CPS/NN-Safety-via-dL/repos/NCubeV-Reinstall/src/QueryGeneration/Iterator.jl:420
┌ Warning: Make sure you are not using this option for non-mixed constraints!
└ @ SNNT.QueryGeneration ~/Dokumente/Projects/CPS/NN-Safety-via-dL/repos/NCubeV-Reinstall/src/QueryGeneration/Iterator.jl:421
┌ Warning: Generating independent linear disjunctions
└ @ SNNT.QueryGeneration ~/Dokumente/Projects/CPS/NN-Safety-via-dL/repos/NCubeV-Reinstall/src/QueryGeneration/Iterator.jl:420
┌ Warning: Make sure you are not using this option for non-mixed constraints!
└ @ SNNT.QueryGeneration ~/Dokumente/Projects/CPS/NN-Safety-via-dL/repos/NCubeV-Reinstall/src/QueryGeneration/Iterator.jl:421
┌ Warning: Generating independent linear disjunctions
└ @ SNNT.QueryGeneration ~/Dokumente/Projects/CPS/NN-Safety-via-dL/repos/NCubeV-Reinstall/src/QueryGeneration/Iterator.jl:420
┌ Warning: Make sure you are not using this option for non-mixed constraints!
└ @ SNNT.QueryGeneration ~/Dokumente/Projects/CPS/NN-Safety-via-dL/repos/NCubeV-Reinstall/src/QueryGeneration/Iterator.jl:421
┌ Warning: Generating independent linear disjunctions
└ @ SNNT.QueryGeneration ~/Dokumente/Projects/CPS/NN-Safety-via-dL/repos/NCubeV-Reinstall/src/QueryGeneration/Iterator.jl:420
┌ Warning: Make sure you are not using this option for non-mixed constraints!
└ @ SNNT.QueryGeneration ~/Dokumente/Projects/CPS/NN-Safety-via-dL/repos/NCubeV-Reinstall/src/QueryGeneration/Iterator.jl:421
┌ Warning: Generating independent linear disjunctions
└ @ SNNT.QueryGeneration ~/Dokumente/Projects/CPS/NN-Safety-via-dL/repos/NCubeV-Reinstall/src/QueryGeneration/Iterator.jl:420
[QUERY] Looking for nonlinear input combinations...
[QUERY] Found all non-linear combinations. Count: 1
[QUERY] Returning nonlinear disjunction
[CTRL] Considering conjunction with 37 input constraints and a disjunction of size 5
[APPROX] Checking cache: SNNT.Approx.ApproxCacheObject[]
[APPROX] Constructing Approximation
[APPROX] Resolving approximation
[CTRL] Initiating iterator over current linear queries
[APPROX] # Conjunctions over output: 5
[CTRL] Processing linear query no. 82
[NNENUM] Running nnenum now...
[NNENUM] lb: [-0.4999999701976776, -0.33623147889292704, 5.000000171712609e-6, 0.075, -0.1, -0.1, -0.1, -0.1, -0.1, -0.1, -0.1, -0.1, -0.1]
[NNENUM] ub: [-0.00625, -0.18296763576522218, 5.000000171712609e-6, 0.5, 0.09999999999999999, 0.09999999999999999, 0.09999999999999999, 0.09999999999999999, 0.09999999999999999, 0.09999999999999999, 0.09999999999999999, 0.09999999999999999, 0.09999999999999999]
[NNENUM] Creating LP Star...
[NNENUM] Checking feasibility
[NNENUM] Generating output Spec...
[NNENUM] Spec list length:  5
[NNENUM] Enumeration in progress... 
(0.1 sec) Q: 0, Sets: 0/1  (0.0%) CEs: 0 ETA: - (expected 1 stars)   
(0.2 sec) Q: 0, Sets: 1/6  (6.25%) CEs: 0 ETA: 2.8 sec (expected 16 stars)   
(0.3 sec) Q: 0, Sets: 13/13  (100.0%) CEs: 0 ETA: 0.0 sec (expected 13 stars)   
Total Stars: 13 (3 exact, 10 approx)
Unfinished Stars: 0
Runtime: 0.3 sec
Completed work frac: 1.0
Num Stars Copied Between Processes: 0
Num Lps During Enumeration: 188
Total Num Lps: 188

Result: network is SAFE

[NNENUM] Result: 
<nnenum.result.Result object at 0x747e3beecbe0>
[NNENUM] Enumeration finished.
safe
[NNENUM] Found counter-example stars: 0
[NNENUM] Filtering result using SMT solver...
[SMT] SMT filtered out 0 stars (out of 0; TO: 0).
[QUERY] Looking for nonlinear input combinations...
[QUERY] Found all non-linear combinations. Count: 1
[QUERY] Returning nonlinear disjunction
[CTRL] Considering conjunction with 37 input constraints and a disjunction of size 5
[APPROX] Checking cache: SNNT.Approx.ApproxCacheObject[]
[APPROX] Constructing Approximation
[APPROX] Resolving approximation
[CTRL] Initiating iterator over current linear queries
[APPROX] # Conjunctions over output: 5
[CTRL] Processing linear query no. 83
[NNENUM] Running nnenum now...
[NNENUM] lb: [-0.4999999701976776, -0.33623147889292704, 5.000000171712609e-6, 0.075, -0.1, -0.1, -0.1, -0.1, -0.1, -0.1, -0.1, -0.1, -0.1]
[NNENUM] ub: [-0.00625, -0.18296763576522218, 5.000000171712609e-6, 0.5, 0.09999999999999999, 0.09999999999999999, 0.09999999999999999, 0.09999999999999999, 0.09999999999999999, 0.09999999999999999, 0.09999999999999999, 0.09999999999999999, 0.09999999999999999]
[NNENUM] Creating LP Star...
[NNENUM] Checking feasibility
[NNENUM] Generating output Spec...
[NNENUM] Spec list length:  5
[NNENUM] Enumeration in progress... 
(0.1 sec) Q: 0, Sets: 0/1  (0.0%) CEs: 0 ETA: - (expected 1 stars)   
(0.2 sec) Q: 0, Sets: 3/6  (50.0%) CEs: 0 ETA: 0.2 sec (expected 6 stars)   

Total Stars: 7 (1 exact, 6 approx)
Unfinished Stars: 0
Runtime: 0.2 sec
Completed work frac: 1.0
Num Stars Copied Between Processes: 0
Num Lps During Enumeration: 128
Total Num Lps: 128

Result: network is SAFE

[NNENUM] Result: 
<nnenum.result.Result object at 0x747e39f573a0>
[NNENUM] Enumeration finished.
safe
[NNENUM] Found counter-example stars: 0
[NNENUM] Filtering result using SMT solver...
[SMT] SMT filtered out 0 stars (out of 0; TO: 0).
[QUERY] Looking for nonlinear input combinations...
[QUERY] Found all non-linear combinations. Count: 2
[QUERY] Returning nonlinear disjunction
[CTRL] Considering conjunction with 37 input constraints and a disjunction of size 5
[APPROX] Checking cache: SNNT.Approx.ApproxCacheObject[]
[APPROX] Constructing Approximation
[APPROX] Resolving approximation
[CTRL] Initiating iterator over current linear queries
[APPROX] # Conjunctions over output: 5
[CTRL] Processing linear query no. 84
[NNENUM] Running nnenum now...
[NNENUM] lb: [-0.4999999701976776, -0.33623147889292704, 5.000000171712609e-6, 0.075, -0.1, -0.1, -0.1, -0.1, -0.1, -0.1, -0.1, -0.1, -0.1]
[NNENUM] ub: [-0.00625, -0.18296763576522218, 5.000000171712609e-6, 0.5, 0.09999999999999999, 0.09999999999999999, 0.09999999999999999, 0.09999999999999999, 0.09999999999999999, 0.09999999999999999, 0.09999999999999999, 0.09999999999999999, 0.09999999999999999]
[NNENUM] Creating LP Star...
[NNENUM] Checking feasibility
[NNENUM] Generating output Spec...
[NNENUM] Spec list length:  5
[NNENUM] Enumeration in progress... 
(0.1 sec) Q: 0, Sets: 0/1  (0.0%) CEs: 0 ETA: - (expected 1 stars)   
(0.2 sec) Q: 0, Sets: 0/2  (0.0%) CEs: 0 ETA: - (expected 1 stars)   

Total Stars: 7 (2 exact, 5 approx)
Unfinished Stars: 0
Runtime: 0.3 sec
Completed work frac: 1.0
Num Stars Copied Between Processes: 0
Num Lps During Enumeration: 78
Total Num Lps: 78

Result: network is SAFE

[NNENUM] Result: 
<nnenum.result.Result object at 0x747e39f57880>
[NNENUM] Enumeration finished.
safe
[NNENUM] Found counter-example stars: 0
[NNENUM] Filtering result using SMT solver...
[SMT] SMT filtered out 0 stars (out of 0; TO: 0).
[QUERY] Looking for nonlinear input combinations...
[QUERY] Found all non-linear combinations. Count: 2
[QUERY] Returning nonlinear disjunction
[CTRL] Considering conjunction with 37 input constraints and a disjunction of size 5
[APPROX] Checking cache: SNNT.Approx.ApproxCacheObject[]
[APPROX] Constructing Approximation
[APPROX] Resolving approximation
[CTRL] Initiating iterator over current linear queries
[APPROX] # Conjunctions over output: 5
[CTRL] Processing linear query no. 85
[NNENUM] Running nnenum now...
[NNENUM] lb: [-0.4999999701976776, -0.33623147889292704, 5.000000171712609e-6, 0.075, -0.1, -0.1, -0.1, -0.1, -0.1, -0.1, -0.1, -0.1, -0.1]
[NNENUM] ub: [-0.00625, -0.18296763576522218, 5.000000171712609e-6, 0.5, 0.09999999999999999, 0.09999999999999999, 0.09999999999999999, 0.09999999999999999, 0.09999999999999999, 0.09999999999999999, 0.09999999999999999, 0.09999999999999999, 0.09999999999999999]
[NNENUM] Creating LP Star...
[NNENUM] Checking feasibility
[NNENUM] Generating output Spec...
[NNENUM] Spec list length:  5
[NNENUM] Enumeration in progress... 
(0.1 sec) Q: 0, Sets: 0/1  (0.0%) CEs: 0 ETA: - (expected 1 stars)   
(0.2 sec) Q: 0, Sets: 6/8  (75.0%) CEs: 0 ETA: 0.1 sec (expected 8 stars)   

Total Stars: 11 (2 exact, 9 approx)
Unfinished Stars: 0
Runtime: 0.3 sec
Completed work frac: 1.0
Num Stars Copied Between Processes: 0
Num Lps During Enumeration: 76
Total Num Lps: 76

Result: network is SAFE

[NNENUM] Result: 
<nnenum.result.Result object at 0x747e3be85af0>
[NNENUM] Enumeration finished.
safe
[NNENUM] Found counter-example stars: 0
[NNENUM] Filtering result using SMT solver...
[SMT] SMT filtered out 0 stars (out of 0; TO: 0).
[QUERY] Looking for nonlinear input combinations...
[QUERY] Found all non-linear combinations. Count: 1
[QUERY] Returning nonlinear disjunction
[CTRL] Considering conjunction with 37 input constraints and a disjunction of size 5
[APPROX] Checking cache: SNNT.Approx.ApproxCacheObject[]
[APPROX] Constructing Approximation
[APPROX] Resolving approximation
[CTRL] Initiating iterator over current linear queries
[APPROX] # Conjunctions over output: 5
[CTRL] Processing linear query no. 86
[NNENUM] Running nnenum now...
[NNENUM] lb: [-0.4999999701976776, -0.33623147889292704, 5.000000171712609e-6, 0.075, -0.1, -0.1, -0.1, -0.1, -0.1, -0.1, -0.1, -0.1, -0.1]
[NNENUM] ub: [-0.00625, -0.18296763576522218, 5.000000171712609e-6, 0.5, 0.09999999999999999, 0.09999999999999999, 0.09999999999999999, 0.09999999999999999, 0.09999999999999999, 0.09999999999999999, 0.09999999999999999, 0.09999999999999999, 0.09999999999999999]
[NNENUM] Creating LP Star...
[NNENUM] Checking feasibility
[NNENUM] Generating output Spec...
[NNENUM] Spec list length:  5
[NNENUM] Enumeration in progress... 
(0.1 sec) Q: 0, Sets: 0/1  (0.0%) CEs: 0 ETA: - (expected 1 stars)   
(0.2 sec) Q: 0, Sets: 0/2  (0.0%) CEs: 0 ETA: - (expected 1 stars)   
(0.3 sec) Q: 0, Sets: 5/10  (10.156%) CEs: 0 ETA: 2.9 sec (expected 49 stars)   (0.5 sec) Q: 0, Sets: 7/11  (12.5%) CEs: 0 ETA: 3.5 sec (expected 56 stars)   
(0.6 sec) Q: 0, Sets: 9/18  (15.674%) CEs: 0 ETA: 3.3 sec (expected 57 stars)   (0.7 sec) Q: 0, Sets: 15/19  (17.188%) CEs: 0 ETA: 3.4 sec (expected 87 stars)   (0.8 sec) Q: 0, Sets: 22/25  (56.25%) CEs: 0 ETA: 0.6 sec (expected 39 stars)   
Total Stars: 25 (0 exact, 25 approx)
Unfinished Stars: 0
Runtime: 0.9 sec
Completed work frac: 1.0
Num Stars Copied Between Processes: 0
Num Lps During Enumeration: 0
Total Num Lps: 0

Result: network is SAFE

[NNENUM] Result: 
<nnenum.result.Result object at 0x747e3bef90a0>
[NNENUM] Enumeration finished.
safe
[NNENUM] Found counter-example stars: 0
[NNENUM] Filtering result using SMT solver...
[SMT] SMT filtered out 0 stars (out of 0; TO: 0).
[QUERY] Looking for nonlinear input combinations...
.[QUERY] Found all non-linear combinations. Count: 2
[QUERY] Returning nonlinear disjunction
[CTRL] Considering conjunction with 38 input constraints and a disjunction of size 5
[APPROX] Checking cache: SNNT.Approx.ApproxCacheObject[]
[APPROX] Constructing Approximation
[APPROX] Resolving approximation
[CTRL] Initiating iterator over current linear queries
[APPROX] # Conjunctions over output: 5
[CTRL] Processing linear query no. 87
[NNENUM] Running nnenum now...
[NNENUM] lb: [-0.4999999701976776, -0.4999999701976776, 5.000000171712609e-6, 0.075, -0.1, -0.1, -0.1, -0.1, -0.1, -0.1, -0.1, -0.1, -0.1]
[NNENUM] ub: [-0.00625, -0.33623147889292704, 5.000000171712609e-6, 0.5, 0.09999999999999999, 0.09999999999999999, 0.09999999999999999, 0.09999999999999999, 0.09999999999999999, 0.09999999999999999, 0.09999999999999999, 0.09999999999999999, 0.09999999999999999]
[NNENUM] Creating LP Star...
[NNENUM] Checking feasibility
[NNENUM] Generating output Spec...
[NNENUM] Spec list length:  5
[NNENUM] Enumeration in progress... 
(0.1 sec) Q: 0, Sets: 0/1  (0.0%) CEs: 0 ETA: - (expected 1 stars)   
(0.2 sec) Q: 0, Sets: 4/7  (12.5%) CEs: 0 ETA: 1.2 sec (expected 32 stars)   

Total Stars: 10 (0 exact, 10 approx)
Unfinished Stars: 0
Runtime: 0.2 sec
Completed work frac: 1.0
Num Stars Copied Between Processes: 0
Num Lps During Enumeration: 0
Total Num Lps: 0

Result: network is SAFE

[NNENUM] Result: 
<nnenum.result.Result object at 0x747e3a7274c0>
[NNENUM] Enumeration finished.
safe
[NNENUM] Found counter-example stars: 0
[NNENUM] Filtering result using SMT solver...
[SMT] SMT filtered out 0 stars (out of 0; TO: 0).
[QUERY] Looking for nonlinear input combinations...
[QUERY] Found all non-linear combinations. Count: 1
[QUERY] Returning nonlinear disjunction
[CTRL] Considering conjunction with 38 input constraints and a disjunction of size 5
[APPROX] Checking cache: SNNT.Approx.ApproxCacheObject[]
[APPROX] Constructing Approximation
[APPROX] Resolving approximation
[CTRL] Initiating iterator over current linear queries
[APPROX] # Conjunctions over output: 5
[CTRL] Processing linear query no. 88
[NNENUM] Running nnenum now...
[NNENUM] lb: [-0.4999999701976776, -0.4999999701976776, 5.000000171712609e-6, 0.075, -0.1, -0.1, -0.1, -0.1, -0.1, -0.1, -0.1, -0.1, -0.1]
[NNENUM] ub: [-0.00625, -0.33623147889292704, 5.000000171712609e-6, 0.5, 0.09999999999999999, 0.09999999999999999, 0.09999999999999999, 0.09999999999999999, 0.09999999999999999, 0.09999999999999999, 0.09999999999999999, 0.09999999999999999, 0.09999999999999999]
[NNENUM] Creating LP Star...
[NNENUM] Checking feasibility
[NNENUM] Generating output Spec...
[NNENUM] Spec list length:  5
[NNENUM] Enumeration in progress... 
(0.1 sec) Q: 0, Sets: 0/1  (0.0%) CEs: 0 ETA: - (expected 1 stars)   
(0.2 sec) Q: 0, Sets: 0/2  (0.0%) CEs: 0 ETA: - (expected 1 stars)   
(0.3 sec) Q: 0, Sets: 4/8  (6.25%) CEs: 0 ETA: 4.6 sec (expected 64 stars)   (0.4 sec) Q: 0, Sets: 11/13  (90.625%) CEs: 0 ETA: 0.0 sec (expected 12 stars)   

Total Stars: 15 (1 exact, 14 approx)
Unfinished Stars: 0
Runtime: 0.4 sec
Completed work frac: 1.0
Num Stars Copied Between Processes: 0
Num Lps During Enumeration: 10
Total Num Lps: 10

Result: network is SAFE

[NNENUM] Result: 
<nnenum.result.Result object at 0x747e3a5a95b0>
[NNENUM] Enumeration finished.
safe
[NNENUM] Found counter-example stars: 0
[NNENUM] Filtering result using SMT solver...
[SMT] SMT filtered out 0 stars (out of 0; TO: 0).
[QUERY] Looking for nonlinear input combinations...
[QUERY] Found all non-linear combinations. Count: 1
[QUERY] Returning nonlinear disjunction
[CTRL] Considering conjunction with 38 input constraints and a disjunction of size 5
[APPROX] Checking cache: SNNT.Approx.ApproxCacheObject[]
[APPROX] Constructing Approximation
[APPROX] Resolving approximation
[CTRL] Initiating iterator over current linear queries
[APPROX] # Conjunctions over output: 5
[CTRL] Processing linear query no. 89
[NNENUM] Running nnenum now...
[NNENUM] lb: [-0.4999999701976776, -0.4999999701976776, 5.000000171712609e-6, 0.075, -0.1, -0.1, -0.1, -0.1, -0.1, -0.1, -0.1, -0.1, -0.1]
[NNENUM] ub: [-0.00625, -0.33623147889292704, 5.000000171712609e-6, 0.5, 0.09999999999999999, 0.09999999999999999, 0.09999999999999999, 0.09999999999999999, 0.09999999999999999, 0.09999999999999999, 0.09999999999999999, 0.09999999999999999, 0.09999999999999999]
[NNENUM] Creating LP Star...
[NNENUM] Checking feasibility
[NNENUM] Generating output Spec...
[NNENUM] Spec list length:  5
[NNENUM] Enumeration in progress... 
(0.1 sec) Q: 0, Sets: 0/1  (0.0%) CEs: 0 ETA: - (expected 1 stars)   
(0.2 sec) Q: 0, Sets: 5/7  (50.0%) CEs: 0 ETA: 0.2 sec (expected 10 stars)   

Total Stars: 8 (1 exact, 7 approx)
Unfinished Stars: 0
Runtime: 0.2 sec
Completed work frac: 1.0
Num Stars Copied Between Processes: 0
Num Lps During Enumeration: 11
Total Num Lps: 11

Result: network is SAFE

[NNENUM] Result: 
<nnenum.result.Result object at 0x747e3a597460>
[NNENUM] Enumeration finished.
safe
[NNENUM] Found counter-example stars: 0
[NNENUM] Filtering result using SMT solver...
[SMT] SMT filtered out 0 stars (out of 0; TO: 0).
[QUERY] Looking for nonlinear input combinations...
.[QUERY] Found all non-linear combinations. Count: 1
[QUERY] Returning nonlinear disjunction
[CTRL] Considering conjunction with 37 input constraints and a disjunction of size 5
[APPROX] Checking cache: SNNT.Approx.ApproxCacheObject[]
[APPROX] Constructing Approximation
[APPROX] Resolving approximation
[CTRL] Initiating iterator over current linear queries
[APPROX] # Conjunctions over output: 5
[CTRL] Processing linear query no. 90
[NNENUM] Running nnenum now...
[NNENUM] lb: [-0.4999999701976776, -0.18296763576522218, 5.000000171712609e-6, 0.075, -0.1, -0.1, -0.1, -0.1, -0.1, -0.1, -0.1, -0.1, -0.1]
[NNENUM] ub: [-0.00625, -0.125, 5.000000171712609e-6, 0.5, 0.09999999999999999, 0.09999999999999999, 0.09999999999999999, 0.09999999999999999, 0.09999999999999999, 0.09999999999999999, 0.09999999999999999, 0.09999999999999999, 0.09999999999999999]
[NNENUM] Creating LP Star...
[NNENUM] Checking feasibility
[NNENUM] Generating output Spec...
[NNENUM] Spec list length:  5
[NNENUM] Enumeration in progress... 
(0.1 sec) Q: 0, Sets: 0/1  (0.0%) CEs: 0 ETA: - (expected 1 stars)   
(0.2 sec) Q: 0, Sets: 0/2  (0.0%) CEs: 0 ETA: - (expected 1 stars)   
(0.3 sec) Q: 0, Sets: 4/6  (37.5%) CEs: 0 ETA: 0.5 sec (expected 11 stars)   (0.4 sec) Q: 0, Sets: 10/13  (62.5%) CEs: 0 ETA: 0.2 sec (expected 16 stars)   

Total Stars: 14 (0 exact, 14 approx)
Unfinished Stars: 0
Runtime: 0.4 sec
Completed work frac: 1.0
Num Stars Copied Between Processes: 0
Num Lps During Enumeration: 0
Total Num Lps: 0

Result: network is SAFE

[NNENUM] Result: 
<nnenum.result.Result object at 0x747e3a5abdf0>
[NNENUM] Enumeration finished.
safe
[NNENUM] Found counter-example stars: 0
[NNENUM] Filtering result using SMT solver...
[SMT] SMT filtered out 0 stars (out of 0; TO: 0).
[QUERY] Looking for nonlinear input combinations...
[QUERY] Found all non-linear combinations. Count: 1
[QUERY] Returning nonlinear disjunction
[CTRL] Considering conjunction with 37 input constraints and a disjunction of size 5
[APPROX] Checking cache: SNNT.Approx.ApproxCacheObject[]
[APPROX] Constructing Approximation
[APPROX] Resolving approximation
[CTRL] Initiating iterator over current linear queries
[APPROX] # Conjunctions over output: 5
[CTRL] Processing linear query no. 91
[NNENUM] Running nnenum now...
[NNENUM] lb: [-0.4999999701976776, -0.18296763576522218, 5.000000171712609e-6, 0.075, -0.1, -0.1, -0.1, -0.1, -0.1, -0.1, -0.1, -0.1, -0.1]
[NNENUM] ub: [-0.00625, -0.125, 5.000000171712609e-6, 0.5, 0.09999999999999999, 0.09999999999999999, 0.09999999999999999, 0.09999999999999999, 0.09999999999999999, 0.09999999999999999, 0.09999999999999999, 0.09999999999999999, 0.09999999999999999]
[NNENUM] Creating LP Star...
[NNENUM] Checking feasibility
[NNENUM] Generating output Spec...
[NNENUM] Spec list length:  5
[NNENUM] Enumeration in progress... 
(0.1 sec) Q: 0, Sets: 0/1  (0.0%) CEs: 0 ETA: - (expected 1 stars)   
(0.2 sec) Q: 0, Sets: 1/5  (25.0%) CEs: 0 ETA: 0.6 sec (expected 4 stars)   

Total Stars: 9 (1 exact, 8 approx)
Unfinished Stars: 0
Runtime: 0.2 sec
Completed work frac: 1.0
Num Stars Copied Between Processes: 0
Num Lps During Enumeration: 11
Total Num Lps: 11

Result: network is SAFE

[NNENUM] Result: 
<nnenum.result.Result object at 0x747e3a5afc40>
[NNENUM] Enumeration finished.
safe
[NNENUM] Found counter-example stars: 0
[NNENUM] Filtering result using SMT solver...
[SMT] SMT filtered out 0 stars (out of 0; TO: 0).
[QUERY] Looking for nonlinear input combinations...
[QUERY] Found all non-linear combinations. Count: 1
[QUERY] Returning nonlinear disjunction
[CTRL] Considering conjunction with 38 input constraints and a disjunction of size 5
[APPROX] Checking cache: SNNT.Approx.ApproxCacheObject[]
[APPROX] Constructing Approximation
[APPROX] Resolving approximation
[CTRL] Initiating iterator over current linear queries
[APPROX] # Conjunctions over output: 5
[CTRL] Processing linear query no. 92
[NNENUM] Running nnenum now...
[NNENUM] lb: [-0.4999999701976776, -0.4999999701976776, 5.000000171712609e-6, 0.075, -0.1, -0.1, -0.1, -0.1, -0.1, -0.1, -0.1, -0.1, -0.1]
[NNENUM] ub: [-0.00625, -0.33623147889292704, 5.000000171712609e-6, 0.5, 0.09999999999999999, 0.09999999999999999, 0.09999999999999999, 0.09999999999999999, 0.09999999999999999, 0.09999999999999999, 0.09999999999999999, 0.09999999999999999, 0.09999999999999999]
[NNENUM] Creating LP Star...
[NNENUM] Checking feasibility
[NNENUM] Generating output Spec...
[NNENUM] Spec list length:  5
[NNENUM] Enumeration in progress... 
(0.1 sec) Q: 0, Sets: 0/1  (0.0%) CEs: 0 ETA: - (expected 1 stars)   
(0.2 sec) Q: 0, Sets: 0/2  (0.0%) CEs: 0 ETA: - (expected 1 stars)   

Total Stars: 7 (1 exact, 6 approx)
Unfinished Stars: 0
Runtime: 0.3 sec
Completed work frac: 1.0
Num Stars Copied Between Processes: 0
Num Lps During Enumeration: 43
Total Num Lps: 43

Result: network is SAFE

[NNENUM] Result: 
<nnenum.result.Result object at 0x747e3a5a9670>
[NNENUM] Enumeration finished.
safe
[NNENUM] Found counter-example stars: 0
[NNENUM] Filtering result using SMT solver...
[SMT] SMT filtered out 0 stars (out of 0; TO: 0).
[QUERY] Looking for nonlinear input combinations...
[QUERY] Found all non-linear combinations. Count: 2
[QUERY] Returning nonlinear disjunction
[CTRL] Considering conjunction with 38 input constraints and a disjunction of size 5
[APPROX] Checking cache: SNNT.Approx.ApproxCacheObject[]
[APPROX] Constructing Approximation
[APPROX] Resolving approximation
[CTRL] Initiating iterator over current linear queries
[APPROX] # Conjunctions over output: 5
[CTRL] Processing linear query no. 93
[NNENUM] Running nnenum now...
[NNENUM] lb: [-0.4999999701976776, -0.4999999701976776, 5.000000171712609e-6, 0.075, -0.1, -0.1, -0.1, -0.1, -0.1, -0.1, -0.1, -0.1, -0.1]
[NNENUM] ub: [-0.00625, -0.33623147889292704, 5.000000171712609e-6, 0.5, 0.09999999999999999, 0.09999999999999999, 0.09999999999999999, 0.09999999999999999, 0.09999999999999999, 0.09999999999999999, 0.09999999999999999, 0.09999999999999999, 0.09999999999999999]
[NNENUM] Creating LP Star...
[NNENUM] Checking feasibility
[NNENUM] Generating output Spec...
[NNENUM] Spec list length:  5
[NNENUM] Enumeration in progress... 
(0.1 sec) Q: 0, Sets: 0/1  (0.0%) CEs: 0 ETA: - (expected 1 stars)   
(0.2 sec) Q: 0, Sets: 4/6  (37.5%) CEs: 0 ETA: 0.3 sec (expected 11 stars)   

Total Stars: 11 (1 exact, 10 approx)
Unfinished Stars: 0
Runtime: 0.2 sec
Completed work frac: 1.0
Num Stars Copied Between Processes: 0
Num Lps During Enumeration: 47
Total Num Lps: 47

Result: network is SAFE

[NNENUM] Result: 
<nnenum.result.Result object at 0x747e3a5a2520>
[NNENUM] Enumeration finished.
safe
[NNENUM] Found counter-example stars: 0
[NNENUM] Filtering result using SMT solver...
[SMT] SMT filtered out 0 stars (out of 0; TO: 0).
[QUERY] Looking for nonlinear input combinations...
[QUERY] Found all non-linear combinations. Count: 1
[QUERY] Returning nonlinear disjunction
[CTRL] Considering conjunction with 38 input constraints and a disjunction of size 5
[APPROX] Checking cache: SNNT.Approx.ApproxCacheObject[]
[APPROX] Constructing Approximation
[APPROX] Resolving approximation
[CTRL] Initiating iterator over current linear queries
[APPROX] # Conjunctions over output: 5
[CTRL] Processing linear query no. 94
[NNENUM] Running nnenum now...
[NNENUM] lb: [-0.4999999701976776, -0.4999999701976776, 5.000000171712609e-6, 0.075, -0.1, -0.1, -0.1, -0.1, -0.1, -0.1, -0.1, -0.1, -0.1]
[NNENUM] ub: [-0.00625, -0.33623147889292704, 5.000000171712609e-6, 0.5, 0.09999999999999999, 0.09999999999999999, 0.09999999999999999, 0.09999999999999999, 0.09999999999999999, 0.09999999999999999, 0.09999999999999999, 0.09999999999999999, 0.09999999999999999]
[NNENUM] Creating LP Star...
[NNENUM] Checking feasibility
[NNENUM] Generating output Spec...
[NNENUM] Spec list length:  5
[NNENUM] Enumeration in progress... 
(0.1 sec) Q: 0, Sets: 0/1  (0.0%) CEs: 0 ETA: - (expected 1 stars)   
(0.2 sec) Q: 0, Sets: 0/2  (0.0%) CEs: 0 ETA: - (expected 1 stars)   
(0.3 sec) Q: 0, Sets: 1/7  (3.125%) CEs: 0 ETA: 10.7 sec (expected 32 stars)   (0.5 sec) Q: 0, Sets: 10/13  (31.25%) CEs: 0 ETA: 1.0 sec (expected 32 stars)   
(0.6 sec) Q: 0, Sets: 14/16  (75.0%) CEs: 0 ETA: 0.2 sec (expected 19 stars)   
Total Stars: 18 (2 exact, 16 approx)
Unfinished Stars: 0
Runtime: 0.6 sec
Completed work frac: 1.0
Num Stars Copied Between Processes: 0
Num Lps During Enumeration: 74
Total Num Lps: 74

Result: network is SAFE

[NNENUM] Result: 
<nnenum.result.Result object at 0x747e3a5abeb0>
[NNENUM] Enumeration finished.
safe
[NNENUM] Found counter-example stars: 0
[NNENUM] Filtering result using SMT solver...
[SMT] SMT filtered out 0 stars (out of 0; TO: 0).
[QUERY] Looking for nonlinear input combinations...
[QUERY] Found all non-linear combinations. Count: 2
[QUERY] Returning nonlinear disjunction
[CTRL] Considering conjunction with 38 input constraints and a disjunction of size 5
[APPROX] Checking cache: SNNT.Approx.ApproxCacheObject[]
[APPROX] Constructing Approximation
[APPROX] Resolving approximation
[CTRL] Initiating iterator over current linear queries
[APPROX] # Conjunctions over output: 5
[CTRL] Processing linear query no. 95
[NNENUM] Running nnenum now...
[NNENUM] lb: [-0.4999999701976776, -0.18296763576522218, 5.000000171712609e-6, 0.075, -0.1, -0.1, -0.1, -0.1, -0.1, -0.1, -0.1, -0.1, -0.1]
[NNENUM] ub: [-0.00625, -0.125, 5.000000171712609e-6, 0.5, 0.09999999999999999, 0.09999999999999999, 0.09999999999999999, 0.09999999999999999, 0.09999999999999999, 0.09999999999999999, 0.09999999999999999, 0.09999999999999999, 0.09999999999999999]
[NNENUM] Creating LP Star...
[NNENUM] Checking feasibility
[NNENUM] Generating output Spec...
[NNENUM] Spec list length:  5
[NNENUM] Enumeration in progress... 
(0.1 sec) Q: 0, Sets: 0/1  (0.0%) CEs: 0 ETA: - (expected 1 stars)   
(0.2 sec) Q: 0, Sets: 0/9  (0.0%) CEs: 0 ETA: - (expected 1 stars)   
(0.3 sec) Q: 0, Sets: 8/15  (3.516%) CEs: 0 ETA: 7.6 sec (expected 228 stars)   (0.4 sec) Q: 0, Sets: 15/17  (25.0%) CEs: 0 ETA: 1.1 sec (expected 60 stars)   
(0.5 sec) Q: 0, Sets: 20/23  (56.25%) CEs: 0 ETA: 0.4 sec (expected 36 stars)   (0.6 sec) Q: 0, Sets: 26/28  (71.875%) CEs: 0 ETA: 0.2 sec (expected 36 stars)   
Total Stars: 31 (1 exact, 30 approx)
Unfinished Stars: 0
Runtime: 0.7 sec
Completed work frac: 1.0
Num Stars Copied Between Processes: 0
Num Lps During Enumeration: 9
Total Num Lps: 9

Result: network is SAFE

[NNENUM] Result: 
<nnenum.result.Result object at 0x747e3bedebb0>
[NNENUM] Enumeration finished.
safe
[NNENUM] Found counter-example stars: 0
[NNENUM] Filtering result using SMT solver...
[SMT] SMT filtered out 0 stars (out of 0; TO: 0).
[CTRL] Saving current state of verification...
 ────────────────────────────────────────────────────────────────────────────────
                                        Time                    Allocations      
                               ───────────────────────   ────────────────────────
       Tot / % measured:             260s /  10.5%           18.6GiB /  18.6%    

 Section               ncalls     time    %tot     avg     alloc    %tot      avg
 ────────────────────────────────────────────────────────────────────────────────
 get_approx_query           1    27.3s  100.0%   27.3s   3.46GiB  100.0%  3.46GiB
   OVERT                    3    16.4s   59.9%   5.45s   2.00GiB   57.8%   683MiB
 query_iteration            0   0.00ns    0.0%    NaNh     0.00B    0.0%        -
   olnnv_query_proc...     93     154s  564.0%   1.66s   4.99GiB  144.3%  55.0MiB
     nnv                   94     155s  566.4%   1.64s   4.99GiB  144.3%  54.4MiB
       star_filter         94    58.3s  213.7%   621ms   4.79GiB  138.5%  52.2MiB
         z3_check       7.54k    53.1s  194.6%  7.05ms   3.40GiB   98.3%   473KiB
     status_backup          1    7.66s   28.1%   7.66s    470MiB   13.3%   470MiB
   next_query              94    30.6s  112.1%   325ms   5.87GiB  169.8%  64.0MiB
     check_infeasib...    730    24.4s   89.3%  33.4ms   4.51GiB  130.5%  6.33MiB
       check_infeas...    730    14.0s   51.1%  19.1ms   1.87GiB   54.0%  2.62MiB
         SMTprep        1.59k    9.15s   33.5%  5.74ms   1.49GiB   43.2%  0.96MiB
         z3_check         796    4.59s   16.8%  5.76ms    353MiB   10.0%   455KiB
         feasibilit...  1.16k   21.7ms    0.1%  18.7μs   1.81MiB    0.1%  1.59KiB
         feasibilit...    754   4.38ms    0.0%  5.81μs   2.15MiB    0.1%  2.92KiB
       check_infeas...    730    10.4s   38.2%  14.3ms   2.64GiB   76.5%  3.71MiB
         SMTprep        1.71k    5.32s   19.5%  3.10ms    855MiB   24.2%   511KiB
         LP_populat...    706    2.90s   10.6%  4.11ms   1.58GiB   45.7%  2.29MiB
         z3_check         857    908ms    3.3%  1.06ms   28.4MiB    0.8%  33.9KiB
         LP_check         706    347ms    1.3%   491μs   45.0MiB    1.3%  65.3KiB
         LP_create_...    706    336ms    1.2%   476μs   43.0MiB    1.2%  62.4KiB
         LP_add_con...    706    299ms    1.1%   424μs    105MiB    3.0%   152KiB
         feasibilit...  1.46k   13.6ms    0.0%  9.29μs   2.14MiB    0.1%  1.50KiB
         feasibilit...    706   3.13ms    0.0%  4.44μs   1.15MiB    0.0%  1.67KiB
     query_construc...    512    3.16s   11.6%  6.17ms    450MiB   12.7%   899KiB
       SMTprep            254    1.37s    5.0%  5.39ms    247MiB    7.0%  0.97MiB
       z3_check           127    1.04s    3.8%  8.21ms   81.5MiB    2.3%   657KiB
       PicoSAT_solve      221   24.3ms    0.1%   110μs   6.91KiB    0.0%    32.0B
       atom_recovery      127   17.9ms    0.1%   141μs   4.90MiB    0.1%  39.5KiB
         atom_compu...    127   14.0ms    0.1%   111μs   4.54MiB    0.1%  36.6KiB
         bound_comp...    127   3.52ms    0.0%  27.7μs    343KiB    0.0%  2.70KiB
       feasibility_...    127   1.98ms    0.0%  15.6μs    188KiB    0.0%  1.48KiB
       feasibility_...     63    434μs    0.0%  6.89μs    189KiB    0.0%  3.00KiB
     approx_resolution    730    1.38s    5.0%  1.89ms    446MiB   12.6%   625KiB
     bound_atoms          730    448ms    1.6%   613μs    194MiB    5.5%   272KiB
     atom_recovery        730    145ms    0.5%   199μs   28.5MiB    0.8%  40.0KiB
       atom_computa...    730    113ms    0.4%   155μs   26.4MiB    0.7%  37.1KiB
       bound_comput...    730   29.6ms    0.1%  40.5μs   1.97MiB    0.1%  2.77KiB
     PicoSAT_solve        824    104ms    0.4%   126μs   25.8KiB    0.0%    32.0B
     check_infeasib...  1.46k   19.2ms    0.1%  13.2μs   9.63MiB    0.3%  6.76KiB
   olnnv_query_gen         94    7.24s   26.5%  77.0ms    335MiB    9.5%  3.56MiB
   boolean_skeleton         1    2.91s   10.6%   2.91s    303MiB    8.6%   303MiB
   legacy_approx           94    202ms    0.7%  2.15ms   16.9MiB    0.5%   184KiB
   smt_filter_creation     94   77.2μs    0.0%   821ns   2.94KiB    0.0%    32.0B
 ────────────────────────────────────────────────────────────────────────────────[QUERY] Looking for nonlinear input combinations...
[QUERY] Found all non-linear combinations. Count: 1
[QUERY] Returning nonlinear disjunction
[CTRL] Considering conjunction with 37 input constraints and a disjunction of size 5
[APPROX] Checking cache: SNNT.Approx.ApproxCacheObject[]
[APPROX] Constructing Approximation
[APPROX] Resolving approximation
[CTRL] Initiating iterator over current linear queries
[APPROX] # Conjunctions over output: 5
[CTRL] Processing linear query no. 96
[NNENUM] Running nnenum now...
[NNENUM] lb: [-0.4999999701976776, -0.18296763576522218, 5.000000171712609e-6, 0.075, -0.1, -0.1, -0.1, -0.1, -0.1, -0.1, -0.1, -0.1, -0.1]
[NNENUM] ub: [-0.00625, -0.125, 5.000000171712609e-6, 0.5, 0.09999999999999999, 0.09999999999999999, 0.09999999999999999, 0.09999999999999999, 0.09999999999999999, 0.09999999999999999, 0.09999999999999999, 0.09999999999999999, 0.09999999999999999]
[NNENUM] Creating LP Star...
[NNENUM] Checking feasibility
[NNENUM] Generating output Spec...
[NNENUM] Spec list length:  5
[NNENUM] Enumeration in progress... 
(0.1 sec) Q: 0, Sets: 0/1  (0.0%) CEs: 0 ETA: - (expected 1 stars)   
(0.2 sec) Q: 0, Sets: 1/6  (3.125%) CEs: 0 ETA: 6.6 sec (expected 32 stars)   
(0.3 sec) Q: 0, Sets: 13/16  (75.0%) CEs: 0 ETA: 0.1 sec (expected 17 stars)   
Total Stars: 21 (0 exact, 21 approx)
Unfinished Stars: 0
Runtime: 0.4 sec
Completed work frac: 1.0
Num Stars Copied Between Processes: 0
Num Lps During Enumeration: 0
Total Num Lps: 0

Result: network is SAFE

[NNENUM] Result: 
<nnenum.result.Result object at 0x747e3bef14c0>
[NNENUM] Enumeration finished.
safe
[NNENUM] Found counter-example stars: 0
[NNENUM] Filtering result using SMT solver...
[SMT] SMT filtered out 0 stars (out of 0; TO: 0).
[QUERY] Looking for nonlinear input combinations...
[QUERY] Found all non-linear combinations. Count: 1
[QUERY] Returning nonlinear disjunction
[CTRL] Considering conjunction with 38 input constraints and a disjunction of size 5
[APPROX] Checking cache: SNNT.Approx.ApproxCacheObject[]
[APPROX] Constructing Approximation
[APPROX] Resolving approximation
[CTRL] Initiating iterator over current linear queries
[APPROX] # Conjunctions over output: 5
[CTRL] Processing linear query no. 97
[NNENUM] Running nnenum now...
[NNENUM] lb: [-0.4999999701976776, -0.18296763576522218, 5.000000171712609e-6, 0.075, -0.1, -0.1, -0.1, -0.1, -0.1, -0.1, -0.1, -0.1, -0.1]
[NNENUM] ub: [-0.00625, -0.125, 5.000000171712609e-6, 0.5, 0.09999999999999999, 0.09999999999999999, 0.09999999999999999, 0.09999999999999999, 0.09999999999999999, 0.09999999999999999, 0.09999999999999999, 0.09999999999999999, 0.09999999999999999]
[NNENUM] Creating LP Star...
[NNENUM] Checking feasibility
[NNENUM] Generating output Spec...
[NNENUM] Spec list length:  5
[NNENUM] Enumeration in progress... 
(0.1 sec) Q: 0, Sets: 0/1  (0.0%) CEs: 0 ETA: - (expected 1 stars)   

Total Stars: 6 (1 exact, 5 approx)
Unfinished Stars: 0
Runtime: 0.1 sec
Completed work frac: 1.0
Num Stars Copied Between Processes: 0
Num Lps During Enumeration: 10
Total Num Lps: 10

Result: network is SAFE

[NNENUM] Result: 
<nnenum.result.Result object at 0x747e3bec6670>
[NNENUM] Enumeration finished.
safe
[NNENUM] Found counter-example stars: 0
[NNENUM] Filtering result using SMT solver...
[SMT] SMT filtered out 0 stars (out of 0; TO: 0).
[QUERY] Looking for nonlinear input combinations...
.[QUERY] Found all non-linear combinations. Count: 1
[QUERY] Returning nonlinear disjunction
[CTRL] Considering conjunction with 39 input constraints and a disjunction of size 6
[APPROX] Checking cache: SNNT.Approx.ApproxCacheObject[]
[APPROX] Constructing Approximation
[APPROX] Resolving approximation
[CTRL] Initiating iterator over current linear queries
[APPROX] # Conjunctions over output: 6
[CTRL] Processing linear query no. 98
[NNENUM] Running nnenum now...
[NNENUM] lb: [-0.4999999701976776, -0.4999999701976776, 5.000000171712609e-6, -0.21079675705898798, -0.1, -0.1, -0.1, -0.1, -0.1, -0.1, -0.1, -0.1, -0.1]
[NNENUM] ub: [-0.00625, -0.33623147889292704, 5.000000171712609e-6, -0.08052249040043885, 0.09999999999999999, 0.09999999999999999, 0.09999999999999999, 0.09999999999999999, 0.09999999999999999, 0.09999999999999999, 0.09999999999999999, 0.09999999999999999, 0.09999999999999999]
[NNENUM] Creating LP Star...
[NNENUM] Checking feasibility
[NNENUM] Generating output Spec...
[NNENUM] Spec list length:  6
[NNENUM] Enumeration in progress... 
(0.1 sec) Q: 0, Sets: 0/1  (0.0%) CEs: 0 ETA: - (expected 1 stars)   
(0.2 sec) Q: 0, Sets: 0/2  (0.0%) CEs: 0 ETA: - (expected 1 stars)   

Total Stars: 6 (2 exact, 4 approx)
Unfinished Stars: 0
Runtime: 0.3 sec
Completed work frac: 1.0
Num Stars Copied Between Processes: 0
Num Lps During Enumeration: 109
Total Num Lps: 109

Result: network is SAFE

[NNENUM] Result: 
<nnenum.result.Result object at 0x747e3bed4b80>
[NNENUM] Enumeration finished.
safe
[NNENUM] Found counter-example stars: 0
[NNENUM] Filtering result using SMT solver...
[SMT] SMT filtered out 0 stars (out of 0; TO: 0).
[QUERY] Looking for nonlinear input combinations...
[QUERY] Found all non-linear combinations. Count: 1
[QUERY] Returning nonlinear disjunction
[CTRL] Considering conjunction with 39 input constraints and a disjunction of size 6
[APPROX] Checking cache: SNNT.Approx.ApproxCacheObject[]
[APPROX] Constructing Approximation
[APPROX] Resolving approximation
[CTRL] Initiating iterator over current linear queries
[APPROX] # Conjunctions over output: 6
[CTRL] Processing linear query no. 99
[NNENUM] Running nnenum now...
[NNENUM] lb: [-0.4999999701976776, -0.4999999701976776, 5.000000171712609e-6, -0.21079675705898798, -0.1, -0.1, -0.1, -0.1, -0.1, -0.1, -0.1, -0.1, -0.1]
[NNENUM] ub: [-0.00625, -0.33623147889292704, 5.000000171712609e-6, -0.08052249040043885, 0.09999999999999999, 0.09999999999999999, 0.09999999999999999, 0.09999999999999999, 0.09999999999999999, 0.09999999999999999, 0.09999999999999999, 0.09999999999999999, 0.09999999999999999]
[NNENUM] Creating LP Star...
[NNENUM] Checking feasibility
[NNENUM] Generating output Spec...
[NNENUM] Spec list length:  6
[NNENUM] Enumeration in progress... 
(0.1 sec) Q: 0, Sets: 0/1  (0.0%) CEs: 0 ETA: - (expected 1 stars)   

Total Stars: 6 (1 exact, 5 approx)
Unfinished Stars: 0
Runtime: 0.2 sec
Completed work frac: 1.0
Num Stars Copied Between Processes: 0
Num Lps During Enumeration: 142
Total Num Lps: 142

Result: network is SAFE

[NNENUM] Result: 
<nnenum.result.Result object at 0x747e39f57fa0>
[NNENUM] Enumeration finished.
safe
[NNENUM] Found counter-example stars: 0
[NNENUM] Filtering result using SMT solver...
[SMT] SMT filtered out 0 stars (out of 0; TO: 0).
[QUERY] Looking for nonlinear input combinations...
[QUERY] Found all non-linear combinations. Count: 1
[QUERY] Returning nonlinear disjunction
[CTRL] Considering conjunction with 39 input constraints and a disjunction of size 6
[APPROX] Checking cache: SNNT.Approx.ApproxCacheObject[]
[APPROX] Constructing Approximation
[APPROX] Resolving approximation
[CTRL] Initiating iterator over current linear queries
[APPROX] # Conjunctions over output: 6
[CTRL] Processing linear query no. 100
[NNENUM] Running nnenum now...
[NNENUM] lb: [-0.4999999701976776, -0.4999999701976776, 5.000000171712609e-6, -0.21079675705898798, -0.1, -0.1, -0.1, -0.1, -0.1, -0.1, -0.1, -0.1, -0.1]
[NNENUM] ub: [-0.00625, -0.33623147889292704, 5.000000171712609e-6, -0.08052249040043885, 0.09999999999999999, 0.09999999999999999, 0.09999999999999999, 0.09999999999999999, 0.09999999999999999, 0.09999999999999999, 0.09999999999999999, 0.09999999999999999, 0.09999999999999999]
[NNENUM] Creating LP Star...
[NNENUM] Checking feasibility
[NNENUM] Generating output Spec...
[NNENUM] Spec list length:  6
[NNENUM] Enumeration in progress... 
(0.1 sec) Q: 0, Sets: 0/1  (0.0%) CEs: 0 ETA: - (expected 1 stars)   
(0.2 sec) Q: 0, Sets: 0/2  (0.0%) CEs: 0 ETA: - (expected 1 stars)   

Total Stars: 4 (1 exact, 3 approx)
Unfinished Stars: 0
Runtime: 0.3 sec
Completed work frac: 1.0
Num Stars Copied Between Processes: 0
Num Lps During Enumeration: 124
Total Num Lps: 124

Result: network is SAFE

[NNENUM] Result: 
<nnenum.result.Result object at 0x747e3a5ab340>
[NNENUM] Enumeration finished.
safe
[NNENUM] Found counter-example stars: 0
[NNENUM] Filtering result using SMT solver...
[SMT] SMT filtered out 0 stars (out of 0; TO: 0).
[QUERY] Looking for nonlinear input combinations...
[QUERY] Found all non-linear combinations. Count: 1
[QUERY] Returning nonlinear disjunction
[CTRL] Considering conjunction with 39 input constraints and a disjunction of size 6
[APPROX] Checking cache: SNNT.Approx.ApproxCacheObject[]
[APPROX] Constructing Approximation
[APPROX] Resolving approximation
[CTRL] Initiating iterator over current linear queries
[APPROX] # Conjunctions over output: 6
[CTRL] Processing linear query no. 101
[NNENUM] Running nnenum now...
[NNENUM] lb: [-0.4999999701976776, -0.4999999701976776, 5.000000171712609e-6, -0.21079675705898798, -0.1, -0.1, -0.1, -0.1, -0.1, -0.1, -0.1, -0.1, -0.1]
[NNENUM] ub: [-0.00625, -0.33623147889292704, 5.000000171712609e-6, -0.08052249040043885, 0.09999999999999999, 0.09999999999999999, 0.09999999999999999, 0.09999999999999999, 0.09999999999999999, 0.09999999999999999, 0.09999999999999999, 0.09999999999999999, 0.09999999999999999]
[NNENUM] Creating LP Star...
[NNENUM] Checking feasibility
[NNENUM] Generating output Spec...
[NNENUM] Spec list length:  6
[NNENUM] Enumeration in progress... 
(0.1 sec) Q: 0, Sets: 0/1  (0.0%) CEs: 0 ETA: - (expected 1 stars)   

Total Stars: 6 (3 exact, 3 approx)
Unfinished Stars: 0
Runtime: 0.1 sec
Completed work frac: 1.0
Num Stars Copied Between Processes: 0
Num Lps During Enumeration: 190
Total Num Lps: 190

Result: network is SAFE

[NNENUM] Result: 
<nnenum.result.Result object at 0x747e3a5af190>
[NNENUM] Enumeration finished.
safe
[NNENUM] Found counter-example stars: 0
[NNENUM] Filtering result using SMT solver...
[SMT] SMT filtered out 0 stars (out of 0; TO: 0).
[QUERY] Looking for nonlinear input combinations...
[QUERY] Found all non-linear combinations. Count: 1
[QUERY] Returning nonlinear disjunction
[CTRL] Considering conjunction with 39 input constraints and a disjunction of size 6
[APPROX] Checking cache: SNNT.Approx.ApproxCacheObject[]
[APPROX] Constructing Approximation
[APPROX] Resolving approximation
[CTRL] Initiating iterator over current linear queries
[APPROX] # Conjunctions over output: 6
[CTRL] Processing linear query no. 102
[NNENUM] Running nnenum now...
[NNENUM] lb: [-0.4999999701976776, -0.4999999701976776, 5.000000171712609e-6, -0.08052249040043885, -0.1, -0.1, -0.1, -0.1, -0.1, -0.1, -0.1, -0.1, -0.1]
[NNENUM] ub: [-0.00625, -0.33623147889292704, 5.000000171712609e-6, 0.075, 0.09999999999999999, 0.09999999999999999, 0.09999999999999999, 0.09999999999999999, 0.09999999999999999, 0.09999999999999999, 0.09999999999999999, 0.09999999999999999, 0.09999999999999999]
[NNENUM] Creating LP Star...
[NNENUM] Checking feasibility
[NNENUM] Generating output Spec...
[NNENUM] Spec list length:  6
[NNENUM] Enumeration in progress... 
(0.1 sec) Q: 0, Sets: 0/1  (0.0%) CEs: 0 ETA: - (expected 1 stars)   
(0.2 sec) Q: 0, Sets: 0/2  (0.0%) CEs: 0 ETA: - (expected 1 stars)   

Total Stars: 4 (1 exact, 3 approx)
Unfinished Stars: 0
Runtime: 0.2 sec
Completed work frac: 1.0
Num Stars Copied Between Processes: 0
Num Lps During Enumeration: 101
Total Num Lps: 101

Result: network is SAFE

[NNENUM] Result: 
<nnenum.result.Result object at 0x747e3a5a4b80>
[NNENUM] Enumeration finished.
safe
[NNENUM] Found counter-example stars: 0
[NNENUM] Filtering result using SMT solver...
[SMT] SMT filtered out 0 stars (out of 0; TO: 0).
[QUERY] Looking for nonlinear input combinations...
.[QUERY] Found all non-linear combinations. Count: 1
[QUERY] Returning nonlinear disjunction
[CTRL] Considering conjunction with 39 input constraints and a disjunction of size 6
[APPROX] Checking cache: SNNT.Approx.ApproxCacheObject[]
[APPROX] Constructing Approximation
[APPROX] Resolving approximation
[CTRL] Initiating iterator over current linear queries
[APPROX] # Conjunctions over output: 6
[CTRL] Processing linear query no. 103
[NNENUM] Running nnenum now...
[NNENUM] lb: [-0.4999999701976776, -0.4999999701976776, 5.000000171712609e-6, -0.08052249040043885, -0.1, -0.1, -0.1, -0.1, -0.1, -0.1, -0.1, -0.1, -0.1]
[NNENUM] ub: [-0.00625, -0.33623147889292704, 5.000000171712609e-6, 0.075, 0.09999999999999999, 0.09999999999999999, 0.09999999999999999, 0.09999999999999999, 0.09999999999999999, 0.09999999999999999, 0.09999999999999999, 0.09999999999999999, 0.09999999999999999]
[NNENUM] Creating LP Star...
[NNENUM] Checking feasibility
[NNENUM] Generating output Spec...
[NNENUM] Spec list length:  6
[NNENUM] Enumeration in progress... 
(0.1 sec) Q: 0, Sets: 0/1  (0.0%) CEs: 0 ETA: - (expected 1 stars)   

Total Stars: 5 (2 exact, 3 approx)
Unfinished Stars: 0
Runtime: 0.2 sec
Completed work frac: 1.0
Num Stars Copied Between Processes: 0
Num Lps During Enumeration: 136
Total Num Lps: 136

Result: network is SAFE

[NNENUM] Result: 
<nnenum.result.Result object at 0x747e3a59b9d0>
[NNENUM] Enumeration finished.
safe
[NNENUM] Found counter-example stars: 0
[NNENUM] Filtering result using SMT solver...
[SMT] SMT filtered out 0 stars (out of 0; TO: 0).
[QUERY] Looking for nonlinear input combinations...
.[QUERY] Found all non-linear combinations. Count: 1
[QUERY] Returning nonlinear disjunction
[CTRL] Considering conjunction with 39 input constraints and a disjunction of size 6
[APPROX] Checking cache: SNNT.Approx.ApproxCacheObject[]
[APPROX] Constructing Approximation
[APPROX] Resolving approximation
[CTRL] Initiating iterator over current linear queries
[APPROX] # Conjunctions over output: 6
[CTRL] Processing linear query no. 104
[NNENUM] Running nnenum now...
[NNENUM] lb: [-0.4999999701976776, -0.4999999701976776, 5.000000171712609e-6, 0.075, -0.1, -0.1, -0.1, -0.1, -0.1, -0.1, -0.1, -0.1, -0.1]
[NNENUM] ub: [-0.00625, -0.33623147889292704, 5.000000171712609e-6, 0.5, 0.09999999999999999, 0.09999999999999999, 0.09999999999999999, 0.09999999999999999, 0.09999999999999999, 0.09999999999999999, 0.09999999999999999, 0.09999999999999999, 0.09999999999999999]
[NNENUM] Creating LP Star...
[NNENUM] Checking feasibility
[NNENUM] Generating output Spec...
[NNENUM] Spec list length:  6
[NNENUM] Enumeration in progress... 
(0.1 sec) Q: 0, Sets: 0/1  (0.0%) CEs: 0 ETA: - (expected 1 stars)   
(0.2 sec) Q: 0, Sets: 0/2  (0.0%) CEs: 0 ETA: - (expected 1 stars)   
(0.3 sec) Q: 0, Sets: 4/9  (26.562%) CEs: 0 ETA: 0.9 sec (expected 15 stars)   (0.5 sec) Q: 0, Sets: 10/14  (56.25%) CEs: 0 ETA: 0.4 sec (expected 18 stars)   
(0.6 sec) Q: 0, Sets: 15/22  (60.938%) CEs: 0 ETA: 0.4 sec (expected 25 stars)   (0.7 sec) Q: 0, Sets: 21/27  (61.377%) CEs: 0 ETA: 0.4 sec (expected 34 stars)   (0.8 sec) Q: 0, Sets: 27/33  (63.086%) CEs: 0 ETA: 0.5 sec (expected 43 stars)   (1.0 sec) Q: 0, Sets: 30/35  (63.672%) CEs: 0 ETA: 0.5 sec (expected 47 stars)   
(1.1 sec) Q: 0, Sets: 38/40  (87.5%) CEs: 0 ETA: 0.2 sec (expected 43 stars)   
Total Stars: 45 (1 exact, 44 approx)
Unfinished Stars: 0
Runtime: 1.2 sec
Completed work frac: 1.0
Num Stars Copied Between Processes: 0
Num Lps During Enumeration: 11
Total Num Lps: 11

Result: network is SAFE

[NNENUM] Result: 
<nnenum.result.Result object at 0x747e3a596400>
[NNENUM] Enumeration finished.
safe
[NNENUM] Found counter-example stars: 0
[NNENUM] Filtering result using SMT solver...
[SMT] SMT filtered out 0 stars (out of 0; TO: 0).
[QUERY] Looking for nonlinear input combinations...
[QUERY] Found all non-linear combinations. Count: 1
[QUERY] Returning nonlinear disjunction
[CTRL] Considering conjunction with 39 input constraints and a disjunction of size 6
[APPROX] Checking cache: SNNT.Approx.ApproxCacheObject[]
[APPROX] Constructing Approximation
[APPROX] Resolving approximation
[CTRL] Initiating iterator over current linear queries
[APPROX] # Conjunctions over output: 6
[CTRL] Processing linear query no. 105
[NNENUM] Running nnenum now...
[NNENUM] lb: [-0.4999999701976776, -0.4999999701976776, 5.000000171712609e-6, 0.075, -0.1, -0.1, -0.1, -0.1, -0.1, -0.1, -0.1, -0.1, -0.1]
[NNENUM] ub: [-0.00625, -0.33623147889292704, 5.000000171712609e-6, 0.5, 0.09999999999999999, 0.09999999999999999, 0.09999999999999999, 0.09999999999999999, 0.09999999999999999, 0.09999999999999999, 0.09999999999999999, 0.09999999999999999, 0.09999999999999999]
[NNENUM] Creating LP Star...
[NNENUM] Checking feasibility
[NNENUM] Generating output Spec...
[NNENUM] Spec list length:  6
[NNENUM] Enumeration in progress... 
(0.1 sec) Q: 0, Sets: 0/1  (0.0%) CEs: 0 ETA: - (expected 1 stars)   
(0.2 sec) Q: 0, Sets: 2/4  (25.0%) CEs: 0 ETA: 0.6 sec (expected 8 stars)   
(0.3 sec) Q: 0, Sets: 6/9  (31.25%) CEs: 0 ETA: 0.7 sec (expected 19 stars)   (0.4 sec) Q: 0, Sets: 13/16  (56.25%) CEs: 0 ETA: 0.3 sec (expected 23 stars)   
(0.5 sec) Q: 0, Sets: 18/25  (57.812%) CEs: 0 ETA: 0.4 sec (expected 31 stars)   (0.6 sec) Q: 0, Sets: 26/34  (57.935%) CEs: 0 ETA: 0.5 sec (expected 45 stars)   (0.7 sec) Q: 0, Sets: 32/34  (62.5%) CEs: 0 ETA: 0.4 sec (expected 51 stars)   (0.8 sec) Q: 0, Sets: 36/46  (62.598%) CEs: 0 ETA: 0.5 sec (expected 58 stars)   
(1.0 sec) Q: 0, Sets: 43/52  (62.634%) CEs: 0 ETA: 0.6 sec (expected 69 stars)   (1.1 sec) Q: 0, Sets: 52/60  (62.744%) CEs: 0 ETA: 0.7 sec (expected 83 stars)   (1.2 sec) Q: 0, Sets: 55/64  (62.769%) CEs: 0 ETA: 0.7 sec (expected 88 stars)   (1.3 sec) Q: 0, Sets: 62/71  (62.842%) CEs: 0 ETA: 0.8 sec (expected 99 stars)   (1.4 sec) Q: 0, Sets: 68/75  (62.866%) CEs: 0 ETA: 0.8 sec (expected 108 stars)   (1.5 sec) Q: 0, Sets: 72/79  (62.988%) CEs: 0 ETA: 0.9 sec (expected 114 stars)   (1.6 sec) Q: 0, Sets: 76/88  (63.11%) CEs: 0 ETA: 1.0 sec (expected 120 stars)   (1.7 sec) Q: 0, Sets: 81/93  (63.123%) CEs: 0 ETA: 1.0 sec (expected 128 stars)   
(1.9 sec) Q: 0, Sets: 87/93  (63.184%) CEs: 0 ETA: 1.1 sec (expected 138 stars)   (2.1 sec) Q: 0, Sets: 91/93  (68.75%) CEs: 0 ETA: 0.9 sec (expected 132 stars)   (2.3 sec) Q: 0, Sets: 91/94  (68.75%) CEs: 0 ETA: 1.0 sec (expected 132 stars)   (2.4 sec) Q: 0, Sets: 97/102  (70.117%) CEs: 0 ETA: 1.0 sec (expected 138 stars)   (2.5 sec) Q: 0, Sets: 103/111  (70.169%) CEs: 0 ETA: 1.1 sec (expected 147 stars)   (2.6 sec) Q: 0, Sets: 111/115  (70.215%) CEs: 0 ETA: 1.1 sec (expected 158 stars)   (2.7 sec) Q: 0, Sets: 116/120  (72.266%) CEs: 0 ETA: 1.0 sec (expected 161 stars)   (2.8 sec) Q: 0, Sets: 123/128  (73.877%) CEs: 0 ETA: 1.0 sec (expected 166 stars)   (2.9 sec) Q: 0, Sets: 127/131  (73.975%) CEs: 0 ETA: 1.0 sec (expected 172 stars)   (3.0 sec) Q: 0, Sets: 133/137  (76.562%) CEs: 0 ETA: 0.9 sec (expected 174 stars)   (3.1 sec) Q: 0, Sets: 138/142  (81.25%) CEs: 0 ETA: 0.7 sec (expected 170 stars)   (3.2 sec) Q: 0, Sets: 145/150  (82.812%) CEs: 0 ETA: 0.7 sec (expected 175 stars)   (3.3 sec) Q: 0, Sets: 151/153  (84.375%) CEs: 0 ETA: 0.6 sec (expected 179 stars)   (3.5 sec) Q: 0, Sets: 155/161  (84.888%) CEs: 0 ETA: 0.6 sec (expected 183 stars)   (3.7 sec) Q: 0, Sets: 161/161  (100.0%) CEs: 0 ETA: 0.0 sec (expected 161 stars)   
Total Stars: 161 (6 exact, 155 approx)
Unfinished Stars: 0
Runtime: 3.7 sec
Completed work frac: 1.0
Num Stars Copied Between Processes: 0
Num Lps During Enumeration: 92
Total Num Lps: 92

Result: network is SAFE

[NNENUM] Result: 
<nnenum.result.Result object at 0x747e3a5ab250>
[NNENUM] Enumeration finished.
safe
[NNENUM] Found counter-example stars: 0
[NNENUM] Filtering result using SMT solver...
[SMT] SMT filtered out 0 stars (out of 0; TO: 0).
[QUERY] Looking for nonlinear input combinations...
[QUERY] Found all non-linear combinations. Count: 1
[QUERY] Returning nonlinear disjunction
[CTRL] Considering conjunction with 39 input constraints and a disjunction of size 5
[APPROX] Checking cache: SNNT.Approx.ApproxCacheObject[]
[APPROX] Constructing Approximation
[APPROX] Resolving approximation
[CTRL] Initiating iterator over current linear queries
[APPROX] # Conjunctions over output: 5
[CTRL] Processing linear query no. 106
[NNENUM] Running nnenum now...
[NNENUM] lb: [-0.4999999701976776, -0.4999999701976776, 5.000000171712609e-6, 0.075, -0.1, -0.1, -0.1, -0.1, -0.1, -0.1, -0.1, -0.1, -0.1]
[NNENUM] ub: [-0.00625, -0.33623147889292704, 5.000000171712609e-6, 0.5, 0.09999999999999999, 0.09999999999999999, 0.09999999999999999, 0.09999999999999999, 0.09999999999999999, 0.09999999999999999, 0.09999999999999999, 0.09999999999999999, 0.09999999999999999]
[NNENUM] Creating LP Star...
[NNENUM] Checking feasibility
[NNENUM] Generating output Spec...
[NNENUM] Spec list length:  5
[NNENUM] Enumeration in progress... 
(0.1 sec) Q: 0, Sets: 0/1  (0.0%) CEs: 0 ETA: - (expected 1 stars)   

Total Stars: 4 (0 exact, 4 approx)
Unfinished Stars: 0
Runtime: 0.1 sec
Completed work frac: 1.0
Num Stars Copied Between Processes: 0
Num Lps During Enumeration: 0
Total Num Lps: 0

Result: network is SAFE

[NNENUM] Result: 
<nnenum.result.Result object at 0x747e3a5af8b0>
[NNENUM] Enumeration finished.
safe
[NNENUM] Found counter-example stars: 0
[NNENUM] Filtering result using SMT solver...
[SMT] SMT filtered out 0 stars (out of 0; TO: 0).
[QUERY] Looking for nonlinear input combinations...
[QUERY] Found all non-linear combinations. Count: 2
[QUERY] Returning nonlinear disjunction
[CTRL] Considering conjunction with 39 input constraints and a disjunction of size 5
[APPROX] Checking cache: SNNT.Approx.ApproxCacheObject[]
[APPROX] Constructing Approximation
[APPROX] Resolving approximation
[CTRL] Initiating iterator over current linear queries
[APPROX] # Conjunctions over output: 5
[CTRL] Processing linear query no. 107
[NNENUM] Running nnenum now...
[NNENUM] lb: [-0.4999999701976776, -0.4999999701976776, 5.000000171712609e-6, 0.075, -0.1, -0.1, -0.1, -0.1, -0.1, -0.1, -0.1, -0.1, -0.1]
[NNENUM] ub: [-0.00625, -0.33623147889292704, 5.000000171712609e-6, 0.5, 0.09999999999999999, 0.09999999999999999, 0.09999999999999999, 0.09999999999999999, 0.09999999999999999, 0.09999999999999999, 0.09999999999999999, 0.09999999999999999, 0.09999999999999999]
[NNENUM] Creating LP Star...
[NNENUM] Checking feasibility
[NNENUM] Generating output Spec...
[NNENUM] Spec list length:  5
[NNENUM] Enumeration in progress... 
(0.2 sec) Q: 0, Sets: 0/1  (0.0%) CEs: 0 ETA: - (expected 1 stars)   

Total Stars: 6 (1 exact, 5 approx)
Unfinished Stars: 0
Runtime: 0.3 sec
Completed work frac: 1.0
Num Stars Copied Between Processes: 0
Num Lps During Enumeration: 39
Total Num Lps: 39

Result: network is SAFE

[NNENUM] Result: 
<nnenum.result.Result object at 0x747e3a5a4340>
[NNENUM] Enumeration finished.
safe
[NNENUM] Found counter-example stars: 0
[NNENUM] Filtering result using SMT solver...
[SMT] SMT filtered out 0 stars (out of 0; TO: 0).
[QUERY] Looking for nonlinear input combinations...
[QUERY] Found all non-linear combinations. Count: 1
[QUERY] Returning nonlinear disjunction
[CTRL] Considering conjunction with 39 input constraints and a disjunction of size 6
[APPROX] Checking cache: SNNT.Approx.ApproxCacheObject[]
[APPROX] Constructing Approximation
[APPROX] Resolving approximation
[CTRL] Initiating iterator over current linear queries
[APPROX] # Conjunctions over output: 6
[CTRL] Processing linear query no. 108
[NNENUM] Running nnenum now...
[NNENUM] lb: [-0.4999999701976776, -0.4999999701976776, 5.000000171712609e-6, -0.3499999940395355, -0.1, -0.1, -0.1, -0.1, -0.1, -0.1, -0.1, -0.1, -0.1]
[NNENUM] ub: [-0.00625, -0.33623147889292704, 5.000000171712609e-6, -0.21079675705898798, 0.09999999999999999, 0.09999999999999999, 0.09999999999999999, 0.09999999999999999, 0.09999999999999999, 0.09999999999999999, 0.09999999999999999, 0.09999999999999999, 0.09999999999999999]
[NNENUM] Creating LP Star...
[NNENUM] Checking feasibility
[NNENUM] Generating output Spec...
[NNENUM] Spec list length:  6
[NNENUM] Enumeration in progress... 
(0.1 sec) Q: 0, Sets: 0/1  (0.0%) CEs: 0 ETA: - (expected 1 stars)   
(0.2 sec) Q: 0, Sets: 4/6  (50.0%) CEs: 0 ETA: 0.2 sec (expected 8 stars)   

Total Stars: 6 (1 exact, 5 approx)
Unfinished Stars: 0
Runtime: 0.2 sec
Completed work frac: 1.0
Num Stars Copied Between Processes: 0
Num Lps During Enumeration: 135
Total Num Lps: 135

Result: network is SAFE

[NNENUM] Result: 
<nnenum.result.Result object at 0x747e3a596190>
[NNENUM] Enumeration finished.
safe
[NNENUM] Found counter-example stars: 0
[NNENUM] Filtering result using SMT solver...
[SMT] SMT filtered out 0 stars (out of 0; TO: 0).
[QUERY] Looking for nonlinear input combinations...
[QUERY] Found all non-linear combinations. Count: 1
[QUERY] Returning nonlinear disjunction
[CTRL] Considering conjunction with 39 input constraints and a disjunction of size 6
[APPROX] Checking cache: SNNT.Approx.ApproxCacheObject[]
[APPROX] Constructing Approximation
[APPROX] Resolving approximation
[CTRL] Initiating iterator over current linear queries
[APPROX] # Conjunctions over output: 6
[CTRL] Processing linear query no. 109
[NNENUM] Running nnenum now...
[NNENUM] lb: [-0.4999999701976776, -0.4999999701976776, 5.000000171712609e-6, -0.3499999940395355, -0.1, -0.1, -0.1, -0.1, -0.1, -0.1, -0.1, -0.1, -0.1]
[NNENUM] ub: [-0.00625, -0.33623147889292704, 5.000000171712609e-6, -0.21079675705898798, 0.09999999999999999, 0.09999999999999999, 0.09999999999999999, 0.09999999999999999, 0.09999999999999999, 0.09999999999999999, 0.09999999999999999, 0.09999999999999999, 0.09999999999999999]
[NNENUM] Creating LP Star...
[NNENUM] Checking feasibility
[NNENUM] Generating output Spec...
[NNENUM] Spec list length:  6
[NNENUM] Enumeration in progress... 
(0.1 sec) Q: 0, Sets: 0/1  (0.0%) CEs: 0 ETA: - (expected 1 stars)   
(0.2 sec) Q: 0, Sets: 0/2  (0.0%) CEs: 0 ETA: - (expected 1 stars)   

Total Stars: 8 (2 exact, 6 approx)
Unfinished Stars: 0
Runtime: 0.3 sec
Completed work frac: 1.0
Num Stars Copied Between Processes: 0
Num Lps During Enumeration: 52
Total Num Lps: 52

Result: network is SAFE

[NNENUM] Result: 
<nnenum.result.Result object at 0x747e3a5a9b80>
[NNENUM] Enumeration finished.
safe
[NNENUM] Found counter-example stars: 0
[NNENUM] Filtering result using SMT solver...
[SMT] SMT filtered out 0 stars (out of 0; TO: 0).
[QUERY] Looking for nonlinear input combinations...
[QUERY] Found all non-linear combinations. Count: 1
[QUERY] Returning nonlinear disjunction
[CTRL] Considering conjunction with 39 input constraints and a disjunction of size 6
[APPROX] Checking cache: SNNT.Approx.ApproxCacheObject[]
[APPROX] Constructing Approximation
[APPROX] Resolving approximation
[CTRL] Initiating iterator over current linear queries
[APPROX] # Conjunctions over output: 6
[CTRL] Processing linear query no. 110
[NNENUM] Running nnenum now...
[NNENUM] lb: [-0.4999999701976776, -0.4999999701976776, 5.000000171712609e-6, -0.3499999940395355, -0.1, -0.1, -0.1, -0.1, -0.1, -0.1, -0.1, -0.1, -0.1]
[NNENUM] ub: [-0.00625, -0.33623147889292704, 5.000000171712609e-6, -0.21079675705898798, 0.09999999999999999, 0.09999999999999999, 0.09999999999999999, 0.09999999999999999, 0.09999999999999999, 0.09999999999999999, 0.09999999999999999, 0.09999999999999999, 0.09999999999999999]
[NNENUM] Creating LP Star...
[NNENUM] Checking feasibility
[NNENUM] Generating output Spec...
[NNENUM] Spec list length:  6
[NNENUM] Enumeration in progress... 
(0.2 sec) Q: 0, Sets: 0/1  (0.0%) CEs: 0 ETA: - (expected 1 stars)   
(0.3 sec) Q: 0, Sets: 1/5  (6.25%) CEs: 0 ETA: 3.9 sec (expected 16 stars)   

Total Stars: 6 (3 exact, 3 approx)
Unfinished Stars: 0
Runtime: 0.3 sec
Completed work frac: 1.0
Num Stars Copied Between Processes: 0
Num Lps During Enumeration: 249
Total Num Lps: 249

Result: network is SAFE

[NNENUM] Result: 
<nnenum.result.Result object at 0x747e3a59f550>
[NNENUM] Enumeration finished.
safe
[NNENUM] Found counter-example stars: 0
[NNENUM] Filtering result using SMT solver...
[SMT] SMT filtered out 0 stars (out of 0; TO: 0).
[QUERY] Looking for nonlinear input combinations...
[QUERY] Found all non-linear combinations. Count: 1
[QUERY] Returning nonlinear disjunction
[CTRL] Considering conjunction with 39 input constraints and a disjunction of size 6
[APPROX] Checking cache: SNNT.Approx.ApproxCacheObject[]
[APPROX] Constructing Approximation
[APPROX] Resolving approximation
[CTRL] Initiating iterator over current linear queries
[APPROX] # Conjunctions over output: 6
[CTRL] Processing linear query no. 111
[NNENUM] Running nnenum now...
[NNENUM] lb: [-0.4999999701976776, -0.4999999701976776, 5.000000171712609e-6, -0.3499999940395355, -0.1, -0.1, -0.1, -0.1, -0.1, -0.1, -0.1, -0.1, -0.1]
[NNENUM] ub: [-0.00625, -0.33623147889292704, 5.000000171712609e-6, -0.21079675705898798, 0.09999999999999999, 0.09999999999999999, 0.09999999999999999, 0.09999999999999999, 0.09999999999999999, 0.09999999999999999, 0.09999999999999999, 0.09999999999999999, 0.09999999999999999]
[NNENUM] Creating LP Star...
[NNENUM] Checking feasibility
[NNENUM] Generating output Spec...
[NNENUM] Spec list length:  6
[NNENUM] Enumeration in progress... 
(0.1 sec) Q: 0, Sets: 0/1  (0.0%) CEs: 0 ETA: - (expected 1 stars)   
(0.2 sec) Q: 0, Sets: 0/2  (0.0%) CEs: 0 ETA: - (expected 1 stars)   
(0.3 sec) Q: 0, Sets: 5/7  (81.25%) CEs: 0 ETA: 0.1 sec (expected 6 stars)   
Total Stars: 7 (0 exact, 7 approx)
Unfinished Stars: 0
Runtime: 0.3 sec
Completed work frac: 1.0
Num Stars Copied Between Processes: 0
Num Lps During Enumeration: 0
Total Num Lps: 0

Result: network is SAFE

[NNENUM] Result: 
<nnenum.result.Result object at 0x747e3a597400>
[NNENUM] Enumeration finished.
safe
[NNENUM] Found counter-example stars: 0
[NNENUM] Filtering result using SMT solver...
[SMT] SMT filtered out 0 stars (out of 0; TO: 0).
[QUERY] Looking for nonlinear input combinations...
.[QUERY] Found all non-linear combinations. Count: 1
[QUERY] Returning nonlinear disjunction
[CTRL] Considering conjunction with 39 input constraints and a disjunction of size 6
[APPROX] Checking cache: SNNT.Approx.ApproxCacheObject[]
[APPROX] Constructing Approximation
[APPROX] Resolving approximation
[CTRL] Initiating iterator over current linear queries
[APPROX] # Conjunctions over output: 6
[CTRL] Processing linear query no. 112
[NNENUM] Running nnenum now...
[NNENUM] lb: [-0.4999999701976776, -0.4999999701976776, 5.000000171712609e-6, -0.3499999940395355, -0.1, -0.1, -0.1, -0.1, -0.1, -0.1, -0.1, -0.1, -0.1]
[NNENUM] ub: [-0.00625, -0.33623147889292704, 5.000000171712609e-6, -0.21079675705898798, 0.09999999999999999, 0.09999999999999999, 0.09999999999999999, 0.09999999999999999, 0.09999999999999999, 0.09999999999999999, 0.09999999999999999, 0.09999999999999999, 0.09999999999999999]
[NNENUM] Creating LP Star...
[NNENUM] Checking feasibility
[NNENUM] Generating output Spec...
[NNENUM] Spec list length:  6
[NNENUM] Enumeration in progress... 
(0.1 sec) Q: 0, Sets: 0/1  (0.0%) CEs: 0 ETA: - (expected 1 stars)   
(0.2 sec) Q: 0, Sets: 1/3  (25.0%) CEs: 0 ETA: 0.6 sec (expected 4 stars)   

Total Stars: 7 (0 exact, 7 approx)
Unfinished Stars: 0
Runtime: 0.2 sec
Completed work frac: 1.0
Num Stars Copied Between Processes: 0
Num Lps During Enumeration: 0
Total Num Lps: 0

Result: network is SAFE

[NNENUM] Result: 
<nnenum.result.Result object at 0x747e3a5af250>
[NNENUM] Enumeration finished.
safe
[NNENUM] Found counter-example stars: 0
[NNENUM] Filtering result using SMT solver...
[SMT] SMT filtered out 0 stars (out of 0; TO: 0).
[QUERY] Looking for nonlinear input combinations...
[QUERY] Found all non-linear combinations. Count: 2
[QUERY] Returning nonlinear disjunction
[CTRL] Considering conjunction with 39 input constraints and a disjunction of size 5
[APPROX] Checking cache: SNNT.Approx.ApproxCacheObject[]
[APPROX] Constructing Approximation
[APPROX] Resolving approximation
[CTRL] Initiating iterator over current linear queries
[APPROX] # Conjunctions over output: 5
[CTRL] Processing linear query no. 113
[NNENUM] Running nnenum now...
[NNENUM] lb: [-0.4999999701976776, -0.4999999701976776, 5.000000171712609e-6, 0.075, -0.1, -0.1, -0.1, -0.1, -0.1, -0.1, -0.1, -0.1, -0.1]
[NNENUM] ub: [-0.00625, -0.33623147889292704, 5.000000171712609e-6, 0.5, 0.09999999999999999, 0.09999999999999999, 0.09999999999999999, 0.09999999999999999, 0.09999999999999999, 0.09999999999999999, 0.09999999999999999, 0.09999999999999999, 0.09999999999999999]
[NNENUM] Creating LP Star...
[NNENUM] Checking feasibility
[NNENUM] Generating output Spec...
[NNENUM] Spec list length:  5
[NNENUM] Enumeration in progress... 
(0.1 sec) Q: 0, Sets: 0/1  (0.0%) CEs: 0 ETA: - (expected 1 stars)   
(0.2 sec) Q: 0, Sets: 0/2  (0.0%) CEs: 0 ETA: - (expected 1 stars)   
(0.3 sec) Q: 0, Sets: 2/7  (9.375%) CEs: 0 ETA: 3.0 sec (expected 21 stars)   
Total Stars: 7 (0 exact, 7 approx)
Unfinished Stars: 0
Runtime: 0.3 sec
Completed work frac: 1.0
Num Stars Copied Between Processes: 0
Num Lps During Enumeration: 0
Total Num Lps: 0

Result: network is SAFE

[NNENUM] Result: 
<nnenum.result.Result object at 0x747e3a5a9be0>
[NNENUM] Enumeration finished.
safe
[NNENUM] Found counter-example stars: 0
[NNENUM] Filtering result using SMT solver...
[SMT] SMT filtered out 0 stars (out of 0; TO: 0).
[QUERY] Looking for nonlinear input combinations...
[QUERY] Found all non-linear combinations. Count: 1
[QUERY] Returning nonlinear disjunction
[CTRL] Considering conjunction with 39 input constraints and a disjunction of size 5
[APPROX] Checking cache: SNNT.Approx.ApproxCacheObject[]
[APPROX] Constructing Approximation
[APPROX] Resolving approximation
[CTRL] Initiating iterator over current linear queries
[APPROX] # Conjunctions over output: 5
[CTRL] Processing linear query no. 114
[NNENUM] Running nnenum now...
[NNENUM] lb: [-0.4999999701976776, -0.4999999701976776, 5.000000171712609e-6, 0.075, -0.1, -0.1, -0.1, -0.1, -0.1, -0.1, -0.1, -0.1, -0.1]
[NNENUM] ub: [-0.00625, -0.33623147889292704, 5.000000171712609e-6, 0.5, 0.09999999999999999, 0.09999999999999999, 0.09999999999999999, 0.09999999999999999, 0.09999999999999999, 0.09999999999999999, 0.09999999999999999, 0.09999999999999999, 0.09999999999999999]
[NNENUM] Creating LP Star...
[NNENUM] Checking feasibility
[NNENUM] Generating output Spec...
[NNENUM] Spec list length:  5
[NNENUM] Enumeration in progress... 

[NNENUM] Result: 
<nnenum.result.Result object at 0x747e3a5a4c10>
[NNENUM] Enumeration finished.
safe
[NNENUM] Filtering result using SMT solver...
[SMT] SMT filtered out 0 stars (out of 0; TO: 0).
[QUERY] Looking for nonlinear input combinations...
[QUERY] Found all non-linear combinations. Count: 1
[QUERY] Returning nonlinear disjunction
[CTRL] Considering conjunction with 39 input constraints and a disjunction of size 6
[APPROX] Checking cache: SNNT.Approx.ApproxCacheObject[]
[APPROX] Constructing Approximation
[APPROX] Resolving approximation
[CTRL] Initiating iterator over current linear queries
[APPROX] # Conjunctions over output: 6
[CTRL] Processing linear query no. 115
[NNENUM] Running nnenum now...
[NNENUM] lb: [-0.4999999701976776, -0.4999999701976776, 5.000000171712609e-6, 0.075, -0.1, -0.1, -0.1, -0.1, -0.1, -0.1, -0.1, -0.1, -0.1]
[NNENUM] ub: [-0.00625, -0.33623147889292704, 5.000000171712609e-6, 0.5, 0.09999999999999999, 0.09999999999999999, 0.09999999999999999, 0.09999999999999999, 0.09999999999999999, 0.09999999999999999, 0.09999999999999999, 0.09999999999999999, 0.09999999999999999]
[NNENUM] Creating LP Star...
[NNENUM] Checking feasibility
[NNENUM] Generating output Spec...
[NNENUM] Spec list length:  6
[NNENUM] Enumeration in progress... 
(0.1 sec) Q: 0, Sets: 0/1  (0.0%) CEs: 0 ETA: - (expected 1 stars)   
(0.2 sec) Q: 0, Sets: 0/2  (0.0%) CEs: 0 ETA: - (expected 1 stars)   

Total Stars: 6 (2 exact, 4 approx)
Unfinished Stars: 0
Runtime: 0.3 sec
Completed work frac: 1.0
Num Stars Copied Between Processes: 0
Num Lps During Enumeration: 115
Total Num Lps: 115

Result: network is SAFE

[NNENUM] Result: 
<nnenum.result.Result object at 0x747e3a58c4c0>
[NNENUM] Enumeration finished.
safe
[NNENUM] Found counter-example stars: 0
[NNENUM] Filtering result using SMT solver...
[SMT] SMT filtered out 0 stars (out of 0; TO: 0).
[QUERY] Looking for nonlinear input combinations...
[QUERY] Found all non-linear combinations. Count: 3
[QUERY] Returning nonlinear disjunction
[CTRL] Considering conjunction with 39 input constraints and a disjunction of size 6
[APPROX] Checking cache: SNNT.Approx.ApproxCacheObject[]
[APPROX] Constructing Approximation
[APPROX] Resolving approximation
[CTRL] Initiating iterator over current linear queries
[APPROX] # Conjunctions over output: 6
[CTRL] Processing linear query no. 116
[NNENUM] Running nnenum now...
[NNENUM] lb: [-0.4999999701976776, -0.4999999701976776, 5.000000171712609e-6, -0.21079675705898798, -0.1, -0.1, -0.1, -0.1, -0.1, -0.1, -0.1, -0.1, -0.1]
[NNENUM] ub: [-0.00625, -0.33623147889292704, 5.000000171712609e-6, -0.08052249040043885, 0.09999999999999999, 0.09999999999999999, 0.09999999999999999, 0.09999999999999999, 0.09999999999999999, 0.09999999999999999, 0.09999999999999999, 0.09999999999999999, 0.09999999999999999]
[NNENUM] Creating LP Star...
[NNENUM] Checking feasibility
[NNENUM] Generating output Spec...
[NNENUM] Spec list length:  6
[NNENUM] Enumeration in progress... 
(0.1 sec) Q: 0, Sets: 0/1  (0.0%) CEs: 0 ETA: - (expected 1 stars)   
(0.2 sec) Q: 0, Sets: 1/6  (3.125%) CEs: 0 ETA: 5.7 sec (expected 32 stars)   

Total Stars: 9 (0 exact, 9 approx)
Unfinished Stars: 0
Runtime: 0.3 sec
Completed work frac: 1.0
Num Stars Copied Between Processes: 0
Num Lps During Enumeration: 0
Total Num Lps: 0

Result: network is SAFE

[NNENUM] Result: 
<nnenum.result.Result object at 0x747e3bf29520>
[NNENUM] Enumeration finished.
safe
[NNENUM] Found counter-example stars: 0
[NNENUM] Filtering result using SMT solver...
[SMT] SMT filtered out 0 stars (out of 0; TO: 0).
[QUERY] Looking for nonlinear input combinations...
[QUERY] Found all non-linear combinations. Count: 3
[QUERY] Returning nonlinear disjunction
[CTRL] Considering conjunction with 39 input constraints and a disjunction of size 6
[APPROX] Checking cache: SNNT.Approx.ApproxCacheObject[]
[APPROX] Constructing Approximation
[APPROX] Resolving approximation
[CTRL] Initiating iterator over current linear queries
[APPROX] # Conjunctions over output: 6
[CTRL] Processing linear query no. 117
[NNENUM] Running nnenum now...
[NNENUM] lb: [-0.4999999701976776, -0.4999999701976776, 5.000000171712609e-6, -0.21079675705898798, -0.1, -0.1, -0.1, -0.1, -0.1, -0.1, -0.1, -0.1, -0.1]
[NNENUM] ub: [-0.00625, -0.33623147889292704, 5.000000171712609e-6, -0.08052249040043885, 0.09999999999999999, 0.09999999999999999, 0.09999999999999999, 0.09999999999999999, 0.09999999999999999, 0.09999999999999999, 0.09999999999999999, 0.09999999999999999, 0.09999999999999999]
[NNENUM] Creating LP Star...
[NNENUM] Checking feasibility
[NNENUM] Generating output Spec...
[NNENUM] Spec list length:  6
[NNENUM] Enumeration in progress... 
(0.1 sec) Q: 0, Sets: 0/1  (0.0%) CEs: 0 ETA: - (expected 1 stars)   
(0.2 sec) Q: 0, Sets: 0/2  (0.0%) CEs: 0 ETA: - (expected 1 stars)   
(0.3 sec) Q: 0, Sets: 3/5  (50.0%) CEs: 0 ETA: 0.3 sec (expected 6 stars)   
Total Stars: 7 (0 exact, 7 approx)
Unfinished Stars: 0
Runtime: 0.3 sec
Completed work frac: 1.0
Num Stars Copied Between Processes: 0
Num Lps During Enumeration: 0
Total Num Lps: 0

Result: network is SAFE

[NNENUM] Result: 
<nnenum.result.Result object at 0x747e3bef4580>
[NNENUM] Enumeration finished.
safe
[NNENUM] Found counter-example stars: 0
[NNENUM] Filtering result using SMT solver...
[SMT] SMT filtered out 0 stars (out of 0; TO: 0).
[QUERY] Looking for nonlinear input combinations...
.[QUERY] Found all non-linear combinations. Count: 1
[QUERY] Returning nonlinear disjunction
[CTRL] Considering conjunction with 39 input constraints and a disjunction of size 6
[APPROX] Checking cache: SNNT.Approx.ApproxCacheObject[]
[APPROX] Constructing Approximation
[APPROX] Resolving approximation
[CTRL] Initiating iterator over current linear queries
[APPROX] # Conjunctions over output: 6
[CTRL] Processing linear query no. 118
[NNENUM] Running nnenum now...
[NNENUM] lb: [-0.4999999701976776, -0.4999999701976776, 5.000000171712609e-6, -0.21079675705898798, -0.1, -0.1, -0.1, -0.1, -0.1, -0.1, -0.1, -0.1, -0.1]
[NNENUM] ub: [-0.00625, -0.33623147889292704, 5.000000171712609e-6, -0.08052249040043885, 0.09999999999999999, 0.09999999999999999, 0.09999999999999999, 0.09999999999999999, 0.09999999999999999, 0.09999999999999999, 0.09999999999999999, 0.09999999999999999, 0.09999999999999999]
[NNENUM] Creating LP Star...
[NNENUM] Checking feasibility
[NNENUM] Generating output Spec...
[NNENUM] Spec list length:  6
[NNENUM] Enumeration in progress... 
(0.1 sec) Q: 0, Sets: 0/1  (0.0%) CEs: 0 ETA: - (expected 1 stars)   

Total Stars: 3 (0 exact, 3 approx)
Unfinished Stars: 0
Runtime: 0.2 sec
Completed work frac: 1.0
Num Stars Copied Between Processes: 0
Num Lps During Enumeration: 0
Total Num Lps: 0

Result: network is SAFE

[NNENUM] Result: 
<nnenum.result.Result object at 0x747e3a597ee0>
[NNENUM] Enumeration finished.
safe
[NNENUM] Found counter-example stars: 0
[NNENUM] Filtering result using SMT solver...
[SMT] SMT filtered out 0 stars (out of 0; TO: 0).
[QUERY] Looking for nonlinear input combinations...
[QUERY] Found all non-linear combinations. Count: 1
[QUERY] Returning nonlinear disjunction
[CTRL] Considering conjunction with 39 input constraints and a disjunction of size 6
[APPROX] Checking cache: SNNT.Approx.ApproxCacheObject[]
[APPROX] Constructing Approximation
[APPROX] Resolving approximation
[CTRL] Initiating iterator over current linear queries
[APPROX] # Conjunctions over output: 6
[CTRL] Processing linear query no. 119
[NNENUM] Running nnenum now...
[NNENUM] lb: [-0.4999999701976776, -0.4999999701976776, 5.000000171712609e-6, -0.21079675705898798, -0.1, -0.1, -0.1, -0.1, -0.1, -0.1, -0.1, -0.1, -0.1]
[NNENUM] ub: [-0.00625, -0.33623147889292704, 5.000000171712609e-6, -0.08052249040043885, 0.09999999999999999, 0.09999999999999999, 0.09999999999999999, 0.09999999999999999, 0.09999999999999999, 0.09999999999999999, 0.09999999999999999, 0.09999999999999999, 0.09999999999999999]
[NNENUM] Creating LP Star...
[NNENUM] Checking feasibility
[NNENUM] Generating output Spec...
[NNENUM] Spec list length:  6
[NNENUM] Enumeration in progress... 
(0.1 sec) Q: 0, Sets: 0/1  (0.0%) CEs: 0 ETA: - (expected 1 stars)   
(0.2 sec) Q: 0, Sets: 0/2  (0.0%) CEs: 0 ETA: - (expected 1 stars)   

Total Stars: 4 (0 exact, 4 approx)
Unfinished Stars: 0
Runtime: 0.3 sec
Completed work frac: 1.0
Num Stars Copied Between Processes: 0
Num Lps During Enumeration: 0
Total Num Lps: 0

Result: network is SAFE

[NNENUM] Result: 
<nnenum.result.Result object at 0x747e39f574f0>
[NNENUM] Enumeration finished.
safe
[NNENUM] Found counter-example stars: 0
[NNENUM] Filtering result using SMT solver...
[SMT] SMT filtered out 0 stars (out of 0; TO: 0).
[QUERY] Looking for nonlinear input combinations...
[QUERY] Found all non-linear combinations. Count: 1
[QUERY] Returning nonlinear disjunction
[CTRL] Considering conjunction with 39 input constraints and a disjunction of size 6
[APPROX] Checking cache: SNNT.Approx.ApproxCacheObject[]
[APPROX] Constructing Approximation
[APPROX] Resolving approximation
[CTRL] Initiating iterator over current linear queries
[APPROX] # Conjunctions over output: 6
[CTRL] Processing linear query no. 120
[NNENUM] Running nnenum now...
[NNENUM] lb: [-0.4999999701976776, -0.4999999701976776, 5.000000171712609e-6, -0.21079675705898798, -0.1, -0.1, -0.1, -0.1, -0.1, -0.1, -0.1, -0.1, -0.1]
[NNENUM] ub: [-0.00625, -0.33623147889292704, 5.000000171712609e-6, -0.08052249040043885, 0.09999999999999999, 0.09999999999999999, 0.09999999999999999, 0.09999999999999999, 0.09999999999999999, 0.09999999999999999, 0.09999999999999999, 0.09999999999999999, 0.09999999999999999]
[NNENUM] Creating LP Star...
[NNENUM] Checking feasibility
[NNENUM] Generating output Spec...
[NNENUM] Spec list length:  6
[NNENUM] Enumeration in progress... 
(0.1 sec) Q: 0, Sets: 0/1  (0.0%) CEs: 0 ETA: - (expected 1 stars)   
(0.2 sec) Q: 0, Sets: 1/3  (25.0%) CEs: 0 ETA: 0.7 sec (expected 4 stars)   

Total Stars: 4 (0 exact, 4 approx)
Unfinished Stars: 0
Runtime: 0.2 sec
Completed work frac: 1.0
Num Stars Copied Between Processes: 0
Num Lps During Enumeration: 0
Total Num Lps: 0

Result: network is SAFE

[NNENUM] Result: 
<nnenum.result.Result object at 0x747e3bed4640>
[NNENUM] Enumeration finished.
safe
[NNENUM] Found counter-example stars: 0
[NNENUM] Filtering result using SMT solver...
[SMT] SMT filtered out 0 stars (out of 0; TO: 0).
[QUERY] Looking for nonlinear input combinations...
[QUERY] Found all non-linear combinations. Count: 1
[QUERY] Returning nonlinear disjunction
[CTRL] Considering conjunction with 39 input constraints and a disjunction of size 6
[APPROX] Checking cache: SNNT.Approx.ApproxCacheObject[]
[APPROX] Constructing Approximation
[APPROX] Resolving approximation
[CTRL] Initiating iterator over current linear queries
[APPROX] # Conjunctions over output: 6
[CTRL] Processing linear query no. 121
[NNENUM] Running nnenum now...
[NNENUM] lb: [-0.4999999701976776, -0.4999999701976776, 5.000000171712609e-6, -0.21079675705898798, -0.1, -0.1, -0.1, -0.1, -0.1, -0.1, -0.1, -0.1, -0.1]
[NNENUM] ub: [-0.00625, -0.33623147889292704, 5.000000171712609e-6, -0.08052249040043885, 0.09999999999999999, 0.09999999999999999, 0.09999999999999999, 0.09999999999999999, 0.09999999999999999, 0.09999999999999999, 0.09999999999999999, 0.09999999999999999, 0.09999999999999999]
[NNENUM] Creating LP Star...
[NNENUM] Checking feasibility
[NNENUM] Generating output Spec...
[NNENUM] Spec list length:  6
[NNENUM] Enumeration in progress... 
(0.1 sec) Q: 0, Sets: 0/1  (0.0%) CEs: 0 ETA: - (expected 1 stars)   
(0.2 sec) Q: 0, Sets: 0/2  (0.0%) CEs: 0 ETA: - (expected 1 stars)   
(0.3 sec) Q: 0, Sets: 7/9  (81.25%) CEs: 0 ETA: 0.1 sec (expected 9 stars)   
Total Stars: 11 (0 exact, 11 approx)
Unfinished Stars: 0
Runtime: 0.4 sec
Completed work frac: 1.0
Num Stars Copied Between Processes: 0
Num Lps During Enumeration: 0
Total Num Lps: 0

Result: network is SAFE

[NNENUM] Result: 
<nnenum.result.Result object at 0x747e3a59b3d0>
[NNENUM] Enumeration finished.
safe
[NNENUM] Found counter-example stars: 0
[NNENUM] Filtering result using SMT solver...
[SMT] SMT filtered out 0 stars (out of 0; TO: 0).
[QUERY] Looking for nonlinear input combinations...
[QUERY] Found all non-linear combinations. Count: 3
[QUERY] Returning nonlinear disjunction
[CTRL] Considering conjunction with 39 input constraints and a disjunction of size 6
[APPROX] Checking cache: SNNT.Approx.ApproxCacheObject[]
[APPROX] Constructing Approximation
[APPROX] Resolving approximation
[CTRL] Initiating iterator over current linear queries
[APPROX] # Conjunctions over output: 6
[CTRL] Processing linear query no. 122
[NNENUM] Running nnenum now...
[NNENUM] lb: [-0.4999999701976776, -0.4999999701976776, 5.000000171712609e-6, -0.3499999940395355, -0.1, -0.1, -0.1, -0.1, -0.1, -0.1, -0.1, -0.1, -0.1]
[NNENUM] ub: [-0.00625, -0.33623147889292704, 5.000000171712609e-6, -0.21079675705898798, 0.09999999999999999, 0.09999999999999999, 0.09999999999999999, 0.09999999999999999, 0.09999999999999999, 0.09999999999999999, 0.09999999999999999, 0.09999999999999999, 0.09999999999999999]
[NNENUM] Creating LP Star...
[NNENUM] Checking feasibility
[NNENUM] Generating output Spec...
[NNENUM] Spec list length:  6
[NNENUM] Enumeration in progress... 
(0.1 sec) Q: 0, Sets: 0/1  (0.0%) CEs: 0 ETA: - (expected 1 stars)   
(0.2 sec) Q: 0, Sets: 6/9  (25.0%) CEs: 0 ETA: 0.6 sec (expected 24 stars)   
(0.3 sec) Q: 0, Sets: 9/13  (34.375%) CEs: 0 ETA: 0.6 sec (expected 26 stars)   (0.4 sec) Q: 0, Sets: 15/23  (50.195%) CEs: 0 ETA: 0.4 sec (expected 30 stars)   
(0.5 sec) Q: 0, Sets: 20/24  (53.125%) CEs: 0 ETA: 0.5 sec (expected 38 stars)   (0.6 sec) Q: 0, Sets: 23/29  (75.0%) CEs: 0 ETA: 0.2 sec (expected 31 stars)   (0.7 sec) Q: 0, Sets: 29/33  (78.125%) CEs: 0 ETA: 0.2 sec (expected 37 stars)   (0.8 sec) Q: 0, Sets: 36/41  (79.102%) CEs: 0 ETA: 0.2 sec (expected 46 stars)   
(1.0 sec) Q: 0, Sets: 41/45  (84.766%) CEs: 0 ETA: 0.2 sec (expected 48 stars)   (1.1 sec) Q: 0, Sets: 47/51  (89.453%) CEs: 0 ETA: 0.1 sec (expected 53 stars)   
Total Stars: 51 (0 exact, 51 approx)
Unfinished Stars: 0
Runtime: 1.1 sec
Completed work frac: 1.0
Num Stars Copied Between Processes: 0
Num Lps During Enumeration: 0
Total Num Lps: 0

Result: network is SAFE

[NNENUM] Result: 
<nnenum.result.Result object at 0x747e3a5ab220>
[NNENUM] Enumeration finished.
safe
[NNENUM] Found counter-example stars: 0
[NNENUM] Filtering result using SMT solver...
[SMT] SMT filtered out 0 stars (out of 0; TO: 0).
[QUERY] Looking for nonlinear input combinations...
[QUERY] Found all non-linear combinations. Count: 3
[QUERY] Returning nonlinear disjunction
[CTRL] Considering conjunction with 39 input constraints and a disjunction of size 6
[APPROX] Checking cache: SNNT.Approx.ApproxCacheObject[]
[APPROX] Constructing Approximation
[APPROX] Resolving approximation
[CTRL] Initiating iterator over current linear queries
[APPROX] # Conjunctions over output: 6
[CTRL] Processing linear query no. 123
[NNENUM] Running nnenum now...
[NNENUM] lb: [-0.4999999701976776, -0.4999999701976776, 5.000000171712609e-6, -0.3499999940395355, -0.1, -0.1, -0.1, -0.1, -0.1, -0.1, -0.1, -0.1, -0.1]
[NNENUM] ub: [-0.00625, -0.33623147889292704, 5.000000171712609e-6, -0.21079675705898798, 0.09999999999999999, 0.09999999999999999, 0.09999999999999999, 0.09999999999999999, 0.09999999999999999, 0.09999999999999999, 0.09999999999999999, 0.09999999999999999, 0.09999999999999999]
[NNENUM] Creating LP Star...
[NNENUM] Checking feasibility
[NNENUM] Generating output Spec...
[NNENUM] Spec list length:  6
[NNENUM] Enumeration in progress... 
(0.1 sec) Q: 0, Sets: 0/1  (0.0%) CEs: 0 ETA: - (expected 1 stars)   
(0.2 sec) Q: 0, Sets: 4/13  (0.977%) CEs: 0 ETA: 23.0 sec (expected 410 stars)   
(0.4 sec) Q: 0, Sets: 7/18  (1.041%) CEs: 0 ETA: 34.4 sec (expected 673 stars)   (0.5 sec) Q: 0, Sets: 11/18  (1.172%) CEs: 0 ETA: 39.8 sec (expected 939 stars)   
(0.7 sec) Q: 0, Sets: 15/18  (12.5%) CEs: 0 ETA: 4.7 sec (expected 120 stars)   (0.8 sec) Q: 0, Sets: 16/18  (25.0%) CEs: 0 ETA: 2.4 sec (expected 64 stars)   (1.2 sec) Q: 0, Sets: 17/19  (50.0%) CEs: 0 ETA: 1.2 sec (expected 34 stars)   (1.3 sec) Q: 0, Sets: 19/23  (53.125%) CEs: 0 ETA: 1.2 sec (expected 36 stars)   
(1.4 sec) Q: 0, Sets: 27/29  (62.5%) CEs: 0 ETA: 0.9 sec (expected 43 stars)   (1.5 sec) Q: 0, Sets: 30/33  (65.625%) CEs: 0 ETA: 0.8 sec (expected 46 stars)   (1.7 sec) Q: 0, Sets: 33/42  (75.781%) CEs: 0 ETA: 0.5 sec (expected 44 stars)   (1.8 sec) Q: 0, Sets: 39/44  (76.172%) CEs: 0 ETA: 0.6 sec (expected 51 stars)   (1.9 sec) Q: 0, Sets: 43/49  (78.32%) CEs: 0 ETA: 0.5 sec (expected 55 stars)   (2.0 sec) Q: 0, Sets: 44/49  (78.516%) CEs: 0 ETA: 0.6 sec (expected 56 stars)   (2.2 sec) Q: 0, Sets: 47/49  (81.25%) CEs: 0 ETA: 0.5 sec (expected 58 stars)   (2.4 sec) Q: 0, Sets: 47/50  (81.25%) CEs: 0 ETA: 0.6 sec (expected 58 stars)   
(2.5 sec) Q: 0, Sets: 49/52  (82.812%) CEs: 0 ETA: 0.5 sec (expected 59 stars)   (2.6 sec) Q: 0, Sets: 50/60  (84.375%) CEs: 0 ETA: 0.5 sec (expected 59 stars)   (2.8 sec) Q: 0, Sets: 55/61  (84.473%) CEs: 0 ETA: 0.5 sec (expected 65 stars)   (2.9 sec) Q: 0, Sets: 57/61  (84.766%) CEs: 0 ETA: 0.5 sec (expected 67 stars)   (3.1 sec) Q: 0, Sets: 59/61  (85.938%) CEs: 0 ETA: 0.5 sec (expected 69 stars)   (3.2 sec) Q: 0, Sets: 61/61  (100.0%) CEs: 0 ETA: 0.0 sec (expected 61 stars)   
Total Stars: 61 (1 exact, 60 approx)
Unfinished Stars: 0
Runtime: 3.2 sec
Completed work frac: 1.0
Num Stars Copied Between Processes: 0
Num Lps During Enumeration: 7
Total Num Lps: 7

Result: network is SAFE

[NNENUM] Result: 
<nnenum.result.Result object at 0x747e3a5938e0>
[NNENUM] Enumeration finished.
safe
[NNENUM] Found counter-example stars: 0
[NNENUM] Filtering result using SMT solver...
[SMT] SMT filtered out 0 stars (out of 0; TO: 0).
[QUERY] Looking for nonlinear input combinations...
.[QUERY] Found all non-linear combinations. Count: 1
[QUERY] Returning nonlinear disjunction
[CTRL] Considering conjunction with 39 input constraints and a disjunction of size 6
[APPROX] Checking cache: SNNT.Approx.ApproxCacheObject[]
[APPROX] Constructing Approximation
[APPROX] Resolving approximation
[CTRL] Initiating iterator over current linear queries
[APPROX] # Conjunctions over output: 6
[CTRL] Processing linear query no. 124
[NNENUM] Running nnenum now...
[NNENUM] lb: [-0.4999999701976776, -0.4999999701976776, 5.000000171712609e-6, -0.3499999940395355, -0.1, -0.1, -0.1, -0.1, -0.1, -0.1, -0.1, -0.1, -0.1]
[NNENUM] ub: [-0.00625, -0.33623147889292704, 5.000000171712609e-6, -0.21079675705898798, 0.09999999999999999, 0.09999999999999999, 0.09999999999999999, 0.09999999999999999, 0.09999999999999999, 0.09999999999999999, 0.09999999999999999, 0.09999999999999999, 0.09999999999999999]
[NNENUM] Creating LP Star...
[NNENUM] Checking feasibility
[NNENUM] Generating output Spec...
[NNENUM] Spec list length:  6
[NNENUM] Enumeration in progress... 
(0.1 sec) Q: 0, Sets: 0/1  (0.0%) CEs: 0 ETA: - (expected 1 stars)   
(0.2 sec) Q: 0, Sets: 4/9  (3.125%) CEs: 0 ETA: 7.3 sec (expected 128 stars)   
(0.4 sec) Q: 0, Sets: 7/9  (25.0%) CEs: 0 ETA: 1.1 sec (expected 28 stars)   (0.5 sec) Q: 0, Sets: 8/10  (50.0%) CEs: 0 ETA: 0.5 sec (expected 16 stars)   
(0.6 sec) Q: 0, Sets: 10/17  (56.445%) CEs: 0 ETA: 0.5 sec (expected 18 stars)   (0.7 sec) Q: 0, Sets: 16/23  (60.986%) CEs: 0 ETA: 0.5 sec (expected 26 stars)   (0.8 sec) Q: 0, Sets: 20/23  (61.719%) CEs: 0 ETA: 0.5 sec (expected 32 stars)   
Total Stars: 27 (0 exact, 27 approx)
Unfinished Stars: 0
Runtime: 0.9 sec
Completed work frac: 1.0
Num Stars Copied Between Processes: 0
Num Lps During Enumeration: 0
Total Num Lps: 0

Result: network is SAFE

[NNENUM] Result: 
<nnenum.result.Result object at 0x747e3a58ca60>
[NNENUM] Enumeration finished.
safe
[NNENUM] Found counter-example stars: 0
[NNENUM] Filtering result using SMT solver...
[SMT] SMT filtered out 0 stars (out of 0; TO: 0).
[QUERY] Looking for nonlinear input combinations...
.[QUERY] Found all non-linear combinations. Count: 1
[QUERY] Returning nonlinear disjunction
[CTRL] Considering conjunction with 39 input constraints and a disjunction of size 6
[APPROX] Checking cache: SNNT.Approx.ApproxCacheObject[]
[APPROX] Constructing Approximation
[APPROX] Resolving approximation
[CTRL] Initiating iterator over current linear queries
[APPROX] # Conjunctions over output: 6
[CTRL] Processing linear query no. 125
[NNENUM] Running nnenum now...
[NNENUM] lb: [-0.4999999701976776, -0.4999999701976776, 5.000000171712609e-6, -0.3499999940395355, -0.1, -0.1, -0.1, -0.1, -0.1, -0.1, -0.1, -0.1, -0.1]
[NNENUM] ub: [-0.00625, -0.33623147889292704, 5.000000171712609e-6, -0.21079675705898798, 0.09999999999999999, 0.09999999999999999, 0.09999999999999999, 0.09999999999999999, 0.09999999999999999, 0.09999999999999999, 0.09999999999999999, 0.09999999999999999, 0.09999999999999999]
[NNENUM] Creating LP Star...
[NNENUM] Checking feasibility
[NNENUM] Generating output Spec...
[NNENUM] Spec list length:  6
[NNENUM] Enumeration in progress... 
(0.1 sec) Q: 0, Sets: 0/1  (0.0%) CEs: 0 ETA: - (expected 1 stars)   
(0.2 sec) Q: 0, Sets: 3/8  (4.688%) CEs: 0 ETA: 4.1 sec (expected 64 stars)   
(0.3 sec) Q: 0, Sets: 10/10  (100.0%) CEs: 0 ETA: 0.0 sec (expected 10 stars)   
Total Stars: 10 (0 exact, 10 approx)
Unfinished Stars: 0
Runtime: 0.3 sec
Completed work frac: 1.0
Num Stars Copied Between Processes: 0
Num Lps During Enumeration: 0
Total Num Lps: 0

Result: network is SAFE

[NNENUM] Result: 
<nnenum.result.Result object at 0x747e3a5a96a0>
[NNENUM] Enumeration finished.
safe
[NNENUM] Found counter-example stars: 0
[NNENUM] Filtering result using SMT solver...
[SMT] SMT filtered out 0 stars (out of 0; TO: 0).
[QUERY] Looking for nonlinear input combinations...
[QUERY] Found all non-linear combinations. Count: 1
[QUERY] Returning nonlinear disjunction
[CTRL] Considering conjunction with 39 input constraints and a disjunction of size 6
[APPROX] Checking cache: SNNT.Approx.ApproxCacheObject[]
[APPROX] Constructing Approximation
[APPROX] Resolving approximation
[CTRL] Initiating iterator over current linear queries
[APPROX] # Conjunctions over output: 6
[CTRL] Processing linear query no. 126
[NNENUM] Running nnenum now...
[NNENUM] lb: [-0.4999999701976776, -0.4999999701976776, 5.000000171712609e-6, -0.3499999940395355, -0.1, -0.1, -0.1, -0.1, -0.1, -0.1, -0.1, -0.1, -0.1]
[NNENUM] ub: [-0.00625, -0.33623147889292704, 5.000000171712609e-6, -0.21079675705898798, 0.09999999999999999, 0.09999999999999999, 0.09999999999999999, 0.09999999999999999, 0.09999999999999999, 0.09999999999999999, 0.09999999999999999, 0.09999999999999999, 0.09999999999999999]
[NNENUM] Creating LP Star...
[NNENUM] Checking feasibility
[NNENUM] Generating output Spec...
[NNENUM] Spec list length:  6
[NNENUM] Enumeration in progress... 
(0.1 sec) Q: 0, Sets: 0/1  (0.0%) CEs: 0 ETA: - (expected 1 stars)   
(0.2 sec) Q: 0, Sets: 2/8  (3.906%) CEs: 0 ETA: 4.5 sec (expected 51 stars)   
(0.3 sec) Q: 0, Sets: 7/10  (12.5%) CEs: 0 ETA: 2.0 sec (expected 56 stars)   (0.4 sec) Q: 0, Sets: 14/16  (50.0%) CEs: 0 ETA: 0.4 sec (expected 28 stars)   
(0.5 sec) Q: 0, Sets: 19/24  (52.344%) CEs: 0 ETA: 0.5 sec (expected 36 stars)   (0.6 sec) Q: 0, Sets: 27/30  (74.414%) CEs: 0 ETA: 0.2 sec (expected 36 stars)   
Total Stars: 33 (0 exact, 33 approx)
Unfinished Stars: 0
Runtime: 0.6 sec
Completed work frac: 1.0
Num Stars Copied Between Processes: 0
Num Lps During Enumeration: 0
Total Num Lps: 0

Result: network is SAFE

[NNENUM] Result: 
<nnenum.result.Result object at 0x747e3a59bd60>
[NNENUM] Enumeration finished.
safe
[NNENUM] Found counter-example stars: 0
[NNENUM] Filtering result using SMT solver...
[SMT] SMT filtered out 0 stars (out of 0; TO: 0).
[QUERY] Looking for nonlinear input combinations...
[QUERY] Found all non-linear combinations. Count: 1
[QUERY] Returning nonlinear disjunction
[CTRL] Considering conjunction with 39 input constraints and a disjunction of size 6
[APPROX] Checking cache: SNNT.Approx.ApproxCacheObject[]
[APPROX] Constructing Approximation
[APPROX] Resolving approximation
[CTRL] Initiating iterator over current linear queries
[APPROX] # Conjunctions over output: 6
[CTRL] Processing linear query no. 127
[NNENUM] Running nnenum now...
[NNENUM] lb: [-0.4999999701976776, -0.4999999701976776, 5.000000171712609e-6, -0.3499999940395355, -0.1, -0.1, -0.1, -0.1, -0.1, -0.1, -0.1, -0.1, -0.1]
[NNENUM] ub: [-0.00625, -0.33623147889292704, 5.000000171712609e-6, -0.21079675705898798, 0.09999999999999999, 0.09999999999999999, 0.09999999999999999, 0.09999999999999999, 0.09999999999999999, 0.09999999999999999, 0.09999999999999999, 0.09999999999999999, 0.09999999999999999]
[NNENUM] Creating LP Star...
[NNENUM] Checking feasibility
[NNENUM] Generating output Spec...
[NNENUM] Spec list length:  6
[NNENUM] Enumeration in progress... 
(0.1 sec) Q: 0, Sets: 0/1  (0.0%) CEs: 0 ETA: - (expected 1 stars)   
(0.2 sec) Q: 0, Sets: 4/9  (5.469%) CEs: 0 ETA: 3.1 sec (expected 73 stars)   
(0.3 sec) Q: 0, Sets: 8/12  (10.938%) CEs: 0 ETA: 2.3 sec (expected 73 stars)   (0.4 sec) Q: 0, Sets: 15/19  (22.656%) CEs: 0 ETA: 1.3 sec (expected 66 stars)   
(0.5 sec) Q: 0, Sets: 22/25  (43.75%) CEs: 0 ETA: 0.6 sec (expected 50 stars)   (0.6 sec) Q: 0, Sets: 26/33  (50.391%) CEs: 0 ETA: 0.6 sec (expected 52 stars)   (0.8 sec) Q: 0, Sets: 33/39  (51.172%) CEs: 0 ETA: 0.8 sec (expected 64 stars)   (0.9 sec) Q: 0, Sets: 37/39  (62.5%) CEs: 0 ETA: 0.6 sec (expected 59 stars)   
(1.0 sec) Q: 0, Sets: 41/50  (62.988%) CEs: 0 ETA: 0.6 sec (expected 65 stars)   (1.1 sec) Q: 0, Sets: 49/54  (63.281%) CEs: 0 ETA: 0.7 sec (expected 77 stars)   (1.2 sec) Q: 0, Sets: 54/59  (64.453%) CEs: 0 ETA: 0.7 sec (expected 84 stars)   (1.4 sec) Q: 0, Sets: 57/59  (68.75%) CEs: 0 ETA: 0.7 sec (expected 83 stars)   (1.5 sec) Q: 0, Sets: 58/60  (75.0%) CEs: 0 ETA: 0.5 sec (expected 77 stars)   (1.7 sec) Q: 0, Sets: 61/63  (81.25%) CEs: 0 ETA: 0.4 sec (expected 75 stars)   (1.8 sec) Q: 0, Sets: 61/63  (81.25%) CEs: 0 ETA: 0.4 sec (expected 75 stars)   (1.9 sec) Q: 0, Sets: 66/68  (93.75%) CEs: 0 ETA: 0.1 sec (expected 70 stars)   

Total Stars: 70 (1 exact, 69 approx)
Unfinished Stars: 0
Runtime: 2.0 sec
Completed work frac: 1.0
Num Stars Copied Between Processes: 0
Num Lps During Enumeration: 10
Total Num Lps: 10

Result: network is SAFE

[NNENUM] Result: 
<nnenum.result.Result object at 0x747e3a59f2e0>
[NNENUM] Enumeration finished.
safe
[NNENUM] Found counter-example stars: 0
[NNENUM] Filtering result using SMT solver...
[SMT] SMT filtered out 0 stars (out of 0; TO: 0).
[QUERY] Looking for nonlinear input combinations...
[QUERY] Found all non-linear combinations. Count: 1
[QUERY] Returning nonlinear disjunction
[CTRL] Considering conjunction with 39 input constraints and a disjunction of size 6
[APPROX] Checking cache: SNNT.Approx.ApproxCacheObject[]
[APPROX] Constructing Approximation
[APPROX] Resolving approximation
[CTRL] Initiating iterator over current linear queries
[APPROX] # Conjunctions over output: 6
[CTRL] Processing linear query no. 128
[NNENUM] Running nnenum now...
[NNENUM] lb: [-0.4999999701976776, -0.4999999701976776, 5.000000171712609e-6, -0.3499999940395355, -0.1, -0.1, -0.1, -0.1, -0.1, -0.1, -0.1, -0.1, -0.1]
[NNENUM] ub: [-0.00625, -0.33623147889292704, 5.000000171712609e-6, -0.21079675705898798, 0.09999999999999999, 0.09999999999999999, 0.09999999999999999, 0.09999999999999999, 0.09999999999999999, 0.09999999999999999, 0.09999999999999999, 0.09999999999999999, 0.09999999999999999]
[NNENUM] Creating LP Star...
[NNENUM] Checking feasibility
[NNENUM] Generating output Spec...
[NNENUM] Spec list length:  6
[NNENUM] Enumeration in progress... 
(0.1 sec) Q: 0, Sets: 0/1  (0.0%) CEs: 0 ETA: - (expected 1 stars)   
(0.2 sec) Q: 0, Sets: 0/7  (0.0%) CEs: 0 ETA: - (expected 1 stars)   
(0.3 sec) Q: 0, Sets: 7/12  (14.062%) CEs: 0 ETA: 1.9 sec (expected 50 stars)   (0.4 sec) Q: 0, Sets: 13/18  (50.0%) CEs: 0 ETA: 0.4 sec (expected 26 stars)   
(0.5 sec) Q: 0, Sets: 21/23  (75.0%) CEs: 0 ETA: 0.2 sec (expected 28 stars)   (0.6 sec) Q: 0, Sets: 26/28  (90.625%) CEs: 0 ETA: 0.1 sec (expected 29 stars)   
Total Stars: 28 (1 exact, 27 approx)
Unfinished Stars: 0
Runtime: 0.6 sec
Completed work frac: 1.0
Num Stars Copied Between Processes: 0
Num Lps During Enumeration: 9
Total Num Lps: 9

Result: network is SAFE

[NNENUM] Result: 
<nnenum.result.Result object at 0x747e3a593550>
[NNENUM] Enumeration finished.
safe
[NNENUM] Found counter-example stars: 0
[NNENUM] Filtering result using SMT solver...
[SMT] SMT filtered out 0 stars (out of 0; TO: 0).
[QUERY] Looking for nonlinear input combinations...
[QUERY] Found all non-linear combinations. Count: 1
[QUERY] Returning nonlinear disjunction
[CTRL] Considering conjunction with 39 input constraints and a disjunction of size 6
[APPROX] Checking cache: SNNT.Approx.ApproxCacheObject[]
[APPROX] Constructing Approximation
[APPROX] Resolving approximation
[CTRL] Initiating iterator over current linear queries
[APPROX] # Conjunctions over output: 6
[CTRL] Processing linear query no. 129
[NNENUM] Running nnenum now...
[NNENUM] lb: [-0.4999999701976776, -0.4999999701976776, 5.000000171712609e-6, -0.3499999940395355, -0.1, -0.1, -0.1, -0.1, -0.1, -0.1, -0.1, -0.1, -0.1]
[NNENUM] ub: [-0.00625, -0.33623147889292704, 5.000000171712609e-6, -0.21079675705898798, 0.09999999999999999, 0.09999999999999999, 0.09999999999999999, 0.09999999999999999, 0.09999999999999999, 0.09999999999999999, 0.09999999999999999, 0.09999999999999999, 0.09999999999999999]
[NNENUM] Creating LP Star...
[NNENUM] Checking feasibility
[NNENUM] Generating output Spec...
[NNENUM] Spec list length:  6
[NNENUM] Enumeration in progress... 
(0.2 sec) Q: 0, Sets: 0/1  (0.0%) CEs: 0 ETA: - (expected 1 stars)   

Total Stars: 6 (0 exact, 6 approx)
Unfinished Stars: 0
Runtime: 0.3 sec
Completed work frac: 1.0
Num Stars Copied Between Processes: 0
Num Lps During Enumeration: 0
Total Num Lps: 0

Result: network is SAFE

[NNENUM] Result: 
<nnenum.result.Result object at 0x747e3a5ab220>
[NNENUM] Enumeration finished.
safe
[NNENUM] Found counter-example stars: 0
[NNENUM] Filtering result using SMT solver...
[SMT] SMT filtered out 0 stars (out of 0; TO: 0).
[QUERY] Looking for nonlinear input combinations...
.[QUERY] Found all non-linear combinations. Count: 1
[QUERY] Returning nonlinear disjunction
[CTRL] Considering conjunction with 39 input constraints and a disjunction of size 6
[APPROX] Checking cache: SNNT.Approx.ApproxCacheObject[]
[APPROX] Constructing Approximation
[APPROX] Resolving approximation
[CTRL] Initiating iterator over current linear queries
[APPROX] # Conjunctions over output: 6
[CTRL] Processing linear query no. 130
[NNENUM] Running nnenum now...
[NNENUM] lb: [-0.4999999701976776, -0.4999999701976776, 5.000000171712609e-6, -0.3499999940395355, -0.1, -0.1, -0.1, -0.1, -0.1, -0.1, -0.1, -0.1, -0.1]
[NNENUM] ub: [-0.00625, -0.33623147889292704, 5.000000171712609e-6, -0.21079675705898798, 0.09999999999999999, 0.09999999999999999, 0.09999999999999999, 0.09999999999999999, 0.09999999999999999, 0.09999999999999999, 0.09999999999999999, 0.09999999999999999, 0.09999999999999999]
[NNENUM] Creating LP Star...
[NNENUM] Checking feasibility
[NNENUM] Generating output Spec...
[NNENUM] Spec list length:  6
[NNENUM] Enumeration in progress... 
(0.0 sec) Q: 0, Sets: 0/1  (0.0%) CEs: 0 ETA: - (expected 1 stars)   
(0.2 sec) Q: 0, Sets: 0/2  (0.0%) CEs: 0 ETA: - (expected 1 stars)   

Total Stars: 2 (0 exact, 2 approx)
Unfinished Stars: 0
Runtime: 0.2 sec
Completed work frac: 1.0
Num Stars Copied Between Processes: 0
Num Lps During Enumeration: 0
Total Num Lps: 0

Result: network is SAFE

[NNENUM] Result: 
<nnenum.result.Result object at 0x747e3a59bc10>
[NNENUM] Enumeration finished.
safe
[NNENUM] Found counter-example stars: 0
[NNENUM] Filtering result using SMT solver...
[SMT] SMT filtered out 0 stars (out of 0; TO: 0).
[QUERY] Looking for nonlinear input combinations...
.[QUERY] Found all non-linear combinations. Count: 1
[QUERY] Returning nonlinear disjunction
[CTRL] Considering conjunction with 39 input constraints and a disjunction of size 6
[APPROX] Checking cache: SNNT.Approx.ApproxCacheObject[]
[APPROX] Constructing Approximation
[APPROX] Resolving approximation
[CTRL] Initiating iterator over current linear queries
[APPROX] # Conjunctions over output: 6
[CTRL] Processing linear query no. 131
[NNENUM] Running nnenum now...
[NNENUM] lb: [-0.4999999701976776, -0.4999999701976776, 5.000000171712609e-6, -0.3499999940395355, -0.1, -0.1, -0.1, -0.1, -0.1, -0.1, -0.1, -0.1, -0.1]
[NNENUM] ub: [-0.00625, -0.33623147889292704, 5.000000171712609e-6, -0.21079675705898798, 0.09999999999999999, 0.09999999999999999, 0.09999999999999999, 0.09999999999999999, 0.09999999999999999, 0.09999999999999999, 0.09999999999999999, 0.09999999999999999, 0.09999999999999999]
[NNENUM] Creating LP Star...
[NNENUM] Checking feasibility
[NNENUM] Generating output Spec...
[NNENUM] Spec list length:  6
[NNENUM] Enumeration in progress... 
(0.1 sec) Q: 0, Sets: 0/1  (0.0%) CEs: 0 ETA: - (expected 1 stars)   
(0.3 sec) Q: 0, Sets: 1/7  (6.25%) CEs: 0 ETA: 4.3 sec (expected 16 stars)   
(0.4 sec) Q: 0, Sets: 8/12  (40.625%) CEs: 0 ETA: 0.6 sec (expected 20 stars)   
Total Stars: 16 (2 exact, 14 approx)
Unfinished Stars: 0
Runtime: 0.5 sec
Completed work frac: 1.0
Num Stars Copied Between Processes: 0
Num Lps During Enumeration: 44
Total Num Lps: 44

Result: network is SAFE

[NNENUM] Result: 
<nnenum.result.Result object at 0x747e3a588a60>
[NNENUM] Enumeration finished.
safe
[NNENUM] Found counter-example stars: 0
[NNENUM] Filtering result using SMT solver...
[SMT] SMT filtered out 0 stars (out of 0; TO: 0).
[QUERY] Looking for nonlinear input combinations...
[QUERY] Found all non-linear combinations. Count: 3
[QUERY] Returning nonlinear disjunction
[CTRL] Considering conjunction with 39 input constraints and a disjunction of size 6
[APPROX] Checking cache: SNNT.Approx.ApproxCacheObject[]
[APPROX] Constructing Approximation
[APPROX] Resolving approximation
[CTRL] Initiating iterator over current linear queries
[APPROX] # Conjunctions over output: 6
[CTRL] Processing linear query no. 132
[NNENUM] Running nnenum now...
[NNENUM] lb: [-0.4999999701976776, -0.4999999701976776, 5.000000171712609e-6, -0.3499999940395355, -0.1, -0.1, -0.1, -0.1, -0.1, -0.1, -0.1, -0.1, -0.1]
[NNENUM] ub: [-0.00625, -0.33623147889292704, 5.000000171712609e-6, -0.21079675705898798, 0.09999999999999999, 0.09999999999999999, 0.09999999999999999, 0.09999999999999999, 0.09999999999999999, 0.09999999999999999, 0.09999999999999999, 0.09999999999999999, 0.09999999999999999]
[NNENUM] Creating LP Star...
[NNENUM] Checking feasibility
[NNENUM] Generating output Spec...
[NNENUM] Spec list length:  6
[NNENUM] Enumeration in progress... 
(0.1 sec) Q: 0, Sets: 0/1  (0.0%) CEs: 0 ETA: - (expected 1 stars)   
(0.2 sec) Q: 0, Sets: 4/11  (0.781%) CEs: 0 ETA: 23.9 sec (expected 512 stars)   
(0.3 sec) Q: 0, Sets: 7/15  (1.758%) CEs: 0 ETA: 16.3 sec (expected 398 stars)   (0.4 sec) Q: 0, Sets: 16/20  (6.25%) CEs: 0 ETA: 6.0 sec (expected 256 stars)   
(0.5 sec) Q: 0, Sets: 23/25  (25.0%) CEs: 0 ETA: 1.5 sec (expected 92 stars)   (0.6 sec) Q: 0, Sets: 30/32  (37.5%) CEs: 0 ETA: 1.1 sec (expected 80 stars)   (0.8 sec) Q: 0, Sets: 33/39  (57.812%) CEs: 0 ETA: 0.6 sec (expected 57 stars)   (0.9 sec) Q: 0, Sets: 41/43  (68.75%) CEs: 0 ETA: 0.4 sec (expected 60 stars)   
(1.0 sec) Q: 0, Sets: 44/48  (72.266%) CEs: 0 ETA: 0.4 sec (expected 61 stars)   (1.1 sec) Q: 0, Sets: 51/54  (78.125%) CEs: 0 ETA: 0.3 sec (expected 65 stars)   (1.2 sec) Q: 0, Sets: 57/64  (79.449%) CEs: 0 ETA: 0.3 sec (expected 72 stars)   (1.3 sec) Q: 0, Sets: 62/64  (81.25%) CEs: 0 ETA: 0.3 sec (expected 76 stars)   (1.4 sec) Q: 0, Sets: 67/71  (91.406%) CEs: 0 ETA: 0.1 sec (expected 73 stars)   
Total Stars: 74 (1 exact, 73 approx)
Unfinished Stars: 0
Runtime: 1.5 sec
Completed work frac: 1.0
Num Stars Copied Between Processes: 0
Num Lps During Enumeration: 10
Total Num Lps: 10

Result: network is SAFE

[NNENUM] Result: 
<nnenum.result.Result object at 0x747e39f572e0>
[NNENUM] Enumeration finished.
safe
[NNENUM] Found counter-example stars: 0
[NNENUM] Filtering result using SMT solver...
[SMT] SMT filtered out 0 stars (out of 0; TO: 0).
[QUERY] Looking for nonlinear input combinations...
[QUERY] Found all non-linear combinations. Count: 3
[QUERY] Returning nonlinear disjunction
[CTRL] Considering conjunction with 39 input constraints and a disjunction of size 6
[APPROX] Checking cache: SNNT.Approx.ApproxCacheObject[]
[APPROX] Constructing Approximation
[APPROX] Resolving approximation
[CTRL] Initiating iterator over current linear queries
[APPROX] # Conjunctions over output: 6
[CTRL] Processing linear query no. 133
[NNENUM] Running nnenum now...
[NNENUM] lb: [-0.4999999701976776, -0.4999999701976776, 5.000000171712609e-6, -0.3499999940395355, -0.1, -0.1, -0.1, -0.1, -0.1, -0.1, -0.1, -0.1, -0.1]
[NNENUM] ub: [-0.00625, -0.33623147889292704, 5.000000171712609e-6, -0.21079675705898798, 0.09999999999999999, 0.09999999999999999, 0.09999999999999999, 0.09999999999999999, 0.09999999999999999, 0.09999999999999999, 0.09999999999999999, 0.09999999999999999, 0.09999999999999999]
[NNENUM] Creating LP Star...
[NNENUM] Checking feasibility
[NNENUM] Generating output Spec...
[NNENUM] Spec list length:  6
[NNENUM] Enumeration in progress... 
(0.1 sec) Q: 0, Sets: 0/1  (0.0%) CEs: 0 ETA: - (expected 1 stars)   
(0.2 sec) Q: 0, Sets: 2/5  (18.75%) CEs: 0 ETA: 0.7 sec (expected 11 stars)   

Total Stars: 8 (1 exact, 7 approx)
Unfinished Stars: 0
Runtime: 0.2 sec
Completed work frac: 1.0
Num Stars Copied Between Processes: 0
Num Lps During Enumeration: 37
Total Num Lps: 37

Result: network is SAFE

[NNENUM] Result: 
<nnenum.result.Result object at 0x747e3bf298e0>
[NNENUM] Enumeration finished.
safe
[NNENUM] Found counter-example stars: 0
[NNENUM] Filtering result using SMT solver...
[SMT] SMT filtered out 0 stars (out of 0; TO: 0).
[QUERY] Looking for nonlinear input combinations...
[QUERY] Found all non-linear combinations. Count: 1
[QUERY] Returning nonlinear disjunction
[CTRL] Considering conjunction with 39 input constraints and a disjunction of size 6
[APPROX] Checking cache: SNNT.Approx.ApproxCacheObject[]
[APPROX] Constructing Approximation
[APPROX] Resolving approximation
[CTRL] Initiating iterator over current linear queries
[APPROX] # Conjunctions over output: 6
[CTRL] Processing linear query no. 134
[NNENUM] Running nnenum now...
[NNENUM] lb: [-0.4999999701976776, -0.4999999701976776, 5.000000171712609e-6, -0.3499999940395355, -0.1, -0.1, -0.1, -0.1, -0.1, -0.1, -0.1, -0.1, -0.1]
[NNENUM] ub: [-0.00625, -0.33623147889292704, 5.000000171712609e-6, -0.21079675705898798, 0.09999999999999999, 0.09999999999999999, 0.09999999999999999, 0.09999999999999999, 0.09999999999999999, 0.09999999999999999, 0.09999999999999999, 0.09999999999999999, 0.09999999999999999]
[NNENUM] Creating LP Star...
[NNENUM] Checking feasibility
[NNENUM] Generating output Spec...
[NNENUM] Spec list length:  6
[NNENUM] Enumeration in progress... 
(0.1 sec) Q: 0, Sets: 0/1  (0.0%) CEs: 0 ETA: - (expected 1 stars)   
(0.2 sec) Q: 0, Sets: 0/2  (0.0%) CEs: 0 ETA: - (expected 1 stars)   
(0.3 sec) Q: 0, Sets: 2/7  (6.25%) CEs: 0 ETA: 4.6 sec (expected 32 stars)   
Total Stars: 11 (1 exact, 10 approx)
Unfinished Stars: 0
Runtime: 0.4 sec
Completed work frac: 1.0
Num Stars Copied Between Processes: 0
Num Lps During Enumeration: 48
Total Num Lps: 48

Result: network is SAFE

[NNENUM] Result: 
<nnenum.result.Result object at 0x747e3bef1730>
[NNENUM] Enumeration finished.
safe
[NNENUM] Found counter-example stars: 0
[NNENUM] Filtering result using SMT solver...
[SMT] SMT filtered out 0 stars (out of 0; TO: 0).
[QUERY] Looking for nonlinear input combinations...
..[QUERY] Found all non-linear combinations. Count: 1
[QUERY] Returning nonlinear disjunction
[CTRL] Considering conjunction with 39 input constraints and a disjunction of size 6
[APPROX] Checking cache: SNNT.Approx.ApproxCacheObject[]
[APPROX] Constructing Approximation
[APPROX] Resolving approximation
[CTRL] Initiating iterator over current linear queries
[APPROX] # Conjunctions over output: 6
[CTRL] Processing linear query no. 135
[NNENUM] Running nnenum now...
[NNENUM] lb: [-0.4999999701976776, -0.4999999701976776, 5.000000171712609e-6, -0.3499999940395355, -0.1, -0.1, -0.1, -0.1, -0.1, -0.1, -0.1, -0.1, -0.1]
[NNENUM] ub: [-0.00625, -0.33623147889292704, 5.000000171712609e-6, -0.21079675705898798, 0.09999999999999999, 0.09999999999999999, 0.09999999999999999, 0.09999999999999999, 0.09999999999999999, 0.09999999999999999, 0.09999999999999999, 0.09999999999999999, 0.09999999999999999]
[NNENUM] Creating LP Star...
[NNENUM] Checking feasibility
[NNENUM] Generating output Spec...
[NNENUM] Spec list length:  6
[NNENUM] Enumeration in progress... 
(0.1 sec) Q: 0, Sets: 0/1  (0.0%) CEs: 0 ETA: - (expected 1 stars)   
(0.2 sec) Q: 0, Sets: 1/8  (6.25%) CEs: 0 ETA: 3.4 sec (expected 16 stars)   
(0.3 sec) Q: 0, Sets: 9/16  (18.75%) CEs: 0 ETA: 1.4 sec (expected 48 stars)   (0.4 sec) Q: 0, Sets: 20/20  (100.0%) CEs: 0 ETA: 0.0 sec (expected 20 stars)   

Total Stars: 20 (4 exact, 16 approx)
Unfinished Stars: 0
Runtime: 0.4 sec
Completed work frac: 1.0
Num Stars Copied Between Processes: 0
Num Lps During Enumeration: 47
Total Num Lps: 47

Result: network is SAFE

[NNENUM] Result: 
<nnenum.result.Result object at 0x747e3a597b20>
[NNENUM] Enumeration finished.
safe
[NNENUM] Found counter-example stars: 0
[NNENUM] Filtering result using SMT solver...
[SMT] SMT filtered out 0 stars (out of 0; TO: 0).
[QUERY] Looking for nonlinear input combinations...
[QUERY] Found all non-linear combinations. Count: 1
[QUERY] Returning nonlinear disjunction
[CTRL] Considering conjunction with 39 input constraints and a disjunction of size 6
[APPROX] Checking cache: SNNT.Approx.ApproxCacheObject[]
[APPROX] Constructing Approximation
[APPROX] Resolving approximation
[CTRL] Initiating iterator over current linear queries
[APPROX] # Conjunctions over output: 6
[CTRL] Processing linear query no. 136
[NNENUM] Running nnenum now...
[NNENUM] lb: [-0.4999999701976776, -0.4999999701976776, 5.000000171712609e-6, -0.21079675705898798, -0.1, -0.1, -0.1, -0.1, -0.1, -0.1, -0.1, -0.1, -0.1]
[NNENUM] ub: [-0.00625, -0.33623147889292704, 5.000000171712609e-6, -0.08052249040043885, 0.09999999999999999, 0.09999999999999999, 0.09999999999999999, 0.09999999999999999, 0.09999999999999999, 0.09999999999999999, 0.09999999999999999, 0.09999999999999999, 0.09999999999999999]
[NNENUM] Creating LP Star...
[NNENUM] Checking feasibility
[NNENUM] Generating output Spec...
[NNENUM] Spec list length:  6
[NNENUM] Enumeration in progress... 
(0.1 sec) Q: 0, Sets: 0/1  (0.0%) CEs: 0 ETA: - (expected 1 stars)   
(0.2 sec) Q: 0, Sets: 6/8  (50.0%) CEs: 0 ETA: 0.2 sec (expected 12 stars)   

Total Stars: 12 (2 exact, 10 approx)
Unfinished Stars: 0
Runtime: 0.3 sec
Completed work frac: 1.0
Num Stars Copied Between Processes: 0
Num Lps During Enumeration: 174
Total Num Lps: 174

Result: network is SAFE

[NNENUM] Result: 
<nnenum.result.Result object at 0x747e3a5a48b0>
[NNENUM] Enumeration finished.
safe
[NNENUM] Found counter-example stars: 0
[NNENUM] Filtering result using SMT solver...
[SMT] SMT filtered out 0 stars (out of 0; TO: 0).
[QUERY] Looking for nonlinear input combinations...
[QUERY] Found all non-linear combinations. Count: 1
[QUERY] Returning nonlinear disjunction
[CTRL] Considering conjunction with 39 input constraints and a disjunction of size 6
[APPROX] Checking cache: SNNT.Approx.ApproxCacheObject[]
[APPROX] Constructing Approximation
[APPROX] Resolving approximation
[CTRL] Initiating iterator over current linear queries
[APPROX] # Conjunctions over output: 6
[CTRL] Processing linear query no. 137
[NNENUM] Running nnenum now...
[NNENUM] lb: [-0.4999999701976776, -0.4999999701976776, 5.000000171712609e-6, -0.21079675705898798, -0.1, -0.1, -0.1, -0.1, -0.1, -0.1, -0.1, -0.1, -0.1]
[NNENUM] ub: [-0.00625, -0.33623147889292704, 5.000000171712609e-6, -0.08052249040043885, 0.09999999999999999, 0.09999999999999999, 0.09999999999999999, 0.09999999999999999, 0.09999999999999999, 0.09999999999999999, 0.09999999999999999, 0.09999999999999999, 0.09999999999999999]
[NNENUM] Creating LP Star...
[NNENUM] Checking feasibility
[NNENUM] Generating output Spec...
[NNENUM] Spec list length:  6
[NNENUM] Enumeration in progress... 
(0.2 sec) Q: 0, Sets: 0/1  (0.0%) CEs: 0 ETA: - (expected 1 stars)   
(0.3 sec) Q: 0, Sets: 0/2  (0.0%) CEs: 0 ETA: - (expected 1 stars)   
(0.4 sec) Q: 0, Sets: 5/11  (4.297%) CEs: 0 ETA: 8.6 sec (expected 116 stars)   (0.5 sec) Q: 0, Sets: 9/11  (25.0%) CEs: 0 ETA: 1.5 sec (expected 36 stars)   
(0.6 sec) Q: 0, Sets: 10/14  (50.0%) CEs: 0 ETA: 0.6 sec (expected 20 stars)   (0.7 sec) Q: 0, Sets: 18/20  (81.25%) CEs: 0 ETA: 0.2 sec (expected 22 stars)   
Total Stars: 23 (1 exact, 22 approx)
Unfinished Stars: 0
Runtime: 0.8 sec
Completed work frac: 1.0
Num Stars Copied Between Processes: 0
Num Lps During Enumeration: 109
Total Num Lps: 109

Result: network is SAFE

[NNENUM] Result: 
<nnenum.result.Result object at 0x747e3a5886d0>
[NNENUM] Enumeration finished.
safe
[NNENUM] Found counter-example stars: 0
[NNENUM] Filtering result using SMT solver...
[SMT] SMT filtered out 0 stars (out of 0; TO: 0).
[QUERY] Looking for nonlinear input combinations...
.[QUERY] Found all non-linear combinations. Count: 1
[QUERY] Returning nonlinear disjunction
[CTRL] Considering conjunction with 39 input constraints and a disjunction of size 6
[APPROX] Checking cache: SNNT.Approx.ApproxCacheObject[]
[APPROX] Constructing Approximation
[APPROX] Resolving approximation
[CTRL] Initiating iterator over current linear queries
[APPROX] # Conjunctions over output: 6
[CTRL] Processing linear query no. 138
[NNENUM] Running nnenum now...
[NNENUM] lb: [-0.4999999701976776, -0.4999999701976776, 5.000000171712609e-6, -0.21079675705898798, -0.1, -0.1, -0.1, -0.1, -0.1, -0.1, -0.1, -0.1, -0.1]
[NNENUM] ub: [-0.00625, -0.33623147889292704, 5.000000171712609e-6, -0.08052249040043885, 0.09999999999999999, 0.09999999999999999, 0.09999999999999999, 0.09999999999999999, 0.09999999999999999, 0.09999999999999999, 0.09999999999999999, 0.09999999999999999, 0.09999999999999999]
[NNENUM] Creating LP Star...
[NNENUM] Checking feasibility
[NNENUM] Generating output Spec...
[NNENUM] Spec list length:  6
[NNENUM] Enumeration in progress... 
(0.1 sec) Q: 0, Sets: 0/1  (0.0%) CEs: 0 ETA: - (expected 1 stars)   
(0.2 sec) Q: 0, Sets: 2/5  (18.75%) CEs: 0 ETA: 0.9 sec (expected 11 stars)   
(0.3 sec) Q: 0, Sets: 7/9  (75.0%) CEs: 0 ETA: 0.1 sec (expected 9 stars)   
Total Stars: 14 (2 exact, 12 approx)
Unfinished Stars: 0
Runtime: 0.4 sec
Completed work frac: 1.0
Num Stars Copied Between Processes: 0
Num Lps During Enumeration: 49
Total Num Lps: 49

Result: network is SAFE

[NNENUM] Result: 
<nnenum.result.Result object at 0x747e3a586520>
[NNENUM] Enumeration finished.
safe
[NNENUM] Found counter-example stars: 0
[NNENUM] Filtering result using SMT solver...
[SMT] SMT filtered out 0 stars (out of 0; TO: 0).
[QUERY] Looking for nonlinear input combinations...
.[QUERY] Found all non-linear combinations. Count: 1
[QUERY] Returning nonlinear disjunction
[CTRL] Considering conjunction with 39 input constraints and a disjunction of size 6
[APPROX] Checking cache: SNNT.Approx.ApproxCacheObject[]
[APPROX] Constructing Approximation
[APPROX] Resolving approximation
[CTRL] Initiating iterator over current linear queries
[APPROX] # Conjunctions over output: 6
[CTRL] Processing linear query no. 139
[NNENUM] Running nnenum now...
[NNENUM] lb: [-0.4999999701976776, -0.4999999701976776, 5.000000171712609e-6, -0.08052249040043885, -0.1, -0.1, -0.1, -0.1, -0.1, -0.1, -0.1, -0.1, -0.1]
[NNENUM] ub: [-0.00625, -0.33623147889292704, 5.000000171712609e-6, 0.075, 0.09999999999999999, 0.09999999999999999, 0.09999999999999999, 0.09999999999999999, 0.09999999999999999, 0.09999999999999999, 0.09999999999999999, 0.09999999999999999, 0.09999999999999999]
[NNENUM] Creating LP Star...
[NNENUM] Checking feasibility
[NNENUM] Generating output Spec...
[NNENUM] Spec list length:  6
[NNENUM] Enumeration in progress... 
(0.1 sec) Q: 0, Sets: 0/1  (0.0%) CEs: 0 ETA: - (expected 1 stars)   
(0.2 sec) Q: 0, Sets: 0/2  (0.0%) CEs: 0 ETA: - (expected 1 stars)   
(0.3 sec) Q: 0, Sets: 5/9  (53.125%) CEs: 0 ETA: 0.3 sec (expected 9 stars)   (0.4 sec) Q: 0, Sets: 8/10  (75.0%) CEs: 0 ETA: 0.1 sec (expected 11 stars)   

Total Stars: 15 (1 exact, 14 approx)
Unfinished Stars: 0
Runtime: 0.5 sec
Completed work frac: 1.0
Num Stars Copied Between Processes: 0
Num Lps During Enumeration: 39
Total Num Lps: 39

Result: network is SAFE

[NNENUM] Result: 
<nnenum.result.Result object at 0x747e3a59bf10>
[NNENUM] Enumeration finished.
safe
[NNENUM] Found counter-example stars: 0
[NNENUM] Filtering result using SMT solver...
[SMT] SMT filtered out 0 stars (out of 0; TO: 0).
[QUERY] Looking for nonlinear input combinations...
.[QUERY] Found all non-linear combinations. Count: 1
[QUERY] Returning nonlinear disjunction
[CTRL] Considering conjunction with 39 input constraints and a disjunction of size 6
[APPROX] Checking cache: SNNT.Approx.ApproxCacheObject[]
[APPROX] Constructing Approximation
[APPROX] Resolving approximation
[CTRL] Initiating iterator over current linear queries
[APPROX] # Conjunctions over output: 6
[CTRL] Processing linear query no. 140
[NNENUM] Running nnenum now...
[NNENUM] lb: [-0.4999999701976776, -0.4999999701976776, 5.000000171712609e-6, 0.075, -0.1, -0.1, -0.1, -0.1, -0.1, -0.1, -0.1, -0.1, -0.1]
[NNENUM] ub: [-0.00625, -0.33623147889292704, 5.000000171712609e-6, 0.5, 0.09999999999999999, 0.09999999999999999, 0.09999999999999999, 0.09999999999999999, 0.09999999999999999, 0.09999999999999999, 0.09999999999999999, 0.09999999999999999, 0.09999999999999999]
[NNENUM] Creating LP Star...
[NNENUM] Checking feasibility
[NNENUM] Generating output Spec...
[NNENUM] Spec list length:  6
[NNENUM] Enumeration in progress... 
(0.0 sec) Q: 0, Sets: 0/1  (0.0%) CEs: 0 ETA: - (expected 1 stars)   
(0.1 sec) Q: 0, Sets: 1/7  (3.125%) CEs: 0 ETA: 4.4 sec (expected 32 stars)   

Total Stars: 9 (1 exact, 8 approx)
Unfinished Stars: 0
Runtime: 0.2 sec
Completed work frac: 1.0
Num Stars Copied Between Processes: 0
Num Lps During Enumeration: 8
Total Num Lps: 8

Result: network is SAFE

[NNENUM] Result: 
<nnenum.result.Result object at 0x747e3a59fd60>
[NNENUM] Enumeration finished.
safe
[NNENUM] Found counter-example stars: 0
[NNENUM] Filtering result using SMT solver...
[SMT] SMT filtered out 0 stars (out of 0; TO: 0).
[QUERY] Looking for nonlinear input combinations...
[QUERY] Found all non-linear combinations. Count: 1
[QUERY] Returning nonlinear disjunction
[CTRL] Considering conjunction with 39 input constraints and a disjunction of size 6
[APPROX] Checking cache: SNNT.Approx.ApproxCacheObject[]
[APPROX] Constructing Approximation
[APPROX] Resolving approximation
[CTRL] Initiating iterator over current linear queries
[APPROX] # Conjunctions over output: 6
[CTRL] Processing linear query no. 141
[NNENUM] Running nnenum now...
[NNENUM] lb: [-0.4999999701976776, -0.4999999701976776, 5.000000171712609e-6, -0.08052249040043885, -0.1, -0.1, -0.1, -0.1, -0.1, -0.1, -0.1, -0.1, -0.1]
[NNENUM] ub: [-0.00625, -0.33623147889292704, 5.000000171712609e-6, 0.075, 0.09999999999999999, 0.09999999999999999, 0.09999999999999999, 0.09999999999999999, 0.09999999999999999, 0.09999999999999999, 0.09999999999999999, 0.09999999999999999, 0.09999999999999999]
[NNENUM] Creating LP Star...
[NNENUM] Checking feasibility
[NNENUM] Generating output Spec...
[NNENUM] Spec list length:  6
[NNENUM] Enumeration in progress... 
(0.1 sec) Q: 0, Sets: 0/1  (0.0%) CEs: 0 ETA: - (expected 1 stars)   
(0.2 sec) Q: 0, Sets: 4/6  (25.0%) CEs: 0 ETA: 0.5 sec (expected 16 stars)   
(0.3 sec) Q: 0, Sets: 5/10  (26.562%) CEs: 0 ETA: 0.7 sec (expected 19 stars)   (0.4 sec) Q: 0, Sets: 11/15  (39.844%) CEs: 0 ETA: 0.6 sec (expected 28 stars)   
(0.5 sec) Q: 0, Sets: 16/22  (44.971%) CEs: 0 ETA: 0.6 sec (expected 36 stars)   
Total Stars: 23 (0 exact, 23 approx)
Unfinished Stars: 0
Runtime: 0.5 sec
Completed work frac: 1.0
Num Stars Copied Between Processes: 0
Num Lps During Enumeration: 0
Total Num Lps: 0

Result: network is SAFE

[NNENUM] Result: 
<nnenum.result.Result object at 0x747e3a5962e0>
[NNENUM] Enumeration finished.
safe
[NNENUM] Found counter-example stars: 0
[NNENUM] Filtering result using SMT solver...
[SMT] SMT filtered out 0 stars (out of 0; TO: 0).
[QUERY] Looking for nonlinear input combinations...
[QUERY] Found all non-linear combinations. Count: 1
[QUERY] Returning nonlinear disjunction
[CTRL] Considering conjunction with 39 input constraints and a disjunction of size 6
[APPROX] Checking cache: SNNT.Approx.ApproxCacheObject[]
[APPROX] Constructing Approximation
[APPROX] Resolving approximation
[CTRL] Initiating iterator over current linear queries
[APPROX] # Conjunctions over output: 6
[CTRL] Processing linear query no. 142
[NNENUM] Running nnenum now...
[NNENUM] lb: [-0.4999999701976776, -0.4999999701976776, 5.000000171712609e-6, 0.075, -0.1, -0.1, -0.1, -0.1, -0.1, -0.1, -0.1, -0.1, -0.1]
[NNENUM] ub: [-0.00625, -0.33623147889292704, 5.000000171712609e-6, 0.5, 0.09999999999999999, 0.09999999999999999, 0.09999999999999999, 0.09999999999999999, 0.09999999999999999, 0.09999999999999999, 0.09999999999999999, 0.09999999999999999, 0.09999999999999999]
[NNENUM] Creating LP Star...
[NNENUM] Checking feasibility
[NNENUM] Generating output Spec...
[NNENUM] Spec list length:  6
[NNENUM] Enumeration in progress... 
(0.1 sec) Q: 0, Sets: 0/1  (0.0%) CEs: 0 ETA: - (expected 1 stars)   
(0.2 sec) Q: 0, Sets: 6/8  (37.5%) CEs: 0 ETA: 0.3 sec (expected 16 stars)   

Total Stars: 9 (1 exact, 8 approx)
Unfinished Stars: 0
Runtime: 0.3 sec
Completed work frac: 1.0
Num Stars Copied Between Processes: 0
Num Lps During Enumeration: 50
Total Num Lps: 50

Result: network is SAFE

[NNENUM] Result: 
<nnenum.result.Result object at 0x747e3a5a9550>
[NNENUM] Enumeration finished.
safe
[NNENUM] Found counter-example stars: 0
[NNENUM] Filtering result using SMT solver...
[SMT] SMT filtered out 0 stars (out of 0; TO: 0).
[QUERY] Looking for nonlinear input combinations...
[QUERY] Found all non-linear combinations. Count: 1
[QUERY] Returning nonlinear disjunction
[CTRL] Considering conjunction with 39 input constraints and a disjunction of size 6
[APPROX] Checking cache: SNNT.Approx.ApproxCacheObject[]
[APPROX] Constructing Approximation
[APPROX] Resolving approximation
[CTRL] Initiating iterator over current linear queries
[APPROX] # Conjunctions over output: 6
[CTRL] Processing linear query no. 143
[NNENUM] Running nnenum now...
[NNENUM] lb: [-0.4999999701976776, -0.4999999701976776, 5.000000171712609e-6, -0.21079675705898798, -0.1, -0.1, -0.1, -0.1, -0.1, -0.1, -0.1, -0.1, -0.1]
[NNENUM] ub: [-0.00625, -0.33623147889292704, 5.000000171712609e-6, -0.08052249040043885, 0.09999999999999999, 0.09999999999999999, 0.09999999999999999, 0.09999999999999999, 0.09999999999999999, 0.09999999999999999, 0.09999999999999999, 0.09999999999999999, 0.09999999999999999]
[NNENUM] Creating LP Star...
[NNENUM] Checking feasibility
[NNENUM] Generating output Spec...
[NNENUM] Spec list length:  6
[NNENUM] Enumeration in progress... 
(0.1 sec) Q: 0, Sets: 0/1  (0.0%) CEs: 0 ETA: - (expected 1 stars)   
(0.2 sec) Q: 0, Sets: 2/6  (25.0%) CEs: 0 ETA: 0.5 sec (expected 8 stars)   
(0.3 sec) Q: 0, Sets: 8/12  (35.938%) CEs: 0 ETA: 0.5 sec (expected 22 stars)   (0.4 sec) Q: 0, Sets: 15/19  (37.012%) CEs: 0 ETA: 0.7 sec (expected 41 stars)   
(0.5 sec) Q: 0, Sets: 19/24  (42.188%) CEs: 0 ETA: 0.7 sec (expected 45 stars)   
Total Stars: 28 (1 exact, 27 approx)
Unfinished Stars: 0
Runtime: 0.6 sec
Completed work frac: 1.0
Num Stars Copied Between Processes: 0
Num Lps During Enumeration: 85
Total Num Lps: 85

Result: network is SAFE

[NNENUM] Result: 
<nnenum.result.Result object at 0x747e3a588e80>
[NNENUM] Enumeration finished.
safe
[NNENUM] Found counter-example stars: 0
[NNENUM] Filtering result using SMT solver...
[SMT] SMT filtered out 0 stars (out of 0; TO: 0).
[QUERY] Looking for nonlinear input combinations...
[QUERY] Found all non-linear combinations. Count: 1
[QUERY] Returning nonlinear disjunction
[CTRL] Considering conjunction with 39 input constraints and a disjunction of size 6
[APPROX] Checking cache: SNNT.Approx.ApproxCacheObject[]
[APPROX] Constructing Approximation
[APPROX] Resolving approximation
[CTRL] Initiating iterator over current linear queries
[APPROX] # Conjunctions over output: 6
[CTRL] Processing linear query no. 144
[NNENUM] Running nnenum now...
[NNENUM] lb: [-0.4999999701976776, -0.4999999701976776, 5.000000171712609e-6, -0.21079675705898798, -0.1, -0.1, -0.1, -0.1, -0.1, -0.1, -0.1, -0.1, -0.1]
[NNENUM] ub: [-0.00625, -0.33623147889292704, 5.000000171712609e-6, -0.08052249040043885, 0.09999999999999999, 0.09999999999999999, 0.09999999999999999, 0.09999999999999999, 0.09999999999999999, 0.09999999999999999, 0.09999999999999999, 0.09999999999999999, 0.09999999999999999]
[NNENUM] Creating LP Star...
[NNENUM] Checking feasibility
[NNENUM] Generating output Spec...
[NNENUM] Spec list length:  6
[NNENUM] Enumeration in progress... 
(0.0 sec) Q: 0, Sets: 0/1  (0.0%) CEs: 0 ETA: - (expected 1 stars)   

Total Stars: 3 (2 exact, 1 approx)
Unfinished Stars: 0
Runtime: 0.1 sec
Completed work frac: 1.0
Num Stars Copied Between Processes: 0
Num Lps During Enumeration: 44
Total Num Lps: 44

Result: network is SAFE

[NNENUM] Result: 
<nnenum.result.Result object at 0x747e3a59f790>
[NNENUM] Enumeration finished.
safe
[NNENUM] Found counter-example stars: 0
[NNENUM] Filtering result using SMT solver...
[SMT] SMT filtered out 0 stars (out of 0; TO: 0).
[QUERY] Looking for nonlinear input combinations...
[QUERY] Found all non-linear combinations. Count: 1
[QUERY] Returning nonlinear disjunction
[CTRL] Considering conjunction with 39 input constraints and a disjunction of size 6
[APPROX] Checking cache: SNNT.Approx.ApproxCacheObject[]
[APPROX] Constructing Approximation
[APPROX] Resolving approximation
[CTRL] Initiating iterator over current linear queries
[APPROX] # Conjunctions over output: 6
[CTRL] Processing linear query no. 145
[NNENUM] Running nnenum now...
[NNENUM] lb: [-0.4999999701976776, -0.4999999701976776, 5.000000171712609e-6, -0.21079675705898798, -0.1, -0.1, -0.1, -0.1, -0.1, -0.1, -0.1, -0.1, -0.1]
[NNENUM] ub: [-0.00625, -0.33623147889292704, 5.000000171712609e-6, -0.08052249040043885, 0.09999999999999999, 0.09999999999999999, 0.09999999999999999, 0.09999999999999999, 0.09999999999999999, 0.09999999999999999, 0.09999999999999999, 0.09999999999999999, 0.09999999999999999]
[NNENUM] Creating LP Star...
[NNENUM] Checking feasibility
[NNENUM] Generating output Spec...
[NNENUM] Spec list length:  6
[NNENUM] Enumeration in progress... 
(0.0 sec) Q: 0, Sets: 0/1  (0.0%) CEs: 0 ETA: - (expected 1 stars)   
(0.2 sec) Q: 0, Sets: 0/2  (0.0%) CEs: 0 ETA: - (expected 1 stars)   

Total Stars: 2 (0 exact, 2 approx)
Unfinished Stars: 0
Runtime: 0.2 sec
Completed work frac: 1.0
Num Stars Copied Between Processes: 0
Num Lps During Enumeration: 0
Total Num Lps: 0

Result: network is SAFE

[NNENUM] Result: 
<nnenum.result.Result object at 0x747e3a5a9490>
[NNENUM] Enumeration finished.
safe
[NNENUM] Found counter-example stars: 0
[NNENUM] Filtering result using SMT solver...
[SMT] SMT filtered out 0 stars (out of 0; TO: 0).
[QUERY] Looking for nonlinear input combinations...
[QUERY] Found all non-linear combinations. Count: 3
[QUERY] Returning nonlinear disjunction
[CTRL] Considering conjunction with 39 input constraints and a disjunction of size 6
[APPROX] Checking cache: SNNT.Approx.ApproxCacheObject[]
[APPROX] Constructing Approximation
[APPROX] Resolving approximation
[CTRL] Initiating iterator over current linear queries
[APPROX] # Conjunctions over output: 6
[CTRL] Processing linear query no. 146
[NNENUM] Running nnenum now...
[NNENUM] lb: [-0.4999999701976776, -0.4999999701976776, 5.000000171712609e-6, -0.08052249040043885, -0.1, -0.1, -0.1, -0.1, -0.1, -0.1, -0.1, -0.1, -0.1]
[NNENUM] ub: [-0.00625, -0.33623147889292704, 5.000000171712609e-6, 0.075, 0.09999999999999999, 0.09999999999999999, 0.09999999999999999, 0.09999999999999999, 0.09999999999999999, 0.09999999999999999, 0.09999999999999999, 0.09999999999999999, 0.09999999999999999]
[NNENUM] Creating LP Star...
[NNENUM] Checking feasibility
[NNENUM] Generating output Spec...
[NNENUM] Spec list length:  6
[NNENUM] Enumeration in progress... 
(0.1 sec) Q: 0, Sets: 0/1  (0.0%) CEs: 0 ETA: - (expected 1 stars)   
(0.2 sec) Q: 0, Sets: 1/7  (1.562%) CEs: 0 ETA: 13.2 sec (expected 64 stars)   
(0.3 sec) Q: 0, Sets: 7/13  (14.062%) CEs: 0 ETA: 2.0 sec (expected 50 stars)   (0.4 sec) Q: 0, Sets: 14/19  (19.531%) CEs: 0 ETA: 1.7 sec (expected 72 stars)   
(0.5 sec) Q: 0, Sets: 18/25  (24.219%) CEs: 0 ETA: 1.7 sec (expected 74 stars)   (0.6 sec) Q: 0, Sets: 26/28  (50.0%) CEs: 0 ETA: 0.6 sec (expected 52 stars)   (0.7 sec) Q: 0, Sets: 32/36  (54.688%) CEs: 0 ETA: 0.6 sec (expected 59 stars)   (0.8 sec) Q: 0, Sets: 38/44  (55.957%) CEs: 0 ETA: 0.7 sec (expected 68 stars)   
(1.0 sec) Q: 0, Sets: 47/52  (56.03%) CEs: 0 ETA: 0.8 sec (expected 84 stars)   (1.1 sec) Q: 0, Sets: 49/56  (56.25%) CEs: 0 ETA: 0.8 sec (expected 87 stars)   (1.2 sec) Q: 0, Sets: 54/56  (62.5%) CEs: 0 ETA: 0.7 sec (expected 86 stars)   (1.3 sec) Q: 0, Sets: 55/63  (75.0%) CEs: 0 ETA: 0.4 sec (expected 73 stars)   (1.4 sec) Q: 0, Sets: 63/69  (75.781%) CEs: 0 ETA: 0.5 sec (expected 83 stars)   (1.5 sec) Q: 0, Sets: 70/73  (81.25%) CEs: 0 ETA: 0.4 sec (expected 86 stars)   (1.7 sec) Q: 0, Sets: 73/77  (87.5%) CEs: 0 ETA: 0.2 sec (expected 83 stars)   (1.8 sec) Q: 0, Sets: 80/84  (92.48%) CEs: 0 ETA: 0.1 sec (expected 87 stars)   
(1.9 sec) Q: 0, Sets: 87/91  (92.932%) CEs: 0 ETA: 0.1 sec (expected 94 stars)   (2.1 sec) Q: 0, Sets: 96/99  (94.531%) CEs: 0 ETA: 0.1 sec (expected 102 stars)   (2.2 sec) Q: 0, Sets: 102/105  (94.922%) CEs: 0 ETA: 0.1 sec (expected 107 stars)   (2.4 sec) Q: 0, Sets: 103/105  (95.312%) CEs: 0 ETA: 0.1 sec (expected 108 stars)   
Total Stars: 105 (3 exact, 102 approx)
Unfinished Stars: 0
Runtime: 2.4 sec
Completed work frac: 1.0
Num Stars Copied Between Processes: 0
Num Lps During Enumeration: 89
Total Num Lps: 89

Result: network is SAFE

[NNENUM] Result: 
<nnenum.result.Result object at 0x747e3a59f280>
[NNENUM] Enumeration finished.
safe
[NNENUM] Found counter-example stars: 0
[NNENUM] Filtering result using SMT solver...
[SMT] SMT filtered out 0 stars (out of 0; TO: 0).
[QUERY] Looking for nonlinear input combinations...
[QUERY] Found all non-linear combinations. Count: 3
[QUERY] Returning nonlinear disjunction
[CTRL] Considering conjunction with 39 input constraints and a disjunction of size 6
[APPROX] Checking cache: SNNT.Approx.ApproxCacheObject[]
[APPROX] Constructing Approximation
[APPROX] Resolving approximation
[CTRL] Initiating iterator over current linear queries
[APPROX] # Conjunctions over output: 6
[CTRL] Processing linear query no. 147
[NNENUM] Running nnenum now...
[NNENUM] lb: [-0.4999999701976776, -0.4999999701976776, 5.000000171712609e-6, 0.075, -0.1, -0.1, -0.1, -0.1, -0.1, -0.1, -0.1, -0.1, -0.1]
[NNENUM] ub: [-0.00625, -0.33623147889292704, 5.000000171712609e-6, 0.5, 0.09999999999999999, 0.09999999999999999, 0.09999999999999999, 0.09999999999999999, 0.09999999999999999, 0.09999999999999999, 0.09999999999999999, 0.09999999999999999, 0.09999999999999999]
[NNENUM] Creating LP Star...
[NNENUM] Checking feasibility
[NNENUM] Generating output Spec...
[NNENUM] Spec list length:  6
[NNENUM] Enumeration in progress... 
(0.1 sec) Q: 0, Sets: 0/1  (0.0%) CEs: 0 ETA: - (expected 1 stars)   
(0.3 sec) Q: 0, Sets: 0/7  (0.0%) CEs: 0 ETA: - (expected 1 stars)   
(0.5 sec) Q: 0, Sets: 6/9  (12.5%) CEs: 0 ETA: 3.3 sec (expected 48 stars)   (0.7 sec) Q: 0, Sets: 7/9  (25.0%) CEs: 0 ETA: 2.1 sec (expected 28 stars)   
(1.1 sec) Q: 0, Sets: 8/10  (50.0%) CEs: 0 ETA: 1.1 sec (expected 16 stars)   (1.2 sec) Q: 0, Sets: 10/16  (56.25%) CEs: 0 ETA: 0.9 sec (expected 18 stars)   (1.3 sec) Q: 0, Sets: 15/22  (60.205%) CEs: 0 ETA: 0.8 sec (expected 25 stars)   (1.4 sec) Q: 0, Sets: 21/29  (61.084%) CEs: 0 ETA: 0.9 sec (expected 34 stars)   
(1.5 sec) Q: 0, Sets: 27/33  (61.108%) CEs: 0 ETA: 0.9 sec (expected 44 stars)   (1.7 sec) Q: 0, Sets: 30/33  (61.719%) CEs: 0 ETA: 1.0 sec (expected 49 stars)   (1.8 sec) Q: 0, Sets: 31/38  (62.5%) CEs: 0 ETA: 1.1 sec (expected 50 stars)   (1.9 sec) Q: 0, Sets: 35/42  (63.379%) CEs: 0 ETA: 1.1 sec (expected 55 stars)   (2.0 sec) Q: 0, Sets: 40/43  (68.75%) CEs: 0 ETA: 0.9 sec (expected 58 stars)   (2.2 sec) Q: 0, Sets: 44/47  (70.312%) CEs: 0 ETA: 0.9 sec (expected 63 stars)   (2.3 sec) Q: 0, Sets: 45/47  (71.875%) CEs: 0 ETA: 0.9 sec (expected 63 stars)   (2.4 sec) Q: 0, Sets: 47/51  (81.25%) CEs: 0 ETA: 0.5 sec (expected 58 stars)   
(2.5 sec) Q: 0, Sets: 58/58  (100.0%) CEs: 0 ETA: 0.0 sec (expected 58 stars)   
Total Stars: 58 (1 exact, 57 approx)
Unfinished Stars: 0
Runtime: 2.5 sec
Completed work frac: 1.0
Num Stars Copied Between Processes: 0
Num Lps During Enumeration: 43
Total Num Lps: 43

Result: network is SAFE

[NNENUM] Result: 
<nnenum.result.Result object at 0x747e3a581820>
[NNENUM] Enumeration finished.
safe
[NNENUM] Found counter-example stars: 0
[NNENUM] Filtering result using SMT solver...
[SMT] SMT filtered out 0 stars (out of 0; TO: 0).
[QUERY] Looking for nonlinear input combinations...
.[QUERY] Found all non-linear combinations. Count: 1
[QUERY] Returning nonlinear disjunction
[CTRL] Considering conjunction with 39 input constraints and a disjunction of size 5
[APPROX] Checking cache: SNNT.Approx.ApproxCacheObject[]
[APPROX] Constructing Approximation
[APPROX] Resolving approximation
[CTRL] Initiating iterator over current linear queries
[APPROX] # Conjunctions over output: 5
[CTRL] Processing linear query no. 148
[NNENUM] Running nnenum now...
[NNENUM] lb: [-0.4999999701976776, -0.4999999701976776, 5.000000171712609e-6, 0.075, -0.1, -0.1, -0.1, -0.1, -0.1, -0.1, -0.1, -0.1, -0.1]
[NNENUM] ub: [-0.00625, -0.33623147889292704, 5.000000171712609e-6, 0.5, 0.09999999999999999, 0.09999999999999999, 0.09999999999999999, 0.09999999999999999, 0.09999999999999999, 0.09999999999999999, 0.09999999999999999, 0.09999999999999999, 0.09999999999999999]
[NNENUM] Creating LP Star...
[NNENUM] Checking feasibility
[NNENUM] Generating output Spec...
[NNENUM] Spec list length:  5
[NNENUM] Enumeration in progress... 
(0.1 sec) Q: 0, Sets: 0/1  (0.0%) CEs: 0 ETA: - (expected 1 stars)   

Total Stars: 6 (2 exact, 4 approx)
Unfinished Stars: 0
Runtime: 0.2 sec
Completed work frac: 1.0
Num Stars Copied Between Processes: 0
Num Lps During Enumeration: 91
Total Num Lps: 91

Result: network is SAFE

[NNENUM] Result: 
<nnenum.result.Result object at 0x747e3bed4970>
[NNENUM] Enumeration finished.
safe
[NNENUM] Found counter-example stars: 0
[NNENUM] Filtering result using SMT solver...
[SMT] SMT filtered out 0 stars (out of 0; TO: 0).
[QUERY] Looking for nonlinear input combinations...
.[QUERY] Found all non-linear combinations. Count: 1
[QUERY] Returning nonlinear disjunction
[CTRL] Considering conjunction with 39 input constraints and a disjunction of size 5
[APPROX] Checking cache: SNNT.Approx.ApproxCacheObject[]
[APPROX] Constructing Approximation
[APPROX] Resolving approximation
[CTRL] Initiating iterator over current linear queries
[APPROX] # Conjunctions over output: 5
[CTRL] Processing linear query no. 149
[NNENUM] Running nnenum now...
[NNENUM] lb: [-0.4999999701976776, -0.4999999701976776, 5.000000171712609e-6, 0.075, -0.1, -0.1, -0.1, -0.1, -0.1, -0.1, -0.1, -0.1, -0.1]
[NNENUM] ub: [-0.00625, -0.33623147889292704, 5.000000171712609e-6, 0.5, 0.09999999999999999, 0.09999999999999999, 0.09999999999999999, 0.09999999999999999, 0.09999999999999999, 0.09999999999999999, 0.09999999999999999, 0.09999999999999999, 0.09999999999999999]
[NNENUM] Creating LP Star...
[NNENUM] Checking feasibility
[NNENUM] Generating output Spec...
[NNENUM] Spec list length:  5
[NNENUM] Enumeration in progress... 
(0.1 sec) Q: 0, Sets: 0/1  (0.0%) CEs: 0 ETA: - (expected 1 stars)   
(0.2 sec) Q: 0, Sets: 0/2  (0.0%) CEs: 0 ETA: - (expected 1 stars)   

Total Stars: 7 (2 exact, 5 approx)
Unfinished Stars: 0
Runtime: 0.3 sec
Completed work frac: 1.0
Num Stars Copied Between Processes: 0
Num Lps During Enumeration: 102
Total Num Lps: 102

Result: network is SAFE

[NNENUM] Result: 
<nnenum.result.Result object at 0x747e3a5a4070>
[NNENUM] Enumeration finished.
safe
[NNENUM] Found counter-example stars: 0
[NNENUM] Filtering result using SMT solver...
[SMT] SMT filtered out 0 stars (out of 0; TO: 0).
[QUERY] Looking for nonlinear input combinations...
[QUERY] Found all non-linear combinations. Count: 3
[QUERY] Returning nonlinear disjunction
[CTRL] Considering conjunction with 39 input constraints and a disjunction of size 6
[APPROX] Checking cache: SNNT.Approx.ApproxCacheObject[]
[APPROX] Constructing Approximation
[APPROX] Resolving approximation
[CTRL] Initiating iterator over current linear queries
[APPROX] # Conjunctions over output: 6
[CTRL] Processing linear query no. 150
[NNENUM] Running nnenum now...
[NNENUM] lb: [-0.4999999701976776, -0.4999999701976776, 5.000000171712609e-6, -0.21079675705898798, -0.1, -0.1, -0.1, -0.1, -0.1, -0.1, -0.1, -0.1, -0.1]
[NNENUM] ub: [-0.00625, -0.33623147889292704, 5.000000171712609e-6, -0.08052249040043885, 0.09999999999999999, 0.09999999999999999, 0.09999999999999999, 0.09999999999999999, 0.09999999999999999, 0.09999999999999999, 0.09999999999999999, 0.09999999999999999, 0.09999999999999999]
[NNENUM] Creating LP Star...
[NNENUM] Checking feasibility
[NNENUM] Generating output Spec...
[NNENUM] Spec list length:  6
[NNENUM] Enumeration in progress... 
(0.1 sec) Q: 0, Sets: 0/1  (0.0%) CEs: 0 ETA: - (expected 1 stars)   
(0.2 sec) Q: 0, Sets: 4/9  (3.125%) CEs: 0 ETA: 6.2 sec (expected 128 stars)   
(0.3 sec) Q: 0, Sets: 6/14  (9.375%) CEs: 0 ETA: 3.1 sec (expected 64 stars)   (0.4 sec) Q: 0, Sets: 14/19  (14.844%) CEs: 0 ETA: 2.5 sec (expected 94 stars)   
(0.5 sec) Q: 0, Sets: 20/24  (17.969%) CEs: 0 ETA: 2.5 sec (expected 111 stars)   (0.6 sec) Q: 0, Sets: 23/31  (22.656%) CEs: 0 ETA: 2.2 sec (expected 102 stars)   (0.7 sec) Q: 0, Sets: 25/32  (22.705%) CEs: 0 ETA: 2.5 sec (expected 110 stars)   (0.8 sec) Q: 0, Sets: 32/38  (23.682%) CEs: 0 ETA: 2.7 sec (expected 135 stars)   
(0.9 sec) Q: 0, Sets: 39/44  (24.707%) CEs: 0 ETA: 2.9 sec (expected 158 stars)   (1.1 sec) Q: 0, Sets: 45/48  (25.0%) CEs: 0 ETA: 3.2 sec (expected 180 stars)   (1.2 sec) Q: 0, Sets: 49/53  (28.125%) CEs: 0 ETA: 3.0 sec (expected 174 stars)   (1.3 sec) Q: 0, Sets: 53/60  (37.891%) CEs: 0 ETA: 2.1 sec (expected 140 stars)   (1.4 sec) Q: 0, Sets: 59/64  (38.281%) CEs: 0 ETA: 2.3 sec (expected 154 stars)   (1.5 sec) Q: 0, Sets: 60/64  (39.062%) CEs: 0 ETA: 2.4 sec (expected 154 stars)   (1.8 sec) Q: 0, Sets: 62/65  (43.75%) CEs: 0 ETA: 2.3 sec (expected 142 stars)   (1.9 sec) Q: 0, Sets: 67/71  (46.094%) CEs: 0 ETA: 2.2 sec (expected 145 stars)   
(2.0 sec) Q: 0, Sets: 74/76  (46.875%) CEs: 0 ETA: 2.3 sec (expected 158 stars)   (2.1 sec) Q: 0, Sets: 78/81  (56.25%) CEs: 0 ETA: 1.7 sec (expected 139 stars)   (2.3 sec) Q: 0, Sets: 78/81  (56.25%) CEs: 0 ETA: 1.8 sec (expected 139 stars)   (2.4 sec) Q: 0, Sets: 81/81  (100.0%) CEs: 0 ETA: 0.0 sec (expected 81 stars)   
Total Stars: 81 (1 exact, 80 approx)
Unfinished Stars: 0
Runtime: 2.4 sec
Completed work frac: 1.0
Num Stars Copied Between Processes: 0
Num Lps During Enumeration: 32
Total Num Lps: 32

Result: network is SAFE

[NNENUM] Result: 
<nnenum.result.Result object at 0x747e3a59f910>
[NNENUM] Enumeration finished.
safe
[NNENUM] Found counter-example stars: 0
[NNENUM] Filtering result using SMT solver...
[SMT] SMT filtered out 0 stars (out of 0; TO: 0).
[QUERY] Looking for nonlinear input combinations...
[QUERY] Found all non-linear combinations. Count: 3
[QUERY] Returning nonlinear disjunction
[CTRL] Considering conjunction with 39 input constraints and a disjunction of size 6
[APPROX] Checking cache: SNNT.Approx.ApproxCacheObject[]
[APPROX] Constructing Approximation
[APPROX] Resolving approximation
[CTRL] Initiating iterator over current linear queries
[APPROX] # Conjunctions over output: 6
[CTRL] Processing linear query no. 151
[NNENUM] Running nnenum now...
[NNENUM] lb: [-0.4999999701976776, -0.4999999701976776, 5.000000171712609e-6, -0.21079675705898798, -0.1, -0.1, -0.1, -0.1, -0.1, -0.1, -0.1, -0.1, -0.1]
[NNENUM] ub: [-0.00625, -0.33623147889292704, 5.000000171712609e-6, -0.08052249040043885, 0.09999999999999999, 0.09999999999999999, 0.09999999999999999, 0.09999999999999999, 0.09999999999999999, 0.09999999999999999, 0.09999999999999999, 0.09999999999999999, 0.09999999999999999]
[NNENUM] Creating LP Star...
[NNENUM] Checking feasibility
[NNENUM] Generating output Spec...
[NNENUM] Spec list length:  6
[NNENUM] Enumeration in progress... 
(0.2 sec) Q: 0, Sets: 0/1  (0.0%) CEs: 0 ETA: - (expected 1 stars)   
(0.3 sec) Q: 0, Sets: 1/6  (3.125%) CEs: 0 ETA: 9.0 sec (expected 32 stars)   
(0.4 sec) Q: 0, Sets: 3/13  (12.5%) CEs: 0 ETA: 2.8 sec (expected 24 stars)   (0.5 sec) Q: 0, Sets: 12/18  (13.672%) CEs: 0 ETA: 3.3 sec (expected 88 stars)   
(0.7 sec) Q: 0, Sets: 13/18  (14.062%) CEs: 0 ETA: 4.0 sec (expected 92 stars)   (0.8 sec) Q: 0, Sets: 15/18  (18.75%) CEs: 0 ETA: 3.5 sec (expected 80 stars)   (1.1 sec) Q: 0, Sets: 16/19  (25.0%) CEs: 0 ETA: 3.2 sec (expected 64 stars)   (1.2 sec) Q: 0, Sets: 22/28  (26.953%) CEs: 0 ETA: 3.2 sec (expected 82 stars)   
(1.3 sec) Q: 0, Sets: 26/30  (29.688%) CEs: 0 ETA: 3.0 sec (expected 88 stars)   (1.4 sec) Q: 0, Sets: 29/31  (50.0%) CEs: 0 ETA: 1.4 sec (expected 58 stars)   (1.5 sec) Q: 0, Sets: 30/36  (50.781%) CEs: 0 ETA: 1.4 sec (expected 59 stars)   (1.6 sec) Q: 0, Sets: 34/43  (51.868%) CEs: 0 ETA: 1.5 sec (expected 66 stars)   (1.8 sec) Q: 0, Sets: 40/43  (56.25%) CEs: 0 ETA: 1.4 sec (expected 71 stars)   (2.1 sec) Q: 0, Sets: 41/44  (62.5%) CEs: 0 ETA: 1.2 sec (expected 66 stars)   (2.2 sec) Q: 0, Sets: 45/48  (68.75%) CEs: 0 ETA: 1.0 sec (expected 65 stars)   (2.3 sec) Q: 0, Sets: 53/56  (71.094%) CEs: 0 ETA: 0.9 sec (expected 75 stars)   
(2.4 sec) Q: 0, Sets: 54/56  (71.875%) CEs: 0 ETA: 0.9 sec (expected 75 stars)   (2.5 sec) Q: 0, Sets: 60/63  (90.43%) CEs: 0 ETA: 0.3 sec (expected 66 stars)   
Total Stars: 63 (2 exact, 61 approx)
Unfinished Stars: 0
Runtime: 2.5 sec
Completed work frac: 1.0
Num Stars Copied Between Processes: 0
Num Lps During Enumeration: 51
Total Num Lps: 51

Result: network is SAFE

[NNENUM] Result: 
<nnenum.result.Result object at 0x747e3a588340>
[NNENUM] Enumeration finished.
safe
[NNENUM] Found counter-example stars: 0
[NNENUM] Filtering result using SMT solver...
[SMT] SMT filtered out 0 stars (out of 0; TO: 0).
[QUERY] Looking for nonlinear input combinations...
[QUERY] Found all non-linear combinations. Count: 2
[QUERY] Returning nonlinear disjunction
[CTRL] Considering conjunction with 39 input constraints and a disjunction of size 6
[APPROX] Checking cache: SNNT.Approx.ApproxCacheObject[]
[APPROX] Constructing Approximation
[APPROX] Resolving approximation
[CTRL] Initiating iterator over current linear queries
[APPROX] # Conjunctions over output: 6
[CTRL] Processing linear query no. 152
[NNENUM] Running nnenum now...
[NNENUM] lb: [-0.4999999701976776, -0.4999999701976776, 5.000000171712609e-6, -0.3499999940395355, -0.1, -0.1, -0.1, -0.1, -0.1, -0.1, -0.1, -0.1, -0.1]
[NNENUM] ub: [-0.00625, -0.33623147889292704, 5.000000171712609e-6, -0.21079675705898798, 0.09999999999999999, 0.09999999999999999, 0.09999999999999999, 0.09999999999999999, 0.09999999999999999, 0.09999999999999999, 0.09999999999999999, 0.09999999999999999, 0.09999999999999999]
[NNENUM] Creating LP Star...
[NNENUM] Checking feasibility
[NNENUM] Generating output Spec...
[NNENUM] Spec list length:  6
[NNENUM] Enumeration in progress... 
(0.1 sec) Q: 0, Sets: 0/1  (0.0%) CEs: 0 ETA: - (expected 1 stars)   
(0.3 sec) Q: 0, Sets: 5/7  (25.0%) CEs: 0 ETA: 0.9 sec (expected 20 stars)   

Total Stars: 8 (0 exact, 8 approx)
Unfinished Stars: 0
Runtime: 0.3 sec
Completed work frac: 1.0
Num Stars Copied Between Processes: 0
Num Lps During Enumeration: 0
Total Num Lps: 0

Result: network is SAFE

[NNENUM] Result: 
<nnenum.result.Result object at 0x747e3a593100>
[NNENUM] Enumeration finished.
safe
[NNENUM] Found counter-example stars: 0
[NNENUM] Filtering result using SMT solver...
[SMT] SMT filtered out 0 stars (out of 0; TO: 0).
[QUERY] Looking for nonlinear input combinations...
.[QUERY] Found all non-linear combinations. Count: 2
[QUERY] Returning nonlinear disjunction
[CTRL] Considering conjunction with 39 input constraints and a disjunction of size 6
[APPROX] Checking cache: SNNT.Approx.ApproxCacheObject[]
[APPROX] Constructing Approximation
[APPROX] Resolving approximation
[CTRL] Initiating iterator over current linear queries
[APPROX] # Conjunctions over output: 6
[CTRL] Processing linear query no. 153
[NNENUM] Running nnenum now...
[NNENUM] lb: [-0.4999999701976776, -0.4999999701976776, 5.000000171712609e-6, -0.3499999940395355, -0.1, -0.1, -0.1, -0.1, -0.1, -0.1, -0.1, -0.1, -0.1]
[NNENUM] ub: [-0.00625, -0.33623147889292704, 5.000000171712609e-6, -0.21079675705898798, 0.09999999999999999, 0.09999999999999999, 0.09999999999999999, 0.09999999999999999, 0.09999999999999999, 0.09999999999999999, 0.09999999999999999, 0.09999999999999999, 0.09999999999999999]
[NNENUM] Creating LP Star...
[NNENUM] Checking feasibility
[NNENUM] Generating output Spec...
[NNENUM] Spec list length:  6
[NNENUM] Enumeration in progress... 
(0.1 sec) Q: 0, Sets: 0/1  (0.0%) CEs: 0 ETA: - (expected 1 stars)   
(0.2 sec) Q: 0, Sets: 3/6  (12.5%) CEs: 0 ETA: 1.4 sec (expected 24 stars)   
(0.3 sec) Q: 0, Sets: 4/6  (25.0%) CEs: 0 ETA: 0.9 sec (expected 16 stars)   
Total Stars: 10 (1 exact, 9 approx)
Unfinished Stars: 0
Runtime: 0.4 sec
Completed work frac: 1.0
Num Stars Copied Between Processes: 0
Num Lps During Enumeration: 18
Total Num Lps: 18

Result: network is SAFE

[NNENUM] Result: 
<nnenum.result.Result object at 0x747e3a581190>
[NNENUM] Enumeration finished.
safe
[NNENUM] Found counter-example stars: 0
[NNENUM] Filtering result using SMT solver...
[SMT] SMT filtered out 0 stars (out of 0; TO: 0).
[QUERY] Looking for nonlinear input combinations...
[QUERY] Found all non-linear combinations. Count: 2
[QUERY] Returning nonlinear disjunction
[CTRL] Considering conjunction with 39 input constraints and a disjunction of size 6
[APPROX] Checking cache: SNNT.Approx.ApproxCacheObject[]
[APPROX] Constructing Approximation
[APPROX] Resolving approximation
[CTRL] Initiating iterator over current linear queries
[APPROX] # Conjunctions over output: 6
[CTRL] Processing linear query no. 154
[NNENUM] Running nnenum now...
[NNENUM] lb: [-0.4999999701976776, -0.4999999701976776, 5.000000171712609e-6, -0.3499999940395355, -0.1, -0.1, -0.1, -0.1, -0.1, -0.1, -0.1, -0.1, -0.1]
[NNENUM] ub: [-0.00625, -0.33623147889292704, 5.000000171712609e-6, -0.21079675705898798, 0.09999999999999999, 0.09999999999999999, 0.09999999999999999, 0.09999999999999999, 0.09999999999999999, 0.09999999999999999, 0.09999999999999999, 0.09999999999999999, 0.09999999999999999]
[NNENUM] Creating LP Star...
[NNENUM] Checking feasibility
[NNENUM] Generating output Spec...
[NNENUM] Spec list length:  6
[NNENUM] Enumeration in progress... 
(0.1 sec) Q: 0, Sets: 0/1  (0.0%) CEs: 0 ETA: - (expected 1 stars)   
(0.2 sec) Q: 0, Sets: 2/5  (18.75%) CEs: 0 ETA: 0.7 sec (expected 11 stars)   
(0.3 sec) Q: 0, Sets: 8/10  (37.5%) CEs: 0 ETA: 0.5 sec (expected 21 stars)   
Total Stars: 10 (1 exact, 9 approx)
Unfinished Stars: 0
Runtime: 0.3 sec
Completed work frac: 1.0
Num Stars Copied Between Processes: 0
Num Lps During Enumeration: 48
Total Num Lps: 48

Result: network is SAFE

[NNENUM] Result: 
<nnenum.result.Result object at 0x747e3a586850>
[NNENUM] Enumeration finished.
safe
[NNENUM] Found counter-example stars: 0
[NNENUM] Filtering result using SMT solver...
[SMT] SMT filtered out 0 stars (out of 0; TO: 0).
[QUERY] Looking for nonlinear input combinations...
[QUERY] Found all non-linear combinations. Count: 1
[QUERY] Returning nonlinear disjunction
[CTRL] Considering conjunction with 39 input constraints and a disjunction of size 6
[APPROX] Checking cache: SNNT.Approx.ApproxCacheObject[]
[APPROX] Constructing Approximation
[APPROX] Resolving approximation
[CTRL] Initiating iterator over current linear queries
[APPROX] # Conjunctions over output: 6
[CTRL] Processing linear query no. 155
[NNENUM] Running nnenum now...
[NNENUM] lb: [-0.4999999701976776, -0.4999999701976776, 5.000000171712609e-6, -0.3499999940395355, -0.1, -0.1, -0.1, -0.1, -0.1, -0.1, -0.1, -0.1, -0.1]
[NNENUM] ub: [-0.00625, -0.33623147889292704, 5.000000171712609e-6, -0.21079675705898798, 0.09999999999999999, 0.09999999999999999, 0.09999999999999999, 0.09999999999999999, 0.09999999999999999, 0.09999999999999999, 0.09999999999999999, 0.09999999999999999, 0.09999999999999999]
[NNENUM] Creating LP Star...
[NNENUM] Checking feasibility
[NNENUM] Generating output Spec...
[NNENUM] Spec list length:  6
[NNENUM] Enumeration in progress... 
(0.1 sec) Q: 0, Sets: 0/1  (0.0%) CEs: 0 ETA: - (expected 1 stars)   
(0.2 sec) Q: 0, Sets: 1/4  (12.5%) CEs: 0 ETA: 1.5 sec (expected 8 stars)   
(0.4 sec) Q: 0, Sets: 4/7  (18.75%) CEs: 0 ETA: 1.5 sec (expected 21 stars)   
Total Stars: 9 (0 exact, 9 approx)
Unfinished Stars: 0
Runtime: 0.4 sec
Completed work frac: 1.0
Num Stars Copied Between Processes: 0
Num Lps During Enumeration: 0
Total Num Lps: 0

Result: network is SAFE

[NNENUM] Result: 
<nnenum.result.Result object at 0x747e3a596f10>
[NNENUM] Enumeration finished.
safe
[NNENUM] Found counter-example stars: 0
[NNENUM] Filtering result using SMT solver...
[SMT] SMT filtered out 0 stars (out of 0; TO: 0).
[QUERY] Looking for nonlinear input combinations...
[QUERY] Found all non-linear combinations. Count: 6
[QUERY] Returning nonlinear disjunction
[CTRL] Considering conjunction with 39 input constraints and a disjunction of size 6
[APPROX] Checking cache: SNNT.Approx.ApproxCacheObject[]
[APPROX] Constructing Approximation
[APPROX] Resolving approximation
[CTRL] Initiating iterator over current linear queries
[APPROX] # Conjunctions over output: 6
[CTRL] Processing linear query no. 156
[NNENUM] Running nnenum now...
[NNENUM] lb: [-0.4999999701976776, -0.4999999701976776, 5.000000171712609e-6, -0.3499999940395355, -0.1, -0.1, -0.1, -0.1, -0.1, -0.1, -0.1, -0.1, -0.1]
[NNENUM] ub: [-0.00625, -0.33623147889292704, 5.000000171712609e-6, -0.21079675705898798, 0.09999999999999999, 0.09999999999999999, 0.09999999999999999, 0.09999999999999999, 0.09999999999999999, 0.09999999999999999, 0.09999999999999999, 0.09999999999999999, 0.09999999999999999]
[NNENUM] Creating LP Star...
[NNENUM] Checking feasibility
[NNENUM] Generating output Spec...
[NNENUM] Spec list length:  6
[NNENUM] Enumeration in progress... 
(0.1 sec) Q: 0, Sets: 0/1  (0.0%) CEs: 0 ETA: - (expected 1 stars)   
(0.2 sec) Q: 0, Sets: 6/10  (6.25%) CEs: 0 ETA: 3.3 sec (expected 96 stars)   
(0.3 sec) Q: 0, Sets: 7/10  (12.5%) CEs: 0 ETA: 2.3 sec (expected 56 stars)   (0.4 sec) Q: 0, Sets: 9/13  (15.625%) CEs: 0 ETA: 2.4 sec (expected 58 stars)   
(0.6 sec) Q: 0, Sets: 11/13  (25.0%) CEs: 0 ETA: 1.8 sec (expected 44 stars)   (0.7 sec) Q: 0, Sets: 16/18  (62.5%) CEs: 0 ETA: 0.4 sec (expected 26 stars)   
Total Stars: 24 (1 exact, 23 approx)
Unfinished Stars: 0
Runtime: 0.8 sec
Completed work frac: 1.0
Num Stars Copied Between Processes: 0
Num Lps During Enumeration: 46
Total Num Lps: 46

Result: network is SAFE

[NNENUM] Result: 
<nnenum.result.Result object at 0x747e3a59b490>
[NNENUM] Enumeration finished.
safe
[NNENUM] Found counter-example stars: 0
[NNENUM] Filtering result using SMT solver...
[SMT] SMT filtered out 0 stars (out of 0; TO: 0).
[QUERY] Looking for nonlinear input combinations...
.[QUERY] Found all non-linear combinations. Count: 1
[QUERY] Returning nonlinear disjunction
[CTRL] Considering conjunction with 39 input constraints and a disjunction of size 6
[APPROX] Checking cache: SNNT.Approx.ApproxCacheObject[]
[APPROX] Constructing Approximation
[APPROX] Resolving approximation
[CTRL] Initiating iterator over current linear queries
[APPROX] # Conjunctions over output: 6
[CTRL] Processing linear query no. 157
[NNENUM] Running nnenum now...
[NNENUM] lb: [-0.4999999701976776, -0.4999999701976776, 5.000000171712609e-6, -0.3499999940395355, -0.1, -0.1, -0.1, -0.1, -0.1, -0.1, -0.1, -0.1, -0.1]
[NNENUM] ub: [-0.00625, -0.33623147889292704, 5.000000171712609e-6, -0.21079675705898798, 0.09999999999999999, 0.09999999999999999, 0.09999999999999999, 0.09999999999999999, 0.09999999999999999, 0.09999999999999999, 0.09999999999999999, 0.09999999999999999, 0.09999999999999999]
[NNENUM] Creating LP Star...
[NNENUM] Checking feasibility
[NNENUM] Generating output Spec...
[NNENUM] Spec list length:  6
[NNENUM] Enumeration in progress... 
(0.0 sec) Q: 0, Sets: 0/1  (0.0%) CEs: 0 ETA: - (expected 1 stars)   

Total Stars: 1 (0 exact, 1 approx)
Unfinished Stars: 0
Runtime: 0.1 sec
Completed work frac: 1.0
Num Stars Copied Between Processes: 0
Num Lps During Enumeration: 0
Total Num Lps: 0

Result: network is SAFE

[NNENUM] Result: 
<nnenum.result.Result object at 0x747e3a5a9cd0>
[NNENUM] Enumeration finished.
safe
[NNENUM] Found counter-example stars: 0
[NNENUM] Filtering result using SMT solver...
[SMT] SMT filtered out 0 stars (out of 0; TO: 0).
[QUERY] Looking for nonlinear input combinations...
[QUERY] Found all non-linear combinations. Count: 3
[QUERY] Returning nonlinear disjunction
[CTRL] Considering conjunction with 39 input constraints and a disjunction of size 6
[APPROX] Checking cache: SNNT.Approx.ApproxCacheObject[]
[APPROX] Constructing Approximation
[APPROX] Resolving approximation
[CTRL] Initiating iterator over current linear queries
[APPROX] # Conjunctions over output: 6
[CTRL] Processing linear query no. 158
[NNENUM] Running nnenum now...
[NNENUM] lb: [-0.4999999701976776, -0.4999999701976776, 5.000000171712609e-6, -0.3499999940395355, -0.1, -0.1, -0.1, -0.1, -0.1, -0.1, -0.1, -0.1, -0.1]
[NNENUM] ub: [-0.00625, -0.33623147889292704, 5.000000171712609e-6, -0.21079675705898798, 0.09999999999999999, 0.09999999999999999, 0.09999999999999999, 0.09999999999999999, 0.09999999999999999, 0.09999999999999999, 0.09999999999999999, 0.09999999999999999, 0.09999999999999999]
[NNENUM] Creating LP Star...
[NNENUM] Checking feasibility
[NNENUM] Generating output Spec...
[NNENUM] Spec list length:  6
[NNENUM] Enumeration in progress... 
(0.1 sec) Q: 0, Sets: 0/1  (0.0%) CEs: 0 ETA: - (expected 1 stars)   
(0.2 sec) Q: 0, Sets: 0/2  (0.0%) CEs: 0 ETA: - (expected 1 stars)   
(0.3 sec) Q: 0, Sets: 2/9  (1.562%) CEs: 0 ETA: 19.5 sec (expected 128 stars)   (0.4 sec) Q: 0, Sets: 9/14  (7.812%) CEs: 0 ETA: 4.9 sec (expected 115 stars)   
(0.5 sec) Q: 0, Sets: 16/22  (16.016%) CEs: 0 ETA: 2.7 sec (expected 100 stars)   (0.6 sec) Q: 0, Sets: 21/27  (19.336%) CEs: 0 ETA: 2.6 sec (expected 109 stars)   (0.8 sec) Q: 0, Sets: 24/27  (21.875%) CEs: 0 ETA: 2.9 sec (expected 110 stars)   
Total Stars: 28 (1 exact, 27 approx)
Unfinished Stars: 0
Runtime: 0.9 sec
Completed work frac: 1.0
Num Stars Copied Between Processes: 0
Num Lps During Enumeration: 96
Total Num Lps: 96

Result: network is SAFE

[NNENUM] Result: 
<nnenum.result.Result object at 0x747e3a596700>
[NNENUM] Enumeration finished.
safe
[NNENUM] Found counter-example stars: 0
[NNENUM] Filtering result using SMT solver...
[SMT] SMT filtered out 0 stars (out of 0; TO: 0).
[QUERY] Looking for nonlinear input combinations...
[QUERY] Found all non-linear combinations. Count: 1
[QUERY] Returning nonlinear disjunction
[CTRL] Considering conjunction with 39 input constraints and a disjunction of size 6
[APPROX] Checking cache: SNNT.Approx.ApproxCacheObject[]
[APPROX] Constructing Approximation
[APPROX] Resolving approximation
[CTRL] Initiating iterator over current linear queries
[APPROX] # Conjunctions over output: 6
[CTRL] Processing linear query no. 159
[NNENUM] Running nnenum now...
[NNENUM] lb: [-0.4999999701976776, -0.4999999701976776, 5.000000171712609e-6, -0.3499999940395355, -0.1, -0.1, -0.1, -0.1, -0.1, -0.1, -0.1, -0.1, -0.1]
[NNENUM] ub: [-0.00625, -0.33623147889292704, 5.000000171712609e-6, -0.21079675705898798, 0.09999999999999999, 0.09999999999999999, 0.09999999999999999, 0.09999999999999999, 0.09999999999999999, 0.09999999999999999, 0.09999999999999999, 0.09999999999999999, 0.09999999999999999]
[NNENUM] Creating LP Star...
[NNENUM] Checking feasibility
[NNENUM] Generating output Spec...
[NNENUM] Spec list length:  6
[NNENUM] Enumeration in progress... 
(0.1 sec) Q: 0, Sets: 0/1  (0.0%) CEs: 0 ETA: - (expected 1 stars)   
(0.2 sec) Q: 0, Sets: 4/9  (4.688%) CEs: 0 ETA: 3.6 sec (expected 85 stars)   
(0.3 sec) Q: 0, Sets: 10/12  (25.0%) CEs: 0 ETA: 0.9 sec (expected 40 stars)   
Total Stars: 12 (0 exact, 12 approx)
Unfinished Stars: 0
Runtime: 0.4 sec
Completed work frac: 1.0
Num Stars Copied Between Processes: 0
Num Lps During Enumeration: 0
Total Num Lps: 0

Result: network is SAFE

[NNENUM] Result: 
<nnenum.result.Result object at 0x747e3a59c550>
[NNENUM] Enumeration finished.
safe
[NNENUM] Found counter-example stars: 0
[NNENUM] Filtering result using SMT solver...
[SMT] SMT filtered out 0 stars (out of 0; TO: 0).
[QUERY] Looking for nonlinear input combinations...
..[QUERY] Found all non-linear combinations. Count: 2
[QUERY] Returning nonlinear disjunction
[CTRL] Considering conjunction with 39 input constraints and a disjunction of size 6
[APPROX] Checking cache: SNNT.Approx.ApproxCacheObject[]
[APPROX] Constructing Approximation
[APPROX] Resolving approximation
[CTRL] Initiating iterator over current linear queries
[APPROX] # Conjunctions over output: 6
[CTRL] Processing linear query no. 160
[NNENUM] Running nnenum now...
[NNENUM] lb: [-0.4999999701976776, -0.4999999701976776, 5.000000171712609e-6, -0.3499999940395355, -0.1, -0.1, -0.1, -0.1, -0.1, -0.1, -0.1, -0.1, -0.1]
[NNENUM] ub: [-0.00625, -0.33623147889292704, 5.000000171712609e-6, -0.21079675705898798, 0.09999999999999999, 0.09999999999999999, 0.09999999999999999, 0.09999999999999999, 0.09999999999999999, 0.09999999999999999, 0.09999999999999999, 0.09999999999999999, 0.09999999999999999]
[NNENUM] Creating LP Star...
[NNENUM] Checking feasibility
[NNENUM] Generating output Spec...
[NNENUM] Spec list length:  6
[NNENUM] Enumeration in progress... 
(0.1 sec) Q: 0, Sets: 0/1  (0.0%) CEs: 0 ETA: - (expected 1 stars)   
(0.2 sec) Q: 0, Sets: 2/7  (3.125%) CEs: 0 ETA: 5.8 sec (expected 64 stars)   
(0.3 sec) Q: 0, Sets: 8/12  (50.0%) CEs: 0 ETA: 0.3 sec (expected 16 stars)   
Total Stars: 14 (4 exact, 10 approx)
Unfinished Stars: 0
Runtime: 0.3 sec
Completed work frac: 1.0
Num Stars Copied Between Processes: 0
Num Lps During Enumeration: 144
Total Num Lps: 144

Result: network is SAFE

[NNENUM] Result: 
<nnenum.result.Result object at 0x747e3a596c10>
[NNENUM] Enumeration finished.
safe
[NNENUM] Found counter-example stars: 0
[NNENUM] Filtering result using SMT solver...
[SMT] SMT filtered out 0 stars (out of 0; TO: 0).
[QUERY] Looking for nonlinear input combinations...
.[QUERY] Found all non-linear combinations. Count: 1
[QUERY] Returning nonlinear disjunction
[CTRL] Considering conjunction with 39 input constraints and a disjunction of size 6
[APPROX] Checking cache: SNNT.Approx.ApproxCacheObject[]
[APPROX] Constructing Approximation
[APPROX] Resolving approximation
[CTRL] Initiating iterator over current linear queries
[APPROX] # Conjunctions over output: 6
[CTRL] Processing linear query no. 161
[NNENUM] Running nnenum now...
[NNENUM] lb: [-0.4999999701976776, -0.4999999701976776, 5.000000171712609e-6, -0.3499999940395355, -0.1, -0.1, -0.1, -0.1, -0.1, -0.1, -0.1, -0.1, -0.1]
[NNENUM] ub: [-0.00625, -0.33623147889292704, 5.000000171712609e-6, -0.21079675705898798, 0.09999999999999999, 0.09999999999999999, 0.09999999999999999, 0.09999999999999999, 0.09999999999999999, 0.09999999999999999, 0.09999999999999999, 0.09999999999999999, 0.09999999999999999]
[NNENUM] Creating LP Star...
[NNENUM] Checking feasibility
[NNENUM] Generating output Spec...
[NNENUM] Spec list length:  6
[NNENUM] Enumeration in progress... 
(0.0 sec) Q: 0, Sets: 0/1  (0.0%) CEs: 0 ETA: - (expected 1 stars)   

Total Stars: 1 (0 exact, 1 approx)
Unfinished Stars: 0
Runtime: 0.1 sec
Completed work frac: 1.0
Num Stars Copied Between Processes: 0
Num Lps During Enumeration: 0
Total Num Lps: 0

Result: network is SAFE

[NNENUM] Result: 
<nnenum.result.Result object at 0x747e3a59b310>
[NNENUM] Enumeration finished.
safe
[NNENUM] Found counter-example stars: 0
[NNENUM] Filtering result using SMT solver...
[SMT] SMT filtered out 0 stars (out of 0; TO: 0).
[QUERY] Looking for nonlinear input combinations...
[QUERY] Found all non-linear combinations. Count: 1
[QUERY] Returning nonlinear disjunction
[CTRL] Considering conjunction with 39 input constraints and a disjunction of size 6
[APPROX] Checking cache: SNNT.Approx.ApproxCacheObject[]
[APPROX] Constructing Approximation
[APPROX] Resolving approximation
[CTRL] Initiating iterator over current linear queries
[APPROX] # Conjunctions over output: 6
[CTRL] Processing linear query no. 162
[NNENUM] Running nnenum now...
[NNENUM] lb: [-0.4999999701976776, -0.4999999701976776, 5.000000171712609e-6, -0.3499999940395355, -0.1, -0.1, -0.1, -0.1, -0.1, -0.1, -0.1, -0.1, -0.1]
[NNENUM] ub: [-0.00625, -0.33623147889292704, 5.000000171712609e-6, -0.21079675705898798, 0.09999999999999999, 0.09999999999999999, 0.09999999999999999, 0.09999999999999999, 0.09999999999999999, 0.09999999999999999, 0.09999999999999999, 0.09999999999999999, 0.09999999999999999]
[NNENUM] Creating LP Star...
[NNENUM] Checking feasibility
[NNENUM] Generating output Spec...
[NNENUM] Spec list length:  6
[NNENUM] Enumeration in progress... 
(0.1 sec) Q: 0, Sets: 0/1  (0.0%) CEs: 0 ETA: - (expected 1 stars)   
(0.2 sec) Q: 0, Sets: 0/2  (0.0%) CEs: 0 ETA: - (expected 1 stars)   
(0.3 sec) Q: 0, Sets: 2/8  (7.031%) CEs: 0 ETA: 4.5 sec (expected 28 stars)   (0.5 sec) Q: 0, Sets: 7/12  (31.25%) CEs: 0 ETA: 1.0 sec (expected 22 stars)   
(0.6 sec) Q: 0, Sets: 11/16  (50.0%) CEs: 0 ETA: 0.6 sec (expected 22 stars)   (0.7 sec) Q: 0, Sets: 15/25  (56.25%) CEs: 0 ETA: 0.5 sec (expected 27 stars)   (0.8 sec) Q: 0, Sets: 22/25  (59.375%) CEs: 0 ETA: 0.6 sec (expected 37 stars)   (0.9 sec) Q: 0, Sets: 24/27  (75.0%) CEs: 0 ETA: 0.3 sec (expected 32 stars)   

Total Stars: 35 (1 exact, 34 approx)
Unfinished Stars: 0
Runtime: 1.0 sec
Completed work frac: 1.0
Num Stars Copied Between Processes: 0
Num Lps During Enumeration: 97
Total Num Lps: 97

Result: network is SAFE

[NNENUM] Result: 
<nnenum.result.Result object at 0x747e3a581d00>
[NNENUM] Enumeration finished.
safe
[NNENUM] Found counter-example stars: 0
[NNENUM] Filtering result using SMT solver...
[SMT] SMT filtered out 0 stars (out of 0; TO: 0).
[QUERY] Looking for nonlinear input combinations...
.[QUERY] Found all non-linear combinations. Count: 1
[QUERY] Returning nonlinear disjunction
[CTRL] Considering conjunction with 39 input constraints and a disjunction of size 6
[APPROX] Checking cache: SNNT.Approx.ApproxCacheObject[]
[APPROX] Constructing Approximation
[APPROX] Resolving approximation
[CTRL] Initiating iterator over current linear queries
[APPROX] # Conjunctions over output: 6
[CTRL] Processing linear query no. 163
[NNENUM] Running nnenum now...
[NNENUM] lb: [-0.4999999701976776, -0.4999999701976776, 5.000000171712609e-6, -0.3499999940395355, -0.1, -0.1, -0.1, -0.1, -0.1, -0.1, -0.1, -0.1, -0.1]
[NNENUM] ub: [-0.00625, -0.33623147889292704, 5.000000171712609e-6, -0.21079675705898798, 0.09999999999999999, 0.09999999999999999, 0.09999999999999999, 0.09999999999999999, 0.09999999999999999, 0.09999999999999999, 0.09999999999999999, 0.09999999999999999, 0.09999999999999999]
[NNENUM] Creating LP Star...
[NNENUM] Checking feasibility
[NNENUM] Generating output Spec...
[NNENUM] Spec list length:  6
[NNENUM] Enumeration in progress... 
(0.1 sec) Q: 0, Sets: 0/1  (0.0%) CEs: 0 ETA: - (expected 1 stars)   

Total Stars: 5 (0 exact, 5 approx)
Unfinished Stars: 0
Runtime: 0.2 sec
Completed work frac: 1.0
Num Stars Copied Between Processes: 0
Num Lps During Enumeration: 0
Total Num Lps: 0

Result: network is SAFE

[NNENUM] Result: 
<nnenum.result.Result object at 0x747e39f57b50>
[NNENUM] Enumeration finished.
safe
[NNENUM] Found counter-example stars: 0
[NNENUM] Filtering result using SMT solver...
[SMT] SMT filtered out 0 stars (out of 0; TO: 0).
[QUERY] Looking for nonlinear input combinations...
.[QUERY] Found all non-linear combinations. Count: 2
[QUERY] Returning nonlinear disjunction
[CTRL] Considering conjunction with 39 input constraints and a disjunction of size 6
[APPROX] Checking cache: SNNT.Approx.ApproxCacheObject[]
[APPROX] Constructing Approximation
[APPROX] Resolving approximation
[CTRL] Initiating iterator over current linear queries
[APPROX] # Conjunctions over output: 6
[CTRL] Processing linear query no. 164
[NNENUM] Running nnenum now...
[NNENUM] lb: [-0.4999999701976776, -0.4999999701976776, 5.000000171712609e-6, -0.3499999940395355, -0.1, -0.1, -0.1, -0.1, -0.1, -0.1, -0.1, -0.1, -0.1]
[NNENUM] ub: [-0.00625, -0.33623147889292704, 5.000000171712609e-6, -0.21079675705898798, 0.09999999999999999, 0.09999999999999999, 0.09999999999999999, 0.09999999999999999, 0.09999999999999999, 0.09999999999999999, 0.09999999999999999, 0.09999999999999999, 0.09999999999999999]
[NNENUM] Creating LP Star...
[NNENUM] Checking feasibility
[NNENUM] Generating output Spec...
[NNENUM] Spec list length:  6
[NNENUM] Enumeration in progress... 
(0.1 sec) Q: 0, Sets: 0/1  (0.0%) CEs: 0 ETA: - (expected 1 stars)   
(0.2 sec) Q: 0, Sets: 0/2  (0.0%) CEs: 0 ETA: - (expected 1 stars)   
(0.3 sec) Q: 0, Sets: 5/9  (54.688%) CEs: 0 ETA: 0.3 sec (expected 9 stars)   (0.4 sec) Q: 0, Sets: 9/11  (62.5%) CEs: 0 ETA: 0.3 sec (expected 14 stars)   

Total Stars: 12 (1 exact, 11 approx)
Unfinished Stars: 0
Runtime: 0.5 sec
Completed work frac: 1.0
Num Stars Copied Between Processes: 0
Num Lps During Enumeration: 138
Total Num Lps: 138

Result: network is SAFE

[NNENUM] Result: 
<nnenum.result.Result object at 0x747e3a588c70>
[NNENUM] Enumeration finished.
safe
[NNENUM] Found counter-example stars: 0
[NNENUM] Filtering result using SMT solver...
[SMT] SMT filtered out 0 stars (out of 0; TO: 0).
[QUERY] Looking for nonlinear input combinations...
[QUERY] Found all non-linear combinations. Count: 1
[QUERY] Returning nonlinear disjunction
[CTRL] Considering conjunction with 39 input constraints and a disjunction of size 6
[APPROX] Checking cache: SNNT.Approx.ApproxCacheObject[]
[APPROX] Constructing Approximation
[APPROX] Resolving approximation
[CTRL] Initiating iterator over current linear queries
[APPROX] # Conjunctions over output: 6
[CTRL] Processing linear query no. 165
[NNENUM] Running nnenum now...
[NNENUM] lb: [-0.4999999701976776, -0.4999999701976776, 5.000000171712609e-6, -0.3499999940395355, -0.1, -0.1, -0.1, -0.1, -0.1, -0.1, -0.1, -0.1, -0.1]
[NNENUM] ub: [-0.00625, -0.33623147889292704, 5.000000171712609e-6, -0.21079675705898798, 0.09999999999999999, 0.09999999999999999, 0.09999999999999999, 0.09999999999999999, 0.09999999999999999, 0.09999999999999999, 0.09999999999999999, 0.09999999999999999, 0.09999999999999999]
[NNENUM] Creating LP Star...
[NNENUM] Checking feasibility
[NNENUM] Generating output Spec...
[NNENUM] Spec list length:  6
[NNENUM] Enumeration in progress... 
(0.1 sec) Q: 0, Sets: 0/1  (0.0%) CEs: 0 ETA: - (expected 1 stars)   
(0.2 sec) Q: 0, Sets: 2/7  (3.125%) CEs: 0 ETA: 7.1 sec (expected 64 stars)   
(0.3 sec) Q: 0, Sets: 6/8  (50.0%) CEs: 0 ETA: 0.3 sec (expected 12 stars)   (0.5 sec) Q: 0, Sets: 11/11  (100.0%) CEs: 0 ETA: 0.0 sec (expected 11 stars)   

Total Stars: 11 (0 exact, 11 approx)
Unfinished Stars: 0
Runtime: 0.5 sec
Completed work frac: 1.0
Num Stars Copied Between Processes: 0
Num Lps During Enumeration: 0
Total Num Lps: 0

Result: network is SAFE

[NNENUM] Result: 
<nnenum.result.Result object at 0x747e3a5a9430>
[NNENUM] Enumeration finished.
safe
[NNENUM] Found counter-example stars: 0
[NNENUM] Filtering result using SMT solver...
[SMT] SMT filtered out 0 stars (out of 0; TO: 0).
┌ Warning: Make sure you are not using this option for non-mixed constraints!
└ @ SNNT.QueryGeneration ~/Dokumente/Projects/CPS/NN-Safety-via-dL/repos/NCubeV-Reinstall/src/QueryGeneration/Iterator.jl:421
┌ Warning: Generating independent linear disjunctions
└ @ SNNT.QueryGeneration ~/Dokumente/Projects/CPS/NN-Safety-via-dL/repos/NCubeV-Reinstall/src/QueryGeneration/Iterator.jl:420
┌ Warning: Make sure you are not using this option for non-mixed constraints!
└ @ SNNT.QueryGeneration ~/Dokumente/Projects/CPS/NN-Safety-via-dL/repos/NCubeV-Reinstall/src/QueryGeneration/Iterator.jl:421
┌ Warning: Generating independent linear disjunctions
└ @ SNNT.QueryGeneration ~/Dokumente/Projects/CPS/NN-Safety-via-dL/repos/NCubeV-Reinstall/src/QueryGeneration/Iterator.jl:420
┌ Warning: Make sure you are not using this option for non-mixed constraints!
└ @ SNNT.QueryGeneration ~/Dokumente/Projects/CPS/NN-Safety-via-dL/repos/NCubeV-Reinstall/src/QueryGeneration/Iterator.jl:421
┌ Warning: Generating independent linear disjunctions
└ @ SNNT.QueryGeneration ~/Dokumente/Projects/CPS/NN-Safety-via-dL/repos/NCubeV-Reinstall/src/QueryGeneration/Iterator.jl:420
┌ Warning: Make sure you are not using this option for non-mixed constraints!
└ @ SNNT.QueryGeneration ~/Dokumente/Projects/CPS/NN-Safety-via-dL/repos/NCubeV-Reinstall/src/QueryGeneration/Iterator.jl:421
┌ Warning: Generating independent linear disjunctions
└ @ SNNT.QueryGeneration ~/Dokumente/Projects/CPS/NN-Safety-via-dL/repos/NCubeV-Reinstall/src/QueryGeneration/Iterator.jl:420
┌ Warning: Make sure you are not using this option for non-mixed constraints!
└ @ SNNT.QueryGeneration ~/Dokumente/Projects/CPS/NN-Safety-via-dL/repos/NCubeV-Reinstall/src/QueryGeneration/Iterator.jl:421
┌ Warning: Generating independent linear disjunctions
└ @ SNNT.QueryGeneration ~/Dokumente/Projects/CPS/NN-Safety-via-dL/repos/NCubeV-Reinstall/src/QueryGeneration/Iterator.jl:420
┌ Warning: Make sure you are not using this option for non-mixed constraints!
└ @ SNNT.QueryGeneration ~/Dokumente/Projects/CPS/NN-Safety-via-dL/repos/NCubeV-Reinstall/src/QueryGeneration/Iterator.jl:421
┌ Warning: Generating independent linear disjunctions
└ @ SNNT.QueryGeneration ~/Dokumente/Projects/CPS/NN-Safety-via-dL/repos/NCubeV-Reinstall/src/QueryGeneration/Iterator.jl:420
┌ Warning: Make sure you are not using this option for non-mixed constraints!
└ @ SNNT.QueryGeneration ~/Dokumente/Projects/CPS/NN-Safety-via-dL/repos/NCubeV-Reinstall/src/QueryGeneration/Iterator.jl:421
┌ Warning: Generating independent linear disjunctions
└ @ SNNT.QueryGeneration ~/Dokumente/Projects/CPS/NN-Safety-via-dL/repos/NCubeV-Reinstall/src/QueryGeneration/Iterator.jl:420
┌ Warning: Make sure you are not using this option for non-mixed constraints!
└ @ SNNT.QueryGeneration ~/Dokumente/Projects/CPS/NN-Safety-via-dL/repos/NCubeV-Reinstall/src/QueryGeneration/Iterator.jl:421
┌ Warning: Generating independent linear disjunctions
└ @ SNNT.QueryGeneration ~/Dokumente/Projects/CPS/NN-Safety-via-dL/repos/NCubeV-Reinstall/src/QueryGeneration/Iterator.jl:420
┌ Warning: Make sure you are not using this option for non-mixed constraints!
└ @ SNNT.QueryGeneration ~/Dokumente/Projects/CPS/NN-Safety-via-dL/repos/NCubeV-Reinstall/src/QueryGeneration/Iterator.jl:421
┌ Warning: Generating independent linear disjunctions
└ @ SNNT.QueryGeneration ~/Dokumente/Projects/CPS/NN-Safety-via-dL/repos/NCubeV-Reinstall/src/QueryGeneration/Iterator.jl:420
┌ Warning: Make sure you are not using this option for non-mixed constraints!
└ @ SNNT.QueryGeneration ~/Dokumente/Projects/CPS/NN-Safety-via-dL/repos/NCubeV-Reinstall/src/QueryGeneration/Iterator.jl:421
┌ Warning: Generating independent linear disjunctions
└ @ SNNT.QueryGeneration ~/Dokumente/Projects/CPS/NN-Safety-via-dL/repos/NCubeV-Reinstall/src/QueryGeneration/Iterator.jl:420
┌ Warning: Make sure you are not using this option for non-mixed constraints!
└ @ SNNT.QueryGeneration ~/Dokumente/Projects/CPS/NN-Safety-via-dL/repos/NCubeV-Reinstall/src/QueryGeneration/Iterator.jl:421
┌ Warning: Generating independent linear disjunctions
└ @ SNNT.QueryGeneration ~/Dokumente/Projects/CPS/NN-Safety-via-dL/repos/NCubeV-Reinstall/src/QueryGeneration/Iterator.jl:420
┌ Warning: Make sure you are not using this option for non-mixed constraints!
└ @ SNNT.QueryGeneration ~/Dokumente/Projects/CPS/NN-Safety-via-dL/repos/NCubeV-Reinstall/src/QueryGeneration/Iterator.jl:421
┌ Warning: Generating independent linear disjunctions
└ @ SNNT.QueryGeneration ~/Dokumente/Projects/CPS/NN-Safety-via-dL/repos/NCubeV-Reinstall/src/QueryGeneration/Iterator.jl:420
┌ Warning: Make sure you are not using this option for non-mixed constraints!
└ @ SNNT.QueryGeneration ~/Dokumente/Projects/CPS/NN-Safety-via-dL/repos/NCubeV-Reinstall/src/QueryGeneration/Iterator.jl:421
┌ Warning: Generating independent linear disjunctions
└ @ SNNT.QueryGeneration ~/Dokumente/Projects/CPS/NN-Safety-via-dL/repos/NCubeV-Reinstall/src/QueryGeneration/Iterator.jl:420
┌ Warning: Make sure you are not using this option for non-mixed constraints!
└ @ SNNT.QueryGeneration ~/Dokumente/Projects/CPS/NN-Safety-via-dL/repos/NCubeV-Reinstall/src/QueryGeneration/Iterator.jl:421
┌ Warning: Generating independent linear disjunctions
└ @ SNNT.QueryGeneration ~/Dokumente/Projects/CPS/NN-Safety-via-dL/repos/NCubeV-Reinstall/src/QueryGeneration/Iterator.jl:420
┌ Warning: Make sure you are not using this option for non-mixed constraints!
└ @ SNNT.QueryGeneration ~/Dokumente/Projects/CPS/NN-Safety-via-dL/repos/NCubeV-Reinstall/src/QueryGeneration/Iterator.jl:421
┌ Warning: Generating independent linear disjunctions
└ @ SNNT.QueryGeneration ~/Dokumente/Projects/CPS/NN-Safety-via-dL/repos/NCubeV-Reinstall/src/QueryGeneration/Iterator.jl:420
┌ Warning: Make sure you are not using this option for non-mixed constraints!
└ @ SNNT.QueryGeneration ~/Dokumente/Projects/CPS/NN-Safety-via-dL/repos/NCubeV-Reinstall/src/QueryGeneration/Iterator.jl:421
┌ Warning: Generating independent linear disjunctions
└ @ SNNT.QueryGeneration ~/Dokumente/Projects/CPS/NN-Safety-via-dL/repos/NCubeV-Reinstall/src/QueryGeneration/Iterator.jl:420
┌ Warning: Make sure you are not using this option for non-mixed constraints!
└ @ SNNT.QueryGeneration ~/Dokumente/Projects/CPS/NN-Safety-via-dL/repos/NCubeV-Reinstall/src/QueryGeneration/Iterator.jl:421
┌ Warning: Generating independent linear disjunctions
└ @ SNNT.QueryGeneration ~/Dokumente/Projects/CPS/NN-Safety-via-dL/repos/NCubeV-Reinstall/src/QueryGeneration/Iterator.jl:420
┌ Warning: Make sure you are not using this option for non-mixed constraints!
└ @ SNNT.QueryGeneration ~/Dokumente/Projects/CPS/NN-Safety-via-dL/repos/NCubeV-Reinstall/src/QueryGeneration/Iterator.jl:421
┌ Warning: Generating independent linear disjunctions
└ @ SNNT.QueryGeneration ~/Dokumente/Projects/CPS/NN-Safety-via-dL/repos/NCubeV-Reinstall/src/QueryGeneration/Iterator.jl:420
┌ Warning: Make sure you are not using this option for non-mixed constraints!
└ @ SNNT.QueryGeneration ~/Dokumente/Projects/CPS/NN-Safety-via-dL/repos/NCubeV-Reinstall/src/QueryGeneration/Iterator.jl:421
┌ Warning: Generating independent linear disjunctions
└ @ SNNT.QueryGeneration ~/Dokumente/Projects/CPS/NN-Safety-via-dL/repos/NCubeV-Reinstall/src/QueryGeneration/Iterator.jl:420
┌ Warning: Make sure you are not using this option for non-mixed constraints!
└ @ SNNT.QueryGeneration ~/Dokumente/Projects/CPS/NN-Safety-via-dL/repos/NCubeV-Reinstall/src/QueryGeneration/Iterator.jl:421
┌ Warning: Generating independent linear disjunctions
└ @ SNNT.QueryGeneration ~/Dokumente/Projects/CPS/NN-Safety-via-dL/repos/NCubeV-Reinstall/src/QueryGeneration/Iterator.jl:420
┌ Warning: Make sure you are not using this option for non-mixed constraints!
└ @ SNNT.QueryGeneration ~/Dokumente/Projects/CPS/NN-Safety-via-dL/repos/NCubeV-Reinstall/src/QueryGeneration/Iterator.jl:421
┌ Warning: Generating independent linear disjunctions
└ @ SNNT.QueryGeneration ~/Dokumente/Projects/CPS/NN-Safety-via-dL/repos/NCubeV-Reinstall/src/QueryGeneration/Iterator.jl:420
┌ Warning: Make sure you are not using this option for non-mixed constraints!
└ @ SNNT.QueryGeneration ~/Dokumente/Projects/CPS/NN-Safety-via-dL/repos/NCubeV-Reinstall/src/QueryGeneration/Iterator.jl:421
┌ Warning: Generating independent linear disjunctions
└ @ SNNT.QueryGeneration ~/Dokumente/Projects/CPS/NN-Safety-via-dL/repos/NCubeV-Reinstall/src/QueryGeneration/Iterator.jl:420
┌ Warning: Make sure you are not using this option for non-mixed constraints!
└ @ SNNT.QueryGeneration ~/Dokumente/Projects/CPS/NN-Safety-via-dL/repos/NCubeV-Reinstall/src/QueryGeneration/Iterator.jl:421
┌ Warning: Generating independent linear disjunctions
└ @ SNNT.QueryGeneration ~/Dokumente/Projects/CPS/NN-Safety-via-dL/repos/NCubeV-Reinstall/src/QueryGeneration/Iterator.jl:420
┌ Warning: Make sure you are not using this option for non-mixed constraints!
└ @ SNNT.QueryGeneration ~/Dokumente/Projects/CPS/NN-Safety-via-dL/repos/NCubeV-Reinstall/src/QueryGeneration/Iterator.jl:421
┌ Warning: Generating independent linear disjunctions
└ @ SNNT.QueryGeneration ~/Dokumente/Projects/CPS/NN-Safety-via-dL/repos/NCubeV-Reinstall/src/QueryGeneration/Iterator.jl:420
┌ Warning: Make sure you are not using this option for non-mixed constraints!
└ @ SNNT.QueryGeneration ~/Dokumente/Projects/CPS/NN-Safety-via-dL/repos/NCubeV-Reinstall/src/QueryGeneration/Iterator.jl:421
┌ Warning: Generating independent linear disjunctions
└ @ SNNT.QueryGeneration ~/Dokumente/Projects/CPS/NN-Safety-via-dL/repos/NCubeV-Reinstall/src/QueryGeneration/Iterator.jl:420
┌ Warning: Make sure you are not using this option for non-mixed constraints!
└ @ SNNT.QueryGeneration ~/Dokumente/Projects/CPS/NN-Safety-via-dL/repos/NCubeV-Reinstall/src/QueryGeneration/Iterator.jl:421
┌ Warning: Generating independent linear disjunctions
└ @ SNNT.QueryGeneration ~/Dokumente/Projects/CPS/NN-Safety-via-dL/repos/NCubeV-Reinstall/src/QueryGeneration/Iterator.jl:420
┌ Warning: Make sure you are not using this option for non-mixed constraints!
└ @ SNNT.QueryGeneration ~/Dokumente/Projects/CPS/NN-Safety-via-dL/repos/NCubeV-Reinstall/src/QueryGeneration/Iterator.jl:421
┌ Warning: Generating independent linear disjunctions
└ @ SNNT.QueryGeneration ~/Dokumente/Projects/CPS/NN-Safety-via-dL/repos/NCubeV-Reinstall/src/QueryGeneration/Iterator.jl:420
┌ Warning: Make sure you are not using this option for non-mixed constraints!
└ @ SNNT.QueryGeneration ~/Dokumente/Projects/CPS/NN-Safety-via-dL/repos/NCubeV-Reinstall/src/QueryGeneration/Iterator.jl:421
┌ Warning: Generating independent linear disjunctions
└ @ SNNT.QueryGeneration ~/Dokumente/Projects/CPS/NN-Safety-via-dL/repos/NCubeV-Reinstall/src/QueryGeneration/Iterator.jl:420
┌ Warning: Make sure you are not using this option for non-mixed constraints!
└ @ SNNT.QueryGeneration ~/Dokumente/Projects/CPS/NN-Safety-via-dL/repos/NCubeV-Reinstall/src/QueryGeneration/Iterator.jl:421
┌ Warning: Generating independent linear disjunctions
└ @ SNNT.QueryGeneration ~/Dokumente/Projects/CPS/NN-Safety-via-dL/repos/NCubeV-Reinstall/src/QueryGeneration/Iterator.jl:420
┌ Warning: Make sure you are not using this option for non-mixed constraints!
└ @ SNNT.QueryGeneration ~/Dokumente/Projects/CPS/NN-Safety-via-dL/repos/NCubeV-Reinstall/src/QueryGeneration/Iterator.jl:421
┌ Warning: Generating independent linear disjunctions
└ @ SNNT.QueryGeneration ~/Dokumente/Projects/CPS/NN-Safety-via-dL/repos/NCubeV-Reinstall/src/QueryGeneration/Iterator.jl:420
┌ Warning: Make sure you are not using this option for non-mixed constraints!
└ @ SNNT.QueryGeneration ~/Dokumente/Projects/CPS/NN-Safety-via-dL/repos/NCubeV-Reinstall/src/QueryGeneration/Iterator.jl:421
┌ Warning: Generating independent linear disjunctions
└ @ SNNT.QueryGeneration ~/Dokumente/Projects/CPS/NN-Safety-via-dL/repos/NCubeV-Reinstall/src/QueryGeneration/Iterator.jl:420
┌ Warning: Make sure you are not using this option for non-mixed constraints!
└ @ SNNT.QueryGeneration ~/Dokumente/Projects/CPS/NN-Safety-via-dL/repos/NCubeV-Reinstall/src/QueryGeneration/Iterator.jl:421
┌ Warning: Generating independent linear disjunctions
└ @ SNNT.QueryGeneration ~/Dokumente/Projects/CPS/NN-Safety-via-dL/repos/NCubeV-Reinstall/src/QueryGeneration/Iterator.jl:420
┌ Warning: Make sure you are not using this option for non-mixed constraints!
└ @ SNNT.QueryGeneration ~/Dokumente/Projects/CPS/NN-Safety-via-dL/repos/NCubeV-Reinstall/src/QueryGeneration/Iterator.jl:421
┌ Warning: Generating independent linear disjunctions
└ @ SNNT.QueryGeneration ~/Dokumente/Projects/CPS/NN-Safety-via-dL/repos/NCubeV-Reinstall/src/QueryGeneration/Iterator.jl:420
┌ Warning: Make sure you are not using this option for non-mixed constraints!
└ @ SNNT.QueryGeneration ~/Dokumente/Projects/CPS/NN-Safety-via-dL/repos/NCubeV-Reinstall/src/QueryGeneration/Iterator.jl:421
┌ Warning: Generating independent linear disjunctions
└ @ SNNT.QueryGeneration ~/Dokumente/Projects/CPS/NN-Safety-via-dL/repos/NCubeV-Reinstall/src/QueryGeneration/Iterator.jl:420
┌ Warning: Make sure you are not using this option for non-mixed constraints!
└ @ SNNT.QueryGeneration ~/Dokumente/Projects/CPS/NN-Safety-via-dL/repos/NCubeV-Reinstall/src/QueryGeneration/Iterator.jl:421
┌ Warning: Generating independent linear disjunctions
└ @ SNNT.QueryGeneration ~/Dokumente/Projects/CPS/NN-Safety-via-dL/repos/NCubeV-Reinstall/src/QueryGeneration/Iterator.jl:420
┌ Warning: Make sure you are not using this option for non-mixed constraints!
└ @ SNNT.QueryGeneration ~/Dokumente/Projects/CPS/NN-Safety-via-dL/repos/NCubeV-Reinstall/src/QueryGeneration/Iterator.jl:421
┌ Warning: Generating independent linear disjunctions
└ @ SNNT.QueryGeneration ~/Dokumente/Projects/CPS/NN-Safety-via-dL/repos/NCubeV-Reinstall/src/QueryGeneration/Iterator.jl:420
┌ Warning: Make sure you are not using this option for non-mixed constraints!
└ @ SNNT.QueryGeneration ~/Dokumente/Projects/CPS/NN-Safety-via-dL/repos/NCubeV-Reinstall/src/QueryGeneration/Iterator.jl:421
┌ Warning: Generating independent linear disjunctions
└ @ SNNT.QueryGeneration ~/Dokumente/Projects/CPS/NN-Safety-via-dL/repos/NCubeV-Reinstall/src/QueryGeneration/Iterator.jl:420
┌ Warning: Make sure you are not using this option for non-mixed constraints!
└ @ SNNT.QueryGeneration ~/Dokumente/Projects/CPS/NN-Safety-via-dL/repos/NCubeV-Reinstall/src/QueryGeneration/Iterator.jl:421
┌ Warning: Generating independent linear disjunctions
└ @ SNNT.QueryGeneration ~/Dokumente/Projects/CPS/NN-Safety-via-dL/repos/NCubeV-Reinstall/src/QueryGeneration/Iterator.jl:420
┌ Warning: Make sure you are not using this option for non-mixed constraints!
└ @ SNNT.QueryGeneration ~/Dokumente/Projects/CPS/NN-Safety-via-dL/repos/NCubeV-Reinstall/src/QueryGeneration/Iterator.jl:421
┌ Warning: Generating independent linear disjunctions
└ @ SNNT.QueryGeneration ~/Dokumente/Projects/CPS/NN-Safety-via-dL/repos/NCubeV-Reinstall/src/QueryGeneration/Iterator.jl:420
┌ Warning: Make sure you are not using this option for non-mixed constraints!
└ @ SNNT.QueryGeneration ~/Dokumente/Projects/CPS/NN-Safety-via-dL/repos/NCubeV-Reinstall/src/QueryGeneration/Iterator.jl:421
┌ Warning: Generating independent linear disjunctions
└ @ SNNT.QueryGeneration ~/Dokumente/Projects/CPS/NN-Safety-via-dL/repos/NCubeV-Reinstall/src/QueryGeneration/Iterator.jl:420
┌ Warning: Make sure you are not using this option for non-mixed constraints!
└ @ SNNT.QueryGeneration ~/Dokumente/Projects/CPS/NN-Safety-via-dL/repos/NCubeV-Reinstall/src/QueryGeneration/Iterator.jl:421
┌ Warning: Generating independent linear disjunctions
└ @ SNNT.QueryGeneration ~/Dokumente/Projects/CPS/NN-Safety-via-dL/repos/NCubeV-Reinstall/src/QueryGeneration/Iterator.jl:420
┌ Warning: Make sure you are not using this option for non-mixed constraints!
└ @ SNNT.QueryGeneration ~/Dokumente/Projects/CPS/NN-Safety-via-dL/repos/NCubeV-Reinstall/src/QueryGeneration/Iterator.jl:421
┌ Warning: Generating independent linear disjunctions
└ @ SNNT.QueryGeneration ~/Dokumente/Projects/CPS/NN-Safety-via-dL/repos/NCubeV-Reinstall/src/QueryGeneration/Iterator.jl:420
┌ Warning: Make sure you are not using this option for non-mixed constraints!
└ @ SNNT.QueryGeneration ~/Dokumente/Projects/CPS/NN-Safety-via-dL/repos/NCubeV-Reinstall/src/QueryGeneration/Iterator.jl:421
┌ Warning: Generating independent linear disjunctions
└ @ SNNT.QueryGeneration ~/Dokumente/Projects/CPS/NN-Safety-via-dL/repos/NCubeV-Reinstall/src/QueryGeneration/Iterator.jl:420
┌ Warning: Make sure you are not using this option for non-mixed constraints!
└ @ SNNT.QueryGeneration ~/Dokumente/Projects/CPS/NN-Safety-via-dL/repos/NCubeV-Reinstall/src/QueryGeneration/Iterator.jl:421
┌ Warning: Generating independent linear disjunctions
└ @ SNNT.QueryGeneration ~/Dokumente/Projects/CPS/NN-Safety-via-dL/repos/NCubeV-Reinstall/src/QueryGeneration/Iterator.jl:420
┌ Warning: Make sure you are not using this option for non-mixed constraints!
└ @ SNNT.QueryGeneration ~/Dokumente/Projects/CPS/NN-Safety-via-dL/repos/NCubeV-Reinstall/src/QueryGeneration/Iterator.jl:421
┌ Warning: Generating independent linear disjunctions
└ @ SNNT.QueryGeneration ~/Dokumente/Projects/CPS/NN-Safety-via-dL/repos/NCubeV-Reinstall/src/QueryGeneration/Iterator.jl:420
┌ Warning: Make sure you are not using this option for non-mixed constraints!
└ @ SNNT.QueryGeneration ~/Dokumente/Projects/CPS/NN-Safety-via-dL/repos/NCubeV-Reinstall/src/QueryGeneration/Iterator.jl:421
┌ Warning: Generating independent linear disjunctions
└ @ SNNT.QueryGeneration ~/Dokumente/Projects/CPS/NN-Safety-via-dL/repos/NCubeV-Reinstall/src/QueryGeneration/Iterator.jl:420
┌ Warning: Make sure you are not using this option for non-mixed constraints!
└ @ SNNT.QueryGeneration ~/Dokumente/Projects/CPS/NN-Safety-via-dL/repos/NCubeV-Reinstall/src/QueryGeneration/Iterator.jl:421
┌ Warning: Generating independent linear disjunctions
└ @ SNNT.QueryGeneration ~/Dokumente/Projects/CPS/NN-Safety-via-dL/repos/NCubeV-Reinstall/src/QueryGeneration/Iterator.jl:420
┌ Warning: Make sure you are not using this option for non-mixed constraints!
└ @ SNNT.QueryGeneration ~/Dokumente/Projects/CPS/NN-Safety-via-dL/repos/NCubeV-Reinstall/src/QueryGeneration/Iterator.jl:421
┌ Warning: Generating independent linear disjunctions
└ @ SNNT.QueryGeneration ~/Dokumente/Projects/CPS/NN-Safety-via-dL/repos/NCubeV-Reinstall/src/QueryGeneration/Iterator.jl:420
┌ Warning: Make sure you are not using this option for non-mixed constraints!
└ @ SNNT.QueryGeneration ~/Dokumente/Projects/CPS/NN-Safety-via-dL/repos/NCubeV-Reinstall/src/QueryGeneration/Iterator.jl:421
┌ Warning: Generating independent linear disjunctions
└ @ SNNT.QueryGeneration ~/Dokumente/Projects/CPS/NN-Safety-via-dL/repos/NCubeV-Reinstall/src/QueryGeneration/Iterator.jl:420
┌ Warning: Make sure you are not using this option for non-mixed constraints!
└ @ SNNT.QueryGeneration ~/Dokumente/Projects/CPS/NN-Safety-via-dL/repos/NCubeV-Reinstall/src/QueryGeneration/Iterator.jl:421
┌ Warning: Generating independent linear disjunctions
└ @ SNNT.QueryGeneration ~/Dokumente/Projects/CPS/NN-Safety-via-dL/repos/NCubeV-Reinstall/src/QueryGeneration/Iterator.jl:420
┌ Warning: Make sure you are not using this option for non-mixed constraints!
└ @ SNNT.QueryGeneration ~/Dokumente/Projects/CPS/NN-Safety-via-dL/repos/NCubeV-Reinstall/src/QueryGeneration/Iterator.jl:421
┌ Warning: Generating independent linear disjunctions
└ @ SNNT.QueryGeneration ~/Dokumente/Projects/CPS/NN-Safety-via-dL/repos/NCubeV-Reinstall/src/QueryGeneration/Iterator.jl:420
┌ Warning: Make sure you are not using this option for non-mixed constraints!
└ @ SNNT.QueryGeneration ~/Dokumente/Projects/CPS/NN-Safety-via-dL/repos/NCubeV-Reinstall/src/QueryGeneration/Iterator.jl:421
┌ Warning: Generating independent linear disjunctions
└ @ SNNT.QueryGeneration ~/Dokumente/Projects/CPS/NN-Safety-via-dL/repos/NCubeV-Reinstall/src/QueryGeneration/Iterator.jl:420
┌ Warning: Make sure you are not using this option for non-mixed constraints!
└ @ SNNT.QueryGeneration ~/Dokumente/Projects/CPS/NN-Safety-via-dL/repos/NCubeV-Reinstall/src/QueryGeneration/Iterator.jl:421
┌ Warning: Generating independent linear disjunctions
└ @ SNNT.QueryGeneration ~/Dokumente/Projects/CPS/NN-Safety-via-dL/repos/NCubeV-Reinstall/src/QueryGeneration/Iterator.jl:420
┌ Warning: Make sure you are not using this option for non-mixed constraints!
└ @ SNNT.QueryGeneration ~/Dokumente/Projects/CPS/NN-Safety-via-dL/repos/NCubeV-Reinstall/src/QueryGeneration/Iterator.jl:421
┌ Warning: Generating independent linear disjunctions
└ @ SNNT.QueryGeneration ~/Dokumente/Projects/CPS/NN-Safety-via-dL/repos/NCubeV-Reinstall/src/QueryGeneration/Iterator.jl:420
┌ Warning: Make sure you are not using this option for non-mixed constraints!
└ @ SNNT.QueryGeneration ~/Dokumente/Projects/CPS/NN-Safety-via-dL/repos/NCubeV-Reinstall/src/QueryGeneration/Iterator.jl:421
┌ Warning: Generating independent linear disjunctions
└ @ SNNT.QueryGeneration ~/Dokumente/Projects/CPS/NN-Safety-via-dL/repos/NCubeV-Reinstall/src/QueryGeneration/Iterator.jl:420
┌ Warning: Make sure you are not using this option for non-mixed constraints!
└ @ SNNT.QueryGeneration ~/Dokumente/Projects/CPS/NN-Safety-via-dL/repos/NCubeV-Reinstall/src/QueryGeneration/Iterator.jl:421
┌ Warning: Generating independent linear disjunctions
└ @ SNNT.QueryGeneration ~/Dokumente/Projects/CPS/NN-Safety-via-dL/repos/NCubeV-Reinstall/src/QueryGeneration/Iterator.jl:420
┌ Warning: Make sure you are not using this option for non-mixed constraints!
└ @ SNNT.QueryGeneration ~/Dokumente/Projects/CPS/NN-Safety-via-dL/repos/NCubeV-Reinstall/src/QueryGeneration/Iterator.jl:421
┌ Warning: Generating independent linear disjunctions
└ @ SNNT.QueryGeneration ~/Dokumente/Projects/CPS/NN-Safety-via-dL/repos/NCubeV-Reinstall/src/QueryGeneration/Iterator.jl:420
┌ Warning: Make sure you are not using this option for non-mixed constraints!
└ @ SNNT.QueryGeneration ~/Dokumente/Projects/CPS/NN-Safety-via-dL/repos/NCubeV-Reinstall/src/QueryGeneration/Iterator.jl:421
┌ Warning: Generating independent linear disjunctions
└ @ SNNT.QueryGeneration ~/Dokumente/Projects/CPS/NN-Safety-via-dL/repos/NCubeV-Reinstall/src/QueryGeneration/Iterator.jl:420
┌ Warning: Make sure you are not using this option for non-mixed constraints!
└ @ SNNT.QueryGeneration ~/Dokumente/Projects/CPS/NN-Safety-via-dL/repos/NCubeV-Reinstall/src/QueryGeneration/Iterator.jl:421
┌ Warning: Generating independent linear disjunctions
└ @ SNNT.QueryGeneration ~/Dokumente/Projects/CPS/NN-Safety-via-dL/repos/NCubeV-Reinstall/src/QueryGeneration/Iterator.jl:420
┌ Warning: Make sure you are not using this option for non-mixed constraints!
└ @ SNNT.QueryGeneration ~/Dokumente/Projects/CPS/NN-Safety-via-dL/repos/NCubeV-Reinstall/src/QueryGeneration/Iterator.jl:421
┌ Warning: Generating independent linear disjunctions
└ @ SNNT.QueryGeneration ~/Dokumente/Projects/CPS/NN-Safety-via-dL/repos/NCubeV-Reinstall/src/QueryGeneration/Iterator.jl:420
┌ Warning: Make sure you are not using this option for non-mixed constraints!
└ @ SNNT.QueryGeneration ~/Dokumente/Projects/CPS/NN-Safety-via-dL/repos/NCubeV-Reinstall/src/QueryGeneration/Iterator.jl:421
┌ Warning: Generating independent linear disjunctions
└ @ SNNT.QueryGeneration ~/Dokumente/Projects/CPS/NN-Safety-via-dL/repos/NCubeV-Reinstall/src/QueryGeneration/Iterator.jl:420
┌ Warning: Make sure you are not using this option for non-mixed constraints!
└ @ SNNT.QueryGeneration ~/Dokumente/Projects/CPS/NN-Safety-via-dL/repos/NCubeV-Reinstall/src/QueryGeneration/Iterator.jl:421
┌ Warning: Generating independent linear disjunctions
└ @ SNNT.QueryGeneration ~/Dokumente/Projects/CPS/NN-Safety-via-dL/repos/NCubeV-Reinstall/src/QueryGeneration/Iterator.jl:420
┌ Warning: Make sure you are not using this option for non-mixed constraints!
└ @ SNNT.QueryGeneration ~/Dokumente/Projects/CPS/NN-Safety-via-dL/repos/NCubeV-Reinstall/src/QueryGeneration/Iterator.jl:421
┌ Warning: Generating independent linear disjunctions
└ @ SNNT.QueryGeneration ~/Dokumente/Projects/CPS/NN-Safety-via-dL/repos/NCubeV-Reinstall/src/QueryGeneration/Iterator.jl:420
┌ Warning: Make sure you are not using this option for non-mixed constraints!
└ @ SNNT.QueryGeneration ~/Dokumente/Projects/CPS/NN-Safety-via-dL/repos/NCubeV-Reinstall/src/QueryGeneration/Iterator.jl:421
┌ Warning: Generating independent linear disjunctions
└ @ SNNT.QueryGeneration ~/Dokumente/Projects/CPS/NN-Safety-via-dL/repos/NCubeV-Reinstall/src/QueryGeneration/Iterator.jl:420
┌ Warning: Make sure you are not using this option for non-mixed constraints!
└ @ SNNT.QueryGeneration ~/Dokumente/Projects/CPS/NN-Safety-via-dL/repos/NCubeV-Reinstall/src/QueryGeneration/Iterator.jl:421
┌ Warning: Generating independent linear disjunctions
└ @ SNNT.QueryGeneration ~/Dokumente/Projects/CPS/NN-Safety-via-dL/repos/NCubeV-Reinstall/src/QueryGeneration/Iterator.jl:420
┌ Warning: Make sure you are not using this option for non-mixed constraints!
└ @ SNNT.QueryGeneration ~/Dokumente/Projects/CPS/NN-Safety-via-dL/repos/NCubeV-Reinstall/src/QueryGeneration/Iterator.jl:421
┌ Warning: Generating independent linear disjunctions
└ @ SNNT.QueryGeneration ~/Dokumente/Projects/CPS/NN-Safety-via-dL/repos/NCubeV-Reinstall/src/QueryGeneration/Iterator.jl:420
┌ Warning: Make sure you are not using this option for non-mixed constraints!
└ @ SNNT.QueryGeneration ~/Dokumente/Projects/CPS/NN-Safety-via-dL/repos/NCubeV-Reinstall/src/QueryGeneration/Iterator.jl:421
┌ Warning: Generating independent linear disjunctions
└ @ SNNT.QueryGeneration ~/Dokumente/Projects/CPS/NN-Safety-via-dL/repos/NCubeV-Reinstall/src/QueryGeneration/Iterator.jl:420
┌ Warning: Make sure you are not using this option for non-mixed constraints!
└ @ SNNT.QueryGeneration ~/Dokumente/Projects/CPS/NN-Safety-via-dL/repos/NCubeV-Reinstall/src/QueryGeneration/Iterator.jl:421
┌ Warning: Generating independent linear disjunctions
└ @ SNNT.QueryGeneration ~/Dokumente/Projects/CPS/NN-Safety-via-dL/repos/NCubeV-Reinstall/src/QueryGeneration/Iterator.jl:420
┌ Warning: Make sure you are not using this option for non-mixed constraints!
└ @ SNNT.QueryGeneration ~/Dokumente/Projects/CPS/NN-Safety-via-dL/repos/NCubeV-Reinstall/src/QueryGeneration/Iterator.jl:421
┌ Warning: Generating independent linear disjunctions
└ @ SNNT.QueryGeneration ~/Dokumente/Projects/CPS/NN-Safety-via-dL/repos/NCubeV-Reinstall/src/QueryGeneration/Iterator.jl:420
┌ Warning: Make sure you are not using this option for non-mixed constraints!
└ @ SNNT.QueryGeneration ~/Dokumente/Projects/CPS/NN-Safety-via-dL/repos/NCubeV-Reinstall/src/QueryGeneration/Iterator.jl:421
┌ Warning: Generating independent linear disjunctions
└ @ SNNT.QueryGeneration ~/Dokumente/Projects/CPS/NN-Safety-via-dL/repos/NCubeV-Reinstall/src/QueryGeneration/Iterator.jl:420
┌ Warning: Make sure you are not using this option for non-mixed constraints!
└ @ SNNT.QueryGeneration ~/Dokumente/Projects/CPS/NN-Safety-via-dL/repos/NCubeV-Reinstall/src/QueryGeneration/Iterator.jl:421
┌ Warning: Generating independent linear disjunctions
└ @ SNNT.QueryGeneration ~/Dokumente/Projects/CPS/NN-Safety-via-dL/repos/NCubeV-Reinstall/src/QueryGeneration/Iterator.jl:420
┌ Warning: Make sure you are not using this option for non-mixed constraints!
└ @ SNNT.QueryGeneration ~/Dokumente/Projects/CPS/NN-Safety-via-dL/repos/NCubeV-Reinstall/src/QueryGeneration/Iterator.jl:421
┌ Warning: Generating independent linear disjunctions
└ @ SNNT.QueryGeneration ~/Dokumente/Projects/CPS/NN-Safety-via-dL/repos/NCubeV-Reinstall/src/QueryGeneration/Iterator.jl:420
┌ Warning: Make sure you are not using this option for non-mixed constraints!
└ @ SNNT.QueryGeneration ~/Dokumente/Projects/CPS/NN-Safety-via-dL/repos/NCubeV-Reinstall/src/QueryGeneration/Iterator.jl:421
┌ Warning: Generating independent linear disjunctions
└ @ SNNT.QueryGeneration ~/Dokumente/Projects/CPS/NN-Safety-via-dL/repos/NCubeV-Reinstall/src/QueryGeneration/Iterator.jl:420
┌ Warning: Make sure you are not using this option for non-mixed constraints!
└ @ SNNT.QueryGeneration ~/Dokumente/Projects/CPS/NN-Safety-via-dL/repos/NCubeV-Reinstall/src/QueryGeneration/Iterator.jl:421
┌ Warning: Generating independent linear disjunctions
└ @ SNNT.QueryGeneration ~/Dokumente/Projects/CPS/NN-Safety-via-dL/repos/NCubeV-Reinstall/src/QueryGeneration/Iterator.jl:420
┌ Warning: Make sure you are not using this option for non-mixed constraints!
└ @ SNNT.QueryGeneration ~/Dokumente/Projects/CPS/NN-Safety-via-dL/repos/NCubeV-Reinstall/src/QueryGeneration/Iterator.jl:421
┌ Warning: Generating independent linear disjunctions
└ @ SNNT.QueryGeneration ~/Dokumente/Projects/CPS/NN-Safety-via-dL/repos/NCubeV-Reinstall/src/QueryGeneration/Iterator.jl:420
┌ Warning: Make sure you are not using this option for non-mixed constraints!
└ @ SNNT.QueryGeneration ~/Dokumente/Projects/CPS/NN-Safety-via-dL/repos/NCubeV-Reinstall/src/QueryGeneration/Iterator.jl:421
┌ Warning: Generating independent linear disjunctions
└ @ SNNT.QueryGeneration ~/Dokumente/Projects/CPS/NN-Safety-via-dL/repos/NCubeV-Reinstall/src/QueryGeneration/Iterator.jl:420
┌ Warning: Make sure you are not using this option for non-mixed constraints!
└ @ SNNT.QueryGeneration ~/Dokumente/Projects/CPS/NN-Safety-via-dL/repos/NCubeV-Reinstall/src/QueryGeneration/Iterator.jl:421
┌ Warning: Generating independent linear disjunctions
└ @ SNNT.QueryGeneration ~/Dokumente/Projects/CPS/NN-Safety-via-dL/repos/NCubeV-Reinstall/src/QueryGeneration/Iterator.jl:420
┌ Warning: Make sure you are not using this option for non-mixed constraints!
└ @ SNNT.QueryGeneration ~/Dokumente/Projects/CPS/NN-Safety-via-dL/repos/NCubeV-Reinstall/src/QueryGeneration/Iterator.jl:421
┌ Warning: Generating independent linear disjunctions
└ @ SNNT.QueryGeneration ~/Dokumente/Projects/CPS/NN-Safety-via-dL/repos/NCubeV-Reinstall/src/QueryGeneration/Iterator.jl:420
┌ Warning: Make sure you are not using this option for non-mixed constraints!
└ @ SNNT.QueryGeneration ~/Dokumente/Projects/CPS/NN-Safety-via-dL/repos/NCubeV-Reinstall/src/QueryGeneration/Iterator.jl:421
┌ Warning: Generating independent linear disjunctions
└ @ SNNT.QueryGeneration ~/Dokumente/Projects/CPS/NN-Safety-via-dL/repos/NCubeV-Reinstall/src/QueryGeneration/Iterator.jl:420
┌ Warning: Make sure you are not using this option for non-mixed constraints!
└ @ SNNT.QueryGeneration ~/Dokumente/Projects/CPS/NN-Safety-via-dL/repos/NCubeV-Reinstall/src/QueryGeneration/Iterator.jl:421
┌ Warning: Generating independent linear disjunctions
└ @ SNNT.QueryGeneration ~/Dokumente/Projects/CPS/NN-Safety-via-dL/repos/NCubeV-Reinstall/src/QueryGeneration/Iterator.jl:420
┌ Warning: Make sure you are not using this option for non-mixed constraints!
└ @ SNNT.QueryGeneration ~/Dokumente/Projects/CPS/NN-Safety-via-dL/repos/NCubeV-Reinstall/src/QueryGeneration/Iterator.jl:421
┌ Warning: Generating independent linear disjunctions
└ @ SNNT.QueryGeneration ~/Dokumente/Projects/CPS/NN-Safety-via-dL/repos/NCubeV-Reinstall/src/QueryGeneration/Iterator.jl:420
┌ Warning: Make sure you are not using this option for non-mixed constraints!
└ @ SNNT.QueryGeneration ~/Dokumente/Projects/CPS/NN-Safety-via-dL/repos/NCubeV-Reinstall/src/QueryGeneration/Iterator.jl:421
┌ Warning: Generating independent linear disjunctions
└ @ SNNT.QueryGeneration ~/Dokumente/Projects/CPS/NN-Safety-via-dL/repos/NCubeV-Reinstall/src/QueryGeneration/Iterator.jl:420
┌ Warning: Make sure you are not using this option for non-mixed constraints!
└ @ SNNT.QueryGeneration ~/Dokumente/Projects/CPS/NN-Safety-via-dL/repos/NCubeV-Reinstall/src/QueryGeneration/Iterator.jl:421
┌ Warning: Generating independent linear disjunctions
└ @ SNNT.QueryGeneration ~/Dokumente/Projects/CPS/NN-Safety-via-dL/repos/NCubeV-Reinstall/src/QueryGeneration/Iterator.jl:420
┌ Warning: Make sure you are not using this option for non-mixed constraints!
└ @ SNNT.QueryGeneration ~/Dokumente/Projects/CPS/NN-Safety-via-dL/repos/NCubeV-Reinstall/src/QueryGeneration/Iterator.jl:421
[QUERY] Looking for nonlinear input combinations...
[QUERY] Found all non-linear combinations. Count: 1
[QUERY] Returning nonlinear disjunction
[CTRL] Considering conjunction with 39 input constraints and a disjunction of size 6
[APPROX] Checking cache: SNNT.Approx.ApproxCacheObject[]
[APPROX] Constructing Approximation
[APPROX] Resolving approximation
[CTRL] Initiating iterator over current linear queries
[APPROX] # Conjunctions over output: 6
[CTRL] Processing linear query no. 166
[NNENUM] Running nnenum now...
[NNENUM] lb: [-0.4999999701976776, -0.4999999701976776, 5.000000171712609e-6, -0.3499999940395355, -0.1, -0.1, -0.1, -0.1, -0.1, -0.1, -0.1, -0.1, -0.1]
[NNENUM] ub: [-0.00625, -0.33623147889292704, 5.000000171712609e-6, -0.21079675705898798, 0.09999999999999999, 0.09999999999999999, 0.09999999999999999, 0.09999999999999999, 0.09999999999999999, 0.09999999999999999, 0.09999999999999999, 0.09999999999999999, 0.09999999999999999]
[NNENUM] Creating LP Star...
[NNENUM] Checking feasibility
[NNENUM] Generating output Spec...
[NNENUM] Spec list length:  6
[NNENUM] Enumeration in progress... 
(0.1 sec) Q: 0, Sets: 0/1  (0.0%) CEs: 0 ETA: - (expected 1 stars)   
(0.2 sec) Q: 0, Sets: 0/10  (0.0%) CEs: 0 ETA: - (expected 1 stars)   
(0.3 sec) Q: 0, Sets: 7/12  (3.125%) CEs: 0 ETA: 10.8 sec (expected 224 stars)   (0.5 sec) Q: 0, Sets: 9/12  (12.5%) CEs: 0 ETA: 3.2 sec (expected 72 stars)   
(0.6 sec) Q: 0, Sets: 14/17  (37.5%) CEs: 0 ETA: 0.9 sec (expected 37 stars)   (0.7 sec) Q: 0, Sets: 19/21  (43.75%) CEs: 0 ETA: 0.9 sec (expected 43 stars)   (0.8 sec) Q: 0, Sets: 20/22  (50.0%) CEs: 0 ETA: 0.8 sec (expected 40 stars)   (0.9 sec) Q: 0, Sets: 25/27  (75.0%) CEs: 0 ETA: 0.3 sec (expected 33 stars)   

Total Stars: 29 (0 exact, 29 approx)
Unfinished Stars: 0
Runtime: 1.0 sec
Completed work frac: 1.0
Num Stars Copied Between Processes: 0
Num Lps During Enumeration: 0
Total Num Lps: 0

Result: network is SAFE

[NNENUM] Result: 
<nnenum.result.Result object at 0x747e3a5977c0>
[NNENUM] Enumeration finished.
safe
[NNENUM] Found counter-example stars: 0
[NNENUM] Filtering result using SMT solver...
[SMT] SMT filtered out 0 stars (out of 0; TO: 0).
[QUERY] Looking for nonlinear input combinations...
[QUERY] Found all non-linear combinations. Count: 1
[QUERY] Returning nonlinear disjunction
[CTRL] Considering conjunction with 39 input constraints and a disjunction of size 6
[APPROX] Checking cache: SNNT.Approx.ApproxCacheObject[]
[APPROX] Constructing Approximation
[APPROX] Resolving approximation
[CTRL] Initiating iterator over current linear queries
[APPROX] # Conjunctions over output: 6
[CTRL] Processing linear query no. 167
[NNENUM] Running nnenum now...
[NNENUM] lb: [-0.4999999701976776, -0.4999999701976776, 5.000000171712609e-6, -0.3499999940395355, -0.1, -0.1, -0.1, -0.1, -0.1, -0.1, -0.1, -0.1, -0.1]
[NNENUM] ub: [-0.00625, -0.33623147889292704, 5.000000171712609e-6, -0.21079675705898798, 0.09999999999999999, 0.09999999999999999, 0.09999999999999999, 0.09999999999999999, 0.09999999999999999, 0.09999999999999999, 0.09999999999999999, 0.09999999999999999, 0.09999999999999999]
[NNENUM] Creating LP Star...
[NNENUM] Checking feasibility
[NNENUM] Generating output Spec...
[NNENUM] Spec list length:  6
[NNENUM] Enumeration in progress... 
(0.1 sec) Q: 0, Sets: 0/1  (0.0%) CEs: 0 ETA: - (expected 1 stars)   
(0.2 sec) Q: 0, Sets: 0/7  (0.0%) CEs: 0 ETA: - (expected 1 stars)   
(0.3 sec) Q: 0, Sets: 7/12  (7.812%) CEs: 0 ETA: 4.0 sec (expected 90 stars)   (0.4 sec) Q: 0, Sets: 9/13  (12.5%) CEs: 0 ETA: 3.1 sec (expected 72 stars)   
(0.5 sec) Q: 0, Sets: 16/19  (18.75%) CEs: 0 ETA: 2.3 sec (expected 85 stars)   
Total Stars: 25 (2 exact, 23 approx)
Unfinished Stars: 0
Runtime: 0.6 sec
Completed work frac: 1.0
Num Stars Copied Between Processes: 0
Num Lps During Enumeration: 65
Total Num Lps: 65

Result: network is SAFE

[NNENUM] Result: 
<nnenum.result.Result object at 0x747e3a59f910>
[NNENUM] Enumeration finished.
safe
[NNENUM] Found counter-example stars: 0
[NNENUM] Filtering result using SMT solver...
[SMT] SMT filtered out 0 stars (out of 0; TO: 0).
[QUERY] Looking for nonlinear input combinations...
.[QUERY] Found all non-linear combinations. Count: 1
[QUERY] Returning nonlinear disjunction
[CTRL] Considering conjunction with 39 input constraints and a disjunction of size 6
[APPROX] Checking cache: SNNT.Approx.ApproxCacheObject[]
[APPROX] Constructing Approximation
[APPROX] Resolving approximation
[CTRL] Initiating iterator over current linear queries
[APPROX] # Conjunctions over output: 6
[CTRL] Processing linear query no. 168
[NNENUM] Running nnenum now...
[NNENUM] lb: [-0.4999999701976776, -0.4999999701976776, 5.000000171712609e-6, -0.3499999940395355, -0.1, -0.1, -0.1, -0.1, -0.1, -0.1, -0.1, -0.1, -0.1]
[NNENUM] ub: [-0.00625, -0.33623147889292704, 5.000000171712609e-6, -0.21079675705898798, 0.09999999999999999, 0.09999999999999999, 0.09999999999999999, 0.09999999999999999, 0.09999999999999999, 0.09999999999999999, 0.09999999999999999, 0.09999999999999999, 0.09999999999999999]
[NNENUM] Creating LP Star...
[NNENUM] Checking feasibility
[NNENUM] Generating output Spec...
[NNENUM] Spec list length:  6
[NNENUM] Enumeration in progress... 
(0.1 sec) Q: 0, Sets: 0/1  (0.0%) CEs: 0 ETA: - (expected 1 stars)   
(0.2 sec) Q: 0, Sets: 2/6  (6.25%) CEs: 0 ETA: 3.2 sec (expected 32 stars)   
(0.3 sec) Q: 0, Sets: 13/13  (100.0%) CEs: 0 ETA: 0.0 sec (expected 13 stars)   
Total Stars: 13 (3 exact, 10 approx)
Unfinished Stars: 0
Runtime: 0.3 sec
Completed work frac: 1.0
Num Stars Copied Between Processes: 0
Num Lps During Enumeration: 91
Total Num Lps: 91

Result: network is SAFE

[NNENUM] Result: 
<nnenum.result.Result object at 0x747e3a5a4880>
[NNENUM] Enumeration finished.
safe
[NNENUM] Found counter-example stars: 0
[NNENUM] Filtering result using SMT solver...
[SMT] SMT filtered out 0 stars (out of 0; TO: 0).
[QUERY] Looking for nonlinear input combinations...
[QUERY] Found all non-linear combinations. Count: 1
[QUERY] Returning nonlinear disjunction
[CTRL] Considering conjunction with 39 input constraints and a disjunction of size 6
[APPROX] Checking cache: SNNT.Approx.ApproxCacheObject[]
[APPROX] Constructing Approximation
[APPROX] Resolving approximation
[CTRL] Initiating iterator over current linear queries
[APPROX] # Conjunctions over output: 6
[CTRL] Processing linear query no. 169
[NNENUM] Running nnenum now...
[NNENUM] lb: [-0.4999999701976776, -0.4999999701976776, 5.000000171712609e-6, -0.3499999940395355, -0.1, -0.1, -0.1, -0.1, -0.1, -0.1, -0.1, -0.1, -0.1]
[NNENUM] ub: [-0.00625, -0.33623147889292704, 5.000000171712609e-6, -0.21079675705898798, 0.09999999999999999, 0.09999999999999999, 0.09999999999999999, 0.09999999999999999, 0.09999999999999999, 0.09999999999999999, 0.09999999999999999, 0.09999999999999999, 0.09999999999999999]
[NNENUM] Creating LP Star...
[NNENUM] Checking feasibility
[NNENUM] Generating output Spec...
[NNENUM] Spec list length:  6
[NNENUM] Enumeration in progress... 
(0.1 sec) Q: 0, Sets: 0/1  (0.0%) CEs: 0 ETA: - (expected 1 stars)   
(0.2 sec) Q: 0, Sets: 5/9  (29.688%) CEs: 0 ETA: 0.5 sec (expected 17 stars)   
(0.3 sec) Q: 0, Sets: 13/16  (67.188%) CEs: 0 ETA: 0.2 sec (expected 19 stars)   
Total Stars: 17 (2 exact, 15 approx)
Unfinished Stars: 0
Runtime: 0.4 sec
Completed work frac: 1.0
Num Stars Copied Between Processes: 0
Num Lps During Enumeration: 43
Total Num Lps: 43

Result: network is SAFE

[NNENUM] Result: 
<nnenum.result.Result object at 0x747e3a5a6490>
[NNENUM] Enumeration finished.
safe
[NNENUM] Found counter-example stars: 0
[NNENUM] Filtering result using SMT solver...
[SMT] SMT filtered out 0 stars (out of 0; TO: 0).
[QUERY] Looking for nonlinear input combinations...
[QUERY] Found all non-linear combinations. Count: 1
[QUERY] Returning nonlinear disjunction
[CTRL] Considering conjunction with 39 input constraints and a disjunction of size 6
[APPROX] Checking cache: SNNT.Approx.ApproxCacheObject[]
[APPROX] Constructing Approximation
[APPROX] Resolving approximation
[CTRL] Initiating iterator over current linear queries
[APPROX] # Conjunctions over output: 6
[CTRL] Processing linear query no. 170
[NNENUM] Running nnenum now...
[NNENUM] lb: [-0.4999999701976776, -0.4999999701976776, 5.000000171712609e-6, -0.3499999940395355, -0.1, -0.1, -0.1, -0.1, -0.1, -0.1, -0.1, -0.1, -0.1]
[NNENUM] ub: [-0.00625, -0.33623147889292704, 5.000000171712609e-6, -0.21079675705898798, 0.09999999999999999, 0.09999999999999999, 0.09999999999999999, 0.09999999999999999, 0.09999999999999999, 0.09999999999999999, 0.09999999999999999, 0.09999999999999999, 0.09999999999999999]
[NNENUM] Creating LP Star...
[NNENUM] Checking feasibility
[NNENUM] Generating output Spec...
[NNENUM] Spec list length:  6
[NNENUM] Enumeration in progress... 
(0.1 sec) Q: 0, Sets: 0/1  (0.0%) CEs: 0 ETA: - (expected 1 stars)   
(0.2 sec) Q: 0, Sets: 2/9  (6.641%) CEs: 0 ETA: 2.3 sec (expected 30 stars)   
(0.3 sec) Q: 0, Sets: 11/15  (18.75%) CEs: 0 ETA: 1.2 sec (expected 59 stars)   (0.4 sec) Q: 0, Sets: 20/26  (19.727%) CEs: 0 ETA: 1.6 sec (expected 101 stars)   
(0.5 sec) Q: 0, Sets: 25/27  (50.0%) CEs: 0 ETA: 0.5 sec (expected 50 stars)   
Total Stars: 28 (3 exact, 25 approx)
Unfinished Stars: 0
Runtime: 0.5 sec
Completed work frac: 1.0
Num Stars Copied Between Processes: 0
Num Lps During Enumeration: 59
Total Num Lps: 59

Result: network is SAFE

[NNENUM] Result: 
<nnenum.result.Result object at 0x747e3a5b0b50>
[NNENUM] Enumeration finished.
safe
[NNENUM] Found counter-example stars: 0
[NNENUM] Filtering result using SMT solver...
[SMT] SMT filtered out 0 stars (out of 0; TO: 0).
[QUERY] Looking for nonlinear input combinations...
[QUERY] Found all non-linear combinations. Count: 1
[QUERY] Returning nonlinear disjunction
[CTRL] Considering conjunction with 39 input constraints and a disjunction of size 6
[APPROX] Checking cache: SNNT.Approx.ApproxCacheObject[]
[APPROX] Constructing Approximation
[APPROX] Resolving approximation
[CTRL] Initiating iterator over current linear queries
[APPROX] # Conjunctions over output: 6
[CTRL] Processing linear query no. 171
[NNENUM] Running nnenum now...
[NNENUM] lb: [-0.4999999701976776, -0.4999999701976776, 5.000000171712609e-6, -0.3499999940395355, -0.1, -0.1, -0.1, -0.1, -0.1, -0.1, -0.1, -0.1, -0.1]
[NNENUM] ub: [-0.00625, -0.33623147889292704, 5.000000171712609e-6, -0.21079675705898798, 0.09999999999999999, 0.09999999999999999, 0.09999999999999999, 0.09999999999999999, 0.09999999999999999, 0.09999999999999999, 0.09999999999999999, 0.09999999999999999, 0.09999999999999999]
[NNENUM] Creating LP Star...
[NNENUM] Checking feasibility
[NNENUM] Generating output Spec...
[NNENUM] Spec list length:  6
[NNENUM] Enumeration in progress... 
(0.0 sec) Q: 0, Sets: 0/1  (0.0%) CEs: 0 ETA: - (expected 1 stars)   

Total Stars: 1 (0 exact, 1 approx)
Unfinished Stars: 0
Runtime: 0.0 sec
Completed work frac: 1.0
Num Stars Copied Between Processes: 0
Num Lps During Enumeration: 0
Total Num Lps: 0

Result: network is SAFE

[NNENUM] Result: 
<nnenum.result.Result object at 0x747e3a5810d0>
[NNENUM] Enumeration finished.
safe
[NNENUM] Found counter-example stars: 0
[NNENUM] Filtering result using SMT solver...
[SMT] SMT filtered out 0 stars (out of 0; TO: 0).
[QUERY] Looking for nonlinear input combinations...
[QUERY] Found all non-linear combinations. Count: 1
[QUERY] Returning nonlinear disjunction
[CTRL] Considering conjunction with 39 input constraints and a disjunction of size 6
[APPROX] Checking cache: SNNT.Approx.ApproxCacheObject[]
[APPROX] Constructing Approximation
[APPROX] Resolving approximation
[CTRL] Initiating iterator over current linear queries
[APPROX] # Conjunctions over output: 6
[CTRL] Processing linear query no. 172
[NNENUM] Running nnenum now...
[NNENUM] lb: [-0.4999999701976776, -0.4999999701976776, 5.000000171712609e-6, -0.3499999940395355, -0.1, -0.1, -0.1, -0.1, -0.1, -0.1, -0.1, -0.1, -0.1]
[NNENUM] ub: [-0.00625, -0.33623147889292704, 5.000000171712609e-6, -0.21079675705898798, 0.09999999999999999, 0.09999999999999999, 0.09999999999999999, 0.09999999999999999, 0.09999999999999999, 0.09999999999999999, 0.09999999999999999, 0.09999999999999999, 0.09999999999999999]
[NNENUM] Creating LP Star...
[NNENUM] Checking feasibility
[NNENUM] Generating output Spec...
[NNENUM] Spec list length:  6
[NNENUM] Enumeration in progress... 
(0.1 sec) Q: 0, Sets: 0/1  (0.0%) CEs: 0 ETA: - (expected 1 stars)   
(0.2 sec) Q: 0, Sets: 0/2  (0.0%) CEs: 0 ETA: - (expected 1 stars)   
(0.3 sec) Q: 0, Sets: 3/6  (31.25%) CEs: 0 ETA: 0.7 sec (expected 10 stars)   
Total Stars: 9 (0 exact, 9 approx)
Unfinished Stars: 0
Runtime: 0.3 sec
Completed work frac: 1.0
Num Stars Copied Between Processes: 0
Num Lps During Enumeration: 0
Total Num Lps: 0

Result: network is SAFE

[NNENUM] Result: 
<nnenum.result.Result object at 0x747e3a5a6c40>
[NNENUM] Enumeration finished.
safe
[NNENUM] Found counter-example stars: 0
[NNENUM] Filtering result using SMT solver...
[SMT] SMT filtered out 0 stars (out of 0; TO: 0).
[QUERY] Looking for nonlinear input combinations...
.[QUERY] Found all non-linear combinations. Count: 1
[QUERY] Returning nonlinear disjunction
[CTRL] Considering conjunction with 39 input constraints and a disjunction of size 5
[APPROX] Checking cache: SNNT.Approx.ApproxCacheObject[]
[APPROX] Constructing Approximation
[APPROX] Resolving approximation
[CTRL] Initiating iterator over current linear queries
[APPROX] # Conjunctions over output: 5
[CTRL] Processing linear query no. 173
[NNENUM] Running nnenum now...
[NNENUM] lb: [-0.4999999701976776, -0.4999999701976776, 5.000000171712609e-6, 0.075, -0.1, -0.1, -0.1, -0.1, -0.1, -0.1, -0.1, -0.1, -0.1]
[NNENUM] ub: [-0.00625, -0.33623147889292704, 5.000000171712609e-6, 0.5, 0.09999999999999999, 0.09999999999999999, 0.09999999999999999, 0.09999999999999999, 0.09999999999999999, 0.09999999999999999, 0.09999999999999999, 0.09999999999999999, 0.09999999999999999]
[NNENUM] Creating LP Star...
[NNENUM] Checking feasibility
[NNENUM] Generating output Spec...
[NNENUM] Spec list length:  5
[NNENUM] Enumeration in progress... 
(0.1 sec) Q: 0, Sets: 0/1  (0.0%) CEs: 0 ETA: - (expected 1 stars)   

Total Stars: 4 (0 exact, 4 approx)
Unfinished Stars: 0
Runtime: 0.1 sec
Completed work frac: 1.0
Num Stars Copied Between Processes: 0
Num Lps During Enumeration: 0
Total Num Lps: 0

Result: network is SAFE

[NNENUM] Result: 
<nnenum.result.Result object at 0x747e3a59ba30>
[NNENUM] Enumeration finished.
safe
[NNENUM] Found counter-example stars: 0
[NNENUM] Filtering result using SMT solver...
[SMT] SMT filtered out 0 stars (out of 0; TO: 0).
[QUERY] Looking for nonlinear input combinations...
[QUERY] Found all non-linear combinations. Count: 1
[QUERY] Returning nonlinear disjunction
[CTRL] Considering conjunction with 39 input constraints and a disjunction of size 5
[APPROX] Checking cache: SNNT.Approx.ApproxCacheObject[]
[APPROX] Constructing Approximation
[APPROX] Resolving approximation
[CTRL] Initiating iterator over current linear queries
[APPROX] # Conjunctions over output: 5
[CTRL] Processing linear query no. 174
[NNENUM] Running nnenum now...
[NNENUM] lb: [-0.4999999701976776, -0.4999999701976776, 5.000000171712609e-6, 0.075, -0.1, -0.1, -0.1, -0.1, -0.1, -0.1, -0.1, -0.1, -0.1]
[NNENUM] ub: [-0.00625, -0.33623147889292704, 5.000000171712609e-6, 0.5, 0.09999999999999999, 0.09999999999999999, 0.09999999999999999, 0.09999999999999999, 0.09999999999999999, 0.09999999999999999, 0.09999999999999999, 0.09999999999999999, 0.09999999999999999]
[NNENUM] Creating LP Star...
[NNENUM] Checking feasibility
[NNENUM] Generating output Spec...
[NNENUM] Spec list length:  5
[NNENUM] Enumeration in progress... 
(0.1 sec) Q: 0, Sets: 0/1  (0.0%) CEs: 0 ETA: - (expected 1 stars)   
(0.2 sec) Q: 0, Sets: 0/2  (0.0%) CEs: 0 ETA: - (expected 1 stars)   

Total Stars: 2 (0 exact, 2 approx)
Unfinished Stars: 0
Runtime: 0.2 sec
Completed work frac: 1.0
Num Stars Copied Between Processes: 0
Num Lps During Enumeration: 0
Total Num Lps: 0

Result: network is SAFE

[NNENUM] Result: 
<nnenum.result.Result object at 0x747e3a59c460>
[NNENUM] Enumeration finished.
safe
[NNENUM] Found counter-example stars: 0
[NNENUM] Filtering result using SMT solver...
[SMT] SMT filtered out 0 stars (out of 0; TO: 0).
[QUERY] Looking for nonlinear input combinations...
[QUERY] Found all non-linear combinations. Count: 1
[QUERY] Returning nonlinear disjunction
[CTRL] Considering conjunction with 39 input constraints and a disjunction of size 5
[APPROX] Checking cache: SNNT.Approx.ApproxCacheObject[]
[APPROX] Constructing Approximation
[APPROX] Resolving approximation
[CTRL] Initiating iterator over current linear queries
[APPROX] # Conjunctions over output: 5
[CTRL] Processing linear query no. 175
[NNENUM] Running nnenum now...
[NNENUM] lb: [-0.4999999701976776, -0.4999999701976776, 5.000000171712609e-6, 0.075, -0.1, -0.1, -0.1, -0.1, -0.1, -0.1, -0.1, -0.1, -0.1]
[NNENUM] ub: [-0.00625, -0.33623147889292704, 5.000000171712609e-6, 0.5, 0.09999999999999999, 0.09999999999999999, 0.09999999999999999, 0.09999999999999999, 0.09999999999999999, 0.09999999999999999, 0.09999999999999999, 0.09999999999999999, 0.09999999999999999]
[NNENUM] Creating LP Star...
[NNENUM] Checking feasibility
[NNENUM] Generating output Spec...
[NNENUM] Spec list length:  5
[NNENUM] Enumeration in progress... 
(0.0 sec) Q: 0, Sets: 0/1  (0.0%) CEs: 0 ETA: - (expected 1 stars)   

Total Stars: 4 (0 exact, 4 approx)
Unfinished Stars: 0
Runtime: 0.1 sec
Completed work frac: 1.0
Num Stars Copied Between Processes: 0
Num Lps During Enumeration: 0
Total Num Lps: 0

Result: network is SAFE

[NNENUM] Result: 
<nnenum.result.Result object at 0x747e3a5812b0>
[NNENUM] Enumeration finished.
safe
[NNENUM] Found counter-example stars: 0
[NNENUM] Filtering result using SMT solver...
[SMT] SMT filtered out 0 stars (out of 0; TO: 0).
[QUERY] Looking for nonlinear input combinations...
[QUERY] Found all non-linear combinations. Count: 1
[QUERY] Returning nonlinear disjunction
[CTRL] Considering conjunction with 39 input constraints and a disjunction of size 5
[APPROX] Checking cache: SNNT.Approx.ApproxCacheObject[]
[APPROX] Constructing Approximation
[APPROX] Resolving approximation
[CTRL] Initiating iterator over current linear queries
[APPROX] # Conjunctions over output: 5
[CTRL] Processing linear query no. 176
[NNENUM] Running nnenum now...
[NNENUM] lb: [-0.4999999701976776, -0.4999999701976776, 5.000000171712609e-6, 0.075, -0.1, -0.1, -0.1, -0.1, -0.1, -0.1, -0.1, -0.1, -0.1]
[NNENUM] ub: [-0.00625, -0.33623147889292704, 5.000000171712609e-6, 0.5, 0.09999999999999999, 0.09999999999999999, 0.09999999999999999, 0.09999999999999999, 0.09999999999999999, 0.09999999999999999, 0.09999999999999999, 0.09999999999999999, 0.09999999999999999]
[NNENUM] Creating LP Star...
[NNENUM] Checking feasibility
[NNENUM] Generating output Spec...
[NNENUM] Spec list length:  5
[NNENUM] Enumeration in progress... 
(0.0 sec) Q: 0, Sets: 0/1  (0.0%) CEs: 0 ETA: - (expected 1 stars)   
(0.2 sec) Q: 0, Sets: 0/2  (0.0%) CEs: 0 ETA: - (expected 1 stars)   

Total Stars: 2 (0 exact, 2 approx)
Unfinished Stars: 0
Runtime: 0.2 sec
Completed work frac: 1.0
Num Stars Copied Between Processes: 0
Num Lps During Enumeration: 0
Total Num Lps: 0

Result: network is SAFE

[NNENUM] Result: 
<nnenum.result.Result object at 0x747e3a5a6ca0>
[NNENUM] Enumeration finished.
safe
[NNENUM] Found counter-example stars: 0
[NNENUM] Filtering result using SMT solver...
[SMT] SMT filtered out 0 stars (out of 0; TO: 0).
[QUERY] Looking for nonlinear input combinations...
[QUERY] Found all non-linear combinations. Count: 1
[QUERY] Returning nonlinear disjunction
[CTRL] Considering conjunction with 39 input constraints and a disjunction of size 5
[APPROX] Checking cache: SNNT.Approx.ApproxCacheObject[]
[APPROX] Constructing Approximation
[APPROX] Resolving approximation
[CTRL] Initiating iterator over current linear queries
[APPROX] # Conjunctions over output: 5
[CTRL] Processing linear query no. 177
[NNENUM] Running nnenum now...
[NNENUM] lb: [-0.4999999701976776, -0.4999999701976776, 5.000000171712609e-6, 0.075, -0.1, -0.1, -0.1, -0.1, -0.1, -0.1, -0.1, -0.1, -0.1]
[NNENUM] ub: [-0.00625, -0.33623147889292704, 5.000000171712609e-6, 0.5, 0.09999999999999999, 0.09999999999999999, 0.09999999999999999, 0.09999999999999999, 0.09999999999999999, 0.09999999999999999, 0.09999999999999999, 0.09999999999999999, 0.09999999999999999]
[NNENUM] Creating LP Star...
[NNENUM] Checking feasibility
[NNENUM] Generating output Spec...
[NNENUM] Spec list length:  5
[NNENUM] Enumeration in progress... 
(0.0 sec) Q: 0, Sets: 0/1  (0.0%) CEs: 0 ETA: - (expected 1 stars)   

Total Stars: 2 (0 exact, 2 approx)
Unfinished Stars: 0
Runtime: 0.1 sec
Completed work frac: 1.0
Num Stars Copied Between Processes: 0
Num Lps During Enumeration: 0
Total Num Lps: 0

Result: network is SAFE

[NNENUM] Result: 
<nnenum.result.Result object at 0x747e3a586af0>
[NNENUM] Enumeration finished.
safe
[NNENUM] Found counter-example stars: 0
[NNENUM] Filtering result using SMT solver...
[SMT] SMT filtered out 0 stars (out of 0; TO: 0).
[QUERY] Looking for nonlinear input combinations...
[QUERY] Found all non-linear combinations. Count: 1
[QUERY] Returning nonlinear disjunction
[CTRL] Considering conjunction with 39 input constraints and a disjunction of size 5
[APPROX] Checking cache: SNNT.Approx.ApproxCacheObject[]
[APPROX] Constructing Approximation
[APPROX] Resolving approximation
[CTRL] Initiating iterator over current linear queries
[APPROX] # Conjunctions over output: 5
[CTRL] Processing linear query no. 178
[NNENUM] Running nnenum now...
[NNENUM] lb: [-0.4999999701976776, -0.4999999701976776, 5.000000171712609e-6, 0.075, -0.1, -0.1, -0.1, -0.1, -0.1, -0.1, -0.1, -0.1, -0.1]
[NNENUM] ub: [-0.00625, -0.33623147889292704, 5.000000171712609e-6, 0.5, 0.09999999999999999, 0.09999999999999999, 0.09999999999999999, 0.09999999999999999, 0.09999999999999999, 0.09999999999999999, 0.09999999999999999, 0.09999999999999999, 0.09999999999999999]
[NNENUM] Creating LP Star...
[NNENUM] Checking feasibility
[NNENUM] Generating output Spec...
[NNENUM] Spec list length:  5
[NNENUM] Enumeration in progress... 
(0.0 sec) Q: 0, Sets: 0/1  (0.0%) CEs: 0 ETA: - (expected 1 stars)   
(0.2 sec) Q: 0, Sets: 0/2  (0.0%) CEs: 0 ETA: - (expected 1 stars)   

Total Stars: 4 (0 exact, 4 approx)
Unfinished Stars: 0
Runtime: 0.2 sec
Completed work frac: 1.0
Num Stars Copied Between Processes: 0
Num Lps During Enumeration: 0
Total Num Lps: 0

Result: network is SAFE

[NNENUM] Result: 
<nnenum.result.Result object at 0x747e3a5bd520>
[NNENUM] Enumeration finished.
safe
[NNENUM] Found counter-example stars: 0
[NNENUM] Filtering result using SMT solver...
[SMT] SMT filtered out 0 stars (out of 0; TO: 0).
[QUERY] Looking for nonlinear input combinations...
[QUERY] Found all non-linear combinations. Count: 1
[QUERY] Returning nonlinear disjunction
[CTRL] Considering conjunction with 39 input constraints and a disjunction of size 5
[APPROX] Checking cache: SNNT.Approx.ApproxCacheObject[]
[APPROX] Constructing Approximation
[APPROX] Resolving approximation
[CTRL] Initiating iterator over current linear queries
[APPROX] # Conjunctions over output: 5
[CTRL] Processing linear query no. 179
[NNENUM] Running nnenum now...
[NNENUM] lb: [-0.4999999701976776, -0.4999999701976776, 5.000000171712609e-6, 0.075, -0.1, -0.1, -0.1, -0.1, -0.1, -0.1, -0.1, -0.1, -0.1]
[NNENUM] ub: [-0.00625, -0.33623147889292704, 5.000000171712609e-6, 0.5, 0.09999999999999999, 0.09999999999999999, 0.09999999999999999, 0.09999999999999999, 0.09999999999999999, 0.09999999999999999, 0.09999999999999999, 0.09999999999999999, 0.09999999999999999]
[NNENUM] Creating LP Star...
[NNENUM] Checking feasibility
[NNENUM] Generating output Spec...
[NNENUM] Spec list length:  5
[NNENUM] Enumeration in progress... 
(0.0 sec) Q: 0, Sets: 0/1  (0.0%) CEs: 0 ETA: - (expected 1 stars)   

Total Stars: 5 (1 exact, 4 approx)
Unfinished Stars: 0
Runtime: 0.1 sec
Completed work frac: 1.0
Num Stars Copied Between Processes: 0
Num Lps During Enumeration: 36
Total Num Lps: 36

Result: network is SAFE

[NNENUM] Result: 
<nnenum.result.Result object at 0x747e3a586370>
[NNENUM] Enumeration finished.
safe
[NNENUM] Found counter-example stars: 0
[NNENUM] Filtering result using SMT solver...
[SMT] SMT filtered out 0 stars (out of 0; TO: 0).
[QUERY] Looking for nonlinear input combinations...
[QUERY] Found all non-linear combinations. Count: 1
[QUERY] Returning nonlinear disjunction
[CTRL] Considering conjunction with 39 input constraints and a disjunction of size 5
[APPROX] Checking cache: SNNT.Approx.ApproxCacheObject[]
[APPROX] Constructing Approximation
[APPROX] Resolving approximation
[CTRL] Initiating iterator over current linear queries
[APPROX] # Conjunctions over output: 5
[CTRL] Processing linear query no. 180
[NNENUM] Running nnenum now...
[NNENUM] lb: [-0.4999999701976776, -0.4999999701976776, 5.000000171712609e-6, 0.075, -0.1, -0.1, -0.1, -0.1, -0.1, -0.1, -0.1, -0.1, -0.1]
[NNENUM] ub: [-0.00625, -0.33623147889292704, 5.000000171712609e-6, 0.5, 0.09999999999999999, 0.09999999999999999, 0.09999999999999999, 0.09999999999999999, 0.09999999999999999, 0.09999999999999999, 0.09999999999999999, 0.09999999999999999, 0.09999999999999999]
[NNENUM] Creating LP Star...
[NNENUM] Checking feasibility
[NNENUM] Generating output Spec...
[NNENUM] Spec list length:  5
[NNENUM] Enumeration in progress... 
(0.2 sec) Q: 0, Sets: 0/1  (0.0%) CEs: 0 ETA: - (expected 1 stars)   

Total Stars: 5 (0 exact, 5 approx)
Unfinished Stars: 0
Runtime: 0.3 sec
Completed work frac: 1.0
Num Stars Copied Between Processes: 0
Num Lps During Enumeration: 0
Total Num Lps: 0

Result: network is SAFE

[NNENUM] Result: 
<nnenum.result.Result object at 0x747e3a5a6dc0>
[NNENUM] Enumeration finished.
safe
[NNENUM] Found counter-example stars: 0
[NNENUM] Filtering result using SMT solver...
[SMT] SMT filtered out 0 stars (out of 0; TO: 0).
[QUERY] Looking for nonlinear input combinations...
[QUERY] Found all non-linear combinations. Count: 1
[QUERY] Returning nonlinear disjunction
[CTRL] Considering conjunction with 39 input constraints and a disjunction of size 5
[APPROX] Checking cache: SNNT.Approx.ApproxCacheObject[]
[APPROX] Constructing Approximation
[APPROX] Resolving approximation
[CTRL] Initiating iterator over current linear queries
[APPROX] # Conjunctions over output: 5
[CTRL] Processing linear query no. 181
[NNENUM] Running nnenum now...
[NNENUM] lb: [-0.4999999701976776, -0.4999999701976776, 5.000000171712609e-6, 0.075, -0.1, -0.1, -0.1, -0.1, -0.1, -0.1, -0.1, -0.1, -0.1]
[NNENUM] ub: [-0.00625, -0.33623147889292704, 5.000000171712609e-6, 0.5, 0.09999999999999999, 0.09999999999999999, 0.09999999999999999, 0.09999999999999999, 0.09999999999999999, 0.09999999999999999, 0.09999999999999999, 0.09999999999999999, 0.09999999999999999]
[NNENUM] Creating LP Star...
[NNENUM] Checking feasibility
[NNENUM] Generating output Spec...
[NNENUM] Spec list length:  5
[NNENUM] Enumeration in progress... 
(0.0 sec) Q: 0, Sets: 0/1  (0.0%) CEs: 0 ETA: - (expected 1 stars)   

Total Stars: 2 (2 exact, 0 approx)
Unfinished Stars: 0
Runtime: 0.0 sec
Completed work frac: 1.0
Num Stars Copied Between Processes: 0
Num Lps During Enumeration: 146
Total Num Lps: 146

Result: network is SAFE

[NNENUM] Result: 
<nnenum.result.Result object at 0x747e3a596280>
[NNENUM] Enumeration finished.
safe
[NNENUM] Found counter-example stars: 0
[NNENUM] Filtering result using SMT solver...
[SMT] SMT filtered out 0 stars (out of 0; TO: 0).
[QUERY] Looking for nonlinear input combinations...
[QUERY] Found all non-linear combinations. Count: 1
[QUERY] Returning nonlinear disjunction
[CTRL] Considering conjunction with 39 input constraints and a disjunction of size 5
[APPROX] Checking cache: SNNT.Approx.ApproxCacheObject[]
[APPROX] Constructing Approximation
[APPROX] Resolving approximation
[CTRL] Initiating iterator over current linear queries
[APPROX] # Conjunctions over output: 5
[CTRL] Processing linear query no. 182
[NNENUM] Running nnenum now...
[NNENUM] lb: [-0.4999999701976776, -0.4999999701976776, 5.000000171712609e-6, 0.075, -0.1, -0.1, -0.1, -0.1, -0.1, -0.1, -0.1, -0.1, -0.1]
[NNENUM] ub: [-0.00625, -0.33623147889292704, 5.000000171712609e-6, 0.5, 0.09999999999999999, 0.09999999999999999, 0.09999999999999999, 0.09999999999999999, 0.09999999999999999, 0.09999999999999999, 0.09999999999999999, 0.09999999999999999, 0.09999999999999999]
[NNENUM] Creating LP Star...
[NNENUM] Checking feasibility
[NNENUM] Generating output Spec...
[NNENUM] Spec list length:  5
[NNENUM] Enumeration in progress... 
(0.1 sec) Q: 0, Sets: 0/1  (0.0%) CEs: 0 ETA: - (expected 1 stars)   
(0.2 sec) Q: 0, Sets: 0/2  (0.0%) CEs: 0 ETA: - (expected 1 stars)   

Total Stars: 3 (1 exact, 2 approx)
Unfinished Stars: 0
Runtime: 0.2 sec
Completed work frac: 1.0
Num Stars Copied Between Processes: 0
Num Lps During Enumeration: 26
Total Num Lps: 26

Result: network is SAFE

[NNENUM] Result: 
<nnenum.result.Result object at 0x747e3a597850>
[NNENUM] Enumeration finished.
safe
[NNENUM] Found counter-example stars: 0
[NNENUM] Filtering result using SMT solver...
[SMT] SMT filtered out 0 stars (out of 0; TO: 0).
[QUERY] Looking for nonlinear input combinations...
[QUERY] Found all non-linear combinations. Count: 1
[QUERY] Returning nonlinear disjunction
[CTRL] Considering conjunction with 39 input constraints and a disjunction of size 5
[APPROX] Checking cache: SNNT.Approx.ApproxCacheObject[]
[APPROX] Constructing Approximation
[APPROX] Resolving approximation
[CTRL] Initiating iterator over current linear queries
[APPROX] # Conjunctions over output: 5
[CTRL] Processing linear query no. 183
[NNENUM] Running nnenum now...
[NNENUM] lb: [-0.4999999701976776, -0.4999999701976776, 5.000000171712609e-6, 0.075, -0.1, -0.1, -0.1, -0.1, -0.1, -0.1, -0.1, -0.1, -0.1]
[NNENUM] ub: [-0.00625, -0.33623147889292704, 5.000000171712609e-6, 0.5, 0.09999999999999999, 0.09999999999999999, 0.09999999999999999, 0.09999999999999999, 0.09999999999999999, 0.09999999999999999, 0.09999999999999999, 0.09999999999999999, 0.09999999999999999]
[NNENUM] Creating LP Star...
[NNENUM] Checking feasibility
[NNENUM] Generating output Spec...
[NNENUM] Spec list length:  5
[NNENUM] Enumeration in progress... 
(0.0 sec) Q: 0, Sets: 0/1  (0.0%) CEs: 0 ETA: - (expected 1 stars)   

Total Stars: 2 (2 exact, 0 approx)
Unfinished Stars: 0
Runtime: 0.1 sec
Completed work frac: 1.0
Num Stars Copied Between Processes: 0
Num Lps During Enumeration: 145
Total Num Lps: 145

Result: network is SAFE

[NNENUM] Result: 
<nnenum.result.Result object at 0x747e3a59cc70>
[NNENUM] Enumeration finished.
safe
[NNENUM] Found counter-example stars: 0
[NNENUM] Filtering result using SMT solver...
[SMT] SMT filtered out 0 stars (out of 0; TO: 0).
[QUERY] Looking for nonlinear input combinations...
[QUERY] Found all non-linear combinations. Count: 1
[QUERY] Returning nonlinear disjunction
[CTRL] Considering conjunction with 39 input constraints and a disjunction of size 5
[APPROX] Checking cache: SNNT.Approx.ApproxCacheObject[]
[APPROX] Constructing Approximation
[APPROX] Resolving approximation
[CTRL] Initiating iterator over current linear queries
[APPROX] # Conjunctions over output: 5
[CTRL] Processing linear query no. 184
[NNENUM] Running nnenum now...
[NNENUM] lb: [-0.4999999701976776, -0.4999999701976776, 5.000000171712609e-6, 0.075, -0.1, -0.1, -0.1, -0.1, -0.1, -0.1, -0.1, -0.1, -0.1]
[NNENUM] ub: [-0.00625, -0.33623147889292704, 5.000000171712609e-6, 0.5, 0.09999999999999999, 0.09999999999999999, 0.09999999999999999, 0.09999999999999999, 0.09999999999999999, 0.09999999999999999, 0.09999999999999999, 0.09999999999999999, 0.09999999999999999]
[NNENUM] Creating LP Star...
[NNENUM] Checking feasibility
[NNENUM] Generating output Spec...
[NNENUM] Spec list length:  5
[NNENUM] Enumeration in progress... 
(0.0 sec) Q: 0, Sets: 0/1  (0.0%) CEs: 0 ETA: - (expected 1 stars)   
(0.2 sec) Q: 0, Sets: 0/2  (0.0%) CEs: 0 ETA: - (expected 1 stars)   

Total Stars: 2 (0 exact, 2 approx)
Unfinished Stars: 0
Runtime: 0.2 sec
Completed work frac: 1.0
Num Stars Copied Between Processes: 0
Num Lps During Enumeration: 0
Total Num Lps: 0

Result: network is SAFE

[NNENUM] Result: 
<nnenum.result.Result object at 0x747e3a5bd0a0>
[NNENUM] Enumeration finished.
safe
[NNENUM] Found counter-example stars: 0
[NNENUM] Filtering result using SMT solver...
[SMT] SMT filtered out 0 stars (out of 0; TO: 0).
[QUERY] Looking for nonlinear input combinations...
[QUERY] Found all non-linear combinations. Count: 1
[QUERY] Returning nonlinear disjunction
[CTRL] Considering conjunction with 39 input constraints and a disjunction of size 5
[APPROX] Checking cache: SNNT.Approx.ApproxCacheObject[]
[APPROX] Constructing Approximation
[APPROX] Resolving approximation
[CTRL] Initiating iterator over current linear queries
[APPROX] # Conjunctions over output: 5
[CTRL] Processing linear query no. 185
[NNENUM] Running nnenum now...
[NNENUM] lb: [-0.4999999701976776, -0.4999999701976776, 5.000000171712609e-6, 0.075, -0.1, -0.1, -0.1, -0.1, -0.1, -0.1, -0.1, -0.1, -0.1]
[NNENUM] ub: [-0.00625, -0.33623147889292704, 5.000000171712609e-6, 0.5, 0.09999999999999999, 0.09999999999999999, 0.09999999999999999, 0.09999999999999999, 0.09999999999999999, 0.09999999999999999, 0.09999999999999999, 0.09999999999999999, 0.09999999999999999]
[NNENUM] Creating LP Star...
[NNENUM] Checking feasibility
[NNENUM] Generating output Spec...
[NNENUM] Spec list length:  5
[NNENUM] Enumeration in progress... 
(0.0 sec) Q: 0, Sets: 0/1  (0.0%) CEs: 0 ETA: - (expected 1 stars)   

Total Stars: 2 (0 exact, 2 approx)
Unfinished Stars: 0
Runtime: 0.1 sec
Completed work frac: 1.0
Num Stars Copied Between Processes: 0
Num Lps During Enumeration: 0
Total Num Lps: 0

Result: network is SAFE

[NNENUM] Result: 
<nnenum.result.Result object at 0x747e3bec6af0>
[NNENUM] Enumeration finished.
safe
[NNENUM] Found counter-example stars: 0
[NNENUM] Filtering result using SMT solver...
[SMT] SMT filtered out 0 stars (out of 0; TO: 0).
[QUERY] Looking for nonlinear input combinations...
[QUERY] Found all non-linear combinations. Count: 1
[QUERY] Returning nonlinear disjunction
[CTRL] Considering conjunction with 39 input constraints and a disjunction of size 5
[APPROX] Checking cache: SNNT.Approx.ApproxCacheObject[]
[APPROX] Constructing Approximation
[APPROX] Resolving approximation
[CTRL] Initiating iterator over current linear queries
[APPROX] # Conjunctions over output: 5
[CTRL] Processing linear query no. 186
[NNENUM] Running nnenum now...
[NNENUM] lb: [-0.4999999701976776, -0.4999999701976776, 5.000000171712609e-6, 0.075, -0.1, -0.1, -0.1, -0.1, -0.1, -0.1, -0.1, -0.1, -0.1]
[NNENUM] ub: [-0.00625, -0.33623147889292704, 5.000000171712609e-6, 0.5, 0.09999999999999999, 0.09999999999999999, 0.09999999999999999, 0.09999999999999999, 0.09999999999999999, 0.09999999999999999, 0.09999999999999999, 0.09999999999999999, 0.09999999999999999]
[NNENUM] Creating LP Star...
[NNENUM] Checking feasibility
[NNENUM] Generating output Spec...
[NNENUM] Spec list length:  5
[NNENUM] Enumeration in progress... 
(0.0 sec) Q: 0, Sets: 0/1  (0.0%) CEs: 0 ETA: - (expected 1 stars)   
(0.2 sec) Q: 0, Sets: 0/2  (0.0%) CEs: 0 ETA: - (expected 1 stars)   

Total Stars: 2 (0 exact, 2 approx)
Unfinished Stars: 0
Runtime: 0.2 sec
Completed work frac: 1.0
Num Stars Copied Between Processes: 0
Num Lps During Enumeration: 0
Total Num Lps: 0

Result: network is SAFE

[NNENUM] Result: 
<nnenum.result.Result object at 0x747e3a58ca00>
[NNENUM] Enumeration finished.
safe
[NNENUM] Found counter-example stars: 0
[NNENUM] Filtering result using SMT solver...
[SMT] SMT filtered out 0 stars (out of 0; TO: 0).
[QUERY] Looking for nonlinear input combinations...
[QUERY] Found all non-linear combinations. Count: 1
[QUERY] Returning nonlinear disjunction
[CTRL] Considering conjunction with 39 input constraints and a disjunction of size 5
[APPROX] Checking cache: SNNT.Approx.ApproxCacheObject[]
[APPROX] Constructing Approximation
[APPROX] Resolving approximation
[CTRL] Initiating iterator over current linear queries
[APPROX] # Conjunctions over output: 5
[CTRL] Processing linear query no. 187
[NNENUM] Running nnenum now...
[NNENUM] lb: [-0.4999999701976776, -0.4999999701976776, 5.000000171712609e-6, 0.075, -0.1, -0.1, -0.1, -0.1, -0.1, -0.1, -0.1, -0.1, -0.1]
[NNENUM] ub: [-0.00625, -0.33623147889292704, 5.000000171712609e-6, 0.5, 0.09999999999999999, 0.09999999999999999, 0.09999999999999999, 0.09999999999999999, 0.09999999999999999, 0.09999999999999999, 0.09999999999999999, 0.09999999999999999, 0.09999999999999999]
[NNENUM] Creating LP Star...
[NNENUM] Checking feasibility
[NNENUM] Generating output Spec...
[NNENUM] Spec list length:  5
[NNENUM] Enumeration in progress... 
(0.0 sec) Q: 0, Sets: 0/1  (0.0%) CEs: 0 ETA: - (expected 1 stars)   

Total Stars: 2 (0 exact, 2 approx)
Unfinished Stars: 0
Runtime: 0.1 sec
Completed work frac: 1.0
Num Stars Copied Between Processes: 0
Num Lps During Enumeration: 0
Total Num Lps: 0

Result: network is SAFE

[NNENUM] Result: 
<nnenum.result.Result object at 0x747e3a5bd190>
[NNENUM] Enumeration finished.
safe
[NNENUM] Found counter-example stars: 0
[NNENUM] Filtering result using SMT solver...
[SMT] SMT filtered out 0 stars (out of 0; TO: 0).
[QUERY] Looking for nonlinear input combinations...
[QUERY] Found all non-linear combinations. Count: 1
[QUERY] Returning nonlinear disjunction
[CTRL] Considering conjunction with 39 input constraints and a disjunction of size 5
[APPROX] Checking cache: SNNT.Approx.ApproxCacheObject[]
[APPROX] Constructing Approximation
[APPROX] Resolving approximation
[CTRL] Initiating iterator over current linear queries
[APPROX] # Conjunctions over output: 5
[CTRL] Processing linear query no. 188
[NNENUM] Running nnenum now...
[NNENUM] lb: [-0.4999999701976776, -0.4999999701976776, 5.000000171712609e-6, 0.075, -0.1, -0.1, -0.1, -0.1, -0.1, -0.1, -0.1, -0.1, -0.1]
[NNENUM] ub: [-0.00625, -0.33623147889292704, 5.000000171712609e-6, 0.5, 0.09999999999999999, 0.09999999999999999, 0.09999999999999999, 0.09999999999999999, 0.09999999999999999, 0.09999999999999999, 0.09999999999999999, 0.09999999999999999, 0.09999999999999999]
[NNENUM] Creating LP Star...
[NNENUM] Checking feasibility
[NNENUM] Generating output Spec...
[NNENUM] Spec list length:  5
[NNENUM] Enumeration in progress... 
(0.0 sec) Q: 0, Sets: 0/1  (0.0%) CEs: 0 ETA: - (expected 1 stars)   
(0.2 sec) Q: 0, Sets: 0/2  (0.0%) CEs: 0 ETA: - (expected 1 stars)   

Total Stars: 2 (2 exact, 0 approx)
Unfinished Stars: 0
Runtime: 0.2 sec
Completed work frac: 1.0
Num Stars Copied Between Processes: 0
Num Lps During Enumeration: 145
Total Num Lps: 145

Result: network is SAFE

[NNENUM] Result: 
<nnenum.result.Result object at 0x747e3a5b0460>
[NNENUM] Enumeration finished.
safe
[NNENUM] Found counter-example stars: 0
[NNENUM] Filtering result using SMT solver...
[SMT] SMT filtered out 0 stars (out of 0; TO: 0).
[QUERY] Looking for nonlinear input combinations...
..[QUERY] Found all non-linear combinations. Count: 1
[QUERY] Returning nonlinear disjunction
[CTRL] Considering conjunction with 39 input constraints and a disjunction of size 6
[APPROX] Checking cache: SNNT.Approx.ApproxCacheObject[]
[APPROX] Constructing Approximation
[APPROX] Resolving approximation
[CTRL] Initiating iterator over current linear queries
[APPROX] # Conjunctions over output: 6
[CTRL] Processing linear query no. 189
[NNENUM] Running nnenum now...
[NNENUM] lb: [-0.4999999701976776, -0.4999999701976776, 5.000000171712609e-6, 0.075, -0.1, -0.1, -0.1, -0.1, -0.1, -0.1, -0.1, -0.1, -0.1]
[NNENUM] ub: [-0.00625, -0.33623147889292704, 5.000000171712609e-6, 0.5, 0.09999999999999999, 0.09999999999999999, 0.09999999999999999, 0.09999999999999999, 0.09999999999999999, 0.09999999999999999, 0.09999999999999999, 0.09999999999999999, 0.09999999999999999]
[NNENUM] Creating LP Star...
[NNENUM] Checking feasibility
[NNENUM] Generating output Spec...
[NNENUM] Spec list length:  6
[NNENUM] Enumeration in progress... 
(0.1 sec) Q: 0, Sets: 0/1  (0.0%) CEs: 0 ETA: - (expected 1 stars)   
(0.2 sec) Q: 0, Sets: 2/6  (6.25%) CEs: 0 ETA: 3.3 sec (expected 32 stars)   
(0.3 sec) Q: 0, Sets: 8/15  (17.285%) CEs: 0 ETA: 1.6 sec (expected 46 stars)   (0.4 sec) Q: 0, Sets: 16/19  (65.625%) CEs: 0 ETA: 0.2 sec (expected 24 stars)   

Total Stars: 25 (1 exact, 24 approx)
Unfinished Stars: 0
Runtime: 0.5 sec
Completed work frac: 1.0
Num Stars Copied Between Processes: 0
Num Lps During Enumeration: 8
Total Num Lps: 8

Result: network is SAFE

[NNENUM] Result: 
<nnenum.result.Result object at 0x747e3a5a6310>
[NNENUM] Enumeration finished.
safe
[NNENUM] Found counter-example stars: 0
[NNENUM] Filtering result using SMT solver...
[SMT] SMT filtered out 0 stars (out of 0; TO: 0).
[QUERY] Looking for nonlinear input combinations...
.[QUERY] Found all non-linear combinations. Count: 1
[QUERY] Returning nonlinear disjunction
[CTRL] Considering conjunction with 39 input constraints and a disjunction of size 6
[APPROX] Checking cache: SNNT.Approx.ApproxCacheObject[]
[APPROX] Constructing Approximation
[APPROX] Resolving approximation
[CTRL] Initiating iterator over current linear queries
[APPROX] # Conjunctions over output: 6
[CTRL] Processing linear query no. 190
[NNENUM] Running nnenum now...
[NNENUM] lb: [-0.4999999701976776, -0.4999999701976776, 5.000000171712609e-6, 0.075, -0.1, -0.1, -0.1, -0.1, -0.1, -0.1, -0.1, -0.1, -0.1]
[NNENUM] ub: [-0.00625, -0.33623147889292704, 5.000000171712609e-6, 0.5, 0.09999999999999999, 0.09999999999999999, 0.09999999999999999, 0.09999999999999999, 0.09999999999999999, 0.09999999999999999, 0.09999999999999999, 0.09999999999999999, 0.09999999999999999]
[NNENUM] Creating LP Star...
[NNENUM] Checking feasibility
[NNENUM] Generating output Spec...
[NNENUM] Spec list length:  6
[NNENUM] Enumeration in progress... 
(0.2 sec) Q: 0, Sets: 0/1  (0.0%) CEs: 0 ETA: - (expected 1 stars)   
(0.3 sec) Q: 0, Sets: 3/8  (6.25%) CEs: 0 ETA: 4.4 sec (expected 48 stars)   
(0.4 sec) Q: 0, Sets: 8/16  (8.643%) CEs: 0 ETA: 4.3 sec (expected 93 stars)   (0.5 sec) Q: 0, Sets: 16/19  (34.375%) CEs: 0 ETA: 1.0 sec (expected 47 stars)   
(0.6 sec) Q: 0, Sets: 20/27  (36.719%) CEs: 0 ETA: 1.1 sec (expected 54 stars)   (0.8 sec) Q: 0, Sets: 28/30  (43.75%) CEs: 0 ETA: 1.0 sec (expected 64 stars)   (0.9 sec) Q: 0, Sets: 33/35  (49.219%) CEs: 0 ETA: 0.9 sec (expected 67 stars)   (1.0 sec) Q: 0, Sets: 38/41  (85.156%) CEs: 0 ETA: 0.2 sec (expected 45 stars)   

Total Stars: 43 (0 exact, 43 approx)
Unfinished Stars: 0
Runtime: 1.0 sec
Completed work frac: 1.0
Num Stars Copied Between Processes: 0
Num Lps During Enumeration: 0
Total Num Lps: 0

Result: network is SAFE

[NNENUM] Result: 
<nnenum.result.Result object at 0x747e3a5ac9d0>
[NNENUM] Enumeration finished.
safe
[NNENUM] Found counter-example stars: 0
[NNENUM] Filtering result using SMT solver...
[SMT] SMT filtered out 0 stars (out of 0; TO: 0).
[QUERY] Looking for nonlinear input combinations...
..[QUERY] Found all non-linear combinations. Count: 1
[QUERY] Returning nonlinear disjunction
[CTRL] Considering conjunction with 39 input constraints and a disjunction of size 6
[APPROX] Checking cache: SNNT.Approx.ApproxCacheObject[]
[APPROX] Constructing Approximation
[APPROX] Resolving approximation
[CTRL] Initiating iterator over current linear queries
[APPROX] # Conjunctions over output: 6
[CTRL] Processing linear query no. 191
[NNENUM] Running nnenum now...
[NNENUM] lb: [-0.4999999701976776, -0.4999999701976776, 5.000000171712609e-6, 0.075, -0.1, -0.1, -0.1, -0.1, -0.1, -0.1, -0.1, -0.1, -0.1]
[NNENUM] ub: [-0.00625, -0.33623147889292704, 5.000000171712609e-6, 0.5, 0.09999999999999999, 0.09999999999999999, 0.09999999999999999, 0.09999999999999999, 0.09999999999999999, 0.09999999999999999, 0.09999999999999999, 0.09999999999999999, 0.09999999999999999]
[NNENUM] Creating LP Star...
[NNENUM] Checking feasibility
[NNENUM] Generating output Spec...
[NNENUM] Spec list length:  6
[NNENUM] Enumeration in progress... 
(0.1 sec) Q: 0, Sets: 0/1  (0.0%) CEs: 0 ETA: - (expected 1 stars)   
(0.2 sec) Q: 0, Sets: 3/6  (12.5%) CEs: 0 ETA: 1.4 sec (expected 24 stars)   
(0.3 sec) Q: 0, Sets: 8/15  (17.285%) CEs: 0 ETA: 1.4 sec (expected 46 stars)   (0.4 sec) Q: 0, Sets: 18/20  (75.0%) CEs: 0 ETA: 0.1 sec (expected 24 stars)   

Total Stars: 25 (1 exact, 24 approx)
Unfinished Stars: 0
Runtime: 0.5 sec
Completed work frac: 1.0
Num Stars Copied Between Processes: 0
Num Lps During Enumeration: 8
Total Num Lps: 8

Result: network is SAFE

[NNENUM] Result: 
<nnenum.result.Result object at 0x747e3a5b00d0>
[NNENUM] Enumeration finished.
safe
[NNENUM] Found counter-example stars: 0
[NNENUM] Filtering result using SMT solver...
[SMT] SMT filtered out 0 stars (out of 0; TO: 0).
[QUERY] Looking for nonlinear input combinations...
..[QUERY] Found all non-linear combinations. Count: 1
[QUERY] Returning nonlinear disjunction
[CTRL] Considering conjunction with 39 input constraints and a disjunction of size 6
[APPROX] Checking cache: SNNT.Approx.ApproxCacheObject[]
[APPROX] Constructing Approximation
[APPROX] Resolving approximation
[CTRL] Initiating iterator over current linear queries
[APPROX] # Conjunctions over output: 6
[CTRL] Processing linear query no. 192
[NNENUM] Running nnenum now...
[NNENUM] lb: [-0.4999999701976776, -0.4999999701976776, 5.000000171712609e-6, 0.075, -0.1, -0.1, -0.1, -0.1, -0.1, -0.1, -0.1, -0.1, -0.1]
[NNENUM] ub: [-0.00625, -0.33623147889292704, 5.000000171712609e-6, 0.5, 0.09999999999999999, 0.09999999999999999, 0.09999999999999999, 0.09999999999999999, 0.09999999999999999, 0.09999999999999999, 0.09999999999999999, 0.09999999999999999, 0.09999999999999999]
[NNENUM] Creating LP Star...
[NNENUM] Checking feasibility
[NNENUM] Generating output Spec...
[NNENUM] Spec list length:  6
[NNENUM] Enumeration in progress... 
(0.2 sec) Q: 0, Sets: 0/1  (0.0%) CEs: 0 ETA: - (expected 1 stars)   
(0.3 sec) Q: 0, Sets: 6/9  (31.25%) CEs: 0 ETA: 0.6 sec (expected 19 stars)   
(0.4 sec) Q: 0, Sets: 8/15  (34.375%) CEs: 0 ETA: 0.8 sec (expected 23 stars)   (0.5 sec) Q: 0, Sets: 17/19  (68.75%) CEs: 0 ETA: 0.2 sec (expected 25 stars)   
(0.6 sec) Q: 0, Sets: 25/25  (100.0%) CEs: 0 ETA: 0.0 sec (expected 25 stars)   
Total Stars: 25 (1 exact, 24 approx)
Unfinished Stars: 0
Runtime: 0.6 sec
Completed work frac: 1.0
Num Stars Copied Between Processes: 0
Num Lps During Enumeration: 9
Total Num Lps: 9

Result: network is SAFE

[NNENUM] Result: 
<nnenum.result.Result object at 0x747e3a5b8790>
[NNENUM] Enumeration finished.
safe
[NNENUM] Found counter-example stars: 0
[NNENUM] Filtering result using SMT solver...
[SMT] SMT filtered out 0 stars (out of 0; TO: 0).
[QUERY] Looking for nonlinear input combinations...
[QUERY] Found all non-linear combinations. Count: 1
[QUERY] Returning nonlinear disjunction
[CTRL] Considering conjunction with 39 input constraints and a disjunction of size 6
[APPROX] Checking cache: SNNT.Approx.ApproxCacheObject[]
[APPROX] Constructing Approximation
[APPROX] Resolving approximation
[CTRL] Initiating iterator over current linear queries
[APPROX] # Conjunctions over output: 6
[CTRL] Processing linear query no. 193
[NNENUM] Running nnenum now...
[NNENUM] lb: [-0.4999999701976776, -0.4999999701976776, 5.000000171712609e-6, 0.075, -0.1, -0.1, -0.1, -0.1, -0.1, -0.1, -0.1, -0.1, -0.1]
[NNENUM] ub: [-0.00625, -0.33623147889292704, 5.000000171712609e-6, 0.5, 0.09999999999999999, 0.09999999999999999, 0.09999999999999999, 0.09999999999999999, 0.09999999999999999, 0.09999999999999999, 0.09999999999999999, 0.09999999999999999, 0.09999999999999999]
[NNENUM] Creating LP Star...
[NNENUM] Checking feasibility
[NNENUM] Generating output Spec...
[NNENUM] Spec list length:  6
[NNENUM] Enumeration in progress... 
(0.1 sec) Q: 0, Sets: 0/1  (0.0%) CEs: 0 ETA: - (expected 1 stars)   
(0.2 sec) Q: 0, Sets: 3/6  (21.875%) CEs: 0 ETA: 0.7 sec (expected 14 stars)   
(0.3 sec) Q: 0, Sets: 15/15  (100.0%) CEs: 0 ETA: 0.0 sec (expected 15 stars)   
Total Stars: 15 (2 exact, 13 approx)
Unfinished Stars: 0
Runtime: 0.3 sec
Completed work frac: 1.0
Num Stars Copied Between Processes: 0
Num Lps During Enumeration: 52
Total Num Lps: 52

Result: network is SAFE

[NNENUM] Result: 
<nnenum.result.Result object at 0x747e3a5b0e50>
[NNENUM] Enumeration finished.
safe
[NNENUM] Found counter-example stars: 0
[NNENUM] Filtering result using SMT solver...
[SMT] SMT filtered out 0 stars (out of 0; TO: 0).
[QUERY] Looking for nonlinear input combinations...
[QUERY] Found all non-linear combinations. Count: 1
[QUERY] Returning nonlinear disjunction
[CTRL] Considering conjunction with 39 input constraints and a disjunction of size 6
[APPROX] Checking cache: SNNT.Approx.ApproxCacheObject[]
[APPROX] Constructing Approximation
[APPROX] Resolving approximation
[CTRL] Initiating iterator over current linear queries
[APPROX] # Conjunctions over output: 6
[CTRL] Processing linear query no. 194
[NNENUM] Running nnenum now...
[NNENUM] lb: [-0.4999999701976776, -0.4999999701976776, 5.000000171712609e-6, 0.075, -0.1, -0.1, -0.1, -0.1, -0.1, -0.1, -0.1, -0.1, -0.1]
[NNENUM] ub: [-0.00625, -0.33623147889292704, 5.000000171712609e-6, 0.5, 0.09999999999999999, 0.09999999999999999, 0.09999999999999999, 0.09999999999999999, 0.09999999999999999, 0.09999999999999999, 0.09999999999999999, 0.09999999999999999, 0.09999999999999999]
[NNENUM] Creating LP Star...
[NNENUM] Checking feasibility
[NNENUM] Generating output Spec...
[NNENUM] Spec list length:  6
[NNENUM] Enumeration in progress... 
(0.1 sec) Q: 0, Sets: 0/1  (0.0%) CEs: 0 ETA: - (expected 1 stars)   
(0.2 sec) Q: 0, Sets: 0/2  (0.0%) CEs: 0 ETA: - (expected 1 stars)   
(0.3 sec) Q: 0, Sets: 7/10  (37.5%) CEs: 0 ETA: 0.5 sec (expected 19 stars)   (0.4 sec) Q: 0, Sets: 12/16  (42.188%) CEs: 0 ETA: 0.6 sec (expected 28 stars)   
(0.6 sec) Q: 0, Sets: 20/22  (81.25%) CEs: 0 ETA: 0.1 sec (expected 25 stars)   
Total Stars: 22 (0 exact, 22 approx)
Unfinished Stars: 0
Runtime: 0.6 sec
Completed work frac: 1.0
Num Stars Copied Between Processes: 0
Num Lps During Enumeration: 0
Total Num Lps: 0

Result: network is SAFE

[NNENUM] Result: 
<nnenum.result.Result object at 0x747e3a581880>
[NNENUM] Enumeration finished.
safe
[NNENUM] Found counter-example stars: 0
[NNENUM] Filtering result using SMT solver...
[SMT] SMT filtered out 0 stars (out of 0; TO: 0).
[QUERY] Looking for nonlinear input combinations...
[QUERY] Found all non-linear combinations. Count: 1
[QUERY] Returning nonlinear disjunction
[CTRL] Considering conjunction with 39 input constraints and a disjunction of size 6
[APPROX] Checking cache: SNNT.Approx.ApproxCacheObject[]
[APPROX] Constructing Approximation
[APPROX] Resolving approximation
[CTRL] Initiating iterator over current linear queries
[APPROX] # Conjunctions over output: 6
[CTRL] Processing linear query no. 195
[NNENUM] Running nnenum now...
[NNENUM] lb: [-0.4999999701976776, -0.4999999701976776, 5.000000171712609e-6, 0.075, -0.1, -0.1, -0.1, -0.1, -0.1, -0.1, -0.1, -0.1, -0.1]
[NNENUM] ub: [-0.00625, -0.33623147889292704, 5.000000171712609e-6, 0.5, 0.09999999999999999, 0.09999999999999999, 0.09999999999999999, 0.09999999999999999, 0.09999999999999999, 0.09999999999999999, 0.09999999999999999, 0.09999999999999999, 0.09999999999999999]
[NNENUM] Creating LP Star...
[NNENUM] Checking feasibility
[NNENUM] Generating output Spec...
[NNENUM] Spec list length:  6
[NNENUM] Enumeration in progress... 
(0.2 sec) Q: 0, Sets: 0/1  (0.0%) CEs: 0 ETA: - (expected 1 stars)   
(0.3 sec) Q: 0, Sets: 6/9  (23.438%) CEs: 0 ETA: 0.9 sec (expected 26 stars)   

Total Stars: 14 (2 exact, 12 approx)
Unfinished Stars: 0
Runtime: 0.4 sec
Completed work frac: 1.0
Num Stars Copied Between Processes: 0
Num Lps During Enumeration: 51
Total Num Lps: 51

Result: network is SAFE

[NNENUM] Result: 
<nnenum.result.Result object at 0x747e3a5ac6d0>
[NNENUM] Enumeration finished.
safe
[NNENUM] Found counter-example stars: 0
[NNENUM] Filtering result using SMT solver...
[SMT] SMT filtered out 0 stars (out of 0; TO: 0).
[QUERY] Looking for nonlinear input combinations...
[QUERY] Found all non-linear combinations. Count: 1
[QUERY] Returning nonlinear disjunction
[CTRL] Considering conjunction with 39 input constraints and a disjunction of size 6
[APPROX] Checking cache: SNNT.Approx.ApproxCacheObject[]
[APPROX] Constructing Approximation
[APPROX] Resolving approximation
[CTRL] Initiating iterator over current linear queries
[APPROX] # Conjunctions over output: 6
[CTRL] Processing linear query no. 196
[NNENUM] Running nnenum now...
[NNENUM] lb: [-0.4999999701976776, -0.4999999701976776, 5.000000171712609e-6, 0.075, -0.1, -0.1, -0.1, -0.1, -0.1, -0.1, -0.1, -0.1, -0.1]
[NNENUM] ub: [-0.00625, -0.33623147889292704, 5.000000171712609e-6, 0.5, 0.09999999999999999, 0.09999999999999999, 0.09999999999999999, 0.09999999999999999, 0.09999999999999999, 0.09999999999999999, 0.09999999999999999, 0.09999999999999999, 0.09999999999999999]
[NNENUM] Creating LP Star...
[NNENUM] Checking feasibility
[NNENUM] Generating output Spec...
[NNENUM] Spec list length:  6
[NNENUM] Enumeration in progress... 
(0.1 sec) Q: 0, Sets: 0/1  (0.0%) CEs: 0 ETA: - (expected 1 stars)   
(0.2 sec) Q: 0, Sets: 0/2  (0.0%) CEs: 0 ETA: - (expected 1 stars)   
(0.3 sec) Q: 0, Sets: 6/9  (25.0%) CEs: 0 ETA: 0.9 sec (expected 24 stars)   (0.4 sec) Q: 0, Sets: 8/11  (40.625%) CEs: 0 ETA: 0.6 sec (expected 20 stars)   
(0.5 sec) Q: 0, Sets: 14/17  (50.0%) CEs: 0 ETA: 0.5 sec (expected 28 stars)   
Total Stars: 21 (2 exact, 19 approx)
Unfinished Stars: 0
Runtime: 0.6 sec
Completed work frac: 1.0
Num Stars Copied Between Processes: 0
Num Lps During Enumeration: 16
Total Num Lps: 16

Result: network is SAFE

[NNENUM] Result: 
<nnenum.result.Result object at 0x747e3a586100>
[NNENUM] Enumeration finished.
safe
[NNENUM] Found counter-example stars: 0
[NNENUM] Filtering result using SMT solver...
[SMT] SMT filtered out 0 stars (out of 0; TO: 0).
[QUERY] Looking for nonlinear input combinations...
[QUERY] Found all non-linear combinations. Count: 1
[QUERY] Returning nonlinear disjunction
[CTRL] Considering conjunction with 39 input constraints and a disjunction of size 6
[APPROX] Checking cache: SNNT.Approx.ApproxCacheObject[]
[APPROX] Constructing Approximation
[APPROX] Resolving approximation
[CTRL] Initiating iterator over current linear queries
[APPROX] # Conjunctions over output: 6
[CTRL] Processing linear query no. 197
[NNENUM] Running nnenum now...
[NNENUM] lb: [-0.4999999701976776, -0.4999999701976776, 5.000000171712609e-6, 0.075, -0.1, -0.1, -0.1, -0.1, -0.1, -0.1, -0.1, -0.1, -0.1]
[NNENUM] ub: [-0.00625, -0.33623147889292704, 5.000000171712609e-6, 0.5, 0.09999999999999999, 0.09999999999999999, 0.09999999999999999, 0.09999999999999999, 0.09999999999999999, 0.09999999999999999, 0.09999999999999999, 0.09999999999999999, 0.09999999999999999]
[NNENUM] Creating LP Star...
[NNENUM] Checking feasibility
[NNENUM] Generating output Spec...
[NNENUM] Spec list length:  6
[NNENUM] Enumeration in progress... 
(0.1 sec) Q: 0, Sets: 0/1  (0.0%) CEs: 0 ETA: - (expected 1 stars)   
(0.2 sec) Q: 0, Sets: 1/6  (6.25%) CEs: 0 ETA: 3.6 sec (expected 16 stars)   
(0.3 sec) Q: 0, Sets: 9/12  (37.5%) CEs: 0 ETA: 0.6 sec (expected 24 stars)   (0.4 sec) Q: 0, Sets: 16/18  (50.0%) CEs: 0 ETA: 0.4 sec (expected 32 stars)   

Total Stars: 22 (2 exact, 20 approx)
Unfinished Stars: 0
Runtime: 0.5 sec
Completed work frac: 1.0
Num Stars Copied Between Processes: 0
Num Lps During Enumeration: 50
Total Num Lps: 50

Result: network is SAFE

[NNENUM] Result: 
<nnenum.result.Result object at 0x747e3a5acf10>
[NNENUM] Enumeration finished.
safe
[NNENUM] Found counter-example stars: 0
[NNENUM] Filtering result using SMT solver...
[SMT] SMT filtered out 0 stars (out of 0; TO: 0).
[QUERY] Looking for nonlinear input combinations...
[QUERY] Found all non-linear combinations. Count: 1
[QUERY] Returning nonlinear disjunction
[CTRL] Considering conjunction with 39 input constraints and a disjunction of size 6
[APPROX] Checking cache: SNNT.Approx.ApproxCacheObject[]
[APPROX] Constructing Approximation
[APPROX] Resolving approximation
[CTRL] Initiating iterator over current linear queries
[APPROX] # Conjunctions over output: 6
[CTRL] Processing linear query no. 198
[NNENUM] Running nnenum now...
[NNENUM] lb: [-0.4999999701976776, -0.4999999701976776, 5.000000171712609e-6, 0.075, -0.1, -0.1, -0.1, -0.1, -0.1, -0.1, -0.1, -0.1, -0.1]
[NNENUM] ub: [-0.00625, -0.33623147889292704, 5.000000171712609e-6, 0.5, 0.09999999999999999, 0.09999999999999999, 0.09999999999999999, 0.09999999999999999, 0.09999999999999999, 0.09999999999999999, 0.09999999999999999, 0.09999999999999999, 0.09999999999999999]
[NNENUM] Creating LP Star...
[NNENUM] Checking feasibility
[NNENUM] Generating output Spec...
[NNENUM] Spec list length:  6
[NNENUM] Enumeration in progress... 
(0.1 sec) Q: 0, Sets: 0/1  (0.0%) CEs: 0 ETA: - (expected 1 stars)   
(0.2 sec) Q: 0, Sets: 4/8  (23.438%) CEs: 0 ETA: 0.7 sec (expected 17 stars)   
(0.3 sec) Q: 0, Sets: 9/12  (40.625%) CEs: 0 ETA: 0.5 sec (expected 22 stars)   (0.5 sec) Q: 0, Sets: 11/17  (46.875%) CEs: 0 ETA: 0.6 sec (expected 23 stars)   
(0.6 sec) Q: 0, Sets: 15/18  (47.656%) CEs: 0 ETA: 0.7 sec (expected 31 stars)   (0.7 sec) Q: 0, Sets: 20/23  (62.5%) CEs: 0 ETA: 0.4 sec (expected 32 stars)   
Total Stars: 28 (0 exact, 28 approx)
Unfinished Stars: 0
Runtime: 0.8 sec
Completed work frac: 1.0
Num Stars Copied Between Processes: 0
Num Lps During Enumeration: 0
Total Num Lps: 0

Result: network is SAFE

[NNENUM] Result: 
<nnenum.result.Result object at 0x747e3a581610>
[NNENUM] Enumeration finished.
safe
[NNENUM] Found counter-example stars: 0
[NNENUM] Filtering result using SMT solver...
[SMT] SMT filtered out 0 stars (out of 0; TO: 0).
[QUERY] Looking for nonlinear input combinations...
[QUERY] Found all non-linear combinations. Count: 1
[QUERY] Returning nonlinear disjunction
[CTRL] Considering conjunction with 39 input constraints and a disjunction of size 6
[APPROX] Checking cache: SNNT.Approx.ApproxCacheObject[]
[APPROX] Constructing Approximation
[APPROX] Resolving approximation
[CTRL] Initiating iterator over current linear queries
[APPROX] # Conjunctions over output: 6
[CTRL] Processing linear query no. 199
[NNENUM] Running nnenum now...
[NNENUM] lb: [-0.4999999701976776, -0.4999999701976776, 5.000000171712609e-6, 0.075, -0.1, -0.1, -0.1, -0.1, -0.1, -0.1, -0.1, -0.1, -0.1]
[NNENUM] ub: [-0.00625, -0.33623147889292704, 5.000000171712609e-6, 0.5, 0.09999999999999999, 0.09999999999999999, 0.09999999999999999, 0.09999999999999999, 0.09999999999999999, 0.09999999999999999, 0.09999999999999999, 0.09999999999999999, 0.09999999999999999]
[NNENUM] Creating LP Star...
[NNENUM] Checking feasibility
[NNENUM] Generating output Spec...
[NNENUM] Spec list length:  6
[NNENUM] Enumeration in progress... 
(0.1 sec) Q: 0, Sets: 0/1  (0.0%) CEs: 0 ETA: - (expected 1 stars)   
(0.2 sec) Q: 0, Sets: 3/6  (21.875%) CEs: 0 ETA: 0.7 sec (expected 14 stars)   
(0.3 sec) Q: 0, Sets: 10/12  (37.5%) CEs: 0 ETA: 0.5 sec (expected 27 stars)   
Total Stars: 14 (2 exact, 12 approx)
Unfinished Stars: 0
Runtime: 0.3 sec
Completed work frac: 1.0
Num Stars Copied Between Processes: 0
Num Lps During Enumeration: 51
Total Num Lps: 51

Result: network is SAFE

[NNENUM] Result: 
<nnenum.result.Result object at 0x747e3a5a90d0>
[NNENUM] Enumeration finished.
safe
[NNENUM] Found counter-example stars: 0
[NNENUM] Filtering result using SMT solver...
[SMT] SMT filtered out 0 stars (out of 0; TO: 0).
[QUERY] Looking for nonlinear input combinations...
[QUERY] Found all non-linear combinations. Count: 1
[QUERY] Returning nonlinear disjunction
[CTRL] Considering conjunction with 39 input constraints and a disjunction of size 6
[APPROX] Checking cache: SNNT.Approx.ApproxCacheObject[]
[APPROX] Constructing Approximation
[APPROX] Resolving approximation
[CTRL] Initiating iterator over current linear queries
[APPROX] # Conjunctions over output: 6
[CTRL] Processing linear query no. 200
[NNENUM] Running nnenum now...
[NNENUM] lb: [-0.4999999701976776, -0.4999999701976776, 5.000000171712609e-6, 0.075, -0.1, -0.1, -0.1, -0.1, -0.1, -0.1, -0.1, -0.1, -0.1]
[NNENUM] ub: [-0.00625, -0.33623147889292704, 5.000000171712609e-6, 0.5, 0.09999999999999999, 0.09999999999999999, 0.09999999999999999, 0.09999999999999999, 0.09999999999999999, 0.09999999999999999, 0.09999999999999999, 0.09999999999999999, 0.09999999999999999]
[NNENUM] Creating LP Star...
[NNENUM] Checking feasibility
[NNENUM] Generating output Spec...
[NNENUM] Spec list length:  6
[NNENUM] Enumeration in progress... 
(0.1 sec) Q: 0, Sets: 0/1  (0.0%) CEs: 0 ETA: - (expected 1 stars)   
(0.2 sec) Q: 0, Sets: 0/2  (0.0%) CEs: 0 ETA: - (expected 1 stars)   
(0.3 sec) Q: 0, Sets: 7/9  (37.5%) CEs: 0 ETA: 0.5 sec (expected 19 stars)   (0.4 sec) Q: 0, Sets: 9/15  (40.82%) CEs: 0 ETA: 0.6 sec (expected 22 stars)   
(0.5 sec) Q: 0, Sets: 15/19  (53.125%) CEs: 0 ETA: 0.5 sec (expected 28 stars)   
Total Stars: 21 (2 exact, 19 approx)
Unfinished Stars: 0
Runtime: 0.6 sec
Completed work frac: 1.0
Num Stars Copied Between Processes: 0
Num Lps During Enumeration: 16
Total Num Lps: 16

Result: network is SAFE

[NNENUM] Result: 
<nnenum.result.Result object at 0x747e3a5969a0>
[NNENUM] Enumeration finished.
safe
[NNENUM] Found counter-example stars: 0
[NNENUM] Filtering result using SMT solver...
[SMT] SMT filtered out 0 stars (out of 0; TO: 0).
[QUERY] Looking for nonlinear input combinations...
[QUERY] Found all non-linear combinations. Count: 1
[QUERY] Returning nonlinear disjunction
[CTRL] Considering conjunction with 39 input constraints and a disjunction of size 6
[APPROX] Checking cache: SNNT.Approx.ApproxCacheObject[]
[APPROX] Constructing Approximation
[APPROX] Resolving approximation
[CTRL] Initiating iterator over current linear queries
[APPROX] # Conjunctions over output: 6
[CTRL] Processing linear query no. 201
[NNENUM] Running nnenum now...
[NNENUM] lb: [-0.4999999701976776, -0.4999999701976776, 5.000000171712609e-6, -0.21079675705898798, -0.1, -0.1, -0.1, -0.1, -0.1, -0.1, -0.1, -0.1, -0.1]
[NNENUM] ub: [-0.00625, -0.33623147889292704, 5.000000171712609e-6, -0.08052249040043885, 0.09999999999999999, 0.09999999999999999, 0.09999999999999999, 0.09999999999999999, 0.09999999999999999, 0.09999999999999999, 0.09999999999999999, 0.09999999999999999, 0.09999999999999999]
[NNENUM] Creating LP Star...
[NNENUM] Checking feasibility
[NNENUM] Generating output Spec...
[NNENUM] Spec list length:  6
[NNENUM] Enumeration in progress... 
(0.1 sec) Q: 0, Sets: 0/1  (0.0%) CEs: 0 ETA: - (expected 1 stars)   
(0.2 sec) Q: 0, Sets: 5/10  (25.0%) CEs: 0 ETA: 0.5 sec (expected 20 stars)   
(0.3 sec) Q: 0, Sets: 14/16  (43.75%) CEs: 0 ETA: 0.4 sec (expected 32 stars)   
Total Stars: 18 (0 exact, 18 approx)
Unfinished Stars: 0
Runtime: 0.4 sec
Completed work frac: 1.0
Num Stars Copied Between Processes: 0
Num Lps During Enumeration: 0
Total Num Lps: 0

Result: network is SAFE

[NNENUM] Result: 
<nnenum.result.Result object at 0x747e3a5977c0>
[NNENUM] Enumeration finished.
safe
[NNENUM] Found counter-example stars: 0
[NNENUM] Filtering result using SMT solver...
[SMT] SMT filtered out 0 stars (out of 0; TO: 0).
[QUERY] Looking for nonlinear input combinations...
[QUERY] Found all non-linear combinations. Count: 1
[QUERY] Returning nonlinear disjunction
[CTRL] Considering conjunction with 39 input constraints and a disjunction of size 6
[APPROX] Checking cache: SNNT.Approx.ApproxCacheObject[]
[APPROX] Constructing Approximation
[APPROX] Resolving approximation
[CTRL] Initiating iterator over current linear queries
[APPROX] # Conjunctions over output: 6
[CTRL] Processing linear query no. 202
[NNENUM] Running nnenum now...
[NNENUM] lb: [-0.4999999701976776, -0.4999999701976776, 5.000000171712609e-6, -0.08052249040043885, -0.1, -0.1, -0.1, -0.1, -0.1, -0.1, -0.1, -0.1, -0.1]
[NNENUM] ub: [-0.00625, -0.33623147889292704, 5.000000171712609e-6, 0.075, 0.09999999999999999, 0.09999999999999999, 0.09999999999999999, 0.09999999999999999, 0.09999999999999999, 0.09999999999999999, 0.09999999999999999, 0.09999999999999999, 0.09999999999999999]
[NNENUM] Creating LP Star...
[NNENUM] Checking feasibility
[NNENUM] Generating output Spec...
[NNENUM] Spec list length:  6
[NNENUM] Enumeration in progress... 
(0.1 sec) Q: 0, Sets: 0/1  (0.0%) CEs: 0 ETA: - (expected 1 stars)   
(0.2 sec) Q: 0, Sets: 2/7  (9.375%) CEs: 0 ETA: 1.9 sec (expected 21 stars)   
(0.3 sec) Q: 0, Sets: 11/13  (50.0%) CEs: 0 ETA: 0.3 sec (expected 22 stars)   
Total Stars: 15 (1 exact, 14 approx)
Unfinished Stars: 0
Runtime: 0.4 sec
Completed work frac: 1.0
Num Stars Copied Between Processes: 0
Num Lps During Enumeration: 46
Total Num Lps: 46

Result: network is SAFE

[NNENUM] Result: 
<nnenum.result.Result object at 0x747e3a5b8190>
[NNENUM] Enumeration finished.
safe
[NNENUM] Found counter-example stars: 0
[NNENUM] Filtering result using SMT solver...
[SMT] SMT filtered out 0 stars (out of 0; TO: 0).
[QUERY] Looking for nonlinear input combinations...
[QUERY] Found all non-linear combinations. Count: 1
[QUERY] Returning nonlinear disjunction
[CTRL] Considering conjunction with 39 input constraints and a disjunction of size 6
[APPROX] Checking cache: SNNT.Approx.ApproxCacheObject[]
[APPROX] Constructing Approximation
[APPROX] Resolving approximation
[CTRL] Initiating iterator over current linear queries
[APPROX] # Conjunctions over output: 6
[CTRL] Processing linear query no. 203
[NNENUM] Running nnenum now...
[NNENUM] lb: [-0.4999999701976776, -0.4999999701976776, 5.000000171712609e-6, -0.21079675705898798, -0.1, -0.1, -0.1, -0.1, -0.1, -0.1, -0.1, -0.1, -0.1]
[NNENUM] ub: [-0.00625, -0.33623147889292704, 5.000000171712609e-6, -0.08052249040043885, 0.09999999999999999, 0.09999999999999999, 0.09999999999999999, 0.09999999999999999, 0.09999999999999999, 0.09999999999999999, 0.09999999999999999, 0.09999999999999999, 0.09999999999999999]
[NNENUM] Creating LP Star...
[NNENUM] Checking feasibility
[NNENUM] Generating output Spec...
[NNENUM] Spec list length:  6
[NNENUM] Enumeration in progress... 
(0.1 sec) Q: 0, Sets: 0/1  (0.0%) CEs: 0 ETA: - (expected 1 stars)   
(0.2 sec) Q: 0, Sets: 2/5  (18.75%) CEs: 0 ETA: 0.9 sec (expected 11 stars)   
(0.3 sec) Q: 0, Sets: 7/13  (25.781%) CEs: 0 ETA: 0.9 sec (expected 27 stars)   (0.4 sec) Q: 0, Sets: 10/13  (31.25%) CEs: 0 ETA: 0.9 sec (expected 32 stars)   
(0.5 sec) Q: 0, Sets: 12/14  (50.0%) CEs: 0 ETA: 0.5 sec (expected 24 stars)   
Total Stars: 14 (1 exact, 13 approx)
Unfinished Stars: 0
Runtime: 0.5 sec
Completed work frac: 1.0
Num Stars Copied Between Processes: 0
Num Lps During Enumeration: 75
Total Num Lps: 75

Result: network is SAFE

[NNENUM] Result: 
<nnenum.result.Result object at 0x747e3a59b850>
[NNENUM] Enumeration finished.
safe
[NNENUM] Found counter-example stars: 0
[NNENUM] Filtering result using SMT solver...
[SMT] SMT filtered out 0 stars (out of 0; TO: 0).
[QUERY] Looking for nonlinear input combinations...
[QUERY] Found all non-linear combinations. Count: 1
[QUERY] Returning nonlinear disjunction
[CTRL] Considering conjunction with 39 input constraints and a disjunction of size 6
[APPROX] Checking cache: SNNT.Approx.ApproxCacheObject[]
[APPROX] Constructing Approximation
[APPROX] Resolving approximation
[CTRL] Initiating iterator over current linear queries
[APPROX] # Conjunctions over output: 6
[CTRL] Processing linear query no. 204
[NNENUM] Running nnenum now...
[NNENUM] lb: [-0.4999999701976776, -0.4999999701976776, 5.000000171712609e-6, -0.21079675705898798, -0.1, -0.1, -0.1, -0.1, -0.1, -0.1, -0.1, -0.1, -0.1]
[NNENUM] ub: [-0.00625, -0.33623147889292704, 5.000000171712609e-6, -0.08052249040043885, 0.09999999999999999, 0.09999999999999999, 0.09999999999999999, 0.09999999999999999, 0.09999999999999999, 0.09999999999999999, 0.09999999999999999, 0.09999999999999999, 0.09999999999999999]
[NNENUM] Creating LP Star...
[NNENUM] Checking feasibility
[NNENUM] Generating output Spec...
[NNENUM] Spec list length:  6
[NNENUM] Enumeration in progress... 
(0.1 sec) Q: 0, Sets: 0/1  (0.0%) CEs: 0 ETA: - (expected 1 stars)   
(0.2 sec) Q: 0, Sets: 5/8  (43.75%) CEs: 0 ETA: 0.3 sec (expected 11 stars)   

Total Stars: 8 (2 exact, 6 approx)
Unfinished Stars: 0
Runtime: 0.3 sec
Completed work frac: 1.0
Num Stars Copied Between Processes: 0
Num Lps During Enumeration: 73
Total Num Lps: 73

Result: network is SAFE

[NNENUM] Result: 
<nnenum.result.Result object at 0x747e3a581f10>
[NNENUM] Enumeration finished.
safe
[NNENUM] Found counter-example stars: 0
[NNENUM] Filtering result using SMT solver...
[SMT] SMT filtered out 0 stars (out of 0; TO: 0).
[QUERY] Looking for nonlinear input combinations...
[QUERY] Found all non-linear combinations. Count: 1
[QUERY] Returning nonlinear disjunction
[CTRL] Considering conjunction with 39 input constraints and a disjunction of size 6
[APPROX] Checking cache: SNNT.Approx.ApproxCacheObject[]
[APPROX] Constructing Approximation
[APPROX] Resolving approximation
[CTRL] Initiating iterator over current linear queries
[APPROX] # Conjunctions over output: 6
[CTRL] Processing linear query no. 205
[NNENUM] Running nnenum now...
[NNENUM] lb: [-0.4999999701976776, -0.4999999701976776, 5.000000171712609e-6, -0.21079675705898798, -0.1, -0.1, -0.1, -0.1, -0.1, -0.1, -0.1, -0.1, -0.1]
[NNENUM] ub: [-0.00625, -0.33623147889292704, 5.000000171712609e-6, -0.08052249040043885, 0.09999999999999999, 0.09999999999999999, 0.09999999999999999, 0.09999999999999999, 0.09999999999999999, 0.09999999999999999, 0.09999999999999999, 0.09999999999999999, 0.09999999999999999]
[NNENUM] Creating LP Star...
[NNENUM] Checking feasibility
[NNENUM] Generating output Spec...
[NNENUM] Spec list length:  6
[NNENUM] Enumeration in progress... 
(0.1 sec) Q: 0, Sets: 0/1  (0.0%) CEs: 0 ETA: - (expected 1 stars)   
(0.2 sec) Q: 0, Sets: 0/2  (0.0%) CEs: 0 ETA: - (expected 1 stars)   

Total Stars: 4 (0 exact, 4 approx)
Unfinished Stars: 0
Runtime: 0.3 sec
Completed work frac: 1.0
Num Stars Copied Between Processes: 0
Num Lps During Enumeration: 0
Total Num Lps: 0

Result: network is SAFE

[NNENUM] Result: 
<nnenum.result.Result object at 0x747e3a586940>
[NNENUM] Enumeration finished.
safe
[NNENUM] Found counter-example stars: 0
[NNENUM] Filtering result using SMT solver...
[SMT] SMT filtered out 0 stars (out of 0; TO: 0).
[QUERY] Looking for nonlinear input combinations...
[QUERY] Found all non-linear combinations. Count: 1
[QUERY] Returning nonlinear disjunction
[CTRL] Considering conjunction with 39 input constraints and a disjunction of size 6
[APPROX] Checking cache: SNNT.Approx.ApproxCacheObject[]
[APPROX] Constructing Approximation
[APPROX] Resolving approximation
[CTRL] Initiating iterator over current linear queries
[APPROX] # Conjunctions over output: 6
[CTRL] Processing linear query no. 206
[NNENUM] Running nnenum now...
[NNENUM] lb: [-0.4999999701976776, -0.4999999701976776, 5.000000171712609e-6, -0.21079675705898798, -0.1, -0.1, -0.1, -0.1, -0.1, -0.1, -0.1, -0.1, -0.1]
[NNENUM] ub: [-0.00625, -0.33623147889292704, 5.000000171712609e-6, -0.08052249040043885, 0.09999999999999999, 0.09999999999999999, 0.09999999999999999, 0.09999999999999999, 0.09999999999999999, 0.09999999999999999, 0.09999999999999999, 0.09999999999999999, 0.09999999999999999]
[NNENUM] Creating LP Star...
[NNENUM] Checking feasibility
[NNENUM] Generating output Spec...
[NNENUM] Spec list length:  6
[NNENUM] Enumeration in progress... 
(0.1 sec) Q: 0, Sets: 0/1  (0.0%) CEs: 0 ETA: - (expected 1 stars)   

Total Stars: 2 (2 exact, 0 approx)
Unfinished Stars: 0
Runtime: 0.2 sec
Completed work frac: 1.0
Num Stars Copied Between Processes: 0
Num Lps During Enumeration: 179
Total Num Lps: 179

Result: network is SAFE

[NNENUM] Result: 
<nnenum.result.Result object at 0x747e3a592790>
[NNENUM] Enumeration finished.
safe
[NNENUM] Found counter-example stars: 0
[NNENUM] Filtering result using SMT solver...
[SMT] SMT filtered out 0 stars (out of 0; TO: 0).
[QUERY] Looking for nonlinear input combinations...
[QUERY] Found all non-linear combinations. Count: 1
[QUERY] Returning nonlinear disjunction
[CTRL] Considering conjunction with 39 input constraints and a disjunction of size 6
[APPROX] Checking cache: SNNT.Approx.ApproxCacheObject[]
[APPROX] Constructing Approximation
[APPROX] Resolving approximation
[CTRL] Initiating iterator over current linear queries
[APPROX] # Conjunctions over output: 6
[CTRL] Processing linear query no. 207
[NNENUM] Running nnenum now...
[NNENUM] lb: [-0.4999999701976776, -0.4999999701976776, 5.000000171712609e-6, -0.21079675705898798, -0.1, -0.1, -0.1, -0.1, -0.1, -0.1, -0.1, -0.1, -0.1]
[NNENUM] ub: [-0.00625, -0.33623147889292704, 5.000000171712609e-6, -0.08052249040043885, 0.09999999999999999, 0.09999999999999999, 0.09999999999999999, 0.09999999999999999, 0.09999999999999999, 0.09999999999999999, 0.09999999999999999, 0.09999999999999999, 0.09999999999999999]
[NNENUM] Creating LP Star...
[NNENUM] Checking feasibility
[NNENUM] Generating output Spec...
[NNENUM] Spec list length:  6
[NNENUM] Enumeration in progress... 
(0.0 sec) Q: 0, Sets: 0/1  (0.0%) CEs: 0 ETA: - (expected 1 stars)   
(0.2 sec) Q: 0, Sets: 0/2  (0.0%) CEs: 0 ETA: - (expected 1 stars)   
(0.3 sec) Q: 0, Sets: 8/8  (100.0%) CEs: 0 ETA: 0.0 sec (expected 8 stars)   
Total Stars: 8 (0 exact, 8 approx)
Unfinished Stars: 0
Runtime: 0.3 sec
Completed work frac: 1.0
Num Stars Copied Between Processes: 0
Num Lps During Enumeration: 0
Total Num Lps: 0

Result: network is SAFE

[NNENUM] Result: 
<nnenum.result.Result object at 0x747e3a5ac1c0>
[NNENUM] Enumeration finished.
safe
[NNENUM] Found counter-example stars: 0
[NNENUM] Filtering result using SMT solver...
[SMT] SMT filtered out 0 stars (out of 0; TO: 0).
[QUERY] Looking for nonlinear input combinations...
[QUERY] Found all non-linear combinations. Count: 1
[QUERY] Returning nonlinear disjunction
[CTRL] Considering conjunction with 39 input constraints and a disjunction of size 6
[APPROX] Checking cache: SNNT.Approx.ApproxCacheObject[]
[APPROX] Constructing Approximation
[APPROX] Resolving approximation
[CTRL] Initiating iterator over current linear queries
[APPROX] # Conjunctions over output: 6
[CTRL] Processing linear query no. 208
[NNENUM] Running nnenum now...
[NNENUM] lb: [-0.4999999701976776, -0.4999999701976776, 5.000000171712609e-6, -0.21079675705898798, -0.1, -0.1, -0.1, -0.1, -0.1, -0.1, -0.1, -0.1, -0.1]
[NNENUM] ub: [-0.00625, -0.33623147889292704, 5.000000171712609e-6, -0.08052249040043885, 0.09999999999999999, 0.09999999999999999, 0.09999999999999999, 0.09999999999999999, 0.09999999999999999, 0.09999999999999999, 0.09999999999999999, 0.09999999999999999, 0.09999999999999999]
[NNENUM] Creating LP Star...
[NNENUM] Checking feasibility
[NNENUM] Generating output Spec...
[NNENUM] Spec list length:  6
[NNENUM] Enumeration in progress... 
(0.1 sec) Q: 0, Sets: 0/1  (0.0%) CEs: 0 ETA: - (expected 1 stars)   
(0.2 sec) Q: 0, Sets: 0/7  (0.0%) CEs: 0 ETA: - (expected 1 stars)   
(0.3 sec) Q: 0, Sets: 12/15  (31.25%) CEs: 0 ETA: 0.7 sec (expected 38 stars)   (0.4 sec) Q: 0, Sets: 19/19  (100.0%) CEs: 0 ETA: 0.0 sec (expected 19 stars)   

Total Stars: 19 (0 exact, 19 approx)
Unfinished Stars: 0
Runtime: 0.4 sec
Completed work frac: 1.0
Num Stars Copied Between Processes: 0
Num Lps During Enumeration: 0
Total Num Lps: 0

Result: network is SAFE

[NNENUM] Result: 
<nnenum.result.Result object at 0x747e3a581fd0>
[NNENUM] Enumeration finished.
safe
[NNENUM] Found counter-example stars: 0
[NNENUM] Filtering result using SMT solver...
[SMT] SMT filtered out 0 stars (out of 0; TO: 0).
[QUERY] Looking for nonlinear input combinations...
[QUERY] Found all non-linear combinations. Count: 1
[QUERY] Returning nonlinear disjunction
[CTRL] Considering conjunction with 39 input constraints and a disjunction of size 6
[APPROX] Checking cache: SNNT.Approx.ApproxCacheObject[]
[APPROX] Constructing Approximation
[APPROX] Resolving approximation
[CTRL] Initiating iterator over current linear queries
[APPROX] # Conjunctions over output: 6
[CTRL] Processing linear query no. 209
[NNENUM] Running nnenum now...
[NNENUM] lb: [-0.4999999701976776, -0.4999999701976776, 5.000000171712609e-6, -0.21079675705898798, -0.1, -0.1, -0.1, -0.1, -0.1, -0.1, -0.1, -0.1, -0.1]
[NNENUM] ub: [-0.00625, -0.33623147889292704, 5.000000171712609e-6, -0.08052249040043885, 0.09999999999999999, 0.09999999999999999, 0.09999999999999999, 0.09999999999999999, 0.09999999999999999, 0.09999999999999999, 0.09999999999999999, 0.09999999999999999, 0.09999999999999999]
[NNENUM] Creating LP Star...
[NNENUM] Checking feasibility
[NNENUM] Generating output Spec...
[NNENUM] Spec list length:  6
[NNENUM] Enumeration in progress... 
(0.1 sec) Q: 0, Sets: 0/1  (0.0%) CEs: 0 ETA: - (expected 1 stars)   
(0.2 sec) Q: 0, Sets: 1/7  (3.125%) CEs: 0 ETA: 6.4 sec (expected 32 stars)   
(0.3 sec) Q: 0, Sets: 5/7  (25.0%) CEs: 0 ETA: 0.9 sec (expected 20 stars)   (0.4 sec) Q: 0, Sets: 12/14  (43.75%) CEs: 0 ETA: 0.5 sec (expected 27 stars)   

Total Stars: 19 (2 exact, 17 approx)
Unfinished Stars: 0
Runtime: 0.5 sec
Completed work frac: 1.0
Num Stars Copied Between Processes: 0
Num Lps During Enumeration: 134
Total Num Lps: 134

Result: network is SAFE

[NNENUM] Result: 
<nnenum.result.Result object at 0x747e3a59b6d0>
[NNENUM] Enumeration finished.
safe
[NNENUM] Found counter-example stars: 0
[NNENUM] Filtering result using SMT solver...
[SMT] SMT filtered out 0 stars (out of 0; TO: 0).
[QUERY] Looking for nonlinear input combinations...
[QUERY] Found all non-linear combinations. Count: 1
[QUERY] Returning nonlinear disjunction
[CTRL] Considering conjunction with 39 input constraints and a disjunction of size 6
[APPROX] Checking cache: SNNT.Approx.ApproxCacheObject[]
[APPROX] Constructing Approximation
[APPROX] Resolving approximation
[CTRL] Initiating iterator over current linear queries
[APPROX] # Conjunctions over output: 6
[CTRL] Processing linear query no. 210
[NNENUM] Running nnenum now...
[NNENUM] lb: [-0.4999999701976776, -0.4999999701976776, 5.000000171712609e-6, -0.08052249040043885, -0.1, -0.1, -0.1, -0.1, -0.1, -0.1, -0.1, -0.1, -0.1]
[NNENUM] ub: [-0.00625, -0.33623147889292704, 5.000000171712609e-6, 0.075, 0.09999999999999999, 0.09999999999999999, 0.09999999999999999, 0.09999999999999999, 0.09999999999999999, 0.09999999999999999, 0.09999999999999999, 0.09999999999999999, 0.09999999999999999]
[NNENUM] Creating LP Star...
[NNENUM] Checking feasibility
[NNENUM] Generating output Spec...
[NNENUM] Spec list length:  6
[NNENUM] Enumeration in progress... 
(0.1 sec) Q: 0, Sets: 0/1  (0.0%) CEs: 0 ETA: - (expected 1 stars)   
(0.2 sec) Q: 0, Sets: 6/8  (25.0%) CEs: 0 ETA: 0.7 sec (expected 24 stars)   
(0.3 sec) Q: 0, Sets: 8/11  (31.25%) CEs: 0 ETA: 0.7 sec (expected 26 stars)   (0.4 sec) Q: 0, Sets: 13/17  (39.844%) CEs: 0 ETA: 0.6 sec (expected 33 stars)   

Total Stars: 22 (1 exact, 21 approx)
Unfinished Stars: 0
Runtime: 0.5 sec
Completed work frac: 1.0
Num Stars Copied Between Processes: 0
Num Lps During Enumeration: 47
Total Num Lps: 47

Result: network is SAFE

[NNENUM] Result: 
<nnenum.result.Result object at 0x747e3a5acd90>
[NNENUM] Enumeration finished.
safe
[NNENUM] Found counter-example stars: 0
[NNENUM] Filtering result using SMT solver...
[SMT] SMT filtered out 0 stars (out of 0; TO: 0).
[QUERY] Looking for nonlinear input combinations...
[QUERY] Found all non-linear combinations. Count: 1
[QUERY] Returning nonlinear disjunction
[CTRL] Considering conjunction with 39 input constraints and a disjunction of size 6
[APPROX] Checking cache: SNNT.Approx.ApproxCacheObject[]
[APPROX] Constructing Approximation
[APPROX] Resolving approximation
[CTRL] Initiating iterator over current linear queries
[APPROX] # Conjunctions over output: 6
[CTRL] Processing linear query no. 211
[NNENUM] Running nnenum now...
[NNENUM] lb: [-0.4999999701976776, -0.4999999701976776, 5.000000171712609e-6, -0.08052249040043885, -0.1, -0.1, -0.1, -0.1, -0.1, -0.1, -0.1, -0.1, -0.1]
[NNENUM] ub: [-0.00625, -0.33623147889292704, 5.000000171712609e-6, 0.075, 0.09999999999999999, 0.09999999999999999, 0.09999999999999999, 0.09999999999999999, 0.09999999999999999, 0.09999999999999999, 0.09999999999999999, 0.09999999999999999, 0.09999999999999999]
[NNENUM] Creating LP Star...
[NNENUM] Checking feasibility
[NNENUM] Generating output Spec...
[NNENUM] Spec list length:  6
[NNENUM] Enumeration in progress... 
(0.1 sec) Q: 0, Sets: 0/1  (0.0%) CEs: 0 ETA: - (expected 1 stars)   
(0.2 sec) Q: 0, Sets: 7/7  (100.0%) CEs: 0 ETA: 0.0 sec (expected 7 stars)   

Total Stars: 7 (4 exact, 3 approx)
Unfinished Stars: 0
Runtime: 0.2 sec
Completed work frac: 1.0
Num Stars Copied Between Processes: 0
Num Lps During Enumeration: 165
Total Num Lps: 165

Result: network is SAFE

[NNENUM] Result: 
<nnenum.result.Result object at 0x747e3a5a6490>
[NNENUM] Enumeration finished.
safe
[NNENUM] Found counter-example stars: 0
[NNENUM] Filtering result using SMT solver...
[SMT] SMT filtered out 0 stars (out of 0; TO: 0).
[QUERY] Looking for nonlinear input combinations...
[QUERY] Found all non-linear combinations. Count: 1
[QUERY] Returning nonlinear disjunction
[CTRL] Considering conjunction with 39 input constraints and a disjunction of size 6
[APPROX] Checking cache: SNNT.Approx.ApproxCacheObject[]
[APPROX] Constructing Approximation
[APPROX] Resolving approximation
[CTRL] Initiating iterator over current linear queries
[APPROX] # Conjunctions over output: 6
[CTRL] Processing linear query no. 212
[NNENUM] Running nnenum now...
[NNENUM] lb: [-0.4999999701976776, -0.4999999701976776, 5.000000171712609e-6, -0.08052249040043885, -0.1, -0.1, -0.1, -0.1, -0.1, -0.1, -0.1, -0.1, -0.1]
[NNENUM] ub: [-0.00625, -0.33623147889292704, 5.000000171712609e-6, 0.075, 0.09999999999999999, 0.09999999999999999, 0.09999999999999999, 0.09999999999999999, 0.09999999999999999, 0.09999999999999999, 0.09999999999999999, 0.09999999999999999, 0.09999999999999999]
[NNENUM] Creating LP Star...
[NNENUM] Checking feasibility
[NNENUM] Generating output Spec...
[NNENUM] Spec list length:  6
[NNENUM] Enumeration in progress... 
(0.1 sec) Q: 0, Sets: 0/1  (0.0%) CEs: 0 ETA: - (expected 1 stars)   
(0.2 sec) Q: 0, Sets: 0/2  (0.0%) CEs: 0 ETA: - (expected 1 stars)   

Total Stars: 6 (3 exact, 3 approx)
Unfinished Stars: 0
Runtime: 0.3 sec
Completed work frac: 1.0
Num Stars Copied Between Processes: 0
Num Lps During Enumeration: 161
Total Num Lps: 161

Result: network is SAFE

[NNENUM] Result: 
<nnenum.result.Result object at 0x747e3a5a1e80>
[NNENUM] Enumeration finished.
safe
[NNENUM] Found counter-example stars: 0
[NNENUM] Filtering result using SMT solver...
[SMT] SMT filtered out 0 stars (out of 0; TO: 0).
[QUERY] Looking for nonlinear input combinations...
[QUERY] Found all non-linear combinations. Count: 1
[QUERY] Returning nonlinear disjunction
[CTRL] Considering conjunction with 39 input constraints and a disjunction of size 6
[APPROX] Checking cache: SNNT.Approx.ApproxCacheObject[]
[APPROX] Constructing Approximation
[APPROX] Resolving approximation
[CTRL] Initiating iterator over current linear queries
[APPROX] # Conjunctions over output: 6
[CTRL] Processing linear query no. 213
[NNENUM] Running nnenum now...
[NNENUM] lb: [-0.4999999701976776, -0.4999999701976776, 5.000000171712609e-6, -0.21079675705898798, -0.1, -0.1, -0.1, -0.1, -0.1, -0.1, -0.1, -0.1, -0.1]
[NNENUM] ub: [-0.00625, -0.33623147889292704, 5.000000171712609e-6, -0.08052249040043885, 0.09999999999999999, 0.09999999999999999, 0.09999999999999999, 0.09999999999999999, 0.09999999999999999, 0.09999999999999999, 0.09999999999999999, 0.09999999999999999, 0.09999999999999999]
[NNENUM] Creating LP Star...
[NNENUM] Checking feasibility
[NNENUM] Generating output Spec...
[NNENUM] Spec list length:  6
[NNENUM] Enumeration in progress... 
(0.0 sec) Q: 0, Sets: 0/1  (0.0%) CEs: 0 ETA: - (expected 1 stars)   

Total Stars: 4 (0 exact, 4 approx)
Unfinished Stars: 0
Runtime: 0.1 sec
Completed work frac: 1.0
Num Stars Copied Between Processes: 0
Num Lps During Enumeration: 0
Total Num Lps: 0

Result: network is SAFE

[NNENUM] Result: 
<nnenum.result.Result object at 0x747e3a586cd0>
[NNENUM] Enumeration finished.
safe
[NNENUM] Found counter-example stars: 0
[NNENUM] Filtering result using SMT solver...
[SMT] SMT filtered out 0 stars (out of 0; TO: 0).
[QUERY] Looking for nonlinear input combinations...
[QUERY] Found all non-linear combinations. Count: 1
[QUERY] Returning nonlinear disjunction
[CTRL] Considering conjunction with 39 input constraints and a disjunction of size 6
[APPROX] Checking cache: SNNT.Approx.ApproxCacheObject[]
[APPROX] Constructing Approximation
[APPROX] Resolving approximation
[CTRL] Initiating iterator over current linear queries
[APPROX] # Conjunctions over output: 6
[CTRL] Processing linear query no. 214
[NNENUM] Running nnenum now...
[NNENUM] lb: [-0.4999999701976776, -0.4999999701976776, 5.000000171712609e-6, -0.21079675705898798, -0.1, -0.1, -0.1, -0.1, -0.1, -0.1, -0.1, -0.1, -0.1]
[NNENUM] ub: [-0.00625, -0.33623147889292704, 5.000000171712609e-6, -0.08052249040043885, 0.09999999999999999, 0.09999999999999999, 0.09999999999999999, 0.09999999999999999, 0.09999999999999999, 0.09999999999999999, 0.09999999999999999, 0.09999999999999999, 0.09999999999999999]
[NNENUM] Creating LP Star...
[NNENUM] Checking feasibility
[NNENUM] Generating output Spec...
[NNENUM] Spec list length:  6
[NNENUM] Enumeration in progress... 
(0.1 sec) Q: 0, Sets: 0/1  (0.0%) CEs: 0 ETA: - (expected 1 stars)   
(0.2 sec) Q: 0, Sets: 0/2  (0.0%) CEs: 0 ETA: - (expected 1 stars)   

Total Stars: 5 (2 exact, 3 approx)
Unfinished Stars: 0
Runtime: 0.3 sec
Completed work frac: 1.0
Num Stars Copied Between Processes: 0
Num Lps During Enumeration: 138
Total Num Lps: 138

Result: network is SAFE

[NNENUM] Result: 
<nnenum.result.Result object at 0x747e3a5a6700>
[NNENUM] Enumeration finished.
safe
[NNENUM] Found counter-example stars: 0
[NNENUM] Filtering result using SMT solver...
[SMT] SMT filtered out 0 stars (out of 0; TO: 0).
[QUERY] Looking for nonlinear input combinations...
[QUERY] Found all non-linear combinations. Count: 1
[QUERY] Returning nonlinear disjunction
[CTRL] Considering conjunction with 39 input constraints and a disjunction of size 6
[APPROX] Checking cache: SNNT.Approx.ApproxCacheObject[]
[APPROX] Constructing Approximation
[APPROX] Resolving approximation
[CTRL] Initiating iterator over current linear queries
[APPROX] # Conjunctions over output: 6
[CTRL] Processing linear query no. 215
[NNENUM] Running nnenum now...
[NNENUM] lb: [-0.4999999701976776, -0.4999999701976776, 5.000000171712609e-6, -0.21079675705898798, -0.1, -0.1, -0.1, -0.1, -0.1, -0.1, -0.1, -0.1, -0.1]
[NNENUM] ub: [-0.00625, -0.33623147889292704, 5.000000171712609e-6, -0.08052249040043885, 0.09999999999999999, 0.09999999999999999, 0.09999999999999999, 0.09999999999999999, 0.09999999999999999, 0.09999999999999999, 0.09999999999999999, 0.09999999999999999, 0.09999999999999999]
[NNENUM] Creating LP Star...
[NNENUM] Checking feasibility
[NNENUM] Generating output Spec...
[NNENUM] Spec list length:  6
[NNENUM] Enumeration in progress... 
(0.1 sec) Q: 0, Sets: 0/1  (0.0%) CEs: 0 ETA: - (expected 1 stars)   

Total Stars: 3 (0 exact, 3 approx)
Unfinished Stars: 0
Runtime: 0.2 sec
Completed work frac: 1.0
Num Stars Copied Between Processes: 0
Num Lps During Enumeration: 0
Total Num Lps: 0

Result: network is SAFE

[NNENUM] Result: 
<nnenum.result.Result object at 0x747e3a581550>
[NNENUM] Enumeration finished.
safe
[NNENUM] Found counter-example stars: 0
[NNENUM] Filtering result using SMT solver...
[SMT] SMT filtered out 0 stars (out of 0; TO: 0).
[QUERY] Looking for nonlinear input combinations...
[QUERY] Found all non-linear combinations. Count: 1
[QUERY] Returning nonlinear disjunction
[CTRL] Considering conjunction with 39 input constraints and a disjunction of size 6
[APPROX] Checking cache: SNNT.Approx.ApproxCacheObject[]
[APPROX] Constructing Approximation
[APPROX] Resolving approximation
[CTRL] Initiating iterator over current linear queries
[APPROX] # Conjunctions over output: 6
[CTRL] Processing linear query no. 216
[NNENUM] Running nnenum now...
[NNENUM] lb: [-0.4999999701976776, -0.4999999701976776, 5.000000171712609e-6, -0.21079675705898798, -0.1, -0.1, -0.1, -0.1, -0.1, -0.1, -0.1, -0.1, -0.1]
[NNENUM] ub: [-0.00625, -0.33623147889292704, 5.000000171712609e-6, -0.08052249040043885, 0.09999999999999999, 0.09999999999999999, 0.09999999999999999, 0.09999999999999999, 0.09999999999999999, 0.09999999999999999, 0.09999999999999999, 0.09999999999999999, 0.09999999999999999]
[NNENUM] Creating LP Star...
[NNENUM] Checking feasibility
[NNENUM] Generating output Spec...
[NNENUM] Spec list length:  6
[NNENUM] Enumeration in progress... 
(0.0 sec) Q: 0, Sets: 0/1  (0.0%) CEs: 0 ETA: - (expected 1 stars)   
(0.2 sec) Q: 0, Sets: 0/2  (0.0%) CEs: 0 ETA: - (expected 1 stars)   
(0.3 sec) Q: 0, Sets: 3/5  (25.0%) CEs: 0 ETA: 0.9 sec (expected 12 stars)   
Total Stars: 7 (2 exact, 5 approx)
Unfinished Stars: 0
Runtime: 0.3 sec
Completed work frac: 1.0
Num Stars Copied Between Processes: 0
Num Lps During Enumeration: 175
Total Num Lps: 175

Result: network is SAFE

[NNENUM] Result: 
<nnenum.result.Result object at 0x747e3a5a1f40>
[NNENUM] Enumeration finished.
safe
[NNENUM] Found counter-example stars: 0
[NNENUM] Filtering result using SMT solver...
[SMT] SMT filtered out 0 stars (out of 0; TO: 0).
[QUERY] Looking for nonlinear input combinations...
.[QUERY] Found all non-linear combinations. Count: 1
[QUERY] Returning nonlinear disjunction
[CTRL] Considering conjunction with 39 input constraints and a disjunction of size 6
[APPROX] Checking cache: SNNT.Approx.ApproxCacheObject[]
[APPROX] Constructing Approximation
[APPROX] Resolving approximation
[CTRL] Initiating iterator over current linear queries
[APPROX] # Conjunctions over output: 6
[CTRL] Processing linear query no. 217
[NNENUM] Running nnenum now...
[NNENUM] lb: [-0.4999999701976776, -0.4999999701976776, 5.000000171712609e-6, -0.08052249040043885, -0.1, -0.1, -0.1, -0.1, -0.1, -0.1, -0.1, -0.1, -0.1]
[NNENUM] ub: [-0.00625, -0.33623147889292704, 5.000000171712609e-6, 0.075, 0.09999999999999999, 0.09999999999999999, 0.09999999999999999, 0.09999999999999999, 0.09999999999999999, 0.09999999999999999, 0.09999999999999999, 0.09999999999999999, 0.09999999999999999]
[NNENUM] Creating LP Star...
[NNENUM] Checking feasibility
[NNENUM] Generating output Spec...
[NNENUM] Spec list length:  6
[NNENUM] Enumeration in progress... 
(0.1 sec) Q: 0, Sets: 0/1  (0.0%) CEs: 0 ETA: - (expected 1 stars)   
(0.3 sec) Q: 0, Sets: 3/6  (12.5%) CEs: 0 ETA: 2.4 sec (expected 24 stars)   
(0.4 sec) Q: 0, Sets: 4/10  (14.062%) CEs: 0 ETA: 2.7 sec (expected 28 stars)   (0.6 sec) Q: 0, Sets: 13/19  (14.453%) CEs: 0 ETA: 3.5 sec (expected 90 stars)   
(0.7 sec) Q: 0, Sets: 14/19  (14.844%) CEs: 0 ETA: 4.0 sec (expected 94 stars)   (0.8 sec) Q: 0, Sets: 21/27  (15.234%) CEs: 0 ETA: 4.5 sec (expected 138 stars)   (0.9 sec) Q: 0, Sets: 28/33  (15.576%) CEs: 0 ETA: 5.0 sec (expected 180 stars)   (1.0 sec) Q: 0, Sets: 35/38  (24.219%) CEs: 0 ETA: 3.2 sec (expected 145 stars)   
(1.1 sec) Q: 0, Sets: 40/47  (26.758%) CEs: 0 ETA: 3.1 sec (expected 149 stars)   (1.2 sec) Q: 0, Sets: 42/49  (27.344%) CEs: 0 ETA: 3.3 sec (expected 154 stars)   (1.3 sec) Q: 0, Sets: 48/56  (28.223%) CEs: 0 ETA: 3.4 sec (expected 170 stars)   (1.4 sec) Q: 0, Sets: 53/67  (30.078%) CEs: 0 ETA: 3.4 sec (expected 176 stars)   (1.6 sec) Q: 0, Sets: 61/67  (30.176%) CEs: 0 ETA: 3.7 sec (expected 202 stars)   (1.8 sec) Q: 0, Sets: 63/67  (30.469%) CEs: 0 ETA: 4.0 sec (expected 207 stars)   (2.0 sec) Q: 0, Sets: 65/67  (37.5%) CEs: 0 ETA: 3.3 sec (expected 173 stars)   (2.2 sec) Q: 0, Sets: 65/68  (37.5%) CEs: 0 ETA: 3.7 sec (expected 173 stars)   
(2.4 sec) Q: 0, Sets: 70/72  (43.75%) CEs: 0 ETA: 3.0 sec (expected 160 stars)   (2.5 sec) Q: 0, Sets: 70/72  (43.75%) CEs: 0 ETA: 3.2 sec (expected 160 stars)   (2.6 sec) Q: 0, Sets: 72/72  (100.0%) CEs: 0 ETA: 0.0 sec (expected 72 stars)   
Total Stars: 72 (1 exact, 71 approx)
Unfinished Stars: 0
Runtime: 2.6 sec
Completed work frac: 1.0
Num Stars Copied Between Processes: 0
Num Lps During Enumeration: 11
Total Num Lps: 11

Result: network is SAFE

[NNENUM] Result: 
<nnenum.result.Result object at 0x747e39f57430>
[NNENUM] Enumeration finished.
safe
[NNENUM] Found counter-example stars: 0
[NNENUM] Filtering result using SMT solver...
[SMT] SMT filtered out 0 stars (out of 0; TO: 0).
[QUERY] Looking for nonlinear input combinations...
[QUERY] Found all non-linear combinations. Count: 1
[QUERY] Returning nonlinear disjunction
[CTRL] Considering conjunction with 39 input constraints and a disjunction of size 6
[APPROX] Checking cache: SNNT.Approx.ApproxCacheObject[]
[APPROX] Constructing Approximation
[APPROX] Resolving approximation
[CTRL] Initiating iterator over current linear queries
[APPROX] # Conjunctions over output: 6
[CTRL] Processing linear query no. 218
[NNENUM] Running nnenum now...
[NNENUM] lb: [-0.4999999701976776, -0.4999999701976776, 5.000000171712609e-6, -0.08052249040043885, -0.1, -0.1, -0.1, -0.1, -0.1, -0.1, -0.1, -0.1, -0.1]
[NNENUM] ub: [-0.00625, -0.33623147889292704, 5.000000171712609e-6, 0.075, 0.09999999999999999, 0.09999999999999999, 0.09999999999999999, 0.09999999999999999, 0.09999999999999999, 0.09999999999999999, 0.09999999999999999, 0.09999999999999999, 0.09999999999999999]
[NNENUM] Creating LP Star...
[NNENUM] Checking feasibility
[NNENUM] Generating output Spec...
[NNENUM] Spec list length:  6
[NNENUM] Enumeration in progress... 
(0.1 sec) Q: 0, Sets: 0/1  (0.0%) CEs: 0 ETA: - (expected 1 stars)   
(0.2 sec) Q: 0, Sets: 2/8  (3.125%) CEs: 0 ETA: 4.8 sec (expected 64 stars)   
(0.3 sec) Q: 0, Sets: 10/14  (28.125%) CEs: 0 ETA: 0.7 sec (expected 36 stars)   (0.4 sec) Q: 0, Sets: 18/22  (53.125%) CEs: 0 ETA: 0.4 sec (expected 34 stars)   
(0.5 sec) Q: 0, Sets: 25/29  (54.688%) CEs: 0 ETA: 0.4 sec (expected 46 stars)   (0.6 sec) Q: 0, Sets: 28/32  (55.859%) CEs: 0 ETA: 0.5 sec (expected 50 stars)   
Total Stars: 34 (0 exact, 34 approx)
Unfinished Stars: 0
Runtime: 0.6 sec
Completed work frac: 1.0
Num Stars Copied Between Processes: 0
Num Lps During Enumeration: 0
Total Num Lps: 0

Result: network is SAFE

[NNENUM] Result: 
<nnenum.result.Result object at 0x747e3a5964c0>
[NNENUM] Enumeration finished.
safe
[NNENUM] Found counter-example stars: 0
[NNENUM] Filtering result using SMT solver...
[SMT] SMT filtered out 0 stars (out of 0; TO: 0).
[QUERY] Looking for nonlinear input combinations...
.[QUERY] Found all non-linear combinations. Count: 1
[QUERY] Returning nonlinear disjunction
[CTRL] Considering conjunction with 39 input constraints and a disjunction of size 6
[APPROX] Checking cache: SNNT.Approx.ApproxCacheObject[]
[APPROX] Constructing Approximation
[APPROX] Resolving approximation
[CTRL] Initiating iterator over current linear queries
[APPROX] # Conjunctions over output: 6
[CTRL] Processing linear query no. 219
[NNENUM] Running nnenum now...
[NNENUM] lb: [-0.4999999701976776, -0.4999999701976776, 5.000000171712609e-6, -0.21079675705898798, -0.1, -0.1, -0.1, -0.1, -0.1, -0.1, -0.1, -0.1, -0.1]
[NNENUM] ub: [-0.00625, -0.33623147889292704, 5.000000171712609e-6, -0.08052249040043885, 0.09999999999999999, 0.09999999999999999, 0.09999999999999999, 0.09999999999999999, 0.09999999999999999, 0.09999999999999999, 0.09999999999999999, 0.09999999999999999, 0.09999999999999999]
[NNENUM] Creating LP Star...
[NNENUM] Checking feasibility
[NNENUM] Generating output Spec...
[NNENUM] Spec list length:  6
[NNENUM] Enumeration in progress... 
(0.1 sec) Q: 0, Sets: 0/1  (0.0%) CEs: 0 ETA: - (expected 1 stars)   
(0.2 sec) Q: 0, Sets: 2/6  (25.0%) CEs: 0 ETA: 0.7 sec (expected 8 stars)   
(0.4 sec) Q: 0, Sets: 8/14  (30.469%) CEs: 0 ETA: 0.8 sec (expected 26 stars)   (0.5 sec) Q: 0, Sets: 14/17  (34.375%) CEs: 0 ETA: 0.9 sec (expected 41 stars)   
(0.6 sec) Q: 0, Sets: 15/20  (35.156%) CEs: 0 ETA: 1.2 sec (expected 43 stars)   (0.7 sec) Q: 0, Sets: 24/26  (81.25%) CEs: 0 ETA: 0.2 sec (expected 30 stars)   
Total Stars: 29 (2 exact, 27 approx)
Unfinished Stars: 0
Runtime: 0.7 sec
Completed work frac: 1.0
Num Stars Copied Between Processes: 0
Num Lps During Enumeration: 37
Total Num Lps: 37

Result: network is SAFE

[NNENUM] Result: 
<nnenum.result.Result object at 0x747e3a5a9700>
[NNENUM] Enumeration finished.
safe
[NNENUM] Found counter-example stars: 0
[NNENUM] Filtering result using SMT solver...
[SMT] SMT filtered out 0 stars (out of 0; TO: 0).
[QUERY] Looking for nonlinear input combinations...
.[QUERY] Found all non-linear combinations. Count: 1
[QUERY] Returning nonlinear disjunction
[CTRL] Considering conjunction with 39 input constraints and a disjunction of size 6
[APPROX] Checking cache: SNNT.Approx.ApproxCacheObject[]
[APPROX] Constructing Approximation
[APPROX] Resolving approximation
[CTRL] Initiating iterator over current linear queries
[APPROX] # Conjunctions over output: 6
[CTRL] Processing linear query no. 220
[NNENUM] Running nnenum now...
[NNENUM] lb: [-0.4999999701976776, -0.4999999701976776, 5.000000171712609e-6, -0.21079675705898798, -0.1, -0.1, -0.1, -0.1, -0.1, -0.1, -0.1, -0.1, -0.1]
[NNENUM] ub: [-0.00625, -0.33623147889292704, 5.000000171712609e-6, -0.08052249040043885, 0.09999999999999999, 0.09999999999999999, 0.09999999999999999, 0.09999999999999999, 0.09999999999999999, 0.09999999999999999, 0.09999999999999999, 0.09999999999999999, 0.09999999999999999]
[NNENUM] Creating LP Star...
[NNENUM] Checking feasibility
[NNENUM] Generating output Spec...
[NNENUM] Spec list length:  6
[NNENUM] Enumeration in progress... 
(0.1 sec) Q: 0, Sets: 0/1  (0.0%) CEs: 0 ETA: - (expected 1 stars)   
(0.2 sec) Q: 0, Sets: 4/10  (19.141%) CEs: 0 ETA: 0.8 sec (expected 21 stars)   
(0.3 sec) Q: 0, Sets: 10/16  (22.656%) CEs: 0 ETA: 1.0 sec (expected 44 stars)   (0.4 sec) Q: 0, Sets: 16/18  (25.0%) CEs: 0 ETA: 1.2 sec (expected 64 stars)   

Total Stars: 24 (0 exact, 24 approx)
Unfinished Stars: 0
Runtime: 0.5 sec
Completed work frac: 1.0
Num Stars Copied Between Processes: 0
Num Lps During Enumeration: 0
Total Num Lps: 0

Result: network is SAFE

[NNENUM] Result: 
<nnenum.result.Result object at 0x747e3a5acd30>
[NNENUM] Enumeration finished.
safe
[NNENUM] Found counter-example stars: 0
[NNENUM] Filtering result using SMT solver...
[SMT] SMT filtered out 0 stars (out of 0; TO: 0).
[QUERY] Looking for nonlinear input combinations...
[QUERY] Found all non-linear combinations. Count: 1
[QUERY] Returning nonlinear disjunction
[CTRL] Considering conjunction with 39 input constraints and a disjunction of size 6
[APPROX] Checking cache: SNNT.Approx.ApproxCacheObject[]
[APPROX] Constructing Approximation
[APPROX] Resolving approximation
[CTRL] Initiating iterator over current linear queries
[APPROX] # Conjunctions over output: 6
[CTRL] Processing linear query no. 221
[NNENUM] Running nnenum now...
[NNENUM] lb: [-0.4999999701976776, -0.4999999701976776, 5.000000171712609e-6, -0.21079675705898798, -0.1, -0.1, -0.1, -0.1, -0.1, -0.1, -0.1, -0.1, -0.1]
[NNENUM] ub: [-0.00625, -0.33623147889292704, 5.000000171712609e-6, -0.08052249040043885, 0.09999999999999999, 0.09999999999999999, 0.09999999999999999, 0.09999999999999999, 0.09999999999999999, 0.09999999999999999, 0.09999999999999999, 0.09999999999999999, 0.09999999999999999]
[NNENUM] Creating LP Star...
[NNENUM] Checking feasibility
[NNENUM] Generating output Spec...
[NNENUM] Spec list length:  6
[NNENUM] Enumeration in progress... 
(0.1 sec) Q: 0, Sets: 0/1  (0.0%) CEs: 0 ETA: - (expected 1 stars)   
(0.2 sec) Q: 0, Sets: 4/4  (100.0%) CEs: 0 ETA: 0.0 sec (expected 4 stars)   

Total Stars: 4 (2 exact, 2 approx)
Unfinished Stars: 0
Runtime: 0.2 sec
Completed work frac: 1.0
Num Stars Copied Between Processes: 0
Num Lps During Enumeration: 58
Total Num Lps: 58

Result: network is SAFE

[NNENUM] Result: 
<nnenum.result.Result object at 0x747e3a5bd220>
[NNENUM] Enumeration finished.
safe
[NNENUM] Found counter-example stars: 0
[NNENUM] Filtering result using SMT solver...
[SMT] SMT filtered out 0 stars (out of 0; TO: 0).
[QUERY] Looking for nonlinear input combinations...
[QUERY] Found all non-linear combinations. Count: 1
[QUERY] Returning nonlinear disjunction
[CTRL] Considering conjunction with 39 input constraints and a disjunction of size 6
[APPROX] Checking cache: SNNT.Approx.ApproxCacheObject[]
[APPROX] Constructing Approximation
[APPROX] Resolving approximation
[CTRL] Initiating iterator over current linear queries
[APPROX] # Conjunctions over output: 6
[CTRL] Processing linear query no. 222
[NNENUM] Running nnenum now...
[NNENUM] lb: [-0.4999999701976776, -0.4999999701976776, 5.000000171712609e-6, -0.21079675705898798, -0.1, -0.1, -0.1, -0.1, -0.1, -0.1, -0.1, -0.1, -0.1]
[NNENUM] ub: [-0.00625, -0.33623147889292704, 5.000000171712609e-6, -0.08052249040043885, 0.09999999999999999, 0.09999999999999999, 0.09999999999999999, 0.09999999999999999, 0.09999999999999999, 0.09999999999999999, 0.09999999999999999, 0.09999999999999999, 0.09999999999999999]
[NNENUM] Creating LP Star...
[NNENUM] Checking feasibility
[NNENUM] Generating output Spec...
[NNENUM] Spec list length:  6
[NNENUM] Enumeration in progress... 
(0.1 sec) Q: 0, Sets: 0/1  (0.0%) CEs: 0 ETA: - (expected 1 stars)   
(0.2 sec) Q: 0, Sets: 0/2  (0.0%) CEs: 0 ETA: - (expected 1 stars)   
(0.3 sec) Q: 0, Sets: 9/11  (25.0%) CEs: 0 ETA: 0.9 sec (expected 36 stars)   (0.4 sec) Q: 0, Sets: 10/13  (37.5%) CEs: 0 ETA: 0.7 sec (expected 27 stars)   

Total Stars: 14 (0 exact, 14 approx)
Unfinished Stars: 0
Runtime: 0.4 sec
Completed work frac: 1.0
Num Stars Copied Between Processes: 0
Num Lps During Enumeration: 0
Total Num Lps: 0

Result: network is SAFE

[NNENUM] Result: 
<nnenum.result.Result object at 0x747e3a5a6880>
[NNENUM] Enumeration finished.
safe
[NNENUM] Found counter-example stars: 0
[NNENUM] Filtering result using SMT solver...
[SMT] SMT filtered out 0 stars (out of 0; TO: 0).
[QUERY] Looking for nonlinear input combinations...
[QUERY] Found all non-linear combinations. Count: 1
[QUERY] Returning nonlinear disjunction
[CTRL] Considering conjunction with 39 input constraints and a disjunction of size 6
[APPROX] Checking cache: SNNT.Approx.ApproxCacheObject[]
[APPROX] Constructing Approximation
[APPROX] Resolving approximation
[CTRL] Initiating iterator over current linear queries
[APPROX] # Conjunctions over output: 6
[CTRL] Processing linear query no. 223
[NNENUM] Running nnenum now...
[NNENUM] lb: [-0.4999999701976776, -0.4999999701976776, 5.000000171712609e-6, -0.21079675705898798, -0.1, -0.1, -0.1, -0.1, -0.1, -0.1, -0.1, -0.1, -0.1]
[NNENUM] ub: [-0.00625, -0.33623147889292704, 5.000000171712609e-6, -0.08052249040043885, 0.09999999999999999, 0.09999999999999999, 0.09999999999999999, 0.09999999999999999, 0.09999999999999999, 0.09999999999999999, 0.09999999999999999, 0.09999999999999999, 0.09999999999999999]
[NNENUM] Creating LP Star...
[NNENUM] Checking feasibility
[NNENUM] Generating output Spec...
[NNENUM] Spec list length:  6
[NNENUM] Enumeration in progress... 
(0.1 sec) Q: 0, Sets: 0/1  (0.0%) CEs: 0 ETA: - (expected 1 stars)   
(0.2 sec) Q: 0, Sets: 1/7  (12.5%) CEs: 0 ETA: 1.3 sec (expected 8 stars)   
(0.3 sec) Q: 0, Sets: 5/17  (25.0%) CEs: 0 ETA: 0.9 sec (expected 20 stars)   (0.4 sec) Q: 0, Sets: 10/17  (25.391%) CEs: 0 ETA: 1.3 sec (expected 39 stars)   
(0.5 sec) Q: 0, Sets: 11/17  (25.781%) CEs: 0 ETA: 1.6 sec (expected 43 stars)   (0.6 sec) Q: 0, Sets: 12/17  (26.562%) CEs: 0 ETA: 1.8 sec (expected 45 stars)   (0.9 sec) Q: 0, Sets: 14/18  (31.25%) CEs: 0 ETA: 2.0 sec (expected 45 stars)   (1.1 sec) Q: 0, Sets: 20/23  (34.375%) CEs: 0 ETA: 2.0 sec (expected 58 stars)   
(1.3 sec) Q: 0, Sets: 20/23  (34.375%) CEs: 0 ETA: 2.5 sec (expected 58 stars)   
Total Stars: 23 (1 exact, 22 approx)
Unfinished Stars: 0
Runtime: 1.4 sec
Completed work frac: 1.0
Num Stars Copied Between Processes: 0
Num Lps During Enumeration: 10
Total Num Lps: 10

Result: network is SAFE

[NNENUM] Result: 
<nnenum.result.Result object at 0x747e3a5816d0>
[NNENUM] Enumeration finished.
safe
[NNENUM] Found counter-example stars: 0
[NNENUM] Filtering result using SMT solver...
[SMT] SMT filtered out 0 stars (out of 0; TO: 0).
[QUERY] Looking for nonlinear input combinations...
[QUERY] Found all non-linear combinations. Count: 1
[QUERY] Returning nonlinear disjunction
[CTRL] Considering conjunction with 39 input constraints and a disjunction of size 6
[APPROX] Checking cache: SNNT.Approx.ApproxCacheObject[]
[APPROX] Constructing Approximation
[APPROX] Resolving approximation
[CTRL] Initiating iterator over current linear queries
[APPROX] # Conjunctions over output: 6
[CTRL] Processing linear query no. 224
[NNENUM] Running nnenum now...
[NNENUM] lb: [-0.4999999701976776, -0.4999999701976776, 5.000000171712609e-6, -0.21079675705898798, -0.1, -0.1, -0.1, -0.1, -0.1, -0.1, -0.1, -0.1, -0.1]
[NNENUM] ub: [-0.00625, -0.33623147889292704, 5.000000171712609e-6, -0.08052249040043885, 0.09999999999999999, 0.09999999999999999, 0.09999999999999999, 0.09999999999999999, 0.09999999999999999, 0.09999999999999999, 0.09999999999999999, 0.09999999999999999, 0.09999999999999999]
[NNENUM] Creating LP Star...
[NNENUM] Checking feasibility
[NNENUM] Generating output Spec...
[NNENUM] Spec list length:  6
[NNENUM] Enumeration in progress... 
(0.1 sec) Q: 0, Sets: 0/1  (0.0%) CEs: 0 ETA: - (expected 1 stars)   
(0.2 sec) Q: 0, Sets: 5/9  (6.25%) CEs: 0 ETA: 2.9 sec (expected 80 stars)   
(0.4 sec) Q: 0, Sets: 7/9  (25.0%) CEs: 0 ETA: 1.1 sec (expected 28 stars)   (0.5 sec) Q: 0, Sets: 9/12  (31.25%) CEs: 0 ETA: 1.1 sec (expected 29 stars)   
(0.6 sec) Q: 0, Sets: 16/25  (37.915%) CEs: 0 ETA: 1.0 sec (expected 42 stars)   (0.8 sec) Q: 0, Sets: 22/25  (40.625%) CEs: 0 ETA: 1.1 sec (expected 54 stars)   (0.9 sec) Q: 0, Sets: 22/26  (40.625%) CEs: 0 ETA: 1.4 sec (expected 54 stars)   (1.0 sec) Q: 0, Sets: 24/30  (40.82%) CEs: 0 ETA: 1.5 sec (expected 59 stars)   
(1.1 sec) Q: 0, Sets: 27/34  (42.188%) CEs: 0 ETA: 1.6 sec (expected 64 stars)   (1.3 sec) Q: 0, Sets: 33/35  (43.75%) CEs: 0 ETA: 1.7 sec (expected 75 stars)   (1.4 sec) Q: 0, Sets: 33/35  (43.75%) CEs: 0 ETA: 1.8 sec (expected 75 stars)   (1.6 sec) Q: 0, Sets: 40/43  (65.625%) CEs: 0 ETA: 0.8 sec (expected 61 stars)   (1.7 sec) Q: 0, Sets: 40/43  (65.625%) CEs: 0 ETA: 0.9 sec (expected 61 stars)   (1.8 sec) Q: 0, Sets: 45/50  (87.891%) CEs: 0 ETA: 0.2 sec (expected 51 stars)   
Total Stars: 53 (0 exact, 53 approx)
Unfinished Stars: 0
Runtime: 1.9 sec
Completed work frac: 1.0
Num Stars Copied Between Processes: 0
Num Lps During Enumeration: 0
Total Num Lps: 0

Result: network is SAFE

[NNENUM] Result: 
<nnenum.result.Result object at 0x747e3a5a1d90>
[NNENUM] Enumeration finished.
safe
[NNENUM] Found counter-example stars: 0
[NNENUM] Filtering result using SMT solver...
[SMT] SMT filtered out 0 stars (out of 0; TO: 0).
[QUERY] Looking for nonlinear input combinations...
[QUERY] Found all non-linear combinations. Count: 1
[QUERY] Returning nonlinear disjunction
[CTRL] Considering conjunction with 39 input constraints and a disjunction of size 6
[APPROX] Checking cache: SNNT.Approx.ApproxCacheObject[]
[APPROX] Constructing Approximation
[APPROX] Resolving approximation
[CTRL] Initiating iterator over current linear queries
[APPROX] # Conjunctions over output: 6
[CTRL] Processing linear query no. 225
[NNENUM] Running nnenum now...
[NNENUM] lb: [-0.4999999701976776, -0.4999999701976776, 5.000000171712609e-6, -0.21079675705898798, -0.1, -0.1, -0.1, -0.1, -0.1, -0.1, -0.1, -0.1, -0.1]
[NNENUM] ub: [-0.00625, -0.33623147889292704, 5.000000171712609e-6, -0.08052249040043885, 0.09999999999999999, 0.09999999999999999, 0.09999999999999999, 0.09999999999999999, 0.09999999999999999, 0.09999999999999999, 0.09999999999999999, 0.09999999999999999, 0.09999999999999999]
[NNENUM] Creating LP Star...
[NNENUM] Checking feasibility
[NNENUM] Generating output Spec...
[NNENUM] Spec list length:  6
[NNENUM] Enumeration in progress... 
(0.1 sec) Q: 0, Sets: 0/1  (0.0%) CEs: 0 ETA: - (expected 1 stars)   

Total Stars: 7 (0 exact, 7 approx)
Unfinished Stars: 0
Runtime: 0.2 sec
Completed work frac: 1.0
Num Stars Copied Between Processes: 0
Num Lps During Enumeration: 0
Total Num Lps: 0

Result: network is SAFE

[NNENUM] Result: 
<nnenum.result.Result object at 0x747e3a5b8490>
[NNENUM] Enumeration finished.
safe
[NNENUM] Found counter-example stars: 0
[NNENUM] Filtering result using SMT solver...
[SMT] SMT filtered out 0 stars (out of 0; TO: 0).
[QUERY] Looking for nonlinear input combinations...
[QUERY] Found all non-linear combinations. Count: 2
[QUERY] Returning nonlinear disjunction
[CTRL] Considering conjunction with 39 input constraints and a disjunction of size 6
[APPROX] Checking cache: SNNT.Approx.ApproxCacheObject[]
[APPROX] Constructing Approximation
[APPROX] Resolving approximation
[CTRL] Initiating iterator over current linear queries
[APPROX] # Conjunctions over output: 6
[CTRL] Processing linear query no. 226
[NNENUM] Running nnenum now...
[NNENUM] lb: [-0.4999999701976776, -0.4999999701976776, 5.000000171712609e-6, -0.3499999940395355, -0.1, -0.1, -0.1, -0.1, -0.1, -0.1, -0.1, -0.1, -0.1]
[NNENUM] ub: [-0.00625, -0.33623147889292704, 5.000000171712609e-6, -0.21079675705898798, 0.09999999999999999, 0.09999999999999999, 0.09999999999999999, 0.09999999999999999, 0.09999999999999999, 0.09999999999999999, 0.09999999999999999, 0.09999999999999999, 0.09999999999999999]
[NNENUM] Creating LP Star...
[NNENUM] Checking feasibility
[NNENUM] Generating output Spec...
[NNENUM] Spec list length:  6
[NNENUM] Enumeration in progress... 
(0.1 sec) Q: 0, Sets: 0/1  (0.0%) CEs: 0 ETA: - (expected 1 stars)   
(0.2 sec) Q: 0, Sets: 0/2  (0.0%) CEs: 0 ETA: - (expected 1 stars)   
(0.3 sec) Q: 0, Sets: 1/9  (0.391%) CEs: 0 ETA: 1.3 min (expected 256 stars)   (0.4 sec) Q: 0, Sets: 7/9  (25.0%) CEs: 0 ETA: 1.3 sec (expected 28 stars)   
(0.5 sec) Q: 0, Sets: 10/17  (50.0%) CEs: 0 ETA: 0.5 sec (expected 20 stars)   (0.6 sec) Q: 0, Sets: 16/23  (50.391%) CEs: 0 ETA: 0.6 sec (expected 32 stars)   (0.7 sec) Q: 0, Sets: 20/30  (51.587%) CEs: 0 ETA: 0.7 sec (expected 39 stars)   (0.9 sec) Q: 0, Sets: 28/30  (62.5%) CEs: 0 ETA: 0.5 sec (expected 45 stars)   

Total Stars: 30 (2 exact, 28 approx)
Unfinished Stars: 0
Runtime: 1.0 sec
Completed work frac: 1.0
Num Stars Copied Between Processes: 0
Num Lps During Enumeration: 54
Total Num Lps: 54

Result: network is SAFE

[NNENUM] Result: 
<nnenum.result.Result object at 0x747e3a5a6e80>
[NNENUM] Enumeration finished.
safe
[NNENUM] Found counter-example stars: 0
[NNENUM] Filtering result using SMT solver...
[SMT] SMT filtered out 0 stars (out of 0; TO: 0).
[QUERY] Looking for nonlinear input combinations...
[QUERY] Found all non-linear combinations. Count: 2
[QUERY] Returning nonlinear disjunction
[CTRL] Considering conjunction with 39 input constraints and a disjunction of size 6
[APPROX] Checking cache: SNNT.Approx.ApproxCacheObject[]
[APPROX] Constructing Approximation
[APPROX] Resolving approximation
[CTRL] Initiating iterator over current linear queries
[APPROX] # Conjunctions over output: 6
[CTRL] Processing linear query no. 227
[NNENUM] Running nnenum now...
[NNENUM] lb: [-0.4999999701976776, -0.4999999701976776, 5.000000171712609e-6, -0.21079675705898798, -0.1, -0.1, -0.1, -0.1, -0.1, -0.1, -0.1, -0.1, -0.1]
[NNENUM] ub: [-0.00625, -0.33623147889292704, 5.000000171712609e-6, -0.08052249040043885, 0.09999999999999999, 0.09999999999999999, 0.09999999999999999, 0.09999999999999999, 0.09999999999999999, 0.09999999999999999, 0.09999999999999999, 0.09999999999999999, 0.09999999999999999]
[NNENUM] Creating LP Star...
[NNENUM] Checking feasibility
[NNENUM] Generating output Spec...
[NNENUM] Spec list length:  6
[NNENUM] Enumeration in progress... 
(0.1 sec) Q: 0, Sets: 0/1  (0.0%) CEs: 0 ETA: - (expected 1 stars)   
(0.2 sec) Q: 0, Sets: 1/8  (6.25%) CEs: 0 ETA: 2.9 sec (expected 16 stars)   
(0.3 sec) Q: 0, Sets: 9/12  (25.0%) CEs: 0 ETA: 0.9 sec (expected 36 stars)   (0.4 sec) Q: 0, Sets: 17/17  (100.0%) CEs: 0 ETA: 0.0 sec (expected 17 stars)   

Total Stars: 17 (0 exact, 17 approx)
Unfinished Stars: 0
Runtime: 0.4 sec
Completed work frac: 1.0
Num Stars Copied Between Processes: 0
Num Lps During Enumeration: 0
Total Num Lps: 0

Result: network is SAFE

[NNENUM] Result: 
<nnenum.result.Result object at 0x747e3a5a1cd0>
[NNENUM] Enumeration finished.
safe
[NNENUM] Found counter-example stars: 0
[NNENUM] Filtering result using SMT solver...
[SMT] SMT filtered out 0 stars (out of 0; TO: 0).
[QUERY] Looking for nonlinear input combinations...
.[QUERY] Found all non-linear combinations. Count: 2
[QUERY] Returning nonlinear disjunction
[CTRL] Considering conjunction with 39 input constraints and a disjunction of size 6
[APPROX] Checking cache: SNNT.Approx.ApproxCacheObject[]
[APPROX] Constructing Approximation
[APPROX] Resolving approximation
[CTRL] Initiating iterator over current linear queries
[APPROX] # Conjunctions over output: 6
[CTRL] Processing linear query no. 228
[NNENUM] Running nnenum now...
[NNENUM] lb: [-0.4999999701976776, -0.4999999701976776, 5.000000171712609e-6, -0.21079675705898798, -0.1, -0.1, -0.1, -0.1, -0.1, -0.1, -0.1, -0.1, -0.1]
[NNENUM] ub: [-0.00625, -0.33623147889292704, 5.000000171712609e-6, -0.08052249040043885, 0.09999999999999999, 0.09999999999999999, 0.09999999999999999, 0.09999999999999999, 0.09999999999999999, 0.09999999999999999, 0.09999999999999999, 0.09999999999999999, 0.09999999999999999]
[NNENUM] Creating LP Star...
[NNENUM] Checking feasibility
[NNENUM] Generating output Spec...
[NNENUM] Spec list length:  6
[NNENUM] Enumeration in progress... 
(0.1 sec) Q: 0, Sets: 0/1  (0.0%) CEs: 0 ETA: - (expected 1 stars)   
(0.2 sec) Q: 0, Sets: 1/6  (3.125%) CEs: 0 ETA: 5.9 sec (expected 32 stars)   

Total Stars: 6 (0 exact, 6 approx)
Unfinished Stars: 0
Runtime: 0.2 sec
Completed work frac: 1.0
Num Stars Copied Between Processes: 0
Num Lps During Enumeration: 0
Total Num Lps: 0

Result: network is SAFE

[NNENUM] Result: 
<nnenum.result.Result object at 0x747e3a5a63d0>
[NNENUM] Enumeration finished.
safe
[NNENUM] Found counter-example stars: 0
[NNENUM] Filtering result using SMT solver...
[SMT] SMT filtered out 0 stars (out of 0; TO: 0).
[QUERY] Looking for nonlinear input combinations...
[QUERY] Found all non-linear combinations. Count: 2
[QUERY] Returning nonlinear disjunction
[CTRL] Considering conjunction with 39 input constraints and a disjunction of size 6
[APPROX] Checking cache: SNNT.Approx.ApproxCacheObject[]
[APPROX] Constructing Approximation
[APPROX] Resolving approximation
[CTRL] Initiating iterator over current linear queries
[APPROX] # Conjunctions over output: 6
[CTRL] Processing linear query no. 229
[NNENUM] Running nnenum now...
[NNENUM] lb: [-0.4999999701976776, -0.4999999701976776, 5.000000171712609e-6, -0.21079675705898798, -0.1, -0.1, -0.1, -0.1, -0.1, -0.1, -0.1, -0.1, -0.1]
[NNENUM] ub: [-0.00625, -0.33623147889292704, 5.000000171712609e-6, -0.08052249040043885, 0.09999999999999999, 0.09999999999999999, 0.09999999999999999, 0.09999999999999999, 0.09999999999999999, 0.09999999999999999, 0.09999999999999999, 0.09999999999999999, 0.09999999999999999]
[NNENUM] Creating LP Star...
[NNENUM] Checking feasibility
[NNENUM] Generating output Spec...
[NNENUM] Spec list length:  6
[NNENUM] Enumeration in progress... 
(0.0 sec) Q: 0, Sets: 0/1  (0.0%) CEs: 0 ETA: - (expected 1 stars)   
(0.1 sec) Q: 0, Sets: 2/6  (6.25%) CEs: 0 ETA: 2.2 sec (expected 32 stars)   

Total Stars: 10 (2 exact, 8 approx)
Unfinished Stars: 0
Runtime: 0.2 sec
Completed work frac: 1.0
Num Stars Copied Between Processes: 0
Num Lps During Enumeration: 82
Total Num Lps: 82

Result: network is SAFE

[NNENUM] Result: 
<nnenum.result.Result object at 0x747e3a581a90>
[NNENUM] Enumeration finished.
safe
[NNENUM] Found counter-example stars: 0
[NNENUM] Filtering result using SMT solver...
[SMT] SMT filtered out 0 stars (out of 0; TO: 0).
[QUERY] Looking for nonlinear input combinations...
[QUERY] Found all non-linear combinations. Count: 1
[QUERY] Returning nonlinear disjunction
[CTRL] Considering conjunction with 39 input constraints and a disjunction of size 6
[APPROX] Checking cache: SNNT.Approx.ApproxCacheObject[]
[APPROX] Constructing Approximation
[APPROX] Resolving approximation
[CTRL] Initiating iterator over current linear queries
[APPROX] # Conjunctions over output: 6
[CTRL] Processing linear query no. 230
[NNENUM] Running nnenum now...
[NNENUM] lb: [-0.4999999701976776, -0.4999999701976776, 5.000000171712609e-6, -0.21079675705898798, -0.1, -0.1, -0.1, -0.1, -0.1, -0.1, -0.1, -0.1, -0.1]
[NNENUM] ub: [-0.00625, -0.33623147889292704, 5.000000171712609e-6, -0.08052249040043885, 0.09999999999999999, 0.09999999999999999, 0.09999999999999999, 0.09999999999999999, 0.09999999999999999, 0.09999999999999999, 0.09999999999999999, 0.09999999999999999, 0.09999999999999999]
[NNENUM] Creating LP Star...
[NNENUM] Checking feasibility
[NNENUM] Generating output Spec...
[NNENUM] Spec list length:  6
[NNENUM] Enumeration in progress... 
(0.0 sec) Q: 0, Sets: 0/1  (0.0%) CEs: 0 ETA: - (expected 1 stars)   
(0.2 sec) Q: 0, Sets: 3/5  (81.25%) CEs: 0 ETA: 0.0 sec (expected 4 stars)   

Total Stars: 6 (1 exact, 5 approx)
Unfinished Stars: 0
Runtime: 0.2 sec
Completed work frac: 1.0
Num Stars Copied Between Processes: 0
Num Lps During Enumeration: 31
Total Num Lps: 31

Result: network is SAFE

[NNENUM] Result: 
<nnenum.result.Result object at 0x747e3af27190>
[NNENUM] Enumeration finished.
safe
[NNENUM] Found counter-example stars: 0
[NNENUM] Filtering result using SMT solver...
[SMT] SMT filtered out 0 stars (out of 0; TO: 0).
[QUERY] Looking for nonlinear input combinations...
.[QUERY] Found all non-linear combinations. Count: 1
[QUERY] Returning nonlinear disjunction
[CTRL] Considering conjunction with 39 input constraints and a disjunction of size 6
[APPROX] Checking cache: SNNT.Approx.ApproxCacheObject[]
[APPROX] Constructing Approximation
[APPROX] Resolving approximation
[CTRL] Initiating iterator over current linear queries
[APPROX] # Conjunctions over output: 6
[CTRL] Processing linear query no. 231
[NNENUM] Running nnenum now...
[NNENUM] lb: [-0.4999999701976776, -0.4999999701976776, 5.000000171712609e-6, -0.21079675705898798, -0.1, -0.1, -0.1, -0.1, -0.1, -0.1, -0.1, -0.1, -0.1]
[NNENUM] ub: [-0.00625, -0.33623147889292704, 5.000000171712609e-6, -0.08052249040043885, 0.09999999999999999, 0.09999999999999999, 0.09999999999999999, 0.09999999999999999, 0.09999999999999999, 0.09999999999999999, 0.09999999999999999, 0.09999999999999999, 0.09999999999999999]
[NNENUM] Creating LP Star...
[NNENUM] Checking feasibility
[NNENUM] Generating output Spec...
[NNENUM] Spec list length:  6
[NNENUM] Enumeration in progress... 
(0.1 sec) Q: 0, Sets: 0/1  (0.0%) CEs: 0 ETA: - (expected 1 stars)   
(0.2 sec) Q: 0, Sets: 0/2  (0.0%) CEs: 0 ETA: - (expected 1 stars)   

Total Stars: 5 (1 exact, 4 approx)
Unfinished Stars: 0
Runtime: 0.3 sec
Completed work frac: 1.0
Num Stars Copied Between Processes: 0
Num Lps During Enumeration: 123
Total Num Lps: 123

Result: network is SAFE

[NNENUM] Result: 
<nnenum.result.Result object at 0x747e3af29b80>
[NNENUM] Enumeration finished.
safe
[NNENUM] Found counter-example stars: 0
[NNENUM] Filtering result using SMT solver...
[SMT] SMT filtered out 0 stars (out of 0; TO: 0).
[QUERY] Looking for nonlinear input combinations...
[QUERY] Found all non-linear combinations. Count: 1
[QUERY] Returning nonlinear disjunction
[CTRL] Considering conjunction with 39 input constraints and a disjunction of size 6
[APPROX] Checking cache: SNNT.Approx.ApproxCacheObject[]
[APPROX] Constructing Approximation
[APPROX] Resolving approximation
[CTRL] Initiating iterator over current linear queries
[APPROX] # Conjunctions over output: 6
[CTRL] Processing linear query no. 232
[NNENUM] Running nnenum now...
[NNENUM] lb: [-0.4999999701976776, -0.4999999701976776, 5.000000171712609e-6, -0.21079675705898798, -0.1, -0.1, -0.1, -0.1, -0.1, -0.1, -0.1, -0.1, -0.1]
[NNENUM] ub: [-0.00625, -0.33623147889292704, 5.000000171712609e-6, -0.08052249040043885, 0.09999999999999999, 0.09999999999999999, 0.09999999999999999, 0.09999999999999999, 0.09999999999999999, 0.09999999999999999, 0.09999999999999999, 0.09999999999999999, 0.09999999999999999]
[NNENUM] Creating LP Star...
[NNENUM] Checking feasibility
[NNENUM] Generating output Spec...
[NNENUM] Spec list length:  6
[NNENUM] Enumeration in progress... 
(0.1 sec) Q: 0, Sets: 0/1  (0.0%) CEs: 0 ETA: - (expected 1 stars)   

Total Stars: 5 (0 exact, 5 approx)
Unfinished Stars: 0
Runtime: 0.2 sec
Completed work frac: 1.0
Num Stars Copied Between Processes: 0
Num Lps During Enumeration: 0
Total Num Lps: 0

Result: network is SAFE

[NNENUM] Result: 
<nnenum.result.Result object at 0x747e3a59ff70>
[NNENUM] Enumeration finished.
safe
[NNENUM] Found counter-example stars: 0
[NNENUM] Filtering result using SMT solver...
[SMT] SMT filtered out 0 stars (out of 0; TO: 0).
[QUERY] Looking for nonlinear input combinations...
[QUERY] Found all non-linear combinations. Count: 1
[QUERY] Returning nonlinear disjunction
[CTRL] Considering conjunction with 39 input constraints and a disjunction of size 6
[APPROX] Checking cache: SNNT.Approx.ApproxCacheObject[]
[APPROX] Constructing Approximation
[APPROX] Resolving approximation
[CTRL] Initiating iterator over current linear queries
[APPROX] # Conjunctions over output: 6
[CTRL] Processing linear query no. 233
[NNENUM] Running nnenum now...
[NNENUM] lb: [-0.4999999701976776, -0.4999999701976776, 5.000000171712609e-6, -0.21079675705898798, -0.1, -0.1, -0.1, -0.1, -0.1, -0.1, -0.1, -0.1, -0.1]
[NNENUM] ub: [-0.00625, -0.33623147889292704, 5.000000171712609e-6, -0.08052249040043885, 0.09999999999999999, 0.09999999999999999, 0.09999999999999999, 0.09999999999999999, 0.09999999999999999, 0.09999999999999999, 0.09999999999999999, 0.09999999999999999, 0.09999999999999999]
[NNENUM] Creating LP Star...
[NNENUM] Checking feasibility
[NNENUM] Generating output Spec...
[NNENUM] Spec list length:  6
[NNENUM] Enumeration in progress... 
(0.1 sec) Q: 0, Sets: 0/1  (0.0%) CEs: 0 ETA: - (expected 1 stars)   
(0.2 sec) Q: 0, Sets: 0/2  (0.0%) CEs: 0 ETA: - (expected 1 stars)   

Total Stars: 8 (0 exact, 8 approx)
Unfinished Stars: 0
Runtime: 0.3 sec
Completed work frac: 1.0
Num Stars Copied Between Processes: 0
Num Lps During Enumeration: 0
Total Num Lps: 0

Result: network is SAFE

[NNENUM] Result: 
<nnenum.result.Result object at 0x747e3a5a4880>
[NNENUM] Enumeration finished.
safe
[NNENUM] Found counter-example stars: 0
[NNENUM] Filtering result using SMT solver...
[SMT] SMT filtered out 0 stars (out of 0; TO: 0).
[QUERY] Looking for nonlinear input combinations...
[QUERY] Found all non-linear combinations. Count: 1
[QUERY] Returning nonlinear disjunction
[CTRL] Considering conjunction with 39 input constraints and a disjunction of size 6
[APPROX] Checking cache: SNNT.Approx.ApproxCacheObject[]
[APPROX] Constructing Approximation
[APPROX] Resolving approximation
[CTRL] Initiating iterator over current linear queries
[APPROX] # Conjunctions over output: 6
[CTRL] Processing linear query no. 234
[NNENUM] Running nnenum now...
[NNENUM] lb: [-0.4999999701976776, -0.4999999701976776, 5.000000171712609e-6, -0.21079675705898798, -0.1, -0.1, -0.1, -0.1, -0.1, -0.1, -0.1, -0.1, -0.1]
[NNENUM] ub: [-0.00625, -0.33623147889292704, 5.000000171712609e-6, -0.08052249040043885, 0.09999999999999999, 0.09999999999999999, 0.09999999999999999, 0.09999999999999999, 0.09999999999999999, 0.09999999999999999, 0.09999999999999999, 0.09999999999999999, 0.09999999999999999]
[NNENUM] Creating LP Star...
[NNENUM] Checking feasibility
[NNENUM] Generating output Spec...
[NNENUM] Spec list length:  6
[NNENUM] Enumeration in progress... 
(0.0 sec) Q: 0, Sets: 0/1  (0.0%) CEs: 0 ETA: - (expected 1 stars)   

Total Stars: 6 (1 exact, 5 approx)
Unfinished Stars: 0
Runtime: 0.1 sec
Completed work frac: 1.0
Num Stars Copied Between Processes: 0
Num Lps During Enumeration: 149
Total Num Lps: 149

Result: network is SAFE

[NNENUM] Result: 
<nnenum.result.Result object at 0x747e3a5a6a30>
[NNENUM] Enumeration finished.
safe
[NNENUM] Found counter-example stars: 0
[NNENUM] Filtering result using SMT solver...
[SMT] SMT filtered out 0 stars (out of 0; TO: 0).
[QUERY] Looking for nonlinear input combinations...
.[QUERY] Found all non-linear combinations. Count: 1
[QUERY] Returning nonlinear disjunction
[CTRL] Considering conjunction with 39 input constraints and a disjunction of size 6
[APPROX] Checking cache: SNNT.Approx.ApproxCacheObject[]
[APPROX] Constructing Approximation
[APPROX] Resolving approximation
[CTRL] Initiating iterator over current linear queries
[APPROX] # Conjunctions over output: 6
[CTRL] Processing linear query no. 235
[NNENUM] Running nnenum now...
[NNENUM] lb: [-0.4999999701976776, -0.4999999701976776, 5.000000171712609e-6, -0.21079675705898798, -0.1, -0.1, -0.1, -0.1, -0.1, -0.1, -0.1, -0.1, -0.1]
[NNENUM] ub: [-0.00625, -0.33623147889292704, 5.000000171712609e-6, -0.08052249040043885, 0.09999999999999999, 0.09999999999999999, 0.09999999999999999, 0.09999999999999999, 0.09999999999999999, 0.09999999999999999, 0.09999999999999999, 0.09999999999999999, 0.09999999999999999]
[NNENUM] Creating LP Star...
[NNENUM] Checking feasibility
[NNENUM] Generating output Spec...
[NNENUM] Spec list length:  6
[NNENUM] Enumeration in progress... 
(0.1 sec) Q: 0, Sets: 0/1  (0.0%) CEs: 0 ETA: - (expected 1 stars)   
(0.2 sec) Q: 0, Sets: 0/2  (0.0%) CEs: 0 ETA: - (expected 1 stars)   

Total Stars: 8 (0 exact, 8 approx)
Unfinished Stars: 0
Runtime: 0.3 sec
Completed work frac: 1.0
Num Stars Copied Between Processes: 0
Num Lps During Enumeration: 0
Total Num Lps: 0

Result: network is SAFE

[NNENUM] Result: 
<nnenum.result.Result object at 0x747e3a5bd2b0>
[NNENUM] Enumeration finished.
safe
[NNENUM] Found counter-example stars: 0
[NNENUM] Filtering result using SMT solver...
[SMT] SMT filtered out 0 stars (out of 0; TO: 0).
[QUERY] Looking for nonlinear input combinations...
[QUERY] Found all non-linear combinations. Count: 2
[QUERY] Returning nonlinear disjunction
[CTRL] Considering conjunction with 39 input constraints and a disjunction of size 6
[APPROX] Checking cache: SNNT.Approx.ApproxCacheObject[]
[APPROX] Constructing Approximation
[APPROX] Resolving approximation
[CTRL] Initiating iterator over current linear queries
[APPROX] # Conjunctions over output: 6
[CTRL] Processing linear query no. 236
[NNENUM] Running nnenum now...
[NNENUM] lb: [-0.4999999701976776, -0.4999999701976776, 5.000000171712609e-6, -0.21079675705898798, -0.1, -0.1, -0.1, -0.1, -0.1, -0.1, -0.1, -0.1, -0.1]
[NNENUM] ub: [-0.00625, -0.33623147889292704, 5.000000171712609e-6, -0.08052249040043885, 0.09999999999999999, 0.09999999999999999, 0.09999999999999999, 0.09999999999999999, 0.09999999999999999, 0.09999999999999999, 0.09999999999999999, 0.09999999999999999, 0.09999999999999999]
[NNENUM] Creating LP Star...
[NNENUM] Checking feasibility
[NNENUM] Generating output Spec...
[NNENUM] Spec list length:  6
[NNENUM] Enumeration in progress... 
(0.1 sec) Q: 0, Sets: 0/1  (0.0%) CEs: 0 ETA: - (expected 1 stars)   

Total Stars: 5 (0 exact, 5 approx)
Unfinished Stars: 0
Runtime: 0.2 sec
Completed work frac: 1.0
Num Stars Copied Between Processes: 0
Num Lps During Enumeration: 0
Total Num Lps: 0

Result: network is SAFE

[NNENUM] Result: 
<nnenum.result.Result object at 0x747e3a5a6280>
[NNENUM] Enumeration finished.
safe
[NNENUM] Found counter-example stars: 0
[NNENUM] Filtering result using SMT solver...
[SMT] SMT filtered out 0 stars (out of 0; TO: 0).
[QUERY] Looking for nonlinear input combinations...
[QUERY] Found all non-linear combinations. Count: 2
[QUERY] Returning nonlinear disjunction
[CTRL] Considering conjunction with 39 input constraints and a disjunction of size 6
[APPROX] Checking cache: SNNT.Approx.ApproxCacheObject[]
[APPROX] Constructing Approximation
[APPROX] Resolving approximation
[CTRL] Initiating iterator over current linear queries
[APPROX] # Conjunctions over output: 6
[CTRL] Processing linear query no. 237
[NNENUM] Running nnenum now...
[NNENUM] lb: [-0.4999999701976776, -0.4999999701976776, 5.000000171712609e-6, -0.21079675705898798, -0.1, -0.1, -0.1, -0.1, -0.1, -0.1, -0.1, -0.1, -0.1]
[NNENUM] ub: [-0.00625, -0.33623147889292704, 5.000000171712609e-6, -0.08052249040043885, 0.09999999999999999, 0.09999999999999999, 0.09999999999999999, 0.09999999999999999, 0.09999999999999999, 0.09999999999999999, 0.09999999999999999, 0.09999999999999999, 0.09999999999999999]
[NNENUM] Creating LP Star...
[NNENUM] Checking feasibility
[NNENUM] Generating output Spec...
[NNENUM] Spec list length:  6
[NNENUM] Enumeration in progress... 
(0.1 sec) Q: 0, Sets: 0/1  (0.0%) CEs: 0 ETA: - (expected 1 stars)   
(0.2 sec) Q: 0, Sets: 0/2  (0.0%) CEs: 0 ETA: - (expected 1 stars)   

Total Stars: 4 (0 exact, 4 approx)
Unfinished Stars: 0
Runtime: 0.3 sec
Completed work frac: 1.0
Num Stars Copied Between Processes: 0
Num Lps During Enumeration: 0
Total Num Lps: 0

Result: network is SAFE

[NNENUM] Result: 
<nnenum.result.Result object at 0x747e3a5921f0>
[NNENUM] Enumeration finished.
safe
[NNENUM] Found counter-example stars: 0
[NNENUM] Filtering result using SMT solver...
[SMT] SMT filtered out 0 stars (out of 0; TO: 0).
[QUERY] Looking for nonlinear input combinations...
[QUERY] Found all non-linear combinations. Count: 2
[QUERY] Returning nonlinear disjunction
[CTRL] Considering conjunction with 39 input constraints and a disjunction of size 6
[APPROX] Checking cache: SNNT.Approx.ApproxCacheObject[]
[APPROX] Constructing Approximation
[APPROX] Resolving approximation
[CTRL] Initiating iterator over current linear queries
[APPROX] # Conjunctions over output: 6
[CTRL] Processing linear query no. 238
[NNENUM] Running nnenum now...
[NNENUM] lb: [-0.4999999701976776, -0.4999999701976776, 5.000000171712609e-6, -0.21079675705898798, -0.1, -0.1, -0.1, -0.1, -0.1, -0.1, -0.1, -0.1, -0.1]
[NNENUM] ub: [-0.00625, -0.33623147889292704, 5.000000171712609e-6, -0.08052249040043885, 0.09999999999999999, 0.09999999999999999, 0.09999999999999999, 0.09999999999999999, 0.09999999999999999, 0.09999999999999999, 0.09999999999999999, 0.09999999999999999, 0.09999999999999999]
[NNENUM] Creating LP Star...
[NNENUM] Checking feasibility
[NNENUM] Generating output Spec...
[NNENUM] Spec list length:  6
[NNENUM] Enumeration in progress... 
(0.0 sec) Q: 0, Sets: 0/1  (0.0%) CEs: 0 ETA: - (expected 1 stars)   

Total Stars: 7 (0 exact, 7 approx)
Unfinished Stars: 0
Runtime: 0.1 sec
Completed work frac: 1.0
Num Stars Copied Between Processes: 0
Num Lps During Enumeration: 0
Total Num Lps: 0

Result: network is SAFE

[NNENUM] Result: 
<nnenum.result.Result object at 0x747e3a581c10>
[NNENUM] Enumeration finished.
safe
[NNENUM] Found counter-example stars: 0
[NNENUM] Filtering result using SMT solver...
[SMT] SMT filtered out 0 stars (out of 0; TO: 0).
[QUERY] Looking for nonlinear input combinations...
.[QUERY] Found all non-linear combinations. Count: 2
[QUERY] Returning nonlinear disjunction
[CTRL] Considering conjunction with 39 input constraints and a disjunction of size 6
[APPROX] Checking cache: SNNT.Approx.ApproxCacheObject[]
[APPROX] Constructing Approximation
[APPROX] Resolving approximation
[CTRL] Initiating iterator over current linear queries
[APPROX] # Conjunctions over output: 6
[CTRL] Processing linear query no. 239
[NNENUM] Running nnenum now...
[NNENUM] lb: [-0.4999999701976776, -0.4999999701976776, 5.000000171712609e-6, -0.21079675705898798, -0.1, -0.1, -0.1, -0.1, -0.1, -0.1, -0.1, -0.1, -0.1]
[NNENUM] ub: [-0.00625, -0.33623147889292704, 5.000000171712609e-6, -0.08052249040043885, 0.09999999999999999, 0.09999999999999999, 0.09999999999999999, 0.09999999999999999, 0.09999999999999999, 0.09999999999999999, 0.09999999999999999, 0.09999999999999999, 0.09999999999999999]
[NNENUM] Creating LP Star...
[NNENUM] Checking feasibility
[NNENUM] Generating output Spec...
[NNENUM] Spec list length:  6
[NNENUM] Enumeration in progress... 
(0.1 sec) Q: 0, Sets: 0/1  (0.0%) CEs: 0 ETA: - (expected 1 stars)   
(0.2 sec) Q: 0, Sets: 0/2  (0.0%) CEs: 0 ETA: - (expected 1 stars)   

Total Stars: 6 (2 exact, 4 approx)
Unfinished Stars: 0
Runtime: 0.3 sec
Completed work frac: 1.0
Num Stars Copied Between Processes: 0
Num Lps During Enumeration: 121
Total Num Lps: 121

Result: network is SAFE

[NNENUM] Result: 
<nnenum.result.Result object at 0x747e3af29280>
[NNENUM] Enumeration finished.
safe
[NNENUM] Found counter-example stars: 0
[NNENUM] Filtering result using SMT solver...
[SMT] SMT filtered out 0 stars (out of 0; TO: 0).
[QUERY] Looking for nonlinear input combinations...
[QUERY] Found all non-linear combinations. Count: 2
[QUERY] Returning nonlinear disjunction
[CTRL] Considering conjunction with 39 input constraints and a disjunction of size 6
[APPROX] Checking cache: SNNT.Approx.ApproxCacheObject[]
[APPROX] Constructing Approximation
[APPROX] Resolving approximation
[CTRL] Initiating iterator over current linear queries
[APPROX] # Conjunctions over output: 6
[CTRL] Processing linear query no. 240
[NNENUM] Running nnenum now...
[NNENUM] lb: [-0.4999999701976776, -0.4999999701976776, 5.000000171712609e-6, -0.21079675705898798, -0.1, -0.1, -0.1, -0.1, -0.1, -0.1, -0.1, -0.1, -0.1]
[NNENUM] ub: [-0.00625, -0.33623147889292704, 5.000000171712609e-6, -0.08052249040043885, 0.09999999999999999, 0.09999999999999999, 0.09999999999999999, 0.09999999999999999, 0.09999999999999999, 0.09999999999999999, 0.09999999999999999, 0.09999999999999999, 0.09999999999999999]
[NNENUM] Creating LP Star...
[NNENUM] Checking feasibility
[NNENUM] Generating output Spec...
[NNENUM] Spec list length:  6
[NNENUM] Enumeration in progress... 
(0.1 sec) Q: 0, Sets: 0/1  (0.0%) CEs: 0 ETA: - (expected 1 stars)   

Total Stars: 3 (2 exact, 1 approx)
Unfinished Stars: 0
Runtime: 0.1 sec
Completed work frac: 1.0
Num Stars Copied Between Processes: 0
Num Lps During Enumeration: 199
Total Num Lps: 199

Result: network is SAFE

[NNENUM] Result: 
<nnenum.result.Result object at 0x747e3a5b80d0>
[NNENUM] Enumeration finished.
safe
[NNENUM] Found counter-example stars: 0
[NNENUM] Filtering result using SMT solver...
[SMT] SMT filtered out 0 stars (out of 0; TO: 0).
[QUERY] Looking for nonlinear input combinations...
[QUERY] Found all non-linear combinations. Count: 1
[QUERY] Returning nonlinear disjunction
[CTRL] Considering conjunction with 39 input constraints and a disjunction of size 6
[APPROX] Checking cache: SNNT.Approx.ApproxCacheObject[]
[APPROX] Constructing Approximation
[APPROX] Resolving approximation
[CTRL] Initiating iterator over current linear queries
[APPROX] # Conjunctions over output: 6
[CTRL] Processing linear query no. 241
[NNENUM] Running nnenum now...
[NNENUM] lb: [-0.4999999701976776, -0.4999999701976776, 5.000000171712609e-6, -0.21079675705898798, -0.1, -0.1, -0.1, -0.1, -0.1, -0.1, -0.1, -0.1, -0.1]
[NNENUM] ub: [-0.00625, -0.33623147889292704, 5.000000171712609e-6, -0.08052249040043885, 0.09999999999999999, 0.09999999999999999, 0.09999999999999999, 0.09999999999999999, 0.09999999999999999, 0.09999999999999999, 0.09999999999999999, 0.09999999999999999, 0.09999999999999999]
[NNENUM] Creating LP Star...
[NNENUM] Checking feasibility
[NNENUM] Generating output Spec...
[NNENUM] Spec list length:  6
[NNENUM] Enumeration in progress... 
(0.1 sec) Q: 0, Sets: 0/1  (0.0%) CEs: 0 ETA: - (expected 1 stars)   
(0.2 sec) Q: 0, Sets: 0/2  (0.0%) CEs: 0 ETA: - (expected 1 stars)   

Total Stars: 3 (1 exact, 2 approx)
Unfinished Stars: 0
Runtime: 0.2 sec
Completed work frac: 1.0
Num Stars Copied Between Processes: 0
Num Lps During Enumeration: 101
Total Num Lps: 101

Result: network is SAFE

[NNENUM] Result: 
<nnenum.result.Result object at 0x747e3af34ac0>
[NNENUM] Enumeration finished.
safe
[NNENUM] Found counter-example stars: 0
[NNENUM] Filtering result using SMT solver...
[SMT] SMT filtered out 0 stars (out of 0; TO: 0).
[QUERY] Looking for nonlinear input combinations...
[QUERY] Found all non-linear combinations. Count: 2
[QUERY] Returning nonlinear disjunction
[CTRL] Considering conjunction with 39 input constraints and a disjunction of size 6
[APPROX] Checking cache: SNNT.Approx.ApproxCacheObject[]
[APPROX] Constructing Approximation
[APPROX] Resolving approximation
[CTRL] Initiating iterator over current linear queries
[APPROX] # Conjunctions over output: 6
[CTRL] Processing linear query no. 242
[NNENUM] Running nnenum now...
[NNENUM] lb: [-0.4999999701976776, -0.4999999701976776, 5.000000171712609e-6, -0.21079675705898798, -0.1, -0.1, -0.1, -0.1, -0.1, -0.1, -0.1, -0.1, -0.1]
[NNENUM] ub: [-0.00625, -0.33623147889292704, 5.000000171712609e-6, -0.08052249040043885, 0.09999999999999999, 0.09999999999999999, 0.09999999999999999, 0.09999999999999999, 0.09999999999999999, 0.09999999999999999, 0.09999999999999999, 0.09999999999999999, 0.09999999999999999]
[NNENUM] Creating LP Star...
[NNENUM] Checking feasibility
[NNENUM] Generating output Spec...
[NNENUM] Spec list length:  6
[NNENUM] Enumeration in progress... 
(0.1 sec) Q: 0, Sets: 0/1  (0.0%) CEs: 0 ETA: - (expected 1 stars)   
(0.2 sec) Q: 0, Sets: 3/5  (43.75%) CEs: 0 ETA: 0.2 sec (expected 7 stars)   

Total Stars: 5 (2 exact, 3 approx)
Unfinished Stars: 0
Runtime: 0.2 sec
Completed work frac: 1.0
Num Stars Copied Between Processes: 0
Num Lps During Enumeration: 133
Total Num Lps: 133

Result: network is SAFE

[NNENUM] Result: 
<nnenum.result.Result object at 0x747e3a5b8910>
[NNENUM] Enumeration finished.
safe
[NNENUM] Found counter-example stars: 0
[NNENUM] Filtering result using SMT solver...
[SMT] SMT filtered out 0 stars (out of 0; TO: 0).
[QUERY] Looking for nonlinear input combinations...
[QUERY] Found all non-linear combinations. Count: 1
[QUERY] Returning nonlinear disjunction
[CTRL] Considering conjunction with 39 input constraints and a disjunction of size 6
[APPROX] Checking cache: SNNT.Approx.ApproxCacheObject[]
[APPROX] Constructing Approximation
[APPROX] Resolving approximation
[CTRL] Initiating iterator over current linear queries
[APPROX] # Conjunctions over output: 6
[CTRL] Processing linear query no. 243
[NNENUM] Running nnenum now...
[NNENUM] lb: [-0.4999999701976776, -0.4999999701976776, 5.000000171712609e-6, -0.21079675705898798, -0.1, -0.1, -0.1, -0.1, -0.1, -0.1, -0.1, -0.1, -0.1]
[NNENUM] ub: [-0.00625, -0.33623147889292704, 5.000000171712609e-6, -0.08052249040043885, 0.09999999999999999, 0.09999999999999999, 0.09999999999999999, 0.09999999999999999, 0.09999999999999999, 0.09999999999999999, 0.09999999999999999, 0.09999999999999999, 0.09999999999999999]
[NNENUM] Creating LP Star...
[NNENUM] Checking feasibility
[NNENUM] Generating output Spec...
[NNENUM] Spec list length:  6
[NNENUM] Enumeration in progress... 
(0.0 sec) Q: 0, Sets: 0/1  (0.0%) CEs: 0 ETA: - (expected 1 stars)   
(0.2 sec) Q: 0, Sets: 0/2  (0.0%) CEs: 0 ETA: - (expected 1 stars)   

Total Stars: 4 (2 exact, 2 approx)
Unfinished Stars: 0
Runtime: 0.2 sec
Completed work frac: 1.0
Num Stars Copied Between Processes: 0
Num Lps During Enumeration: 70
Total Num Lps: 70

Result: network is SAFE

[NNENUM] Result: 
<nnenum.result.Result object at 0x747e3af34340>
[NNENUM] Enumeration finished.
safe
[NNENUM] Found counter-example stars: 0
[NNENUM] Filtering result using SMT solver...
[SMT] SMT filtered out 0 stars (out of 0; TO: 0).
[QUERY] Looking for nonlinear input combinations...
[QUERY] Found all non-linear combinations. Count: 2
[QUERY] Returning nonlinear disjunction
[CTRL] Considering conjunction with 39 input constraints and a disjunction of size 6
[APPROX] Checking cache: SNNT.Approx.ApproxCacheObject[]
[APPROX] Constructing Approximation
[APPROX] Resolving approximation
[CTRL] Initiating iterator over current linear queries
[APPROX] # Conjunctions over output: 6
[CTRL] Processing linear query no. 244
[NNENUM] Running nnenum now...
[NNENUM] lb: [-0.4999999701976776, -0.4999999701976776, 5.000000171712609e-6, -0.21079675705898798, -0.1, -0.1, -0.1, -0.1, -0.1, -0.1, -0.1, -0.1, -0.1]
[NNENUM] ub: [-0.00625, -0.33623147889292704, 5.000000171712609e-6, -0.08052249040043885, 0.09999999999999999, 0.09999999999999999, 0.09999999999999999, 0.09999999999999999, 0.09999999999999999, 0.09999999999999999, 0.09999999999999999, 0.09999999999999999, 0.09999999999999999]
[NNENUM] Creating LP Star...
[NNENUM] Checking feasibility
[NNENUM] Generating output Spec...
[NNENUM] Spec list length:  6
[NNENUM] Enumeration in progress... 
(0.1 sec) Q: 0, Sets: 0/1  (0.0%) CEs: 0 ETA: - (expected 1 stars)   

Total Stars: 2 (1 exact, 1 approx)
Unfinished Stars: 0
Runtime: 0.1 sec
Completed work frac: 1.0
Num Stars Copied Between Processes: 0
Num Lps During Enumeration: 168
Total Num Lps: 168

Result: network is SAFE

[NNENUM] Result: 
<nnenum.result.Result object at 0x747e3af34190>
[NNENUM] Enumeration finished.
safe
[NNENUM] Found counter-example stars: 0
[NNENUM] Filtering result using SMT solver...
[SMT] SMT filtered out 0 stars (out of 0; TO: 0).
[QUERY] Looking for nonlinear input combinations...
[QUERY] Found all non-linear combinations. Count: 1
[QUERY] Returning nonlinear disjunction
[CTRL] Considering conjunction with 39 input constraints and a disjunction of size 6
[APPROX] Checking cache: SNNT.Approx.ApproxCacheObject[]
[APPROX] Constructing Approximation
[APPROX] Resolving approximation
[CTRL] Initiating iterator over current linear queries
[APPROX] # Conjunctions over output: 6
[CTRL] Processing linear query no. 245
[NNENUM] Running nnenum now...
[NNENUM] lb: [-0.4999999701976776, -0.4999999701976776, 5.000000171712609e-6, -0.21079675705898798, -0.1, -0.1, -0.1, -0.1, -0.1, -0.1, -0.1, -0.1, -0.1]
[NNENUM] ub: [-0.00625, -0.33623147889292704, 5.000000171712609e-6, -0.08052249040043885, 0.09999999999999999, 0.09999999999999999, 0.09999999999999999, 0.09999999999999999, 0.09999999999999999, 0.09999999999999999, 0.09999999999999999, 0.09999999999999999, 0.09999999999999999]
[NNENUM] Creating LP Star...
[NNENUM] Checking feasibility
[NNENUM] Generating output Spec...
[NNENUM] Spec list length:  6
[NNENUM] Enumeration in progress... 
(0.1 sec) Q: 0, Sets: 0/1  (0.0%) CEs: 0 ETA: - (expected 1 stars)   
(0.2 sec) Q: 0, Sets: 0/2  (0.0%) CEs: 0 ETA: - (expected 1 stars)   

Total Stars: 6 (2 exact, 4 approx)
Unfinished Stars: 0
Runtime: 0.3 sec
Completed work frac: 1.0
Num Stars Copied Between Processes: 0
Num Lps During Enumeration: 85
Total Num Lps: 85

Result: network is SAFE

[NNENUM] Result: 
<nnenum.result.Result object at 0x747e3af34b80>
[NNENUM] Enumeration finished.
safe
[NNENUM] Found counter-example stars: 0
[NNENUM] Filtering result using SMT solver...
[SMT] SMT filtered out 0 stars (out of 0; TO: 0).
[QUERY] Looking for nonlinear input combinations...
[QUERY] Found all non-linear combinations. Count: 1
[QUERY] Returning nonlinear disjunction
[CTRL] Considering conjunction with 39 input constraints and a disjunction of size 6
[APPROX] Checking cache: SNNT.Approx.ApproxCacheObject[]
[APPROX] Constructing Approximation
[APPROX] Resolving approximation
[CTRL] Initiating iterator over current linear queries
[APPROX] # Conjunctions over output: 6
[CTRL] Processing linear query no. 246
[NNENUM] Running nnenum now...
[NNENUM] lb: [-0.4999999701976776, -0.4999999701976776, 5.000000171712609e-6, -0.21079675705898798, -0.1, -0.1, -0.1, -0.1, -0.1, -0.1, -0.1, -0.1, -0.1]
[NNENUM] ub: [-0.00625, -0.33623147889292704, 5.000000171712609e-6, -0.08052249040043885, 0.09999999999999999, 0.09999999999999999, 0.09999999999999999, 0.09999999999999999, 0.09999999999999999, 0.09999999999999999, 0.09999999999999999, 0.09999999999999999, 0.09999999999999999]
[NNENUM] Creating LP Star...
[NNENUM] Checking feasibility
[NNENUM] Generating output Spec...
[NNENUM] Spec list length:  6
[NNENUM] Enumeration in progress... 
(0.1 sec) Q: 0, Sets: 0/1  (0.0%) CEs: 0 ETA: - (expected 1 stars)   

Total Stars: 6 (1 exact, 5 approx)
Unfinished Stars: 0
Runtime: 0.2 sec
Completed work frac: 1.0
Num Stars Copied Between Processes: 0
Num Lps During Enumeration: 60
Total Num Lps: 60

Result: network is SAFE

[NNENUM] Result: 
<nnenum.result.Result object at 0x747e3af349d0>
[NNENUM] Enumeration finished.
safe
[NNENUM] Found counter-example stars: 0
[NNENUM] Filtering result using SMT solver...
[SMT] SMT filtered out 0 stars (out of 0; TO: 0).
[QUERY] Looking for nonlinear input combinations...
[QUERY] Found all non-linear combinations. Count: 1
[QUERY] Returning nonlinear disjunction
[CTRL] Considering conjunction with 39 input constraints and a disjunction of size 6
[APPROX] Checking cache: SNNT.Approx.ApproxCacheObject[]
[APPROX] Constructing Approximation
[APPROX] Resolving approximation
[CTRL] Initiating iterator over current linear queries
[APPROX] # Conjunctions over output: 6
[CTRL] Processing linear query no. 247
[NNENUM] Running nnenum now...
[NNENUM] lb: [-0.4999999701976776, -0.4999999701976776, 5.000000171712609e-6, -0.21079675705898798, -0.1, -0.1, -0.1, -0.1, -0.1, -0.1, -0.1, -0.1, -0.1]
[NNENUM] ub: [-0.00625, -0.33623147889292704, 5.000000171712609e-6, -0.08052249040043885, 0.09999999999999999, 0.09999999999999999, 0.09999999999999999, 0.09999999999999999, 0.09999999999999999, 0.09999999999999999, 0.09999999999999999, 0.09999999999999999, 0.09999999999999999]
[NNENUM] Creating LP Star...
[NNENUM] Checking feasibility
[NNENUM] Generating output Spec...
[NNENUM] Spec list length:  6
[NNENUM] Enumeration in progress... 
(0.1 sec) Q: 0, Sets: 0/1  (0.0%) CEs: 0 ETA: - (expected 1 stars)   
(0.2 sec) Q: 0, Sets: 0/2  (0.0%) CEs: 0 ETA: - (expected 1 stars)   
(0.3 sec) Q: 0, Sets: 4/7  (25.0%) CEs: 0 ETA: 0.9 sec (expected 16 stars)   (0.5 sec) Q: 0, Sets: 11/13  (37.5%) CEs: 0 ETA: 0.8 sec (expected 29 stars)   
(0.6 sec) Q: 0, Sets: 13/20  (51.562%) CEs: 0 ETA: 0.5 sec (expected 25 stars)   
Total Stars: 23 (2 exact, 21 approx)
Unfinished Stars: 0
Runtime: 0.6 sec
Completed work frac: 1.0
Num Stars Copied Between Processes: 0
Num Lps During Enumeration: 122
Total Num Lps: 122

Result: network is SAFE

[NNENUM] Result: 
<nnenum.result.Result object at 0x747e3af2a400>
[NNENUM] Enumeration finished.
safe
[NNENUM] Found counter-example stars: 0
[NNENUM] Filtering result using SMT solver...
[SMT] SMT filtered out 0 stars (out of 0; TO: 0).
[QUERY] Looking for nonlinear input combinations...
[QUERY] Found all non-linear combinations. Count: 1
[QUERY] Returning nonlinear disjunction
[CTRL] Considering conjunction with 39 input constraints and a disjunction of size 6
[APPROX] Checking cache: SNNT.Approx.ApproxCacheObject[]
[APPROX] Constructing Approximation
[APPROX] Resolving approximation
[CTRL] Initiating iterator over current linear queries
[APPROX] # Conjunctions over output: 6
[CTRL] Processing linear query no. 248
[NNENUM] Running nnenum now...
[NNENUM] lb: [-0.4999999701976776, -0.4999999701976776, 5.000000171712609e-6, -0.3499999940395355, -0.1, -0.1, -0.1, -0.1, -0.1, -0.1, -0.1, -0.1, -0.1]
[NNENUM] ub: [-0.00625, -0.33623147889292704, 5.000000171712609e-6, -0.21079675705898798, 0.09999999999999999, 0.09999999999999999, 0.09999999999999999, 0.09999999999999999, 0.09999999999999999, 0.09999999999999999, 0.09999999999999999, 0.09999999999999999, 0.09999999999999999]
[NNENUM] Creating LP Star...
[NNENUM] Checking feasibility
[NNENUM] Generating output Spec...
[NNENUM] Spec list length:  6
[NNENUM] Enumeration in progress... 
(0.0 sec) Q: 0, Sets: 0/1  (0.0%) CEs: 0 ETA: - (expected 1 stars)   

Total Stars: 4 (0 exact, 4 approx)
Unfinished Stars: 0
Runtime: 0.1 sec
Completed work frac: 1.0
Num Stars Copied Between Processes: 0
Num Lps During Enumeration: 0
Total Num Lps: 0

Result: network is SAFE

[NNENUM] Result: 
<nnenum.result.Result object at 0x747e3af2a250>
[NNENUM] Enumeration finished.
safe
[NNENUM] Found counter-example stars: 0
[NNENUM] Filtering result using SMT solver...
[SMT] SMT filtered out 0 stars (out of 0; TO: 0).
┌ Warning: Generating independent linear disjunctions
└ @ SNNT.QueryGeneration ~/Dokumente/Projects/CPS/NN-Safety-via-dL/repos/NCubeV-Reinstall/src/QueryGeneration/Iterator.jl:420
┌ Warning: Make sure you are not using this option for non-mixed constraints!
└ @ SNNT.QueryGeneration ~/Dokumente/Projects/CPS/NN-Safety-via-dL/repos/NCubeV-Reinstall/src/QueryGeneration/Iterator.jl:421
┌ Warning: Generating independent linear disjunctions
└ @ SNNT.QueryGeneration ~/Dokumente/Projects/CPS/NN-Safety-via-dL/repos/NCubeV-Reinstall/src/QueryGeneration/Iterator.jl:420
┌ Warning: Make sure you are not using this option for non-mixed constraints!
└ @ SNNT.QueryGeneration ~/Dokumente/Projects/CPS/NN-Safety-via-dL/repos/NCubeV-Reinstall/src/QueryGeneration/Iterator.jl:421
┌ Warning: Generating independent linear disjunctions
└ @ SNNT.QueryGeneration ~/Dokumente/Projects/CPS/NN-Safety-via-dL/repos/NCubeV-Reinstall/src/QueryGeneration/Iterator.jl:420
┌ Warning: Make sure you are not using this option for non-mixed constraints!
└ @ SNNT.QueryGeneration ~/Dokumente/Projects/CPS/NN-Safety-via-dL/repos/NCubeV-Reinstall/src/QueryGeneration/Iterator.jl:421
┌ Warning: Generating independent linear disjunctions
└ @ SNNT.QueryGeneration ~/Dokumente/Projects/CPS/NN-Safety-via-dL/repos/NCubeV-Reinstall/src/QueryGeneration/Iterator.jl:420
┌ Warning: Make sure you are not using this option for non-mixed constraints!
└ @ SNNT.QueryGeneration ~/Dokumente/Projects/CPS/NN-Safety-via-dL/repos/NCubeV-Reinstall/src/QueryGeneration/Iterator.jl:421
┌ Warning: Generating independent linear disjunctions
└ @ SNNT.QueryGeneration ~/Dokumente/Projects/CPS/NN-Safety-via-dL/repos/NCubeV-Reinstall/src/QueryGeneration/Iterator.jl:420
┌ Warning: Make sure you are not using this option for non-mixed constraints!
└ @ SNNT.QueryGeneration ~/Dokumente/Projects/CPS/NN-Safety-via-dL/repos/NCubeV-Reinstall/src/QueryGeneration/Iterator.jl:421
┌ Warning: Generating independent linear disjunctions
└ @ SNNT.QueryGeneration ~/Dokumente/Projects/CPS/NN-Safety-via-dL/repos/NCubeV-Reinstall/src/QueryGeneration/Iterator.jl:420
┌ Warning: Make sure you are not using this option for non-mixed constraints!
└ @ SNNT.QueryGeneration ~/Dokumente/Projects/CPS/NN-Safety-via-dL/repos/NCubeV-Reinstall/src/QueryGeneration/Iterator.jl:421
┌ Warning: Generating independent linear disjunctions
└ @ SNNT.QueryGeneration ~/Dokumente/Projects/CPS/NN-Safety-via-dL/repos/NCubeV-Reinstall/src/QueryGeneration/Iterator.jl:420
┌ Warning: Make sure you are not using this option for non-mixed constraints!
└ @ SNNT.QueryGeneration ~/Dokumente/Projects/CPS/NN-Safety-via-dL/repos/NCubeV-Reinstall/src/QueryGeneration/Iterator.jl:421
┌ Warning: Generating independent linear disjunctions
└ @ SNNT.QueryGeneration ~/Dokumente/Projects/CPS/NN-Safety-via-dL/repos/NCubeV-Reinstall/src/QueryGeneration/Iterator.jl:420
┌ Warning: Make sure you are not using this option for non-mixed constraints!
└ @ SNNT.QueryGeneration ~/Dokumente/Projects/CPS/NN-Safety-via-dL/repos/NCubeV-Reinstall/src/QueryGeneration/Iterator.jl:421
┌ Warning: Generating independent linear disjunctions
└ @ SNNT.QueryGeneration ~/Dokumente/Projects/CPS/NN-Safety-via-dL/repos/NCubeV-Reinstall/src/QueryGeneration/Iterator.jl:420
┌ Warning: Make sure you are not using this option for non-mixed constraints!
└ @ SNNT.QueryGeneration ~/Dokumente/Projects/CPS/NN-Safety-via-dL/repos/NCubeV-Reinstall/src/QueryGeneration/Iterator.jl:421
┌ Warning: Generating independent linear disjunctions
└ @ SNNT.QueryGeneration ~/Dokumente/Projects/CPS/NN-Safety-via-dL/repos/NCubeV-Reinstall/src/QueryGeneration/Iterator.jl:420
┌ Warning: Make sure you are not using this option for non-mixed constraints!
└ @ SNNT.QueryGeneration ~/Dokumente/Projects/CPS/NN-Safety-via-dL/repos/NCubeV-Reinstall/src/QueryGeneration/Iterator.jl:421
┌ Warning: Generating independent linear disjunctions
└ @ SNNT.QueryGeneration ~/Dokumente/Projects/CPS/NN-Safety-via-dL/repos/NCubeV-Reinstall/src/QueryGeneration/Iterator.jl:420
┌ Warning: Make sure you are not using this option for non-mixed constraints!
└ @ SNNT.QueryGeneration ~/Dokumente/Projects/CPS/NN-Safety-via-dL/repos/NCubeV-Reinstall/src/QueryGeneration/Iterator.jl:421
┌ Warning: Generating independent linear disjunctions
└ @ SNNT.QueryGeneration ~/Dokumente/Projects/CPS/NN-Safety-via-dL/repos/NCubeV-Reinstall/src/QueryGeneration/Iterator.jl:420
┌ Warning: Make sure you are not using this option for non-mixed constraints!
└ @ SNNT.QueryGeneration ~/Dokumente/Projects/CPS/NN-Safety-via-dL/repos/NCubeV-Reinstall/src/QueryGeneration/Iterator.jl:421
┌ Warning: Generating independent linear disjunctions
└ @ SNNT.QueryGeneration ~/Dokumente/Projects/CPS/NN-Safety-via-dL/repos/NCubeV-Reinstall/src/QueryGeneration/Iterator.jl:420
┌ Warning: Make sure you are not using this option for non-mixed constraints!
└ @ SNNT.QueryGeneration ~/Dokumente/Projects/CPS/NN-Safety-via-dL/repos/NCubeV-Reinstall/src/QueryGeneration/Iterator.jl:421
┌ Warning: Generating independent linear disjunctions
└ @ SNNT.QueryGeneration ~/Dokumente/Projects/CPS/NN-Safety-via-dL/repos/NCubeV-Reinstall/src/QueryGeneration/Iterator.jl:420
┌ Warning: Make sure you are not using this option for non-mixed constraints!
└ @ SNNT.QueryGeneration ~/Dokumente/Projects/CPS/NN-Safety-via-dL/repos/NCubeV-Reinstall/src/QueryGeneration/Iterator.jl:421
┌ Warning: Generating independent linear disjunctions
└ @ SNNT.QueryGeneration ~/Dokumente/Projects/CPS/NN-Safety-via-dL/repos/NCubeV-Reinstall/src/QueryGeneration/Iterator.jl:420
┌ Warning: Make sure you are not using this option for non-mixed constraints!
└ @ SNNT.QueryGeneration ~/Dokumente/Projects/CPS/NN-Safety-via-dL/repos/NCubeV-Reinstall/src/QueryGeneration/Iterator.jl:421
┌ Warning: Generating independent linear disjunctions
└ @ SNNT.QueryGeneration ~/Dokumente/Projects/CPS/NN-Safety-via-dL/repos/NCubeV-Reinstall/src/QueryGeneration/Iterator.jl:420
┌ Warning: Make sure you are not using this option for non-mixed constraints!
└ @ SNNT.QueryGeneration ~/Dokumente/Projects/CPS/NN-Safety-via-dL/repos/NCubeV-Reinstall/src/QueryGeneration/Iterator.jl:421
┌ Warning: Generating independent linear disjunctions
└ @ SNNT.QueryGeneration ~/Dokumente/Projects/CPS/NN-Safety-via-dL/repos/NCubeV-Reinstall/src/QueryGeneration/Iterator.jl:420
┌ Warning: Make sure you are not using this option for non-mixed constraints!
└ @ SNNT.QueryGeneration ~/Dokumente/Projects/CPS/NN-Safety-via-dL/repos/NCubeV-Reinstall/src/QueryGeneration/Iterator.jl:421
┌ Warning: Generating independent linear disjunctions
└ @ SNNT.QueryGeneration ~/Dokumente/Projects/CPS/NN-Safety-via-dL/repos/NCubeV-Reinstall/src/QueryGeneration/Iterator.jl:420
┌ Warning: Make sure you are not using this option for non-mixed constraints!
└ @ SNNT.QueryGeneration ~/Dokumente/Projects/CPS/NN-Safety-via-dL/repos/NCubeV-Reinstall/src/QueryGeneration/Iterator.jl:421
┌ Warning: Generating independent linear disjunctions
└ @ SNNT.QueryGeneration ~/Dokumente/Projects/CPS/NN-Safety-via-dL/repos/NCubeV-Reinstall/src/QueryGeneration/Iterator.jl:420
┌ Warning: Make sure you are not using this option for non-mixed constraints!
└ @ SNNT.QueryGeneration ~/Dokumente/Projects/CPS/NN-Safety-via-dL/repos/NCubeV-Reinstall/src/QueryGeneration/Iterator.jl:421
┌ Warning: Generating independent linear disjunctions
└ @ SNNT.QueryGeneration ~/Dokumente/Projects/CPS/NN-Safety-via-dL/repos/NCubeV-Reinstall/src/QueryGeneration/Iterator.jl:420
┌ Warning: Make sure you are not using this option for non-mixed constraints!
└ @ SNNT.QueryGeneration ~/Dokumente/Projects/CPS/NN-Safety-via-dL/repos/NCubeV-Reinstall/src/QueryGeneration/Iterator.jl:421
┌ Warning: Generating independent linear disjunctions
└ @ SNNT.QueryGeneration ~/Dokumente/Projects/CPS/NN-Safety-via-dL/repos/NCubeV-Reinstall/src/QueryGeneration/Iterator.jl:420
┌ Warning: Make sure you are not using this option for non-mixed constraints!
└ @ SNNT.QueryGeneration ~/Dokumente/Projects/CPS/NN-Safety-via-dL/repos/NCubeV-Reinstall/src/QueryGeneration/Iterator.jl:421
┌ Warning: Generating independent linear disjunctions
└ @ SNNT.QueryGeneration ~/Dokumente/Projects/CPS/NN-Safety-via-dL/repos/NCubeV-Reinstall/src/QueryGeneration/Iterator.jl:420
┌ Warning: Make sure you are not using this option for non-mixed constraints!
└ @ SNNT.QueryGeneration ~/Dokumente/Projects/CPS/NN-Safety-via-dL/repos/NCubeV-Reinstall/src/QueryGeneration/Iterator.jl:421
┌ Warning: Generating independent linear disjunctions
└ @ SNNT.QueryGeneration ~/Dokumente/Projects/CPS/NN-Safety-via-dL/repos/NCubeV-Reinstall/src/QueryGeneration/Iterator.jl:420
┌ Warning: Make sure you are not using this option for non-mixed constraints!
└ @ SNNT.QueryGeneration ~/Dokumente/Projects/CPS/NN-Safety-via-dL/repos/NCubeV-Reinstall/src/QueryGeneration/Iterator.jl:421
┌ Warning: Generating independent linear disjunctions
└ @ SNNT.QueryGeneration ~/Dokumente/Projects/CPS/NN-Safety-via-dL/repos/NCubeV-Reinstall/src/QueryGeneration/Iterator.jl:420
┌ Warning: Make sure you are not using this option for non-mixed constraints!
└ @ SNNT.QueryGeneration ~/Dokumente/Projects/CPS/NN-Safety-via-dL/repos/NCubeV-Reinstall/src/QueryGeneration/Iterator.jl:421
┌ Warning: Generating independent linear disjunctions
└ @ SNNT.QueryGeneration ~/Dokumente/Projects/CPS/NN-Safety-via-dL/repos/NCubeV-Reinstall/src/QueryGeneration/Iterator.jl:420
┌ Warning: Make sure you are not using this option for non-mixed constraints!
└ @ SNNT.QueryGeneration ~/Dokumente/Projects/CPS/NN-Safety-via-dL/repos/NCubeV-Reinstall/src/QueryGeneration/Iterator.jl:421
┌ Warning: Generating independent linear disjunctions
└ @ SNNT.QueryGeneration ~/Dokumente/Projects/CPS/NN-Safety-via-dL/repos/NCubeV-Reinstall/src/QueryGeneration/Iterator.jl:420
┌ Warning: Make sure you are not using this option for non-mixed constraints!
└ @ SNNT.QueryGeneration ~/Dokumente/Projects/CPS/NN-Safety-via-dL/repos/NCubeV-Reinstall/src/QueryGeneration/Iterator.jl:421
┌ Warning: Generating independent linear disjunctions
└ @ SNNT.QueryGeneration ~/Dokumente/Projects/CPS/NN-Safety-via-dL/repos/NCubeV-Reinstall/src/QueryGeneration/Iterator.jl:420
┌ Warning: Make sure you are not using this option for non-mixed constraints!
└ @ SNNT.QueryGeneration ~/Dokumente/Projects/CPS/NN-Safety-via-dL/repos/NCubeV-Reinstall/src/QueryGeneration/Iterator.jl:421
┌ Warning: Generating independent linear disjunctions
└ @ SNNT.QueryGeneration ~/Dokumente/Projects/CPS/NN-Safety-via-dL/repos/NCubeV-Reinstall/src/QueryGeneration/Iterator.jl:420
┌ Warning: Make sure you are not using this option for non-mixed constraints!
└ @ SNNT.QueryGeneration ~/Dokumente/Projects/CPS/NN-Safety-via-dL/repos/NCubeV-Reinstall/src/QueryGeneration/Iterator.jl:421
┌ Warning: Generating independent linear disjunctions
└ @ SNNT.QueryGeneration ~/Dokumente/Projects/CPS/NN-Safety-via-dL/repos/NCubeV-Reinstall/src/QueryGeneration/Iterator.jl:420
┌ Warning: Make sure you are not using this option for non-mixed constraints!
└ @ SNNT.QueryGeneration ~/Dokumente/Projects/CPS/NN-Safety-via-dL/repos/NCubeV-Reinstall/src/QueryGeneration/Iterator.jl:421
┌ Warning: Generating independent linear disjunctions
└ @ SNNT.QueryGeneration ~/Dokumente/Projects/CPS/NN-Safety-via-dL/repos/NCubeV-Reinstall/src/QueryGeneration/Iterator.jl:420
┌ Warning: Make sure you are not using this option for non-mixed constraints!
└ @ SNNT.QueryGeneration ~/Dokumente/Projects/CPS/NN-Safety-via-dL/repos/NCubeV-Reinstall/src/QueryGeneration/Iterator.jl:421
┌ Warning: Generating independent linear disjunctions
└ @ SNNT.QueryGeneration ~/Dokumente/Projects/CPS/NN-Safety-via-dL/repos/NCubeV-Reinstall/src/QueryGeneration/Iterator.jl:420
┌ Warning: Make sure you are not using this option for non-mixed constraints!
└ @ SNNT.QueryGeneration ~/Dokumente/Projects/CPS/NN-Safety-via-dL/repos/NCubeV-Reinstall/src/QueryGeneration/Iterator.jl:421
┌ Warning: Generating independent linear disjunctions
└ @ SNNT.QueryGeneration ~/Dokumente/Projects/CPS/NN-Safety-via-dL/repos/NCubeV-Reinstall/src/QueryGeneration/Iterator.jl:420
┌ Warning: Make sure you are not using this option for non-mixed constraints!
└ @ SNNT.QueryGeneration ~/Dokumente/Projects/CPS/NN-Safety-via-dL/repos/NCubeV-Reinstall/src/QueryGeneration/Iterator.jl:421
┌ Warning: Generating independent linear disjunctions
└ @ SNNT.QueryGeneration ~/Dokumente/Projects/CPS/NN-Safety-via-dL/repos/NCubeV-Reinstall/src/QueryGeneration/Iterator.jl:420
┌ Warning: Make sure you are not using this option for non-mixed constraints!
└ @ SNNT.QueryGeneration ~/Dokumente/Projects/CPS/NN-Safety-via-dL/repos/NCubeV-Reinstall/src/QueryGeneration/Iterator.jl:421
┌ Warning: Generating independent linear disjunctions
└ @ SNNT.QueryGeneration ~/Dokumente/Projects/CPS/NN-Safety-via-dL/repos/NCubeV-Reinstall/src/QueryGeneration/Iterator.jl:420
┌ Warning: Make sure you are not using this option for non-mixed constraints!
└ @ SNNT.QueryGeneration ~/Dokumente/Projects/CPS/NN-Safety-via-dL/repos/NCubeV-Reinstall/src/QueryGeneration/Iterator.jl:421
┌ Warning: Generating independent linear disjunctions
└ @ SNNT.QueryGeneration ~/Dokumente/Projects/CPS/NN-Safety-via-dL/repos/NCubeV-Reinstall/src/QueryGeneration/Iterator.jl:420
┌ Warning: Make sure you are not using this option for non-mixed constraints!
└ @ SNNT.QueryGeneration ~/Dokumente/Projects/CPS/NN-Safety-via-dL/repos/NCubeV-Reinstall/src/QueryGeneration/Iterator.jl:421
┌ Warning: Generating independent linear disjunctions
└ @ SNNT.QueryGeneration ~/Dokumente/Projects/CPS/NN-Safety-via-dL/repos/NCubeV-Reinstall/src/QueryGeneration/Iterator.jl:420
┌ Warning: Make sure you are not using this option for non-mixed constraints!
└ @ SNNT.QueryGeneration ~/Dokumente/Projects/CPS/NN-Safety-via-dL/repos/NCubeV-Reinstall/src/QueryGeneration/Iterator.jl:421
┌ Warning: Generating independent linear disjunctions
└ @ SNNT.QueryGeneration ~/Dokumente/Projects/CPS/NN-Safety-via-dL/repos/NCubeV-Reinstall/src/QueryGeneration/Iterator.jl:420
┌ Warning: Make sure you are not using this option for non-mixed constraints!
└ @ SNNT.QueryGeneration ~/Dokumente/Projects/CPS/NN-Safety-via-dL/repos/NCubeV-Reinstall/src/QueryGeneration/Iterator.jl:421
┌ Warning: Generating independent linear disjunctions
└ @ SNNT.QueryGeneration ~/Dokumente/Projects/CPS/NN-Safety-via-dL/repos/NCubeV-Reinstall/src/QueryGeneration/Iterator.jl:420
┌ Warning: Make sure you are not using this option for non-mixed constraints!
└ @ SNNT.QueryGeneration ~/Dokumente/Projects/CPS/NN-Safety-via-dL/repos/NCubeV-Reinstall/src/QueryGeneration/Iterator.jl:421
┌ Warning: Generating independent linear disjunctions
└ @ SNNT.QueryGeneration ~/Dokumente/Projects/CPS/NN-Safety-via-dL/repos/NCubeV-Reinstall/src/QueryGeneration/Iterator.jl:420
┌ Warning: Make sure you are not using this option for non-mixed constraints!
└ @ SNNT.QueryGeneration ~/Dokumente/Projects/CPS/NN-Safety-via-dL/repos/NCubeV-Reinstall/src/QueryGeneration/Iterator.jl:421
┌ Warning: Generating independent linear disjunctions
└ @ SNNT.QueryGeneration ~/Dokumente/Projects/CPS/NN-Safety-via-dL/repos/NCubeV-Reinstall/src/QueryGeneration/Iterator.jl:420
┌ Warning: Make sure you are not using this option for non-mixed constraints!
└ @ SNNT.QueryGeneration ~/Dokumente/Projects/CPS/NN-Safety-via-dL/repos/NCubeV-Reinstall/src/QueryGeneration/Iterator.jl:421
┌ Warning: Generating independent linear disjunctions
└ @ SNNT.QueryGeneration ~/Dokumente/Projects/CPS/NN-Safety-via-dL/repos/NCubeV-Reinstall/src/QueryGeneration/Iterator.jl:420
┌ Warning: Make sure you are not using this option for non-mixed constraints!
└ @ SNNT.QueryGeneration ~/Dokumente/Projects/CPS/NN-Safety-via-dL/repos/NCubeV-Reinstall/src/QueryGeneration/Iterator.jl:421
┌ Warning: Generating independent linear disjunctions
└ @ SNNT.QueryGeneration ~/Dokumente/Projects/CPS/NN-Safety-via-dL/repos/NCubeV-Reinstall/src/QueryGeneration/Iterator.jl:420
┌ Warning: Make sure you are not using this option for non-mixed constraints!
└ @ SNNT.QueryGeneration ~/Dokumente/Projects/CPS/NN-Safety-via-dL/repos/NCubeV-Reinstall/src/QueryGeneration/Iterator.jl:421
┌ Warning: Generating independent linear disjunctions
└ @ SNNT.QueryGeneration ~/Dokumente/Projects/CPS/NN-Safety-via-dL/repos/NCubeV-Reinstall/src/QueryGeneration/Iterator.jl:420
┌ Warning: Make sure you are not using this option for non-mixed constraints!
└ @ SNNT.QueryGeneration ~/Dokumente/Projects/CPS/NN-Safety-via-dL/repos/NCubeV-Reinstall/src/QueryGeneration/Iterator.jl:421
┌ Warning: Generating independent linear disjunctions
└ @ SNNT.QueryGeneration ~/Dokumente/Projects/CPS/NN-Safety-via-dL/repos/NCubeV-Reinstall/src/QueryGeneration/Iterator.jl:420
┌ Warning: Make sure you are not using this option for non-mixed constraints!
└ @ SNNT.QueryGeneration ~/Dokumente/Projects/CPS/NN-Safety-via-dL/repos/NCubeV-Reinstall/src/QueryGeneration/Iterator.jl:421
┌ Warning: Generating independent linear disjunctions
└ @ SNNT.QueryGeneration ~/Dokumente/Projects/CPS/NN-Safety-via-dL/repos/NCubeV-Reinstall/src/QueryGeneration/Iterator.jl:420
┌ Warning: Make sure you are not using this option for non-mixed constraints!
└ @ SNNT.QueryGeneration ~/Dokumente/Projects/CPS/NN-Safety-via-dL/repos/NCubeV-Reinstall/src/QueryGeneration/Iterator.jl:421
┌ Warning: Generating independent linear disjunctions
└ @ SNNT.QueryGeneration ~/Dokumente/Projects/CPS/NN-Safety-via-dL/repos/NCubeV-Reinstall/src/QueryGeneration/Iterator.jl:420
┌ Warning: Make sure you are not using this option for non-mixed constraints!
└ @ SNNT.QueryGeneration ~/Dokumente/Projects/CPS/NN-Safety-via-dL/repos/NCubeV-Reinstall/src/QueryGeneration/Iterator.jl:421
┌ Warning: Generating independent linear disjunctions
└ @ SNNT.QueryGeneration ~/Dokumente/Projects/CPS/NN-Safety-via-dL/repos/NCubeV-Reinstall/src/QueryGeneration/Iterator.jl:420
┌ Warning: Make sure you are not using this option for non-mixed constraints!
└ @ SNNT.QueryGeneration ~/Dokumente/Projects/CPS/NN-Safety-via-dL/repos/NCubeV-Reinstall/src/QueryGeneration/Iterator.jl:421
┌ Warning: Generating independent linear disjunctions
└ @ SNNT.QueryGeneration ~/Dokumente/Projects/CPS/NN-Safety-via-dL/repos/NCubeV-Reinstall/src/QueryGeneration/Iterator.jl:420
┌ Warning: Make sure you are not using this option for non-mixed constraints!
└ @ SNNT.QueryGeneration ~/Dokumente/Projects/CPS/NN-Safety-via-dL/repos/NCubeV-Reinstall/src/QueryGeneration/Iterator.jl:421
┌ Warning: Generating independent linear disjunctions
└ @ SNNT.QueryGeneration ~/Dokumente/Projects/CPS/NN-Safety-via-dL/repos/NCubeV-Reinstall/src/QueryGeneration/Iterator.jl:420
┌ Warning: Make sure you are not using this option for non-mixed constraints!
└ @ SNNT.QueryGeneration ~/Dokumente/Projects/CPS/NN-Safety-via-dL/repos/NCubeV-Reinstall/src/QueryGeneration/Iterator.jl:421
┌ Warning: Generating independent linear disjunctions
└ @ SNNT.QueryGeneration ~/Dokumente/Projects/CPS/NN-Safety-via-dL/repos/NCubeV-Reinstall/src/QueryGeneration/Iterator.jl:420
┌ Warning: Make sure you are not using this option for non-mixed constraints!
└ @ SNNT.QueryGeneration ~/Dokumente/Projects/CPS/NN-Safety-via-dL/repos/NCubeV-Reinstall/src/QueryGeneration/Iterator.jl:421
┌ Warning: Generating independent linear disjunctions
└ @ SNNT.QueryGeneration ~/Dokumente/Projects/CPS/NN-Safety-via-dL/repos/NCubeV-Reinstall/src/QueryGeneration/Iterator.jl:420
┌ Warning: Make sure you are not using this option for non-mixed constraints!
└ @ SNNT.QueryGeneration ~/Dokumente/Projects/CPS/NN-Safety-via-dL/repos/NCubeV-Reinstall/src/QueryGeneration/Iterator.jl:421
┌ Warning: Generating independent linear disjunctions
└ @ SNNT.QueryGeneration ~/Dokumente/Projects/CPS/NN-Safety-via-dL/repos/NCubeV-Reinstall/src/QueryGeneration/Iterator.jl:420
┌ Warning: Make sure you are not using this option for non-mixed constraints!
└ @ SNNT.QueryGeneration ~/Dokumente/Projects/CPS/NN-Safety-via-dL/repos/NCubeV-Reinstall/src/QueryGeneration/Iterator.jl:421
┌ Warning: Generating independent linear disjunctions
└ @ SNNT.QueryGeneration ~/Dokumente/Projects/CPS/NN-Safety-via-dL/repos/NCubeV-Reinstall/src/QueryGeneration/Iterator.jl:420
┌ Warning: Make sure you are not using this option for non-mixed constraints!
└ @ SNNT.QueryGeneration ~/Dokumente/Projects/CPS/NN-Safety-via-dL/repos/NCubeV-Reinstall/src/QueryGeneration/Iterator.jl:421
┌ Warning: Generating independent linear disjunctions
└ @ SNNT.QueryGeneration ~/Dokumente/Projects/CPS/NN-Safety-via-dL/repos/NCubeV-Reinstall/src/QueryGeneration/Iterator.jl:420
┌ Warning: Make sure you are not using this option for non-mixed constraints!
└ @ SNNT.QueryGeneration ~/Dokumente/Projects/CPS/NN-Safety-via-dL/repos/NCubeV-Reinstall/src/QueryGeneration/Iterator.jl:421
┌ Warning: Generating independent linear disjunctions
└ @ SNNT.QueryGeneration ~/Dokumente/Projects/CPS/NN-Safety-via-dL/repos/NCubeV-Reinstall/src/QueryGeneration/Iterator.jl:420
┌ Warning: Make sure you are not using this option for non-mixed constraints!
└ @ SNNT.QueryGeneration ~/Dokumente/Projects/CPS/NN-Safety-via-dL/repos/NCubeV-Reinstall/src/QueryGeneration/Iterator.jl:421
┌ Warning: Generating independent linear disjunctions
└ @ SNNT.QueryGeneration ~/Dokumente/Projects/CPS/NN-Safety-via-dL/repos/NCubeV-Reinstall/src/QueryGeneration/Iterator.jl:420
┌ Warning: Make sure you are not using this option for non-mixed constraints!
└ @ SNNT.QueryGeneration ~/Dokumente/Projects/CPS/NN-Safety-via-dL/repos/NCubeV-Reinstall/src/QueryGeneration/Iterator.jl:421
┌ Warning: Generating independent linear disjunctions
└ @ SNNT.QueryGeneration ~/Dokumente/Projects/CPS/NN-Safety-via-dL/repos/NCubeV-Reinstall/src/QueryGeneration/Iterator.jl:420
┌ Warning: Make sure you are not using this option for non-mixed constraints!
└ @ SNNT.QueryGeneration ~/Dokumente/Projects/CPS/NN-Safety-via-dL/repos/NCubeV-Reinstall/src/QueryGeneration/Iterator.jl:421
┌ Warning: Generating independent linear disjunctions
└ @ SNNT.QueryGeneration ~/Dokumente/Projects/CPS/NN-Safety-via-dL/repos/NCubeV-Reinstall/src/QueryGeneration/Iterator.jl:420
┌ Warning: Make sure you are not using this option for non-mixed constraints!
└ @ SNNT.QueryGeneration ~/Dokumente/Projects/CPS/NN-Safety-via-dL/repos/NCubeV-Reinstall/src/QueryGeneration/Iterator.jl:421
┌ Warning: Generating independent linear disjunctions
└ @ SNNT.QueryGeneration ~/Dokumente/Projects/CPS/NN-Safety-via-dL/repos/NCubeV-Reinstall/src/QueryGeneration/Iterator.jl:420
┌ Warning: Make sure you are not using this option for non-mixed constraints!
└ @ SNNT.QueryGeneration ~/Dokumente/Projects/CPS/NN-Safety-via-dL/repos/NCubeV-Reinstall/src/QueryGeneration/Iterator.jl:421
┌ Warning: Generating independent linear disjunctions
└ @ SNNT.QueryGeneration ~/Dokumente/Projects/CPS/NN-Safety-via-dL/repos/NCubeV-Reinstall/src/QueryGeneration/Iterator.jl:420
┌ Warning: Make sure you are not using this option for non-mixed constraints!
└ @ SNNT.QueryGeneration ~/Dokumente/Projects/CPS/NN-Safety-via-dL/repos/NCubeV-Reinstall/src/QueryGeneration/Iterator.jl:421
┌ Warning: Generating independent linear disjunctions
└ @ SNNT.QueryGeneration ~/Dokumente/Projects/CPS/NN-Safety-via-dL/repos/NCubeV-Reinstall/src/QueryGeneration/Iterator.jl:420
┌ Warning: Make sure you are not using this option for non-mixed constraints!
└ @ SNNT.QueryGeneration ~/Dokumente/Projects/CPS/NN-Safety-via-dL/repos/NCubeV-Reinstall/src/QueryGeneration/Iterator.jl:421
┌ Warning: Generating independent linear disjunctions
└ @ SNNT.QueryGeneration ~/Dokumente/Projects/CPS/NN-Safety-via-dL/repos/NCubeV-Reinstall/src/QueryGeneration/Iterator.jl:420
┌ Warning: Make sure you are not using this option for non-mixed constraints!
└ @ SNNT.QueryGeneration ~/Dokumente/Projects/CPS/NN-Safety-via-dL/repos/NCubeV-Reinstall/src/QueryGeneration/Iterator.jl:421
┌ Warning: Generating independent linear disjunctions
└ @ SNNT.QueryGeneration ~/Dokumente/Projects/CPS/NN-Safety-via-dL/repos/NCubeV-Reinstall/src/QueryGeneration/Iterator.jl:420
┌ Warning: Make sure you are not using this option for non-mixed constraints!
└ @ SNNT.QueryGeneration ~/Dokumente/Projects/CPS/NN-Safety-via-dL/repos/NCubeV-Reinstall/src/QueryGeneration/Iterator.jl:421
┌ Warning: Generating independent linear disjunctions
└ @ SNNT.QueryGeneration ~/Dokumente/Projects/CPS/NN-Safety-via-dL/repos/NCubeV-Reinstall/src/QueryGeneration/Iterator.jl:420
┌ Warning: Make sure you are not using this option for non-mixed constraints!
└ @ SNNT.QueryGeneration ~/Dokumente/Projects/CPS/NN-Safety-via-dL/repos/NCubeV-Reinstall/src/QueryGeneration/Iterator.jl:421
┌ Warning: Generating independent linear disjunctions
└ @ SNNT.QueryGeneration ~/Dokumente/Projects/CPS/NN-Safety-via-dL/repos/NCubeV-Reinstall/src/QueryGeneration/Iterator.jl:420
┌ Warning: Make sure you are not using this option for non-mixed constraints!
└ @ SNNT.QueryGeneration ~/Dokumente/Projects/CPS/NN-Safety-via-dL/repos/NCubeV-Reinstall/src/QueryGeneration/Iterator.jl:421
┌ Warning: Generating independent linear disjunctions
└ @ SNNT.QueryGeneration ~/Dokumente/Projects/CPS/NN-Safety-via-dL/repos/NCubeV-Reinstall/src/QueryGeneration/Iterator.jl:420
┌ Warning: Make sure you are not using this option for non-mixed constraints!
└ @ SNNT.QueryGeneration ~/Dokumente/Projects/CPS/NN-Safety-via-dL/repos/NCubeV-Reinstall/src/QueryGeneration/Iterator.jl:421
┌ Warning: Generating independent linear disjunctions
└ @ SNNT.QueryGeneration ~/Dokumente/Projects/CPS/NN-Safety-via-dL/repos/NCubeV-Reinstall/src/QueryGeneration/Iterator.jl:420
┌ Warning: Make sure you are not using this option for non-mixed constraints!
└ @ SNNT.QueryGeneration ~/Dokumente/Projects/CPS/NN-Safety-via-dL/repos/NCubeV-Reinstall/src/QueryGeneration/Iterator.jl:421
┌ Warning: Generating independent linear disjunctions
└ @ SNNT.QueryGeneration ~/Dokumente/Projects/CPS/NN-Safety-via-dL/repos/NCubeV-Reinstall/src/QueryGeneration/Iterator.jl:420
┌ Warning: Make sure you are not using this option for non-mixed constraints!
└ @ SNNT.QueryGeneration ~/Dokumente/Projects/CPS/NN-Safety-via-dL/repos/NCubeV-Reinstall/src/QueryGeneration/Iterator.jl:421
┌ Warning: Generating independent linear disjunctions
└ @ SNNT.QueryGeneration ~/Dokumente/Projects/CPS/NN-Safety-via-dL/repos/NCubeV-Reinstall/src/QueryGeneration/Iterator.jl:420
┌ Warning: Make sure you are not using this option for non-mixed constraints!
└ @ SNNT.QueryGeneration ~/Dokumente/Projects/CPS/NN-Safety-via-dL/repos/NCubeV-Reinstall/src/QueryGeneration/Iterator.jl:421
┌ Warning: Generating independent linear disjunctions
└ @ SNNT.QueryGeneration ~/Dokumente/Projects/CPS/NN-Safety-via-dL/repos/NCubeV-Reinstall/src/QueryGeneration/Iterator.jl:420
┌ Warning: Make sure you are not using this option for non-mixed constraints!
└ @ SNNT.QueryGeneration ~/Dokumente/Projects/CPS/NN-Safety-via-dL/repos/NCubeV-Reinstall/src/QueryGeneration/Iterator.jl:421
┌ Warning: Generating independent linear disjunctions
└ @ SNNT.QueryGeneration ~/Dokumente/Projects/CPS/NN-Safety-via-dL/repos/NCubeV-Reinstall/src/QueryGeneration/Iterator.jl:420
┌ Warning: Make sure you are not using this option for non-mixed constraints!
└ @ SNNT.QueryGeneration ~/Dokumente/Projects/CPS/NN-Safety-via-dL/repos/NCubeV-Reinstall/src/QueryGeneration/Iterator.jl:421
┌ Warning: Generating independent linear disjunctions
└ @ SNNT.QueryGeneration ~/Dokumente/Projects/CPS/NN-Safety-via-dL/repos/NCubeV-Reinstall/src/QueryGeneration/Iterator.jl:420
┌ Warning: Make sure you are not using this option for non-mixed constraints!
└ @ SNNT.QueryGeneration ~/Dokumente/Projects/CPS/NN-Safety-via-dL/repos/NCubeV-Reinstall/src/QueryGeneration/Iterator.jl:421
┌ Warning: Generating independent linear disjunctions
└ @ SNNT.QueryGeneration ~/Dokumente/Projects/CPS/NN-Safety-via-dL/repos/NCubeV-Reinstall/src/QueryGeneration/Iterator.jl:420
┌ Warning: Make sure you are not using this option for non-mixed constraints!
└ @ SNNT.QueryGeneration ~/Dokumente/Projects/CPS/NN-Safety-via-dL/repos/NCubeV-Reinstall/src/QueryGeneration/Iterator.jl:421
┌ Warning: Generating independent linear disjunctions
└ @ SNNT.QueryGeneration ~/Dokumente/Projects/CPS/NN-Safety-via-dL/repos/NCubeV-Reinstall/src/QueryGeneration/Iterator.jl:420
┌ Warning: Make sure you are not using this option for non-mixed constraints!
└ @ SNNT.QueryGeneration ~/Dokumente/Projects/CPS/NN-Safety-via-dL/repos/NCubeV-Reinstall/src/QueryGeneration/Iterator.jl:421
┌ Warning: Generating independent linear disjunctions
└ @ SNNT.QueryGeneration ~/Dokumente/Projects/CPS/NN-Safety-via-dL/repos/NCubeV-Reinstall/src/QueryGeneration/Iterator.jl:420
┌ Warning: Make sure you are not using this option for non-mixed constraints!
└ @ SNNT.QueryGeneration ~/Dokumente/Projects/CPS/NN-Safety-via-dL/repos/NCubeV-Reinstall/src/QueryGeneration/Iterator.jl:421
┌ Warning: Generating independent linear disjunctions
└ @ SNNT.QueryGeneration ~/Dokumente/Projects/CPS/NN-Safety-via-dL/repos/NCubeV-Reinstall/src/QueryGeneration/Iterator.jl:420
┌ Warning: Make sure you are not using this option for non-mixed constraints!
└ @ SNNT.QueryGeneration ~/Dokumente/Projects/CPS/NN-Safety-via-dL/repos/NCubeV-Reinstall/src/QueryGeneration/Iterator.jl:421
┌ Warning: Generating independent linear disjunctions
└ @ SNNT.QueryGeneration ~/Dokumente/Projects/CPS/NN-Safety-via-dL/repos/NCubeV-Reinstall/src/QueryGeneration/Iterator.jl:420
┌ Warning: Make sure you are not using this option for non-mixed constraints!
└ @ SNNT.QueryGeneration ~/Dokumente/Projects/CPS/NN-Safety-via-dL/repos/NCubeV-Reinstall/src/QueryGeneration/Iterator.jl:421
┌ Warning: Generating independent linear disjunctions
└ @ SNNT.QueryGeneration ~/Dokumente/Projects/CPS/NN-Safety-via-dL/repos/NCubeV-Reinstall/src/QueryGeneration/Iterator.jl:420
┌ Warning: Make sure you are not using this option for non-mixed constraints!
└ @ SNNT.QueryGeneration ~/Dokumente/Projects/CPS/NN-Safety-via-dL/repos/NCubeV-Reinstall/src/QueryGeneration/Iterator.jl:421
┌ Warning: Generating independent linear disjunctions
└ @ SNNT.QueryGeneration ~/Dokumente/Projects/CPS/NN-Safety-via-dL/repos/NCubeV-Reinstall/src/QueryGeneration/Iterator.jl:420
┌ Warning: Make sure you are not using this option for non-mixed constraints!
└ @ SNNT.QueryGeneration ~/Dokumente/Projects/CPS/NN-Safety-via-dL/repos/NCubeV-Reinstall/src/QueryGeneration/Iterator.jl:421
┌ Warning: Generating independent linear disjunctions
└ @ SNNT.QueryGeneration ~/Dokumente/Projects/CPS/NN-Safety-via-dL/repos/NCubeV-Reinstall/src/QueryGeneration/Iterator.jl:420
┌ Warning: Make sure you are not using this option for non-mixed constraints!
└ @ SNNT.QueryGeneration ~/Dokumente/Projects/CPS/NN-Safety-via-dL/repos/NCubeV-Reinstall/src/QueryGeneration/Iterator.jl:421
┌ Warning: Generating independent linear disjunctions
└ @ SNNT.QueryGeneration ~/Dokumente/Projects/CPS/NN-Safety-via-dL/repos/NCubeV-Reinstall/src/QueryGeneration/Iterator.jl:420
┌ Warning: Make sure you are not using this option for non-mixed constraints!
└ @ SNNT.QueryGeneration ~/Dokumente/Projects/CPS/NN-Safety-via-dL/repos/NCubeV-Reinstall/src/QueryGeneration/Iterator.jl:421
┌ Warning: Generating independent linear disjunctions
└ @ SNNT.QueryGeneration ~/Dokumente/Projects/CPS/NN-Safety-via-dL/repos/NCubeV-Reinstall/src/QueryGeneration/Iterator.jl:420
┌ Warning: Make sure you are not using this option for non-mixed constraints!
└ @ SNNT.QueryGeneration ~/Dokumente/Projects/CPS/NN-Safety-via-dL/repos/NCubeV-Reinstall/src/QueryGeneration/Iterator.jl:421
┌ Warning: Generating independent linear disjunctions
└ @ SNNT.QueryGeneration ~/Dokumente/Projects/CPS/NN-Safety-via-dL/repos/NCubeV-Reinstall/src/QueryGeneration/Iterator.jl:420
┌ Warning: Make sure you are not using this option for non-mixed constraints!
└ @ SNNT.QueryGeneration ~/Dokumente/Projects/CPS/NN-Safety-via-dL/repos/NCubeV-Reinstall/src/QueryGeneration/Iterator.jl:421
┌ Warning: Generating independent linear disjunctions
└ @ SNNT.QueryGeneration ~/Dokumente/Projects/CPS/NN-Safety-via-dL/repos/NCubeV-Reinstall/src/QueryGeneration/Iterator.jl:420
[QUERY] Looking for nonlinear input combinations...
[QUERY] Found all non-linear combinations. Count: 1
[QUERY] Returning nonlinear disjunction
[CTRL] Considering conjunction with 39 input constraints and a disjunction of size 6
[APPROX] Checking cache: SNNT.Approx.ApproxCacheObject[]
[APPROX] Constructing Approximation
[APPROX] Resolving approximation
[CTRL] Initiating iterator over current linear queries
[APPROX] # Conjunctions over output: 6
[CTRL] Processing linear query no. 249
[NNENUM] Running nnenum now...
[NNENUM] lb: [-0.4999999701976776, -0.4999999701976776, 5.000000171712609e-6, -0.21079675705898798, -0.1, -0.1, -0.1, -0.1, -0.1, -0.1, -0.1, -0.1, -0.1]
[NNENUM] ub: [-0.00625, -0.33623147889292704, 5.000000171712609e-6, -0.08052249040043885, 0.09999999999999999, 0.09999999999999999, 0.09999999999999999, 0.09999999999999999, 0.09999999999999999, 0.09999999999999999, 0.09999999999999999, 0.09999999999999999, 0.09999999999999999]
[NNENUM] Creating LP Star...
[NNENUM] Checking feasibility
[NNENUM] Generating output Spec...
[NNENUM] Spec list length:  6
[NNENUM] Enumeration in progress... 
(0.1 sec) Q: 0, Sets: 0/1  (0.0%) CEs: 0 ETA: - (expected 1 stars)   
(0.2 sec) Q: 0, Sets: 0/2  (0.0%) CEs: 0 ETA: - (expected 1 stars)   
(0.4 sec) Q: 0, Sets: 2/8  (18.75%) CEs: 0 ETA: 1.5 sec (expected 11 stars)   (0.5 sec) Q: 0, Sets: 8/15  (53.125%) CEs: 0 ETA: 0.4 sec (expected 15 stars)   
(0.6 sec) Q: 0, Sets: 19/21  (75.0%) CEs: 0 ETA: 0.2 sec (expected 25 stars)   
Total Stars: 23 (3 exact, 20 approx)
Unfinished Stars: 0
Runtime: 0.6 sec
Completed work frac: 1.0
Num Stars Copied Between Processes: 0
Num Lps During Enumeration: 139
Total Num Lps: 139

Result: network is SAFE

[NNENUM] Result: 
<nnenum.result.Result object at 0x747e3af34c40>
[NNENUM] Enumeration finished.
safe
[NNENUM] Found counter-example stars: 0
[NNENUM] Filtering result using SMT solver...
[SMT] SMT filtered out 0 stars (out of 0; TO: 0).
[QUERY] Looking for nonlinear input combinations...
[QUERY] Found all non-linear combinations. Count: 1
[QUERY] Returning nonlinear disjunction
[CTRL] Considering conjunction with 39 input constraints and a disjunction of size 6
[APPROX] Checking cache: SNNT.Approx.ApproxCacheObject[]
[APPROX] Constructing Approximation
[APPROX] Resolving approximation
[CTRL] Initiating iterator over current linear queries
[APPROX] # Conjunctions over output: 6
[CTRL] Processing linear query no. 250
[NNENUM] Running nnenum now...
[NNENUM] lb: [-0.4999999701976776, -0.4999999701976776, 5.000000171712609e-6, -0.21079675705898798, -0.1, -0.1, -0.1, -0.1, -0.1, -0.1, -0.1, -0.1, -0.1]
[NNENUM] ub: [-0.00625, -0.33623147889292704, 5.000000171712609e-6, -0.08052249040043885, 0.09999999999999999, 0.09999999999999999, 0.09999999999999999, 0.09999999999999999, 0.09999999999999999, 0.09999999999999999, 0.09999999999999999, 0.09999999999999999, 0.09999999999999999]
[NNENUM] Creating LP Star...
[NNENUM] Checking feasibility
[NNENUM] Generating output Spec...
[NNENUM] Spec list length:  6
[NNENUM] Enumeration in progress... 
(0.1 sec) Q: 0, Sets: 0/1  (0.0%) CEs: 0 ETA: - (expected 1 stars)   
(0.2 sec) Q: 0, Sets: 3/5  (25.0%) CEs: 0 ETA: 0.7 sec (expected 12 stars)   

Total Stars: 7 (0 exact, 7 approx)
Unfinished Stars: 0
Runtime: 0.3 sec
Completed work frac: 1.0
Num Stars Copied Between Processes: 0
Num Lps During Enumeration: 0
Total Num Lps: 0

Result: network is SAFE

[NNENUM] Result: 
<nnenum.result.Result object at 0x747e3af0ba90>
[NNENUM] Enumeration finished.
safe
[NNENUM] Found counter-example stars: 0
[NNENUM] Filtering result using SMT solver...
[SMT] SMT filtered out 0 stars (out of 0; TO: 0).
[QUERY] Looking for nonlinear input combinations...
[QUERY] Found all non-linear combinations. Count: 1
[QUERY] Returning nonlinear disjunction
[CTRL] Considering conjunction with 39 input constraints and a disjunction of size 6
[APPROX] Checking cache: SNNT.Approx.ApproxCacheObject[]
[APPROX] Constructing Approximation
[APPROX] Resolving approximation
[CTRL] Initiating iterator over current linear queries
[APPROX] # Conjunctions over output: 6
[CTRL] Processing linear query no. 251
[NNENUM] Running nnenum now...
[NNENUM] lb: [-0.4999999701976776, -0.4999999701976776, 5.000000171712609e-6, -0.21079675705898798, -0.1, -0.1, -0.1, -0.1, -0.1, -0.1, -0.1, -0.1, -0.1]
[NNENUM] ub: [-0.00625, -0.33623147889292704, 5.000000171712609e-6, -0.08052249040043885, 0.09999999999999999, 0.09999999999999999, 0.09999999999999999, 0.09999999999999999, 0.09999999999999999, 0.09999999999999999, 0.09999999999999999, 0.09999999999999999, 0.09999999999999999]
[NNENUM] Creating LP Star...
[NNENUM] Checking feasibility
[NNENUM] Generating output Spec...
[NNENUM] Spec list length:  6
[NNENUM] Enumeration in progress... 
(0.1 sec) Q: 0, Sets: 0/1  (0.0%) CEs: 0 ETA: - (expected 1 stars)   
(0.2 sec) Q: 0, Sets: 0/2  (0.0%) CEs: 0 ETA: - (expected 1 stars)   

Total Stars: 7 (2 exact, 5 approx)
Unfinished Stars: 0
Runtime: 0.3 sec
Completed work frac: 1.0
Num Stars Copied Between Processes: 0
Num Lps During Enumeration: 141
Total Num Lps: 141

Result: network is SAFE

[NNENUM] Result: 
<nnenum.result.Result object at 0x747e3af374c0>
[NNENUM] Enumeration finished.
safe
[NNENUM] Found counter-example stars: 0
[NNENUM] Filtering result using SMT solver...
[SMT] SMT filtered out 0 stars (out of 0; TO: 0).
[QUERY] Looking for nonlinear input combinations...
[QUERY] Found all non-linear combinations. Count: 1
[QUERY] Returning nonlinear disjunction
[CTRL] Considering conjunction with 39 input constraints and a disjunction of size 6
[APPROX] Checking cache: SNNT.Approx.ApproxCacheObject[]
[APPROX] Constructing Approximation
[APPROX] Resolving approximation
[CTRL] Initiating iterator over current linear queries
[APPROX] # Conjunctions over output: 6
[CTRL] Processing linear query no. 252
[NNENUM] Running nnenum now...
[NNENUM] lb: [-0.4999999701976776, -0.4999999701976776, 5.000000171712609e-6, -0.08052249040043885, -0.1, -0.1, -0.1, -0.1, -0.1, -0.1, -0.1, -0.1, -0.1]
[NNENUM] ub: [-0.00625, -0.33623147889292704, 5.000000171712609e-6, 0.075, 0.09999999999999999, 0.09999999999999999, 0.09999999999999999, 0.09999999999999999, 0.09999999999999999, 0.09999999999999999, 0.09999999999999999, 0.09999999999999999, 0.09999999999999999]
[NNENUM] Creating LP Star...
[NNENUM] Checking feasibility
[NNENUM] Generating output Spec...
[NNENUM] Spec list length:  6
[NNENUM] Enumeration in progress... 
(0.1 sec) Q: 0, Sets: 0/1  (0.0%) CEs: 0 ETA: - (expected 1 stars)   
(0.2 sec) Q: 0, Sets: 7/9  (50.0%) CEs: 0 ETA: 0.2 sec (expected 14 stars)   

Total Stars: 13 (3 exact, 10 approx)
Unfinished Stars: 0
Runtime: 0.2 sec
Completed work frac: 1.0
Num Stars Copied Between Processes: 0
Num Lps During Enumeration: 32
Total Num Lps: 32

Result: network is SAFE

[NNENUM] Result: 
<nnenum.result.Result object at 0x747e3af0b310>
[NNENUM] Enumeration finished.
safe
[NNENUM] Found counter-example stars: 0
[NNENUM] Filtering result using SMT solver...
[SMT] SMT filtered out 0 stars (out of 0; TO: 0).
[QUERY] Looking for nonlinear input combinations...
[QUERY] Found all non-linear combinations. Count: 1
[QUERY] Returning nonlinear disjunction
[CTRL] Considering conjunction with 39 input constraints and a disjunction of size 6
[APPROX] Checking cache: SNNT.Approx.ApproxCacheObject[]
[APPROX] Constructing Approximation
[APPROX] Resolving approximation
[CTRL] Initiating iterator over current linear queries
[APPROX] # Conjunctions over output: 6
[CTRL] Processing linear query no. 253
[NNENUM] Running nnenum now...
[NNENUM] lb: [-0.4999999701976776, -0.4999999701976776, 5.000000171712609e-6, 0.075, -0.1, -0.1, -0.1, -0.1, -0.1, -0.1, -0.1, -0.1, -0.1]
[NNENUM] ub: [-0.00625, -0.33623147889292704, 5.000000171712609e-6, 0.5, 0.09999999999999999, 0.09999999999999999, 0.09999999999999999, 0.09999999999999999, 0.09999999999999999, 0.09999999999999999, 0.09999999999999999, 0.09999999999999999, 0.09999999999999999]
[NNENUM] Creating LP Star...
[NNENUM] Checking feasibility
[NNENUM] Generating output Spec...
[NNENUM] Spec list length:  6
[NNENUM] Enumeration in progress... 
(0.1 sec) Q: 0, Sets: 0/1  (0.0%) CEs: 0 ETA: - (expected 1 stars)   
(0.2 sec) Q: 0, Sets: 7/9  (62.5%) CEs: 0 ETA: 0.1 sec (expected 11 stars)   

Total Stars: 10 (1 exact, 9 approx)
Unfinished Stars: 0
Runtime: 0.2 sec
Completed work frac: 1.0
Num Stars Copied Between Processes: 0
Num Lps During Enumeration: 45
Total Num Lps: 45

Result: network is SAFE

[NNENUM] Result: 
<nnenum.result.Result object at 0x747e3af299d0>
[NNENUM] Enumeration finished.
safe
[NNENUM] Found counter-example stars: 0
[NNENUM] Filtering result using SMT solver...
[SMT] SMT filtered out 0 stars (out of 0; TO: 0).
[QUERY] Looking for nonlinear input combinations...
[QUERY] Found all non-linear combinations. Count: 1
[QUERY] Returning nonlinear disjunction
[CTRL] Considering conjunction with 39 input constraints and a disjunction of size 6
[APPROX] Checking cache: SNNT.Approx.ApproxCacheObject[]
[APPROX] Constructing Approximation
[APPROX] Resolving approximation
[CTRL] Initiating iterator over current linear queries
[APPROX] # Conjunctions over output: 6
[CTRL] Processing linear query no. 254
[NNENUM] Running nnenum now...
[NNENUM] lb: [-0.4999999701976776, -0.4999999701976776, 5.000000171712609e-6, 0.075, -0.1, -0.1, -0.1, -0.1, -0.1, -0.1, -0.1, -0.1, -0.1]
[NNENUM] ub: [-0.00625, -0.33623147889292704, 5.000000171712609e-6, 0.5, 0.09999999999999999, 0.09999999999999999, 0.09999999999999999, 0.09999999999999999, 0.09999999999999999, 0.09999999999999999, 0.09999999999999999, 0.09999999999999999, 0.09999999999999999]
[NNENUM] Creating LP Star...
[NNENUM] Checking feasibility
[NNENUM] Generating output Spec...
[NNENUM] Spec list length:  6
[NNENUM] Enumeration in progress... 
(0.1 sec) Q: 0, Sets: 0/1  (0.0%) CEs: 0 ETA: - (expected 1 stars)   
(0.2 sec) Q: 0, Sets: 0/2  (0.0%) CEs: 0 ETA: - (expected 1 stars)   

Total Stars: 6 (1 exact, 5 approx)
Unfinished Stars: 0
Runtime: 0.3 sec
Completed work frac: 1.0
Num Stars Copied Between Processes: 0
Num Lps During Enumeration: 45
Total Num Lps: 45

Result: network is SAFE

[NNENUM] Result: 
<nnenum.result.Result object at 0x747e3af34400>
[NNENUM] Enumeration finished.
safe
[NNENUM] Found counter-example stars: 0
[NNENUM] Filtering result using SMT solver...
[SMT] SMT filtered out 0 stars (out of 0; TO: 0).
[QUERY] Looking for nonlinear input combinations...
[QUERY] Found all non-linear combinations. Count: 1
[QUERY] Returning nonlinear disjunction
[CTRL] Considering conjunction with 39 input constraints and a disjunction of size 6
[APPROX] Checking cache: SNNT.Approx.ApproxCacheObject[]
[APPROX] Constructing Approximation
[APPROX] Resolving approximation
[CTRL] Initiating iterator over current linear queries
[APPROX] # Conjunctions over output: 6
[CTRL] Processing linear query no. 255
[NNENUM] Running nnenum now...
[NNENUM] lb: [-0.4999999701976776, -0.4999999701976776, 5.000000171712609e-6, -0.08052249040043885, -0.1, -0.1, -0.1, -0.1, -0.1, -0.1, -0.1, -0.1, -0.1]
[NNENUM] ub: [-0.00625, -0.33623147889292704, 5.000000171712609e-6, 0.075, 0.09999999999999999, 0.09999999999999999, 0.09999999999999999, 0.09999999999999999, 0.09999999999999999, 0.09999999999999999, 0.09999999999999999, 0.09999999999999999, 0.09999999999999999]
[NNENUM] Creating LP Star...
[NNENUM] Checking feasibility
[NNENUM] Generating output Spec...
[NNENUM] Spec list length:  6
[NNENUM] Enumeration in progress... 
(0.2 sec) Q: 0, Sets: 0/1  (0.0%) CEs: 0 ETA: - (expected 1 stars)   
(0.3 sec) Q: 0, Sets: 2/8  (26.562%) CEs: 0 ETA: 0.7 sec (expected 8 stars)   

Total Stars: 14 (4 exact, 10 approx)
Unfinished Stars: 0
Runtime: 0.3 sec
Completed work frac: 1.0
Num Stars Copied Between Processes: 0
Num Lps During Enumeration: 102
Total Num Lps: 102

Result: network is SAFE

[NNENUM] Result: 
<nnenum.result.Result object at 0x747e3a5a6c10>
[NNENUM] Enumeration finished.
safe
[NNENUM] Found counter-example stars: 0
[NNENUM] Filtering result using SMT solver...
[SMT] SMT filtered out 0 stars (out of 0; TO: 0).
[QUERY] Looking for nonlinear input combinations...
[QUERY] Found all non-linear combinations. Count: 1
[QUERY] Returning nonlinear disjunction
[CTRL] Considering conjunction with 39 input constraints and a disjunction of size 6
[APPROX] Checking cache: SNNT.Approx.ApproxCacheObject[]
[APPROX] Constructing Approximation
[APPROX] Resolving approximation
[CTRL] Initiating iterator over current linear queries
[APPROX] # Conjunctions over output: 6
[CTRL] Processing linear query no. 256
[NNENUM] Running nnenum now...
[NNENUM] lb: [-0.4999999701976776, -0.4999999701976776, 5.000000171712609e-6, 0.075, -0.1, -0.1, -0.1, -0.1, -0.1, -0.1, -0.1, -0.1, -0.1]
[NNENUM] ub: [-0.00625, -0.33623147889292704, 5.000000171712609e-6, 0.5, 0.09999999999999999, 0.09999999999999999, 0.09999999999999999, 0.09999999999999999, 0.09999999999999999, 0.09999999999999999, 0.09999999999999999, 0.09999999999999999, 0.09999999999999999]
[NNENUM] Creating LP Star...
[NNENUM] Checking feasibility
[NNENUM] Generating output Spec...
[NNENUM] Spec list length:  6
[NNENUM] Enumeration in progress... 
(0.1 sec) Q: 0, Sets: 0/1  (0.0%) CEs: 0 ETA: - (expected 1 stars)   
(0.2 sec) Q: 0, Sets: 4/6  (25.0%) CEs: 0 ETA: 0.6 sec (expected 16 stars)   

Total Stars: 9 (1 exact, 8 approx)
Unfinished Stars: 0
Runtime: 0.2 sec
Completed work frac: 1.0
Num Stars Copied Between Processes: 0
Num Lps During Enumeration: 114
Total Num Lps: 114

Result: network is SAFE

[NNENUM] Result: 
<nnenum.result.Result object at 0x747e3a5ac0d0>
[NNENUM] Enumeration finished.
safe
[NNENUM] Found counter-example stars: 0
[NNENUM] Filtering result using SMT solver...
[SMT] SMT filtered out 0 stars (out of 0; TO: 0).
[QUERY] Looking for nonlinear input combinations...
[QUERY] Found all non-linear combinations. Count: 1
[QUERY] Returning nonlinear disjunction
[CTRL] Considering conjunction with 39 input constraints and a disjunction of size 6
[APPROX] Checking cache: SNNT.Approx.ApproxCacheObject[]
[APPROX] Constructing Approximation
[APPROX] Resolving approximation
[CTRL] Initiating iterator over current linear queries
[APPROX] # Conjunctions over output: 6
[CTRL] Processing linear query no. 257
[NNENUM] Running nnenum now...
[NNENUM] lb: [-0.4999999701976776, -0.4999999701976776, 5.000000171712609e-6, 0.075, -0.1, -0.1, -0.1, -0.1, -0.1, -0.1, -0.1, -0.1, -0.1]
[NNENUM] ub: [-0.00625, -0.33623147889292704, 5.000000171712609e-6, 0.5, 0.09999999999999999, 0.09999999999999999, 0.09999999999999999, 0.09999999999999999, 0.09999999999999999, 0.09999999999999999, 0.09999999999999999, 0.09999999999999999, 0.09999999999999999]
[NNENUM] Creating LP Star...
[NNENUM] Checking feasibility
[NNENUM] Generating output Spec...
[NNENUM] Spec list length:  6
[NNENUM] Enumeration in progress... 
(0.1 sec) Q: 0, Sets: 0/1  (0.0%) CEs: 0 ETA: - (expected 1 stars)   
(0.2 sec) Q: 0, Sets: 0/2  (0.0%) CEs: 0 ETA: - (expected 1 stars)   

Total Stars: 6 (1 exact, 5 approx)
Unfinished Stars: 0
Runtime: 0.3 sec
Completed work frac: 1.0
Num Stars Copied Between Processes: 0
Num Lps During Enumeration: 45
Total Num Lps: 45

Result: network is SAFE

[NNENUM] Result: 
<nnenum.result.Result object at 0x747e3a5b8640>
[NNENUM] Enumeration finished.
safe
[NNENUM] Found counter-example stars: 0
[NNENUM] Filtering result using SMT solver...
[SMT] SMT filtered out 0 stars (out of 0; TO: 0).
[QUERY] Looking for nonlinear input combinations...
[QUERY] Found all non-linear combinations. Count: 1
[QUERY] Returning nonlinear disjunction
[CTRL] Considering conjunction with 39 input constraints and a disjunction of size 6
[APPROX] Checking cache: SNNT.Approx.ApproxCacheObject[]
[APPROX] Constructing Approximation
[APPROX] Resolving approximation
[CTRL] Initiating iterator over current linear queries
[APPROX] # Conjunctions over output: 6
[CTRL] Processing linear query no. 258
[NNENUM] Running nnenum now...
[NNENUM] lb: [-0.4999999701976776, -0.4999999701976776, 5.000000171712609e-6, 0.075, -0.1, -0.1, -0.1, -0.1, -0.1, -0.1, -0.1, -0.1, -0.1]
[NNENUM] ub: [-0.00625, -0.33623147889292704, 5.000000171712609e-6, 0.5, 0.09999999999999999, 0.09999999999999999, 0.09999999999999999, 0.09999999999999999, 0.09999999999999999, 0.09999999999999999, 0.09999999999999999, 0.09999999999999999, 0.09999999999999999]
[NNENUM] Creating LP Star...
[NNENUM] Checking feasibility
[NNENUM] Generating output Spec...
[NNENUM] Spec list length:  6
[NNENUM] Enumeration in progress... 
(0.1 sec) Q: 0, Sets: 0/1  (0.0%) CEs: 0 ETA: - (expected 1 stars)   

Total Stars: 6 (1 exact, 5 approx)
Unfinished Stars: 0
Runtime: 0.2 sec
Completed work frac: 1.0
Num Stars Copied Between Processes: 0
Num Lps During Enumeration: 45
Total Num Lps: 45

Result: network is SAFE

[NNENUM] Result: 
<nnenum.result.Result object at 0x747e3a59f160>
[NNENUM] Enumeration finished.
safe
[NNENUM] Found counter-example stars: 0
[NNENUM] Filtering result using SMT solver...
[SMT] SMT filtered out 0 stars (out of 0; TO: 0).
[QUERY] Looking for nonlinear input combinations...
[QUERY] Found all non-linear combinations. Count: 1
[QUERY] Returning nonlinear disjunction
[CTRL] Considering conjunction with 39 input constraints and a disjunction of size 5
[APPROX] Checking cache: SNNT.Approx.ApproxCacheObject[]
[APPROX] Constructing Approximation
[APPROX] Resolving approximation
[CTRL] Initiating iterator over current linear queries
[APPROX] # Conjunctions over output: 5
[CTRL] Processing linear query no. 259
[NNENUM] Running nnenum now...
[NNENUM] lb: [-0.4999999701976776, -0.4999999701976776, 5.000000171712609e-6, 0.075, -0.1, -0.1, -0.1, -0.1, -0.1, -0.1, -0.1, -0.1, -0.1]
[NNENUM] ub: [-0.00625, -0.33623147889292704, 5.000000171712609e-6, 0.5, 0.09999999999999999, 0.09999999999999999, 0.09999999999999999, 0.09999999999999999, 0.09999999999999999, 0.09999999999999999, 0.09999999999999999, 0.09999999999999999, 0.09999999999999999]
[NNENUM] Creating LP Star...
[NNENUM] Checking feasibility
[NNENUM] Generating output Spec...
[NNENUM] Spec list length:  5
[NNENUM] Enumeration in progress... 
(0.2 sec) Q: 0, Sets: 0/1  (0.0%) CEs: 0 ETA: - (expected 1 stars)   
(0.3 sec) Q: 0, Sets: 0/2  (0.0%) CEs: 0 ETA: - (expected 1 stars)   
(0.4 sec) Q: 0, Sets: 4/7  (50.0%) CEs: 0 ETA: 0.4 sec (expected 8 stars)   
Total Stars: 7 (2 exact, 5 approx)
Unfinished Stars: 0
Runtime: 0.4 sec
Completed work frac: 1.0
Num Stars Copied Between Processes: 0
Num Lps During Enumeration: 117
Total Num Lps: 117

Result: network is SAFE

[NNENUM] Result: 
<nnenum.result.Result object at 0x747e3af240a0>
[NNENUM] Enumeration finished.
safe
[NNENUM] Found counter-example stars: 0
[NNENUM] Filtering result using SMT solver...
[SMT] SMT filtered out 0 stars (out of 0; TO: 0).
[QUERY] Looking for nonlinear input combinations...
[QUERY] Found all non-linear combinations. Count: 1
[QUERY] Returning nonlinear disjunction
[CTRL] Considering conjunction with 39 input constraints and a disjunction of size 5
[APPROX] Checking cache: SNNT.Approx.ApproxCacheObject[]
[APPROX] Constructing Approximation
[APPROX] Resolving approximation
[CTRL] Initiating iterator over current linear queries
[APPROX] # Conjunctions over output: 5
[CTRL] Processing linear query no. 260
[NNENUM] Running nnenum now...
[NNENUM] lb: [-0.4999999701976776, -0.4999999701976776, 5.000000171712609e-6, 0.075, -0.1, -0.1, -0.1, -0.1, -0.1, -0.1, -0.1, -0.1, -0.1]
[NNENUM] ub: [-0.00625, -0.33623147889292704, 5.000000171712609e-6, 0.5, 0.09999999999999999, 0.09999999999999999, 0.09999999999999999, 0.09999999999999999, 0.09999999999999999, 0.09999999999999999, 0.09999999999999999, 0.09999999999999999, 0.09999999999999999]
[NNENUM] Creating LP Star...
[NNENUM] Checking feasibility
[NNENUM] Generating output Spec...
[NNENUM] Spec list length:  5
[NNENUM] Enumeration in progress... 
(0.1 sec) Q: 0, Sets: 0/1  (0.0%) CEs: 0 ETA: - (expected 1 stars)   

Total Stars: 7 (3 exact, 4 approx)
Unfinished Stars: 0
Runtime: 0.2 sec
Completed work frac: 1.0
Num Stars Copied Between Processes: 0
Num Lps During Enumeration: 148
Total Num Lps: 148

Result: network is SAFE

[NNENUM] Result: 
<nnenum.result.Result object at 0x747e3a5b85b0>
[NNENUM] Enumeration finished.
safe
[NNENUM] Found counter-example stars: 0
[NNENUM] Filtering result using SMT solver...
[SMT] SMT filtered out 0 stars (out of 0; TO: 0).
[QUERY] Looking for nonlinear input combinations...
[QUERY] Found all non-linear combinations. Count: 1
[QUERY] Returning nonlinear disjunction
[CTRL] Considering conjunction with 39 input constraints and a disjunction of size 5
[APPROX] Checking cache: SNNT.Approx.ApproxCacheObject[]
[APPROX] Constructing Approximation
[APPROX] Resolving approximation
[CTRL] Initiating iterator over current linear queries
[APPROX] # Conjunctions over output: 5
[CTRL] Processing linear query no. 261
[NNENUM] Running nnenum now...
[NNENUM] lb: [-0.4999999701976776, -0.4999999701976776, 5.000000171712609e-6, 0.075, -0.1, -0.1, -0.1, -0.1, -0.1, -0.1, -0.1, -0.1, -0.1]
[NNENUM] ub: [-0.00625, -0.33623147889292704, 5.000000171712609e-6, 0.5, 0.09999999999999999, 0.09999999999999999, 0.09999999999999999, 0.09999999999999999, 0.09999999999999999, 0.09999999999999999, 0.09999999999999999, 0.09999999999999999, 0.09999999999999999]
[NNENUM] Creating LP Star...
[NNENUM] Checking feasibility
[NNENUM] Generating output Spec...
[NNENUM] Spec list length:  5
[NNENUM] Enumeration in progress... 
(0.1 sec) Q: 0, Sets: 0/1  (0.0%) CEs: 0 ETA: - (expected 1 stars)   
(0.2 sec) Q: 0, Sets: 0/2  (0.0%) CEs: 0 ETA: - (expected 1 stars)   

Total Stars: 7 (3 exact, 4 approx)
Unfinished Stars: 0
Runtime: 0.3 sec
Completed work frac: 1.0
Num Stars Copied Between Processes: 0
Num Lps During Enumeration: 148
Total Num Lps: 148

Result: network is SAFE

[NNENUM] Result: 
<nnenum.result.Result object at 0x747e3af2a8e0>
[NNENUM] Enumeration finished.
safe
[NNENUM] Found counter-example stars: 0
[NNENUM] Filtering result using SMT solver...
[SMT] SMT filtered out 0 stars (out of 0; TO: 0).
[QUERY] Looking for nonlinear input combinations...
[QUERY] Found all non-linear combinations. Count: 1
[QUERY] Returning nonlinear disjunction
[CTRL] Considering conjunction with 39 input constraints and a disjunction of size 5
[APPROX] Checking cache: SNNT.Approx.ApproxCacheObject[]
[APPROX] Constructing Approximation
[APPROX] Resolving approximation
[CTRL] Initiating iterator over current linear queries
[APPROX] # Conjunctions over output: 5
[CTRL] Processing linear query no. 262
[NNENUM] Running nnenum now...
[NNENUM] lb: [-0.4999999701976776, -0.4999999701976776, 5.000000171712609e-6, 0.075, -0.1, -0.1, -0.1, -0.1, -0.1, -0.1, -0.1, -0.1, -0.1]
[NNENUM] ub: [-0.00625, -0.33623147889292704, 5.000000171712609e-6, 0.5, 0.09999999999999999, 0.09999999999999999, 0.09999999999999999, 0.09999999999999999, 0.09999999999999999, 0.09999999999999999, 0.09999999999999999, 0.09999999999999999, 0.09999999999999999]
[NNENUM] Creating LP Star...
[NNENUM] Checking feasibility
[NNENUM] Generating output Spec...
[NNENUM] Spec list length:  5
[NNENUM] Enumeration in progress... 
(0.1 sec) Q: 0, Sets: 0/1  (0.0%) CEs: 0 ETA: - (expected 1 stars)   
(0.2 sec) Q: 0, Sets: 5/8  (25.0%) CEs: 0 ETA: 0.6 sec (expected 20 stars)   

Total Stars: 11 (2 exact, 9 approx)
Unfinished Stars: 0
Runtime: 0.3 sec
Completed work frac: 1.0
Num Stars Copied Between Processes: 0
Num Lps During Enumeration: 94
Total Num Lps: 94

Result: network is SAFE

[NNENUM] Result: 
<nnenum.result.Result object at 0x747e3af1b730>
[NNENUM] Enumeration finished.
safe
[NNENUM] Found counter-example stars: 0
[NNENUM] Filtering result using SMT solver...
[SMT] SMT filtered out 0 stars (out of 0; TO: 0).
[QUERY] Looking for nonlinear input combinations...
[QUERY] Found all non-linear combinations. Count: 2
[QUERY] Returning nonlinear disjunction
[CTRL] Considering conjunction with 39 input constraints and a disjunction of size 5
[APPROX] Checking cache: SNNT.Approx.ApproxCacheObject[]
[APPROX] Constructing Approximation
[APPROX] Resolving approximation
[CTRL] Initiating iterator over current linear queries
[APPROX] # Conjunctions over output: 5
[CTRL] Processing linear query no. 263
[NNENUM] Running nnenum now...
[NNENUM] lb: [-0.4999999701976776, -0.4999999701976776, 5.000000171712609e-6, 0.075, -0.1, -0.1, -0.1, -0.1, -0.1, -0.1, -0.1, -0.1, -0.1]
[NNENUM] ub: [-0.00625, -0.33623147889292704, 5.000000171712609e-6, 0.5, 0.09999999999999999, 0.09999999999999999, 0.09999999999999999, 0.09999999999999999, 0.09999999999999999, 0.09999999999999999, 0.09999999999999999, 0.09999999999999999, 0.09999999999999999]
[NNENUM] Creating LP Star...
[NNENUM] Checking feasibility
[NNENUM] Generating output Spec...
[NNENUM] Spec list length:  5
[NNENUM] Enumeration in progress... 
(0.1 sec) Q: 0, Sets: 0/1  (0.0%) CEs: 0 ETA: - (expected 1 stars)   

Total Stars: 5 (0 exact, 5 approx)
Unfinished Stars: 0
Runtime: 0.1 sec
Completed work frac: 1.0
Num Stars Copied Between Processes: 0
Num Lps During Enumeration: 0
Total Num Lps: 0

Result: network is SAFE

[NNENUM] Result: 
<nnenum.result.Result object at 0x747e3af3adf0>
[NNENUM] Enumeration finished.
safe
[NNENUM] Found counter-example stars: 0
[NNENUM] Filtering result using SMT solver...
[SMT] SMT filtered out 0 stars (out of 0; TO: 0).
[QUERY] Looking for nonlinear input combinations...
[QUERY] Found all non-linear combinations. Count: 2
[QUERY] Returning nonlinear disjunction
[CTRL] Considering conjunction with 39 input constraints and a disjunction of size 5
[APPROX] Checking cache: SNNT.Approx.ApproxCacheObject[]
[APPROX] Constructing Approximation
[APPROX] Resolving approximation
[CTRL] Initiating iterator over current linear queries
[APPROX] # Conjunctions over output: 5
[CTRL] Processing linear query no. 264
[NNENUM] Running nnenum now...
[NNENUM] lb: [-0.4999999701976776, -0.4999999701976776, 5.000000171712609e-6, 0.075, -0.1, -0.1, -0.1, -0.1, -0.1, -0.1, -0.1, -0.1, -0.1]
[NNENUM] ub: [-0.00625, -0.33623147889292704, 5.000000171712609e-6, 0.5, 0.09999999999999999, 0.09999999999999999, 0.09999999999999999, 0.09999999999999999, 0.09999999999999999, 0.09999999999999999, 0.09999999999999999, 0.09999999999999999, 0.09999999999999999]
[NNENUM] Creating LP Star...
[NNENUM] Checking feasibility
[NNENUM] Generating output Spec...
[NNENUM] Spec list length:  5
[NNENUM] Enumeration in progress... 
(0.1 sec) Q: 0, Sets: 0/1  (0.0%) CEs: 0 ETA: - (expected 1 stars)   
(0.2 sec) Q: 0, Sets: 0/2  (0.0%) CEs: 0 ETA: - (expected 1 stars)   

Total Stars: 8 (0 exact, 8 approx)
Unfinished Stars: 0
Runtime: 0.3 sec
Completed work frac: 1.0
Num Stars Copied Between Processes: 0
Num Lps During Enumeration: 0
Total Num Lps: 0

Result: network is SAFE

[NNENUM] Result: 
<nnenum.result.Result object at 0x747e3af37820>
[NNENUM] Enumeration finished.
safe
[NNENUM] Found counter-example stars: 0
[NNENUM] Filtering result using SMT solver...
[SMT] SMT filtered out 0 stars (out of 0; TO: 0).
[QUERY] Looking for nonlinear input combinations...
[QUERY] Found all non-linear combinations. Count: 2
[QUERY] Returning nonlinear disjunction
[CTRL] Considering conjunction with 39 input constraints and a disjunction of size 5
[APPROX] Checking cache: SNNT.Approx.ApproxCacheObject[]
[APPROX] Constructing Approximation
[APPROX] Resolving approximation
[CTRL] Initiating iterator over current linear queries
[APPROX] # Conjunctions over output: 5
[CTRL] Processing linear query no. 265
[NNENUM] Running nnenum now...
[NNENUM] lb: [-0.4999999701976776, -0.4999999701976776, 5.000000171712609e-6, 0.075, -0.1, -0.1, -0.1, -0.1, -0.1, -0.1, -0.1, -0.1, -0.1]
[NNENUM] ub: [-0.00625, -0.33623147889292704, 5.000000171712609e-6, 0.5, 0.09999999999999999, 0.09999999999999999, 0.09999999999999999, 0.09999999999999999, 0.09999999999999999, 0.09999999999999999, 0.09999999999999999, 0.09999999999999999, 0.09999999999999999]
[NNENUM] Creating LP Star...
[NNENUM] Checking feasibility
[NNENUM] Generating output Spec...
[NNENUM] Spec list length:  5
[NNENUM] Enumeration in progress... 
(0.1 sec) Q: 0, Sets: 0/1  (0.0%) CEs: 0 ETA: - (expected 1 stars)   

Total Stars: 5 (1 exact, 4 approx)
Unfinished Stars: 0
Runtime: 0.1 sec
Completed work frac: 1.0
Num Stars Copied Between Processes: 0
Num Lps During Enumeration: 10
Total Num Lps: 10

Result: network is SAFE

[NNENUM] Result: 
<nnenum.result.Result object at 0x747e3af34670>
[NNENUM] Enumeration finished.
safe
[NNENUM] Found counter-example stars: 0
[NNENUM] Filtering result using SMT solver...
[SMT] SMT filtered out 0 stars (out of 0; TO: 0).
[QUERY] Looking for nonlinear input combinations...
[QUERY] Found all non-linear combinations. Count: 2
[QUERY] Returning nonlinear disjunction
[CTRL] Considering conjunction with 39 input constraints and a disjunction of size 5
[APPROX] Checking cache: SNNT.Approx.ApproxCacheObject[]
[APPROX] Constructing Approximation
[APPROX] Resolving approximation
[CTRL] Initiating iterator over current linear queries
[APPROX] # Conjunctions over output: 5
[CTRL] Processing linear query no. 266
[NNENUM] Running nnenum now...
[NNENUM] lb: [-0.4999999701976776, -0.4999999701976776, 5.000000171712609e-6, 0.075, -0.1, -0.1, -0.1, -0.1, -0.1, -0.1, -0.1, -0.1, -0.1]
[NNENUM] ub: [-0.00625, -0.33623147889292704, 5.000000171712609e-6, 0.5, 0.09999999999999999, 0.09999999999999999, 0.09999999999999999, 0.09999999999999999, 0.09999999999999999, 0.09999999999999999, 0.09999999999999999, 0.09999999999999999, 0.09999999999999999]
[NNENUM] Creating LP Star...
[NNENUM] Checking feasibility
[NNENUM] Generating output Spec...
[NNENUM] Spec list length:  5
[NNENUM] Enumeration in progress... 
(0.1 sec) Q: 0, Sets: 0/1  (0.0%) CEs: 0 ETA: - (expected 1 stars)   
(0.2 sec) Q: 0, Sets: 0/2  (0.0%) CEs: 0 ETA: - (expected 1 stars)   

Total Stars: 5 (0 exact, 5 approx)
Unfinished Stars: 0
Runtime: 0.2 sec
Completed work frac: 1.0
Num Stars Copied Between Processes: 0
Num Lps During Enumeration: 0
Total Num Lps: 0

Result: network is SAFE

[NNENUM] Result: 
<nnenum.result.Result object at 0x747e3af1b0a0>
[NNENUM] Enumeration finished.
safe
[NNENUM] Found counter-example stars: 0
[NNENUM] Filtering result using SMT solver...
[SMT] SMT filtered out 0 stars (out of 0; TO: 0).
[QUERY] Looking for nonlinear input combinations...
[QUERY] Found all non-linear combinations. Count: 1
[QUERY] Returning nonlinear disjunction
[CTRL] Considering conjunction with 39 input constraints and a disjunction of size 5
[APPROX] Checking cache: SNNT.Approx.ApproxCacheObject[]
[APPROX] Constructing Approximation
[APPROX] Resolving approximation
[CTRL] Initiating iterator over current linear queries
[APPROX] # Conjunctions over output: 5
[CTRL] Processing linear query no. 267
[NNENUM] Running nnenum now...
[NNENUM] lb: [-0.4999999701976776, -0.4999999701976776, 5.000000171712609e-6, 0.075, -0.1, -0.1, -0.1, -0.1, -0.1, -0.1, -0.1, -0.1, -0.1]
[NNENUM] ub: [-0.00625, -0.33623147889292704, 5.000000171712609e-6, 0.5, 0.09999999999999999, 0.09999999999999999, 0.09999999999999999, 0.09999999999999999, 0.09999999999999999, 0.09999999999999999, 0.09999999999999999, 0.09999999999999999, 0.09999999999999999]
[NNENUM] Creating LP Star...
[NNENUM] Checking feasibility
[NNENUM] Generating output Spec...
[NNENUM] Spec list length:  5
[NNENUM] Enumeration in progress... 
(0.2 sec) Q: 0, Sets: 0/1  (0.0%) CEs: 0 ETA: - (expected 1 stars)   
(0.3 sec) Q: 0, Sets: 8/8  (100.0%) CEs: 0 ETA: 0.0 sec (expected 8 stars)   

Total Stars: 8 (0 exact, 8 approx)
Unfinished Stars: 0
Runtime: 0.3 sec
Completed work frac: 1.0
Num Stars Copied Between Processes: 0
Num Lps During Enumeration: 0
Total Num Lps: 0

Result: network is SAFE

[NNENUM] Result: 
<nnenum.result.Result object at 0x747e3af3aeb0>
[NNENUM] Enumeration finished.
safe
[NNENUM] Found counter-example stars: 0
[NNENUM] Filtering result using SMT solver...
[SMT] SMT filtered out 0 stars (out of 0; TO: 0).
[QUERY] Looking for nonlinear input combinations...
[QUERY] Found all non-linear combinations. Count: 1
[QUERY] Returning nonlinear disjunction
[CTRL] Considering conjunction with 39 input constraints and a disjunction of size 5
[APPROX] Checking cache: SNNT.Approx.ApproxCacheObject[]
[APPROX] Constructing Approximation
[APPROX] Resolving approximation
[CTRL] Initiating iterator over current linear queries
[APPROX] # Conjunctions over output: 5
[CTRL] Processing linear query no. 268
[NNENUM] Running nnenum now...
[NNENUM] lb: [-0.4999999701976776, -0.4999999701976776, 5.000000171712609e-6, 0.075, -0.1, -0.1, -0.1, -0.1, -0.1, -0.1, -0.1, -0.1, -0.1]
[NNENUM] ub: [-0.00625, -0.33623147889292704, 5.000000171712609e-6, 0.5, 0.09999999999999999, 0.09999999999999999, 0.09999999999999999, 0.09999999999999999, 0.09999999999999999, 0.09999999999999999, 0.09999999999999999, 0.09999999999999999, 0.09999999999999999]
[NNENUM] Creating LP Star...
[NNENUM] Checking feasibility
[NNENUM] Generating output Spec...
[NNENUM] Spec list length:  5
[NNENUM] Enumeration in progress... 
(0.0 sec) Q: 0, Sets: 0/1  (0.0%) CEs: 0 ETA: - (expected 1 stars)   

Total Stars: 2 (0 exact, 2 approx)
Unfinished Stars: 0
Runtime: 0.1 sec
Completed work frac: 1.0
Num Stars Copied Between Processes: 0
Num Lps During Enumeration: 0
Total Num Lps: 0

Result: network is SAFE

[NNENUM] Result: 
<nnenum.result.Result object at 0x747e3af245b0>
[NNENUM] Enumeration finished.
safe
[NNENUM] Found counter-example stars: 0
[NNENUM] Filtering result using SMT solver...
[SMT] SMT filtered out 0 stars (out of 0; TO: 0).
[QUERY] Looking for nonlinear input combinations...
[QUERY] Found all non-linear combinations. Count: 1
[QUERY] Returning nonlinear disjunction
[CTRL] Considering conjunction with 39 input constraints and a disjunction of size 5
[APPROX] Checking cache: SNNT.Approx.ApproxCacheObject[]
[APPROX] Constructing Approximation
[APPROX] Resolving approximation
[CTRL] Initiating iterator over current linear queries
[APPROX] # Conjunctions over output: 5
[CTRL] Processing linear query no. 269
[NNENUM] Running nnenum now...
[NNENUM] lb: [-0.4999999701976776, -0.4999999701976776, 5.000000171712609e-6, 0.075, -0.1, -0.1, -0.1, -0.1, -0.1, -0.1, -0.1, -0.1, -0.1]
[NNENUM] ub: [-0.00625, -0.33623147889292704, 5.000000171712609e-6, 0.5, 0.09999999999999999, 0.09999999999999999, 0.09999999999999999, 0.09999999999999999, 0.09999999999999999, 0.09999999999999999, 0.09999999999999999, 0.09999999999999999, 0.09999999999999999]
[NNENUM] Creating LP Star...
[NNENUM] Checking feasibility
[NNENUM] Generating output Spec...
[NNENUM] Spec list length:  5
[NNENUM] Enumeration in progress... 
(0.0 sec) Q: 0, Sets: 0/1  (0.0%) CEs: 0 ETA: - (expected 1 stars)   
(0.2 sec) Q: 0, Sets: 0/2  (0.0%) CEs: 0 ETA: - (expected 1 stars)   

Total Stars: 2 (0 exact, 2 approx)
Unfinished Stars: 0
Runtime: 0.2 sec
Completed work frac: 1.0
Num Stars Copied Between Processes: 0
Num Lps During Enumeration: 0
Total Num Lps: 0

Result: network is SAFE

[NNENUM] Result: 
<nnenum.result.Result object at 0x747e3af1bfa0>
[NNENUM] Enumeration finished.
safe
[NNENUM] Found counter-example stars: 0
[NNENUM] Filtering result using SMT solver...
[SMT] SMT filtered out 0 stars (out of 0; TO: 0).
[QUERY] Looking for nonlinear input combinations...
[QUERY] Found all non-linear combinations. Count: 1
[QUERY] Returning nonlinear disjunction
[CTRL] Considering conjunction with 39 input constraints and a disjunction of size 5
[APPROX] Checking cache: SNNT.Approx.ApproxCacheObject[]
[APPROX] Constructing Approximation
[APPROX] Resolving approximation
[CTRL] Initiating iterator over current linear queries
[APPROX] # Conjunctions over output: 5
[CTRL] Processing linear query no. 270
[NNENUM] Running nnenum now...
[NNENUM] lb: [-0.4999999701976776, -0.4999999701976776, 5.000000171712609e-6, 0.075, -0.1, -0.1, -0.1, -0.1, -0.1, -0.1, -0.1, -0.1, -0.1]
[NNENUM] ub: [-0.00625, -0.33623147889292704, 5.000000171712609e-6, 0.5, 0.09999999999999999, 0.09999999999999999, 0.09999999999999999, 0.09999999999999999, 0.09999999999999999, 0.09999999999999999, 0.09999999999999999, 0.09999999999999999, 0.09999999999999999]
[NNENUM] Creating LP Star...
[NNENUM] Checking feasibility
[NNENUM] Generating output Spec...
[NNENUM] Spec list length:  5
[NNENUM] Enumeration in progress... 
(0.1 sec) Q: 0, Sets: 0/1  (0.0%) CEs: 0 ETA: - (expected 1 stars)   

Total Stars: 2 (0 exact, 2 approx)
Unfinished Stars: 0
Runtime: 0.1 sec
Completed work frac: 1.0
Num Stars Copied Between Processes: 0
Num Lps During Enumeration: 0
Total Num Lps: 0

Result: network is SAFE

[NNENUM] Result: 
<nnenum.result.Result object at 0x747e3af2adf0>
[NNENUM] Enumeration finished.
safe
[NNENUM] Found counter-example stars: 0
[NNENUM] Filtering result using SMT solver...
[SMT] SMT filtered out 0 stars (out of 0; TO: 0).
[QUERY] Looking for nonlinear input combinations...
[QUERY] Found all non-linear combinations. Count: 2
[QUERY] Returning nonlinear disjunction
[CTRL] Considering conjunction with 39 input constraints and a disjunction of size 5
[APPROX] Checking cache: SNNT.Approx.ApproxCacheObject[]
[APPROX] Constructing Approximation
[APPROX] Resolving approximation
[CTRL] Initiating iterator over current linear queries
[APPROX] # Conjunctions over output: 5
[CTRL] Processing linear query no. 271
[NNENUM] Running nnenum now...
[NNENUM] lb: [-0.4999999701976776, -0.4999999701976776, 5.000000171712609e-6, 0.075, -0.1, -0.1, -0.1, -0.1, -0.1, -0.1, -0.1, -0.1, -0.1]
[NNENUM] ub: [-0.00625, -0.33623147889292704, 5.000000171712609e-6, 0.5, 0.09999999999999999, 0.09999999999999999, 0.09999999999999999, 0.09999999999999999, 0.09999999999999999, 0.09999999999999999, 0.09999999999999999, 0.09999999999999999, 0.09999999999999999]
[NNENUM] Creating LP Star...
[NNENUM] Checking feasibility
[NNENUM] Generating output Spec...
[NNENUM] Spec list length:  5
[NNENUM] Enumeration in progress... 
(0.1 sec) Q: 0, Sets: 0/1  (0.0%) CEs: 0 ETA: - (expected 1 stars)   
(0.2 sec) Q: 0, Sets: 0/2  (0.0%) CEs: 0 ETA: - (expected 1 stars)   

Total Stars: 3 (0 exact, 3 approx)
Unfinished Stars: 0
Runtime: 0.2 sec
Completed work frac: 1.0
Num Stars Copied Between Processes: 0
Num Lps During Enumeration: 0
Total Num Lps: 0

Result: network is SAFE

[NNENUM] Result: 
<nnenum.result.Result object at 0x747e3af28820>
[NNENUM] Enumeration finished.
safe
[NNENUM] Found counter-example stars: 0
[NNENUM] Filtering result using SMT solver...
[SMT] SMT filtered out 0 stars (out of 0; TO: 0).
[QUERY] Looking for nonlinear input combinations...
[QUERY] Found all non-linear combinations. Count: 2
[QUERY] Returning nonlinear disjunction
[CTRL] Considering conjunction with 39 input constraints and a disjunction of size 5
[APPROX] Checking cache: SNNT.Approx.ApproxCacheObject[]
[APPROX] Constructing Approximation
[APPROX] Resolving approximation
[CTRL] Initiating iterator over current linear queries
[APPROX] # Conjunctions over output: 5
[CTRL] Processing linear query no. 272
[NNENUM] Running nnenum now...
[NNENUM] lb: [-0.4999999701976776, -0.4999999701976776, 5.000000171712609e-6, 0.075, -0.1, -0.1, -0.1, -0.1, -0.1, -0.1, -0.1, -0.1, -0.1]
[NNENUM] ub: [-0.00625, -0.33623147889292704, 5.000000171712609e-6, 0.5, 0.09999999999999999, 0.09999999999999999, 0.09999999999999999, 0.09999999999999999, 0.09999999999999999, 0.09999999999999999, 0.09999999999999999, 0.09999999999999999, 0.09999999999999999]
[NNENUM] Creating LP Star...
[NNENUM] Checking feasibility
[NNENUM] Generating output Spec...
[NNENUM] Spec list length:  5
[NNENUM] Enumeration in progress... 
(0.1 sec) Q: 0, Sets: 0/1  (0.0%) CEs: 0 ETA: - (expected 1 stars)   

Total Stars: 4 (0 exact, 4 approx)
Unfinished Stars: 0
Runtime: 0.2 sec
Completed work frac: 1.0
Num Stars Copied Between Processes: 0
Num Lps During Enumeration: 0
Total Num Lps: 0

Result: network is SAFE

[NNENUM] Result: 
<nnenum.result.Result object at 0x747e3af37670>
[NNENUM] Enumeration finished.
safe
[NNENUM] Found counter-example stars: 0
[NNENUM] Filtering result using SMT solver...
[SMT] SMT filtered out 0 stars (out of 0; TO: 0).
[QUERY] Looking for nonlinear input combinations...
[QUERY] Found all non-linear combinations. Count: 2
[QUERY] Returning nonlinear disjunction
[CTRL] Considering conjunction with 39 input constraints and a disjunction of size 5
[APPROX] Checking cache: SNNT.Approx.ApproxCacheObject[]
[APPROX] Constructing Approximation
[APPROX] Resolving approximation
[CTRL] Initiating iterator over current linear queries
[APPROX] # Conjunctions over output: 5
[CTRL] Processing linear query no. 273
[NNENUM] Running nnenum now...
[NNENUM] lb: [-0.4999999701976776, -0.4999999701976776, 5.000000171712609e-6, 0.075, -0.1, -0.1, -0.1, -0.1, -0.1, -0.1, -0.1, -0.1, -0.1]
[NNENUM] ub: [-0.00625, -0.33623147889292704, 5.000000171712609e-6, 0.5, 0.09999999999999999, 0.09999999999999999, 0.09999999999999999, 0.09999999999999999, 0.09999999999999999, 0.09999999999999999, 0.09999999999999999, 0.09999999999999999, 0.09999999999999999]
[NNENUM] Creating LP Star...
[NNENUM] Checking feasibility
[NNENUM] Generating output Spec...
[NNENUM] Spec list length:  5
[NNENUM] Enumeration in progress... 
(0.1 sec) Q: 0, Sets: 0/1  (0.0%) CEs: 0 ETA: - (expected 1 stars)   
(0.2 sec) Q: 0, Sets: 0/2  (0.0%) CEs: 0 ETA: - (expected 1 stars)   
(0.3 sec) Q: 0, Sets: 7/7  (100.0%) CEs: 0 ETA: 0.0 sec (expected 7 stars)   
Total Stars: 7 (0 exact, 7 approx)
Unfinished Stars: 0
Runtime: 0.3 sec
Completed work frac: 1.0
Num Stars Copied Between Processes: 0
Num Lps During Enumeration: 0
Total Num Lps: 0

Result: network is SAFE

[NNENUM] Result: 
<nnenum.result.Result object at 0x747e3af340a0>
[NNENUM] Enumeration finished.
safe
[NNENUM] Found counter-example stars: 0
[NNENUM] Filtering result using SMT solver...
[SMT] SMT filtered out 0 stars (out of 0; TO: 0).
[QUERY] Looking for nonlinear input combinations...
[QUERY] Found all non-linear combinations. Count: 2
[QUERY] Returning nonlinear disjunction
[CTRL] Considering conjunction with 39 input constraints and a disjunction of size 5
[APPROX] Checking cache: SNNT.Approx.ApproxCacheObject[]
[APPROX] Constructing Approximation
[APPROX] Resolving approximation
[CTRL] Initiating iterator over current linear queries
[APPROX] # Conjunctions over output: 5
[CTRL] Processing linear query no. 274
[NNENUM] Running nnenum now...
[NNENUM] lb: [-0.4999999701976776, -0.4999999701976776, 5.000000171712609e-6, 0.075, -0.1, -0.1, -0.1, -0.1, -0.1, -0.1, -0.1, -0.1, -0.1]
[NNENUM] ub: [-0.00625, -0.33623147889292704, 5.000000171712609e-6, 0.5, 0.09999999999999999, 0.09999999999999999, 0.09999999999999999, 0.09999999999999999, 0.09999999999999999, 0.09999999999999999, 0.09999999999999999, 0.09999999999999999, 0.09999999999999999]
[NNENUM] Creating LP Star...
[NNENUM] Checking feasibility
[NNENUM] Generating output Spec...
[NNENUM] Spec list length:  5
[NNENUM] Enumeration in progress... 
(0.1 sec) Q: 0, Sets: 0/1  (0.0%) CEs: 0 ETA: - (expected 1 stars)   

Total Stars: 3 (0 exact, 3 approx)
Unfinished Stars: 0
Runtime: 0.1 sec
Completed work frac: 1.0
Num Stars Copied Between Processes: 0
Num Lps During Enumeration: 0
Total Num Lps: 0

Result: network is SAFE

[NNENUM] Result: 
<nnenum.result.Result object at 0x747e3af19eb0>
[NNENUM] Enumeration finished.
safe
[NNENUM] Found counter-example stars: 0
[NNENUM] Filtering result using SMT solver...
[SMT] SMT filtered out 0 stars (out of 0; TO: 0).
[QUERY] Looking for nonlinear input combinations...
[QUERY] Found all non-linear combinations. Count: 1
[QUERY] Returning nonlinear disjunction
[CTRL] Considering conjunction with 39 input constraints and a disjunction of size 6
[APPROX] Checking cache: SNNT.Approx.ApproxCacheObject[]
[APPROX] Constructing Approximation
[APPROX] Resolving approximation
[CTRL] Initiating iterator over current linear queries
[APPROX] # Conjunctions over output: 6
[CTRL] Processing linear query no. 275
[NNENUM] Running nnenum now...
[NNENUM] lb: [-0.4999999701976776, -0.4999999701976776, 5.000000171712609e-6, -0.21079675705898798, -0.1, -0.1, -0.1, -0.1, -0.1, -0.1, -0.1, -0.1, -0.1]
[NNENUM] ub: [-0.00625, -0.33623147889292704, 5.000000171712609e-6, -0.08052249040043885, 0.09999999999999999, 0.09999999999999999, 0.09999999999999999, 0.09999999999999999, 0.09999999999999999, 0.09999999999999999, 0.09999999999999999, 0.09999999999999999, 0.09999999999999999]
[NNENUM] Creating LP Star...
[NNENUM] Checking feasibility
[NNENUM] Generating output Spec...
[NNENUM] Spec list length:  6
[NNENUM] Enumeration in progress... 
(0.1 sec) Q: 0, Sets: 0/1  (0.0%) CEs: 0 ETA: - (expected 1 stars)   
(0.3 sec) Q: 0, Sets: 0/2  (0.0%) CEs: 0 ETA: - (expected 1 stars)   

Total Stars: 5 (4 exact, 1 approx)
Unfinished Stars: 0
Runtime: 0.3 sec
Completed work frac: 1.0
Num Stars Copied Between Processes: 0
Num Lps During Enumeration: 223
Total Num Lps: 223

Result: network is SAFE

[NNENUM] Result: 
<nnenum.result.Result object at 0x747e3af28940>
[NNENUM] Enumeration finished.
safe
[NNENUM] Found counter-example stars: 0
[NNENUM] Filtering result using SMT solver...
[SMT] SMT filtered out 0 stars (out of 0; TO: 0).
[QUERY] Looking for nonlinear input combinations...
[QUERY] Found all non-linear combinations. Count: 1
[QUERY] Returning nonlinear disjunction
[CTRL] Considering conjunction with 39 input constraints and a disjunction of size 6
[APPROX] Checking cache: SNNT.Approx.ApproxCacheObject[]
[APPROX] Constructing Approximation
[APPROX] Resolving approximation
[CTRL] Initiating iterator over current linear queries
[APPROX] # Conjunctions over output: 6
[CTRL] Processing linear query no. 276
[NNENUM] Running nnenum now...
[NNENUM] lb: [-0.4999999701976776, -0.4999999701976776, 5.000000171712609e-6, -0.21079675705898798, -0.1, -0.1, -0.1, -0.1, -0.1, -0.1, -0.1, -0.1, -0.1]
[NNENUM] ub: [-0.00625, -0.33623147889292704, 5.000000171712609e-6, -0.08052249040043885, 0.09999999999999999, 0.09999999999999999, 0.09999999999999999, 0.09999999999999999, 0.09999999999999999, 0.09999999999999999, 0.09999999999999999, 0.09999999999999999, 0.09999999999999999]
[NNENUM] Creating LP Star...
[NNENUM] Checking feasibility
[NNENUM] Generating output Spec...
[NNENUM] Spec list length:  6
[NNENUM] Enumeration in progress... 
(0.1 sec) Q: 0, Sets: 0/1  (0.0%) CEs: 0 ETA: - (expected 1 stars)   
(0.2 sec) Q: 0, Sets: 8/8  (100.0%) CEs: 0 ETA: 0.0 sec (expected 8 stars)   

Total Stars: 8 (3 exact, 5 approx)
Unfinished Stars: 0
Runtime: 0.2 sec
Completed work frac: 1.0
Num Stars Copied Between Processes: 0
Num Lps During Enumeration: 156
Total Num Lps: 156

Result: network is SAFE

[NNENUM] Result: 
<nnenum.result.Result object at 0x747e3a59c4f0>
[NNENUM] Enumeration finished.
safe
[NNENUM] Found counter-example stars: 0
[NNENUM] Filtering result using SMT solver...
[SMT] SMT filtered out 0 stars (out of 0; TO: 0).
[QUERY] Looking for nonlinear input combinations...
[QUERY] Found all non-linear combinations. Count: 1
[QUERY] Returning nonlinear disjunction
[CTRL] Considering conjunction with 39 input constraints and a disjunction of size 6
[APPROX] Checking cache: SNNT.Approx.ApproxCacheObject[]
[APPROX] Constructing Approximation
[APPROX] Resolving approximation
[CTRL] Initiating iterator over current linear queries
[APPROX] # Conjunctions over output: 6
[CTRL] Processing linear query no. 277
[NNENUM] Running nnenum now...
[NNENUM] lb: [-0.4999999701976776, -0.4999999701976776, 5.000000171712609e-6, -0.08052249040043885, -0.1, -0.1, -0.1, -0.1, -0.1, -0.1, -0.1, -0.1, -0.1]
[NNENUM] ub: [-0.00625, -0.33623147889292704, 5.000000171712609e-6, 0.075, 0.09999999999999999, 0.09999999999999999, 0.09999999999999999, 0.09999999999999999, 0.09999999999999999, 0.09999999999999999, 0.09999999999999999, 0.09999999999999999, 0.09999999999999999]
[NNENUM] Creating LP Star...
[NNENUM] Checking feasibility
[NNENUM] Generating output Spec...
[NNENUM] Spec list length:  6
[NNENUM] Enumeration in progress... 
(0.1 sec) Q: 0, Sets: 0/1  (0.0%) CEs: 0 ETA: - (expected 1 stars)   
(0.2 sec) Q: 0, Sets: 0/2  (0.0%) CEs: 0 ETA: - (expected 1 stars)   
(0.3 sec) Q: 0, Sets: 9/11  (25.0%) CEs: 0 ETA: 0.9 sec (expected 36 stars)   (0.4 sec) Q: 0, Sets: 15/17  (62.5%) CEs: 0 ETA: 0.3 sec (expected 24 stars)   
(0.5 sec) Q: 0, Sets: 16/21  (75.0%) CEs: 0 ETA: 0.2 sec (expected 21 stars)   (0.6 sec) Q: 0, Sets: 22/24  (90.625%) CEs: 0 ETA: 0.1 sec (expected 24 stars)   
Total Stars: 26 (2 exact, 24 approx)
Unfinished Stars: 0
Runtime: 0.7 sec
Completed work frac: 1.0
Num Stars Copied Between Processes: 0
Num Lps During Enumeration: 145
Total Num Lps: 145

Result: network is SAFE

[NNENUM] Result: 
<nnenum.result.Result object at 0x747e3a5b83a0>
[NNENUM] Enumeration finished.
safe
[NNENUM] Found counter-example stars: 0
[NNENUM] Filtering result using SMT solver...
[SMT] SMT filtered out 0 stars (out of 0; TO: 0).
[QUERY] Looking for nonlinear input combinations...
[QUERY] Found all non-linear combinations. Count: 1
[QUERY] Returning nonlinear disjunction
[CTRL] Considering conjunction with 39 input constraints and a disjunction of size 6
[APPROX] Checking cache: SNNT.Approx.ApproxCacheObject[]
[APPROX] Constructing Approximation
[APPROX] Resolving approximation
[CTRL] Initiating iterator over current linear queries
[APPROX] # Conjunctions over output: 6
[CTRL] Processing linear query no. 278
[NNENUM] Running nnenum now...
[NNENUM] lb: [-0.4999999701976776, -0.4999999701976776, 5.000000171712609e-6, -0.3499999940395355, -0.1, -0.1, -0.1, -0.1, -0.1, -0.1, -0.1, -0.1, -0.1]
[NNENUM] ub: [-0.00625, -0.33623147889292704, 5.000000171712609e-6, -0.21079675705898798, 0.09999999999999999, 0.09999999999999999, 0.09999999999999999, 0.09999999999999999, 0.09999999999999999, 0.09999999999999999, 0.09999999999999999, 0.09999999999999999, 0.09999999999999999]
[NNENUM] Creating LP Star...
[NNENUM] Checking feasibility
[NNENUM] Generating output Spec...
[NNENUM] Spec list length:  6
[NNENUM] Enumeration in progress... 
(0.0 sec) Q: 0, Sets: 0/1  (0.0%) CEs: 0 ETA: - (expected 1 stars)   

Total Stars: 2 (0 exact, 2 approx)
Unfinished Stars: 0
Runtime: 0.1 sec
Completed work frac: 1.0
Num Stars Copied Between Processes: 0
Num Lps During Enumeration: 0
Total Num Lps: 0

Result: network is SAFE

[NNENUM] Result: 
<nnenum.result.Result object at 0x747e3af2a850>
[NNENUM] Enumeration finished.
safe
[NNENUM] Found counter-example stars: 0
[NNENUM] Filtering result using SMT solver...
[SMT] SMT filtered out 0 stars (out of 0; TO: 0).
[QUERY] Looking for nonlinear input combinations...
[QUERY] Found all non-linear combinations. Count: 1
[QUERY] Returning nonlinear disjunction
[CTRL] Considering conjunction with 39 input constraints and a disjunction of size 6
[APPROX] Checking cache: SNNT.Approx.ApproxCacheObject[]
[APPROX] Constructing Approximation
[APPROX] Resolving approximation
[CTRL] Initiating iterator over current linear queries
[APPROX] # Conjunctions over output: 6
[CTRL] Processing linear query no. 279
[NNENUM] Running nnenum now...
[NNENUM] lb: [-0.4999999701976776, -0.4999999701976776, 5.000000171712609e-6, 0.075, -0.1, -0.1, -0.1, -0.1, -0.1, -0.1, -0.1, -0.1, -0.1]
[NNENUM] ub: [-0.00625, -0.33623147889292704, 5.000000171712609e-6, 0.5, 0.09999999999999999, 0.09999999999999999, 0.09999999999999999, 0.09999999999999999, 0.09999999999999999, 0.09999999999999999, 0.09999999999999999, 0.09999999999999999, 0.09999999999999999]
[NNENUM] Creating LP Star...
[NNENUM] Checking feasibility
[NNENUM] Generating output Spec...
[NNENUM] Spec list length:  6
[NNENUM] Enumeration in progress... 
(0.1 sec) Q: 0, Sets: 0/1  (0.0%) CEs: 0 ETA: - (expected 1 stars)   
(0.2 sec) Q: 0, Sets: 0/2  (0.0%) CEs: 0 ETA: - (expected 1 stars)   

Total Stars: 7 (2 exact, 5 approx)
Unfinished Stars: 0
Runtime: 0.3 sec
Completed work frac: 1.0
Num Stars Copied Between Processes: 0
Num Lps During Enumeration: 129
Total Num Lps: 129

Result: network is SAFE

[NNENUM] Result: 
<nnenum.result.Result object at 0x747e3af37b80>
[NNENUM] Enumeration finished.
safe
[NNENUM] Found counter-example stars: 0
[NNENUM] Filtering result using SMT solver...
[SMT] SMT filtered out 0 stars (out of 0; TO: 0).
[QUERY] Looking for nonlinear input combinations...
[QUERY] Found all non-linear combinations. Count: 1
[QUERY] Returning nonlinear disjunction
[CTRL] Considering conjunction with 39 input constraints and a disjunction of size 6
[APPROX] Checking cache: SNNT.Approx.ApproxCacheObject[]
[APPROX] Constructing Approximation
[APPROX] Resolving approximation
[CTRL] Initiating iterator over current linear queries
[APPROX] # Conjunctions over output: 6
[CTRL] Processing linear query no. 280
[NNENUM] Running nnenum now...
[NNENUM] lb: [-0.4999999701976776, -0.4999999701976776, 5.000000171712609e-6, -0.21079675705898798, -0.1, -0.1, -0.1, -0.1, -0.1, -0.1, -0.1, -0.1, -0.1]
[NNENUM] ub: [-0.00625, -0.33623147889292704, 5.000000171712609e-6, -0.08052249040043885, 0.09999999999999999, 0.09999999999999999, 0.09999999999999999, 0.09999999999999999, 0.09999999999999999, 0.09999999999999999, 0.09999999999999999, 0.09999999999999999, 0.09999999999999999]
[NNENUM] Creating LP Star...
[NNENUM] Checking feasibility
[NNENUM] Generating output Spec...
[NNENUM] Spec list length:  6
[NNENUM] Enumeration in progress... 
(0.1 sec) Q: 0, Sets: 0/1  (0.0%) CEs: 0 ETA: - (expected 1 stars)   
(0.2 sec) Q: 0, Sets: 3/7  (12.5%) CEs: 0 ETA: 1.5 sec (expected 24 stars)   
(0.3 sec) Q: 0, Sets: 12/15  (37.5%) CEs: 0 ETA: 0.5 sec (expected 32 stars)   
Total Stars: 21 (2 exact, 19 approx)
Unfinished Stars: 0
Runtime: 0.4 sec
Completed work frac: 1.0
Num Stars Copied Between Processes: 0
Num Lps During Enumeration: 24
Total Num Lps: 24

Result: network is SAFE

[NNENUM] Result: 
<nnenum.result.Result object at 0x747e3a5921f0>
[NNENUM] Enumeration finished.
safe
[NNENUM] Found counter-example stars: 0
[NNENUM] Filtering result using SMT solver...
[SMT] SMT filtered out 0 stars (out of 0; TO: 0).
[QUERY] Looking for nonlinear input combinations...
[QUERY] Found all non-linear combinations. Count: 1
[QUERY] Returning nonlinear disjunction
[CTRL] Considering conjunction with 39 input constraints and a disjunction of size 6
[APPROX] Checking cache: SNNT.Approx.ApproxCacheObject[]
[APPROX] Constructing Approximation
[APPROX] Resolving approximation
[CTRL] Initiating iterator over current linear queries
[APPROX] # Conjunctions over output: 6
[CTRL] Processing linear query no. 281
[NNENUM] Running nnenum now...
[NNENUM] lb: [-0.4999999701976776, -0.4999999701976776, 5.000000171712609e-6, -0.3499999940395355, -0.1, -0.1, -0.1, -0.1, -0.1, -0.1, -0.1, -0.1, -0.1]
[NNENUM] ub: [-0.00625, -0.33623147889292704, 5.000000171712609e-6, -0.21079675705898798, 0.09999999999999999, 0.09999999999999999, 0.09999999999999999, 0.09999999999999999, 0.09999999999999999, 0.09999999999999999, 0.09999999999999999, 0.09999999999999999, 0.09999999999999999]
[NNENUM] Creating LP Star...
[NNENUM] Checking feasibility
[NNENUM] Generating output Spec...
[NNENUM] Spec list length:  6
[NNENUM] Enumeration in progress... 
(0.1 sec) Q: 0, Sets: 0/1  (0.0%) CEs: 0 ETA: - (expected 1 stars)   
(0.2 sec) Q: 0, Sets: 2/4  (50.0%) CEs: 0 ETA: 0.2 sec (expected 4 stars)   

Total Stars: 5 (1 exact, 4 approx)
Unfinished Stars: 0
Runtime: 0.2 sec
Completed work frac: 1.0
Num Stars Copied Between Processes: 0
Num Lps During Enumeration: 137
Total Num Lps: 137

Result: network is SAFE

[NNENUM] Result: 
<nnenum.result.Result object at 0x747e3a5a6fd0>
[NNENUM] Enumeration finished.
safe
[NNENUM] Found counter-example stars: 0
[NNENUM] Filtering result using SMT solver...
[SMT] SMT filtered out 0 stars (out of 0; TO: 0).
[QUERY] Looking for nonlinear input combinations...
[QUERY] Found all non-linear combinations. Count: 1
[QUERY] Returning nonlinear disjunction
[CTRL] Considering conjunction with 39 input constraints and a disjunction of size 5
[APPROX] Checking cache: SNNT.Approx.ApproxCacheObject[]
[APPROX] Constructing Approximation
[APPROX] Resolving approximation
[CTRL] Initiating iterator over current linear queries
[APPROX] # Conjunctions over output: 5
[CTRL] Processing linear query no. 282
[NNENUM] Running nnenum now...
[NNENUM] lb: [-0.4999999701976776, -0.4999999701976776, 5.000000171712609e-6, 0.075, -0.1, -0.1, -0.1, -0.1, -0.1, -0.1, -0.1, -0.1, -0.1]
[NNENUM] ub: [-0.00625, -0.33623147889292704, 5.000000171712609e-6, 0.5, 0.09999999999999999, 0.09999999999999999, 0.09999999999999999, 0.09999999999999999, 0.09999999999999999, 0.09999999999999999, 0.09999999999999999, 0.09999999999999999, 0.09999999999999999]
[NNENUM] Creating LP Star...
[NNENUM] Checking feasibility
[NNENUM] Generating output Spec...
[NNENUM] Spec list length:  5
[NNENUM] Enumeration in progress... 
(0.1 sec) Q: 0, Sets: 0/1  (0.0%) CEs: 0 ETA: - (expected 1 stars)   
(0.2 sec) Q: 0, Sets: 0/2  (0.0%) CEs: 0 ETA: - (expected 1 stars)   
(0.3 sec) Q: 0, Sets: 10/10  (100.0%) CEs: 0 ETA: 0.0 sec (expected 10 stars)   
Total Stars: 10 (1 exact, 9 approx)
Unfinished Stars: 0
Runtime: 0.3 sec
Completed work frac: 1.0
Num Stars Copied Between Processes: 0
Num Lps During Enumeration: 19
Total Num Lps: 19

Result: network is SAFE

[NNENUM] Result: 
<nnenum.result.Result object at 0x747e3af0bf10>
[NNENUM] Enumeration finished.
safe
[NNENUM] Found counter-example stars: 0
[NNENUM] Filtering result using SMT solver...
[SMT] SMT filtered out 0 stars (out of 0; TO: 0).
[QUERY] Looking for nonlinear input combinations...
[QUERY] Found all non-linear combinations. Count: 2
[QUERY] Returning nonlinear disjunction
[CTRL] Considering conjunction with 39 input constraints and a disjunction of size 5
[APPROX] Checking cache: SNNT.Approx.ApproxCacheObject[]
[APPROX] Constructing Approximation
[APPROX] Resolving approximation
[CTRL] Initiating iterator over current linear queries
[APPROX] # Conjunctions over output: 5
[CTRL] Processing linear query no. 283
[NNENUM] Running nnenum now...
[NNENUM] lb: [-0.4999999701976776, -0.4999999701976776, 5.000000171712609e-6, 0.075, -0.1, -0.1, -0.1, -0.1, -0.1, -0.1, -0.1, -0.1, -0.1]
[NNENUM] ub: [-0.00625, -0.33623147889292704, 5.000000171712609e-6, 0.5, 0.09999999999999999, 0.09999999999999999, 0.09999999999999999, 0.09999999999999999, 0.09999999999999999, 0.09999999999999999, 0.09999999999999999, 0.09999999999999999, 0.09999999999999999]
[NNENUM] Creating LP Star...
[NNENUM] Checking feasibility
[NNENUM] Generating output Spec...
[NNENUM] Spec list length:  5
[NNENUM] Enumeration in progress... 
(0.1 sec) Q: 0, Sets: 0/1  (0.0%) CEs: 0 ETA: - (expected 1 stars)   
(0.2 sec) Q: 0, Sets: 2/9  (13.281%) CEs: 0 ETA: 1.2 sec (expected 15 stars)   

Total Stars: 10 (0 exact, 10 approx)
Unfinished Stars: 0
Runtime: 0.2 sec
Completed work frac: 1.0
Num Stars Copied Between Processes: 0
Num Lps During Enumeration: 0
Total Num Lps: 0

Result: network is SAFE

[NNENUM] Result: 
<nnenum.result.Result object at 0x747e3a5b8ca0>
[NNENUM] Enumeration finished.
safe
[NNENUM] Found counter-example stars: 0
[NNENUM] Filtering result using SMT solver...
[SMT] SMT filtered out 0 stars (out of 0; TO: 0).
[QUERY] Looking for nonlinear input combinations...
[QUERY] Found all non-linear combinations. Count: 1
[QUERY] Returning nonlinear disjunction
[CTRL] Considering conjunction with 39 input constraints and a disjunction of size 5
[APPROX] Checking cache: SNNT.Approx.ApproxCacheObject[]
[APPROX] Constructing Approximation
[APPROX] Resolving approximation
[CTRL] Initiating iterator over current linear queries
[APPROX] # Conjunctions over output: 5
[CTRL] Processing linear query no. 284
[NNENUM] Running nnenum now...
[NNENUM] lb: [-0.4999999701976776, -0.4999999701976776, 5.000000171712609e-6, 0.075, -0.1, -0.1, -0.1, -0.1, -0.1, -0.1, -0.1, -0.1, -0.1]
[NNENUM] ub: [-0.00625, -0.33623147889292704, 5.000000171712609e-6, 0.5, 0.09999999999999999, 0.09999999999999999, 0.09999999999999999, 0.09999999999999999, 0.09999999999999999, 0.09999999999999999, 0.09999999999999999, 0.09999999999999999, 0.09999999999999999]
[NNENUM] Creating LP Star...
[NNENUM] Checking feasibility
[NNENUM] Generating output Spec...
[NNENUM] Spec list length:  5
[NNENUM] Enumeration in progress... 
(0.1 sec) Q: 0, Sets: 0/1  (0.0%) CEs: 0 ETA: - (expected 1 stars)   

Total Stars: 3 (3 exact, 0 approx)
Unfinished Stars: 0
Runtime: 0.1 sec
Completed work frac: 1.0
Num Stars Copied Between Processes: 0
Num Lps During Enumeration: 172
Total Num Lps: 172

Result: network is SAFE

[NNENUM] Result: 
<nnenum.result.Result object at 0x747e3af213d0>
[NNENUM] Enumeration finished.
safe
[NNENUM] Found counter-example stars: 0
[NNENUM] Filtering result using SMT solver...
[SMT] SMT filtered out 0 stars (out of 0; TO: 0).
[QUERY] Looking for nonlinear input combinations...
[QUERY] Found all non-linear combinations. Count: 2
[QUERY] Returning nonlinear disjunction
[CTRL] Considering conjunction with 39 input constraints and a disjunction of size 5
[APPROX] Checking cache: SNNT.Approx.ApproxCacheObject[]
[APPROX] Constructing Approximation
[APPROX] Resolving approximation
[CTRL] Initiating iterator over current linear queries
[APPROX] # Conjunctions over output: 5
[CTRL] Processing linear query no. 285
[NNENUM] Running nnenum now...
[NNENUM] lb: [-0.4999999701976776, -0.4999999701976776, 5.000000171712609e-6, 0.075, -0.1, -0.1, -0.1, -0.1, -0.1, -0.1, -0.1, -0.1, -0.1]
[NNENUM] ub: [-0.00625, -0.33623147889292704, 5.000000171712609e-6, 0.5, 0.09999999999999999, 0.09999999999999999, 0.09999999999999999, 0.09999999999999999, 0.09999999999999999, 0.09999999999999999, 0.09999999999999999, 0.09999999999999999, 0.09999999999999999]
[NNENUM] Creating LP Star...
[NNENUM] Checking feasibility
[NNENUM] Generating output Spec...
[NNENUM] Spec list length:  5
[NNENUM] Enumeration in progress... 
(0.1 sec) Q: 0, Sets: 0/1  (0.0%) CEs: 0 ETA: - (expected 1 stars)   
(0.2 sec) Q: 0, Sets: 0/2  (0.0%) CEs: 0 ETA: - (expected 1 stars)   

Total Stars: 5 (0 exact, 5 approx)
Unfinished Stars: 0
Runtime: 0.3 sec
Completed work frac: 1.0
Num Stars Copied Between Processes: 0
Num Lps During Enumeration: 0
Total Num Lps: 0

Result: network is SAFE

[NNENUM] Result: 
<nnenum.result.Result object at 0x747e3af33d60>
[NNENUM] Enumeration finished.
safe
[NNENUM] Found counter-example stars: 0
[NNENUM] Filtering result using SMT solver...
[SMT] SMT filtered out 0 stars (out of 0; TO: 0).
[QUERY] Looking for nonlinear input combinations...
[QUERY] Found all non-linear combinations. Count: 1
[QUERY] Returning nonlinear disjunction
[CTRL] Considering conjunction with 39 input constraints and a disjunction of size 5
[APPROX] Checking cache: SNNT.Approx.ApproxCacheObject[]
[APPROX] Constructing Approximation
[APPROX] Resolving approximation
[CTRL] Initiating iterator over current linear queries
[APPROX] # Conjunctions over output: 5
[CTRL] Processing linear query no. 286
[NNENUM] Running nnenum now...
[NNENUM] lb: [-0.4999999701976776, -0.4999999701976776, 5.000000171712609e-6, 0.075, -0.1, -0.1, -0.1, -0.1, -0.1, -0.1, -0.1, -0.1, -0.1]
[NNENUM] ub: [-0.00625, -0.33623147889292704, 5.000000171712609e-6, 0.5, 0.09999999999999999, 0.09999999999999999, 0.09999999999999999, 0.09999999999999999, 0.09999999999999999, 0.09999999999999999, 0.09999999999999999, 0.09999999999999999, 0.09999999999999999]
[NNENUM] Creating LP Star...
[NNENUM] Checking feasibility
[NNENUM] Generating output Spec...
[NNENUM] Spec list length:  5
[NNENUM] Enumeration in progress... 
(0.0 sec) Q: 0, Sets: 0/1  (0.0%) CEs: 0 ETA: - (expected 1 stars)   

Total Stars: 3 (3 exact, 0 approx)
Unfinished Stars: 0
Runtime: 0.1 sec
Completed work frac: 1.0
Num Stars Copied Between Processes: 0
Num Lps During Enumeration: 172
Total Num Lps: 172

Result: network is SAFE

[NNENUM] Result: 
<nnenum.result.Result object at 0x747e3af24c10>
[NNENUM] Enumeration finished.
safe
[NNENUM] Found counter-example stars: 0
[NNENUM] Filtering result using SMT solver...
[SMT] SMT filtered out 0 stars (out of 0; TO: 0).
[QUERY] Looking for nonlinear input combinations...
[QUERY] Found all non-linear combinations. Count: 2
[QUERY] Returning nonlinear disjunction
[CTRL] Considering conjunction with 39 input constraints and a disjunction of size 5
[APPROX] Checking cache: SNNT.Approx.ApproxCacheObject[]
[APPROX] Constructing Approximation
[APPROX] Resolving approximation
[CTRL] Initiating iterator over current linear queries
[APPROX] # Conjunctions over output: 5
[CTRL] Processing linear query no. 287
[NNENUM] Running nnenum now...
[NNENUM] lb: [-0.4999999701976776, -0.4999999701976776, 5.000000171712609e-6, 0.075, -0.1, -0.1, -0.1, -0.1, -0.1, -0.1, -0.1, -0.1, -0.1]
[NNENUM] ub: [-0.00625, -0.33623147889292704, 5.000000171712609e-6, 0.5, 0.09999999999999999, 0.09999999999999999, 0.09999999999999999, 0.09999999999999999, 0.09999999999999999, 0.09999999999999999, 0.09999999999999999, 0.09999999999999999, 0.09999999999999999]
[NNENUM] Creating LP Star...
[NNENUM] Checking feasibility
[NNENUM] Generating output Spec...
[NNENUM] Spec list length:  5
[NNENUM] Enumeration in progress... 
(0.1 sec) Q: 0, Sets: 0/1  (0.0%) CEs: 0 ETA: - (expected 1 stars)   
(0.2 sec) Q: 0, Sets: 0/2  (0.0%) CEs: 0 ETA: - (expected 1 stars)   

Total Stars: 5 (0 exact, 5 approx)
Unfinished Stars: 0
Runtime: 0.2 sec
Completed work frac: 1.0
Num Stars Copied Between Processes: 0
Num Lps During Enumeration: 0
Total Num Lps: 0

Result: network is SAFE

[NNENUM] Result: 
<nnenum.result.Result object at 0x747e3af3e5e0>
[NNENUM] Enumeration finished.
safe
[NNENUM] Found counter-example stars: 0
[NNENUM] Filtering result using SMT solver...
[SMT] SMT filtered out 0 stars (out of 0; TO: 0).
[QUERY] Looking for nonlinear input combinations...
[QUERY] Found all non-linear combinations. Count: 1
[QUERY] Returning nonlinear disjunction
[CTRL] Considering conjunction with 39 input constraints and a disjunction of size 5
[APPROX] Checking cache: SNNT.Approx.ApproxCacheObject[]
[APPROX] Constructing Approximation
[APPROX] Resolving approximation
[CTRL] Initiating iterator over current linear queries
[APPROX] # Conjunctions over output: 5
[CTRL] Processing linear query no. 288
[NNENUM] Running nnenum now...
[NNENUM] lb: [-0.4999999701976776, -0.4999999701976776, 5.000000171712609e-6, 0.075, -0.1, -0.1, -0.1, -0.1, -0.1, -0.1, -0.1, -0.1, -0.1]
[NNENUM] ub: [-0.00625, -0.33623147889292704, 5.000000171712609e-6, 0.5, 0.09999999999999999, 0.09999999999999999, 0.09999999999999999, 0.09999999999999999, 0.09999999999999999, 0.09999999999999999, 0.09999999999999999, 0.09999999999999999, 0.09999999999999999]
[NNENUM] Creating LP Star...
[NNENUM] Checking feasibility
[NNENUM] Generating output Spec...
[NNENUM] Spec list length:  5
[NNENUM] Enumeration in progress... 
(0.1 sec) Q: 0, Sets: 0/1  (0.0%) CEs: 0 ETA: - (expected 1 stars)   

Total Stars: 3 (3 exact, 0 approx)
Unfinished Stars: 0
Runtime: 0.1 sec
Completed work frac: 1.0
Num Stars Copied Between Processes: 0
Num Lps During Enumeration: 172
Total Num Lps: 172

Result: network is SAFE

[NNENUM] Result: 
<nnenum.result.Result object at 0x747e3af28430>
[NNENUM] Enumeration finished.
safe
[NNENUM] Found counter-example stars: 0
[NNENUM] Filtering result using SMT solver...
[SMT] SMT filtered out 0 stars (out of 0; TO: 0).
[QUERY] Looking for nonlinear input combinations...
[QUERY] Found all non-linear combinations. Count: 2
[QUERY] Returning nonlinear disjunction
[CTRL] Considering conjunction with 39 input constraints and a disjunction of size 5
[APPROX] Checking cache: SNNT.Approx.ApproxCacheObject[]
[APPROX] Constructing Approximation
[APPROX] Resolving approximation
[CTRL] Initiating iterator over current linear queries
[APPROX] # Conjunctions over output: 5
[CTRL] Processing linear query no. 289
[NNENUM] Running nnenum now...
[NNENUM] lb: [-0.4999999701976776, -0.4999999701976776, 5.000000171712609e-6, 0.075, -0.1, -0.1, -0.1, -0.1, -0.1, -0.1, -0.1, -0.1, -0.1]
[NNENUM] ub: [-0.00625, -0.33623147889292704, 5.000000171712609e-6, 0.5, 0.09999999999999999, 0.09999999999999999, 0.09999999999999999, 0.09999999999999999, 0.09999999999999999, 0.09999999999999999, 0.09999999999999999, 0.09999999999999999, 0.09999999999999999]
[NNENUM] Creating LP Star...
[NNENUM] Checking feasibility
[NNENUM] Generating output Spec...
[NNENUM] Spec list length:  5
[NNENUM] Enumeration in progress... 
(0.1 sec) Q: 0, Sets: 0/1  (0.0%) CEs: 0 ETA: - (expected 1 stars)   
(0.2 sec) Q: 0, Sets: 0/2  (0.0%) CEs: 0 ETA: - (expected 1 stars)   

Total Stars: 5 (0 exact, 5 approx)
Unfinished Stars: 0
Runtime: 0.3 sec
Completed work frac: 1.0
Num Stars Copied Between Processes: 0
Num Lps During Enumeration: 0
Total Num Lps: 0

Result: network is SAFE

[NNENUM] Result: 
<nnenum.result.Result object at 0x747e3af1be20>
[NNENUM] Enumeration finished.
safe
[NNENUM] Found counter-example stars: 0
[NNENUM] Filtering result using SMT solver...
[SMT] SMT filtered out 0 stars (out of 0; TO: 0).
[QUERY] Looking for nonlinear input combinations...
[QUERY] Found all non-linear combinations. Count: 1
[QUERY] Returning nonlinear disjunction
[CTRL] Considering conjunction with 39 input constraints and a disjunction of size 5
[APPROX] Checking cache: SNNT.Approx.ApproxCacheObject[]
[APPROX] Constructing Approximation
[APPROX] Resolving approximation
[CTRL] Initiating iterator over current linear queries
[APPROX] # Conjunctions over output: 5
[CTRL] Processing linear query no. 290
[NNENUM] Running nnenum now...
[NNENUM] lb: [-0.4999999701976776, -0.4999999701976776, 5.000000171712609e-6, 0.075, -0.1, -0.1, -0.1, -0.1, -0.1, -0.1, -0.1, -0.1, -0.1]
[NNENUM] ub: [-0.00625, -0.33623147889292704, 5.000000171712609e-6, 0.5, 0.09999999999999999, 0.09999999999999999, 0.09999999999999999, 0.09999999999999999, 0.09999999999999999, 0.09999999999999999, 0.09999999999999999, 0.09999999999999999, 0.09999999999999999]
[NNENUM] Creating LP Star...
[NNENUM] Checking feasibility
[NNENUM] Generating output Spec...
[NNENUM] Spec list length:  5
[NNENUM] Enumeration in progress... 

[NNENUM] Result: 
<nnenum.result.Result object at 0x747e3a592f70>
[NNENUM] Enumeration finished.
safe
[NNENUM] Filtering result using SMT solver...
[SMT] SMT filtered out 0 stars (out of 0; TO: 0).
[QUERY] Looking for nonlinear input combinations...
[QUERY] Found all non-linear combinations. Count: 2
[QUERY] Returning nonlinear disjunction
[CTRL] Considering conjunction with 39 input constraints and a disjunction of size 5
[APPROX] Checking cache: SNNT.Approx.ApproxCacheObject[]
[APPROX] Constructing Approximation
[APPROX] Resolving approximation
[CTRL] Initiating iterator over current linear queries
[APPROX] # Conjunctions over output: 5
[CTRL] Processing linear query no. 291
[NNENUM] Running nnenum now...
[NNENUM] lb: [-0.4999999701976776, -0.4999999701976776, 5.000000171712609e-6, 0.075, -0.1, -0.1, -0.1, -0.1, -0.1, -0.1, -0.1, -0.1, -0.1]
[NNENUM] ub: [-0.00625, -0.33623147889292704, 5.000000171712609e-6, 0.5, 0.09999999999999999, 0.09999999999999999, 0.09999999999999999, 0.09999999999999999, 0.09999999999999999, 0.09999999999999999, 0.09999999999999999, 0.09999999999999999, 0.09999999999999999]
[NNENUM] Creating LP Star...
[NNENUM] Checking feasibility
[NNENUM] Generating output Spec...
[NNENUM] Spec list length:  5
[NNENUM] Enumeration in progress... 
(0.1 sec) Q: 0, Sets: 0/1  (0.0%) CEs: 0 ETA: - (expected 1 stars)   
(0.2 sec) Q: 0, Sets: 0/2  (0.0%) CEs: 0 ETA: - (expected 1 stars)   

Total Stars: 7 (1 exact, 6 approx)
Unfinished Stars: 0
Runtime: 0.2 sec
Completed work frac: 1.0
Num Stars Copied Between Processes: 0
Num Lps During Enumeration: 31
Total Num Lps: 31

Result: network is SAFE

[NNENUM] Result: 
<nnenum.result.Result object at 0x747e3af246a0>
[NNENUM] Enumeration finished.
safe
[NNENUM] Found counter-example stars: 0
[NNENUM] Filtering result using SMT solver...
[SMT] SMT filtered out 0 stars (out of 0; TO: 0).
[QUERY] Looking for nonlinear input combinations...
[QUERY] Found all non-linear combinations. Count: 1
[QUERY] Returning nonlinear disjunction
[CTRL] Considering conjunction with 39 input constraints and a disjunction of size 5
[APPROX] Checking cache: SNNT.Approx.ApproxCacheObject[]
[APPROX] Constructing Approximation
[APPROX] Resolving approximation
[CTRL] Initiating iterator over current linear queries
[APPROX] # Conjunctions over output: 5
[CTRL] Processing linear query no. 292
[NNENUM] Running nnenum now...
[NNENUM] lb: [-0.4999999701976776, -0.4999999701976776, 5.000000171712609e-6, -0.08052249040043885, -0.1, -0.1, -0.1, -0.1, -0.1, -0.1, -0.1, -0.1, -0.1]
[NNENUM] ub: [-0.00625, -0.33623147889292704, 5.000000171712609e-6, 0.075, 0.09999999999999999, 0.09999999999999999, 0.09999999999999999, 0.09999999999999999, 0.09999999999999999, 0.09999999999999999, 0.09999999999999999, 0.09999999999999999, 0.09999999999999999]
[NNENUM] Creating LP Star...
[NNENUM] Checking feasibility
[NNENUM] Generating output Spec...
[NNENUM] Spec list length:  5
[NNENUM] Enumeration in progress... 
(0.1 sec) Q: 0, Sets: 0/1  (0.0%) CEs: 0 ETA: - (expected 1 stars)   

Total Stars: 4 (0 exact, 4 approx)
Unfinished Stars: 0
Runtime: 0.1 sec
Completed work frac: 1.0
Num Stars Copied Between Processes: 0
Num Lps During Enumeration: 0
Total Num Lps: 0

Result: network is SAFE

[NNENUM] Result: 
<nnenum.result.Result object at 0x747e3af3e4f0>
[NNENUM] Enumeration finished.
safe
[NNENUM] Found counter-example stars: 0
[NNENUM] Filtering result using SMT solver...
[SMT] SMT filtered out 0 stars (out of 0; TO: 0).
[QUERY] Looking for nonlinear input combinations...
.[QUERY] Found all non-linear combinations. Count: 1
[QUERY] Returning nonlinear disjunction
[CTRL] Considering conjunction with 39 input constraints and a disjunction of size 5
[APPROX] Checking cache: SNNT.Approx.ApproxCacheObject[]
[APPROX] Constructing Approximation
[APPROX] Resolving approximation
[CTRL] Initiating iterator over current linear queries
[APPROX] # Conjunctions over output: 5
[CTRL] Processing linear query no. 293
[NNENUM] Running nnenum now...
[NNENUM] lb: [-0.4999999701976776, -0.4999999701976776, 5.000000171712609e-6, -0.08052249040043885, -0.1, -0.1, -0.1, -0.1, -0.1, -0.1, -0.1, -0.1, -0.1]
[NNENUM] ub: [-0.00625, -0.33623147889292704, 5.000000171712609e-6, 0.075, 0.09999999999999999, 0.09999999999999999, 0.09999999999999999, 0.09999999999999999, 0.09999999999999999, 0.09999999999999999, 0.09999999999999999, 0.09999999999999999, 0.09999999999999999]
[NNENUM] Creating LP Star...
[NNENUM] Checking feasibility
[NNENUM] Generating output Spec...
[NNENUM] Spec list length:  5
[NNENUM] Enumeration in progress... 
(0.1 sec) Q: 0, Sets: 0/1  (0.0%) CEs: 0 ETA: - (expected 1 stars)   
(0.2 sec) Q: 0, Sets: 0/2  (0.0%) CEs: 0 ETA: - (expected 1 stars)   

Total Stars: 5 (1 exact, 4 approx)
Unfinished Stars: 0
Runtime: 0.3 sec
Completed work frac: 1.0
Num Stars Copied Between Processes: 0
Num Lps During Enumeration: 146
Total Num Lps: 146

Result: network is SAFE

[NNENUM] Result: 
<nnenum.result.Result object at 0x747e3af1bee0>
[NNENUM] Enumeration finished.
safe
[NNENUM] Found counter-example stars: 0
[NNENUM] Filtering result using SMT solver...
[SMT] SMT filtered out 0 stars (out of 0; TO: 0).
[QUERY] Looking for nonlinear input combinations...
[QUERY] Found all non-linear combinations. Count: 1
[QUERY] Returning nonlinear disjunction
[CTRL] Considering conjunction with 39 input constraints and a disjunction of size 5
[APPROX] Checking cache: SNNT.Approx.ApproxCacheObject[]
[APPROX] Constructing Approximation
[APPROX] Resolving approximation
[CTRL] Initiating iterator over current linear queries
[APPROX] # Conjunctions over output: 5
[CTRL] Processing linear query no. 294
[NNENUM] Running nnenum now...
[NNENUM] lb: [-0.4999999701976776, -0.4999999701976776, 5.000000171712609e-6, -0.21079675705898798, -0.1, -0.1, -0.1, -0.1, -0.1, -0.1, -0.1, -0.1, -0.1]
[NNENUM] ub: [-0.00625, -0.33623147889292704, 5.000000171712609e-6, -0.08052249040043885, 0.09999999999999999, 0.09999999999999999, 0.09999999999999999, 0.09999999999999999, 0.09999999999999999, 0.09999999999999999, 0.09999999999999999, 0.09999999999999999, 0.09999999999999999]
[NNENUM] Creating LP Star...
[NNENUM] Checking feasibility
[NNENUM] Generating output Spec...
[NNENUM] Spec list length:  5
[NNENUM] Enumeration in progress... 
(0.1 sec) Q: 0, Sets: 0/1  (0.0%) CEs: 0 ETA: - (expected 1 stars)   

Total Stars: 7 (2 exact, 5 approx)
Unfinished Stars: 0
Runtime: 0.1 sec
Completed work frac: 1.0
Num Stars Copied Between Processes: 0
Num Lps During Enumeration: 75
Total Num Lps: 75

Result: network is SAFE

[NNENUM] Result: 
<nnenum.result.Result object at 0x747e3af33d30>
[NNENUM] Enumeration finished.
safe
[NNENUM] Found counter-example stars: 0
[NNENUM] Filtering result using SMT solver...
[SMT] SMT filtered out 0 stars (out of 0; TO: 0).
[QUERY] Looking for nonlinear input combinations...
.[QUERY] Found all non-linear combinations. Count: 1
[QUERY] Returning nonlinear disjunction
[CTRL] Considering conjunction with 39 input constraints and a disjunction of size 5
[APPROX] Checking cache: SNNT.Approx.ApproxCacheObject[]
[APPROX] Constructing Approximation
[APPROX] Resolving approximation
[CTRL] Initiating iterator over current linear queries
[APPROX] # Conjunctions over output: 5
[CTRL] Processing linear query no. 295
[NNENUM] Running nnenum now...
[NNENUM] lb: [-0.4999999701976776, -0.4999999701976776, 5.000000171712609e-6, -0.3499999940395355, -0.1, -0.1, -0.1, -0.1, -0.1, -0.1, -0.1, -0.1, -0.1]
[NNENUM] ub: [-0.00625, -0.33623147889292704, 5.000000171712609e-6, -0.21079675705898798, 0.09999999999999999, 0.09999999999999999, 0.09999999999999999, 0.09999999999999999, 0.09999999999999999, 0.09999999999999999, 0.09999999999999999, 0.09999999999999999, 0.09999999999999999]
[NNENUM] Creating LP Star...
[NNENUM] Checking feasibility
[NNENUM] Generating output Spec...
[NNENUM] Spec list length:  5
[NNENUM] Enumeration in progress... 
(0.1 sec) Q: 0, Sets: 0/1  (0.0%) CEs: 0 ETA: - (expected 1 stars)   
(0.2 sec) Q: 0, Sets: 0/2  (0.0%) CEs: 0 ETA: - (expected 1 stars)   

Total Stars: 5 (0 exact, 5 approx)
Unfinished Stars: 0
Runtime: 0.2 sec
Completed work frac: 1.0
Num Stars Copied Between Processes: 0
Num Lps During Enumeration: 0
Total Num Lps: 0

Result: network is SAFE

[NNENUM] Result: 
<nnenum.result.Result object at 0x747e3af28760>
[NNENUM] Enumeration finished.
safe
[NNENUM] Found counter-example stars: 0
[NNENUM] Filtering result using SMT solver...
[SMT] SMT filtered out 0 stars (out of 0; TO: 0).
[QUERY] Looking for nonlinear input combinations...
[QUERY] Found all non-linear combinations. Count: 2
[QUERY] Returning nonlinear disjunction
[CTRL] Considering conjunction with 39 input constraints and a disjunction of size 5
[APPROX] Checking cache: SNNT.Approx.ApproxCacheObject[]
[APPROX] Constructing Approximation
[APPROX] Resolving approximation
[CTRL] Initiating iterator over current linear queries
[APPROX] # Conjunctions over output: 5
[CTRL] Processing linear query no. 296
[NNENUM] Running nnenum now...
[NNENUM] lb: [-0.00625, -0.4999999701976776, 5.000000171712609e-6, -0.21079675705898798, -0.1, -0.1, -0.1, -0.1, -0.1, -0.1, -0.1, -0.1, -0.1]
[NNENUM] ub: [0.0062499999999999995, -0.33623147889292704, 5.000000171712609e-6, -0.08052249040043885, 0.09999999999999999, 0.09999999999999999, 0.09999999999999999, 0.09999999999999999, 0.09999999999999999, 0.09999999999999999, 0.09999999999999999, 0.09999999999999999, 0.09999999999999999]
[NNENUM] Creating LP Star...
[NNENUM] Checking feasibility
[NNENUM] Generating output Spec...
[NNENUM] Spec list length:  5
[NNENUM] Enumeration in progress... 
(0.0 sec) Q: 0, Sets: 0/1  (0.0%) CEs: 0 ETA: - (expected 1 stars)   

Total Stars: 1 (1 exact, 0 approx)
Unfinished Stars: 0
Runtime: 0.0 sec
Completed work frac: 1.0
Num Stars Copied Between Processes: 0
Num Lps During Enumeration: 45
Total Num Lps: 45

Result: network is UNSAFE with confirmed counterexample in result.cinput and result.coutput
Output: [0.16011543571949005, 0.10954669117927551, 0.034971997141838074, 0.11153442412614822, 0.022505350410938263, -0.21985912322998047, -0.3119394779205322, -0.1924383044242859, -0.3087987005710602]

[NNENUM] Result: 
<nnenum.result.Result object at 0x747e3af3e550>
[NNENUM] Enumeration finished.
unsafe
[NNENUM] Found counter-example stars: 1
[NNENUM] Filtering result using SMT solver...
[SMT] SMT filtered out 0 stars (out of 1; TO: 0).
[QUERY] Looking for nonlinear input combinations...
[QUERY] Found all non-linear combinations. Count: 2
[QUERY] Returning nonlinear disjunction
[CTRL] Considering conjunction with 39 input constraints and a disjunction of size 4
[APPROX] Checking cache: SNNT.Approx.ApproxCacheObject[]
[APPROX] Constructing Approximation
[APPROX] Resolving approximation
[CTRL] Initiating iterator over current linear queries
[APPROX] # Conjunctions over output: 4
[CTRL] Processing linear query no. 297
[NNENUM] Running nnenum now...
[NNENUM] lb: [0.0062499999999999995, -0.4999999701976776, 5.000000171712609e-6, -0.21079675705898798, -0.1, -0.1, -0.1, -0.1, -0.1, -0.1, -0.1, -0.1, -0.1]
[NNENUM] ub: [0.5, -0.33623147889292704, 5.000000171712609e-6, -0.08052249040043885, 0.09999999999999999, 0.09999999999999999, 0.09999999999999999, 0.09999999999999999, 0.09999999999999999, 0.09999999999999999, 0.09999999999999999, 0.09999999999999999, 0.09999999999999999]
[NNENUM] Creating LP Star...
[NNENUM] Checking feasibility
[NNENUM] Generating output Spec...
[NNENUM] Spec list length:  4
[NNENUM] Enumeration in progress... 
(0.1 sec) Q: 0, Sets: 0/1  (0.0%) CEs: 0 ETA: - (expected 1 stars)   
(0.2 sec) Q: 0, Sets: 0/2  (0.0%) CEs: 0 ETA: - (expected 1 stars)   

Total Stars: 2 (0 exact, 2 approx)
Unfinished Stars: 0
Runtime: 0.2 sec
Completed work frac: 1.0
Num Stars Copied Between Processes: 0
Num Lps During Enumeration: 0
Total Num Lps: 0

Result: network is SAFE

[NNENUM] Result: 
<nnenum.result.Result object at 0x747e3af24ee0>
[NNENUM] Enumeration finished.
safe
[NNENUM] Found counter-example stars: 0
[NNENUM] Filtering result using SMT solver...
[SMT] SMT filtered out 0 stars (out of 0; TO: 0).
[QUERY] Looking for nonlinear input combinations...
[QUERY] Found all non-linear combinations. Count: 1
[QUERY] Returning nonlinear disjunction
[CTRL] Considering conjunction with 39 input constraints and a disjunction of size 4
[APPROX] Checking cache: SNNT.Approx.ApproxCacheObject[]
[APPROX] Constructing Approximation
[APPROX] Resolving approximation
[CTRL] Initiating iterator over current linear queries
[APPROX] # Conjunctions over output: 4
[CTRL] Processing linear query no. 298
[NNENUM] Running nnenum now...
[NNENUM] lb: [0.0062499999999999995, -0.4999999701976776, 5.000000171712609e-6, -0.21079675705898798, -0.1, -0.1, -0.1, -0.1, -0.1, -0.1, -0.1, -0.1, -0.1]
[NNENUM] ub: [0.5, -0.33623147889292704, 5.000000171712609e-6, -0.08052249040043885, 0.09999999999999999, 0.09999999999999999, 0.09999999999999999, 0.09999999999999999, 0.09999999999999999, 0.09999999999999999, 0.09999999999999999, 0.09999999999999999, 0.09999999999999999]
[NNENUM] Creating LP Star...
[NNENUM] Checking feasibility
[NNENUM] Generating output Spec...
[NNENUM] Spec list length:  4
[NNENUM] Enumeration in progress... 
(0.1 sec) Q: 0, Sets: 0/1  (0.0%) CEs: 0 ETA: - (expected 1 stars)   

Total Stars: 5 (1 exact, 4 approx)
Unfinished Stars: 0
Runtime: 0.1 sec
Completed work frac: 1.0
Num Stars Copied Between Processes: 0
Num Lps During Enumeration: 63
Total Num Lps: 63

Result: network is SAFE

[NNENUM] Result: 
<nnenum.result.Result object at 0x747e3a59b580>
[NNENUM] Enumeration finished.
safe
[NNENUM] Found counter-example stars: 0
[NNENUM] Filtering result using SMT solver...
[SMT] SMT filtered out 0 stars (out of 0; TO: 0).
[QUERY] Looking for nonlinear input combinations...
[QUERY] Found all non-linear combinations. Count: 1
[QUERY] Returning nonlinear disjunction
[CTRL] Considering conjunction with 39 input constraints and a disjunction of size 4
[APPROX] Checking cache: SNNT.Approx.ApproxCacheObject[]
[APPROX] Constructing Approximation
[APPROX] Resolving approximation
[CTRL] Initiating iterator over current linear queries
[APPROX] # Conjunctions over output: 4
[CTRL] Processing linear query no. 299
[NNENUM] Running nnenum now...
[NNENUM] lb: [0.0062499999999999995, -0.4999999701976776, 5.000000171712609e-6, -0.21079675705898798, -0.1, -0.1, -0.1, -0.1, -0.1, -0.1, -0.1, -0.1, -0.1]
[NNENUM] ub: [0.5, -0.33623147889292704, 5.000000171712609e-6, -0.08052249040043885, 0.09999999999999999, 0.09999999999999999, 0.09999999999999999, 0.09999999999999999, 0.09999999999999999, 0.09999999999999999, 0.09999999999999999, 0.09999999999999999, 0.09999999999999999]
[NNENUM] Creating LP Star...
[NNENUM] Checking feasibility
[NNENUM] Generating output Spec...
[NNENUM] Spec list length:  4
[NNENUM] Enumeration in progress... 
(0.1 sec) Q: 0, Sets: 0/1  (0.0%) CEs: 0 ETA: - (expected 1 stars)   
(0.2 sec) Q: 0, Sets: 0/2  (0.0%) CEs: 0 ETA: - (expected 1 stars)   

Total Stars: 3 (1 exact, 2 approx)
Unfinished Stars: 0
Runtime: 0.2 sec
Completed work frac: 1.0
Num Stars Copied Between Processes: 0
Num Lps During Enumeration: 65
Total Num Lps: 65

Result: network is SAFE

[NNENUM] Result: 
<nnenum.result.Result object at 0x747e3af2a7c0>
[NNENUM] Enumeration finished.
safe
[NNENUM] Found counter-example stars: 0
[NNENUM] Filtering result using SMT solver...
[SMT] SMT filtered out 0 stars (out of 0; TO: 0).
[QUERY] Looking for nonlinear input combinations...
[QUERY] Found all non-linear combinations. Count: 1
[QUERY] Returning nonlinear disjunction
[CTRL] Considering conjunction with 39 input constraints and a disjunction of size 4
[APPROX] Checking cache: SNNT.Approx.ApproxCacheObject[]
[APPROX] Constructing Approximation
[APPROX] Resolving approximation
[CTRL] Initiating iterator over current linear queries
[APPROX] # Conjunctions over output: 4
[CTRL] Processing linear query no. 300
[NNENUM] Running nnenum now...
[NNENUM] lb: [0.0062499999999999995, -0.4999999701976776, 5.000000171712609e-6, -0.3499999940395355, -0.1, -0.1, -0.1, -0.1, -0.1, -0.1, -0.1, -0.1, -0.1]
[NNENUM] ub: [0.5, -0.33623147889292704, 5.000000171712609e-6, -0.21079675705898798, 0.09999999999999999, 0.09999999999999999, 0.09999999999999999, 0.09999999999999999, 0.09999999999999999, 0.09999999999999999, 0.09999999999999999, 0.09999999999999999, 0.09999999999999999]
[NNENUM] Creating LP Star...
[NNENUM] Checking feasibility
[NNENUM] Generating output Spec...
[NNENUM] Spec list length:  4
[NNENUM] Enumeration in progress... 
(0.1 sec) Q: 0, Sets: 0/1  (0.0%) CEs: 0 ETA: - (expected 1 stars)   
(0.2 sec) Q: 0, Sets: 2/4  (50.0%) CEs: 0 ETA: 0.2 sec (expected 4 stars)   

Total Stars: 7 (2 exact, 5 approx)
Unfinished Stars: 0
Runtime: 0.3 sec
Completed work frac: 1.0
Num Stars Copied Between Processes: 0
Num Lps During Enumeration: 69
Total Num Lps: 69

Result: network is SAFE

[NNENUM] Result: 
<nnenum.result.Result object at 0x747e3af33190>
[NNENUM] Enumeration finished.
safe
[NNENUM] Found counter-example stars: 0
[NNENUM] Filtering result using SMT solver...
[SMT] SMT filtered out 0 stars (out of 0; TO: 0).
[QUERY] Looking for nonlinear input combinations...
[QUERY] Found all non-linear combinations. Count: 2
[QUERY] Returning nonlinear disjunction
[CTRL] Considering conjunction with 39 input constraints and a disjunction of size 4
[APPROX] Checking cache: SNNT.Approx.ApproxCacheObject[]
[APPROX] Constructing Approximation
[APPROX] Resolving approximation
[CTRL] Initiating iterator over current linear queries
[APPROX] # Conjunctions over output: 4
[CTRL] Processing linear query no. 301
[NNENUM] Running nnenum now...
[NNENUM] lb: [0.0062499999999999995, -0.4999999701976776, 5.000000171712609e-6, -0.3499999940395355, -0.1, -0.1, -0.1, -0.1, -0.1, -0.1, -0.1, -0.1, -0.1]
[NNENUM] ub: [0.5, -0.33623147889292704, 5.000000171712609e-6, -0.21079675705898798, 0.09999999999999999, 0.09999999999999999, 0.09999999999999999, 0.09999999999999999, 0.09999999999999999, 0.09999999999999999, 0.09999999999999999, 0.09999999999999999, 0.09999999999999999]
[NNENUM] Creating LP Star...
[NNENUM] Checking feasibility
[NNENUM] Generating output Spec...
[NNENUM] Spec list length:  4
[NNENUM] Enumeration in progress... 
(0.1 sec) Q: 0, Sets: 0/1  (0.0%) CEs: 0 ETA: - (expected 1 stars)   
(0.2 sec) Q: 0, Sets: 0/2  (0.0%) CEs: 0 ETA: - (expected 1 stars)   

Total Stars: 3 (2 exact, 1 approx)
Unfinished Stars: 0
Runtime: 0.2 sec
Completed work frac: 1.0
Num Stars Copied Between Processes: 0
Num Lps During Enumeration: 94
Total Num Lps: 94

Result: network is SAFE

[NNENUM] Result: 
<nnenum.result.Result object at 0x747e3af3a670>
[NNENUM] Enumeration finished.
safe
[NNENUM] Found counter-example stars: 0
[NNENUM] Filtering result using SMT solver...
[SMT] SMT filtered out 0 stars (out of 0; TO: 0).
[QUERY] Looking for nonlinear input combinations...
[QUERY] Found all non-linear combinations. Count: 1
[QUERY] Returning nonlinear disjunction
[CTRL] Considering conjunction with 39 input constraints and a disjunction of size 4
[APPROX] Checking cache: SNNT.Approx.ApproxCacheObject[]
[APPROX] Constructing Approximation
[APPROX] Resolving approximation
[CTRL] Initiating iterator over current linear queries
[APPROX] # Conjunctions over output: 4
[CTRL] Processing linear query no. 302
[NNENUM] Running nnenum now...
[NNENUM] lb: [0.0062499999999999995, -0.4999999701976776, 5.000000171712609e-6, -0.3499999940395355, -0.1, -0.1, -0.1, -0.1, -0.1, -0.1, -0.1, -0.1, -0.1]
[NNENUM] ub: [0.5, -0.33623147889292704, 5.000000171712609e-6, -0.21079675705898798, 0.09999999999999999, 0.09999999999999999, 0.09999999999999999, 0.09999999999999999, 0.09999999999999999, 0.09999999999999999, 0.09999999999999999, 0.09999999999999999, 0.09999999999999999]
[NNENUM] Creating LP Star...
[NNENUM] Checking feasibility
[NNENUM] Generating output Spec...
[NNENUM] Spec list length:  4
[NNENUM] Enumeration in progress... 
(0.1 sec) Q: 0, Sets: 0/1  (0.0%) CEs: 0 ETA: - (expected 1 stars)   
(0.2 sec) Q: 0, Sets: 7/7  (100.0%) CEs: 0 ETA: 0.0 sec (expected 7 stars)   

Total Stars: 7 (1 exact, 6 approx)
Unfinished Stars: 0
Runtime: 0.2 sec
Completed work frac: 1.0
Num Stars Copied Between Processes: 0
Num Lps During Enumeration: 34
Total Num Lps: 34

Result: network is SAFE

[NNENUM] Result: 
<nnenum.result.Result object at 0x747e3af21310>
[NNENUM] Enumeration finished.
safe
[NNENUM] Found counter-example stars: 0
[NNENUM] Filtering result using SMT solver...
[SMT] SMT filtered out 0 stars (out of 0; TO: 0).
[QUERY] Looking for nonlinear input combinations...
[QUERY] Found all non-linear combinations. Count: 1
[QUERY] Returning nonlinear disjunction
[CTRL] Considering conjunction with 39 input constraints and a disjunction of size 4
[APPROX] Checking cache: SNNT.Approx.ApproxCacheObject[]
[APPROX] Constructing Approximation
[APPROX] Resolving approximation
[CTRL] Initiating iterator over current linear queries
[APPROX] # Conjunctions over output: 4
[CTRL] Processing linear query no. 303
[NNENUM] Running nnenum now...
[NNENUM] lb: [0.0062499999999999995, -0.4999999701976776, 5.000000171712609e-6, -0.21079675705898798, -0.1, -0.1, -0.1, -0.1, -0.1, -0.1, -0.1, -0.1, -0.1]
[NNENUM] ub: [0.5, -0.33623147889292704, 5.000000171712609e-6, -0.08052249040043885, 0.09999999999999999, 0.09999999999999999, 0.09999999999999999, 0.09999999999999999, 0.09999999999999999, 0.09999999999999999, 0.09999999999999999, 0.09999999999999999, 0.09999999999999999]
[NNENUM] Creating LP Star...
[NNENUM] Checking feasibility
[NNENUM] Generating output Spec...
[NNENUM] Spec list length:  4
[NNENUM] Enumeration in progress... 
(0.0 sec) Q: 0, Sets: 0/1  (0.0%) CEs: 0 ETA: - (expected 1 stars)   
(0.2 sec) Q: 0, Sets: 0/2  (0.0%) CEs: 0 ETA: - (expected 1 stars)   

Total Stars: 2 (2 exact, 0 approx)
Unfinished Stars: 0
Runtime: 0.2 sec
Completed work frac: 1.0
Num Stars Copied Between Processes: 0
Num Lps During Enumeration: 87
Total Num Lps: 87

Result: network is SAFE

[NNENUM] Result: 
<nnenum.result.Result object at 0x747e3a581730>
[NNENUM] Enumeration finished.
safe
[NNENUM] Found counter-example stars: 0
[NNENUM] Filtering result using SMT solver...
[SMT] SMT filtered out 0 stars (out of 0; TO: 0).
[QUERY] Looking for nonlinear input combinations...
[QUERY] Found all non-linear combinations. Count: 1
[QUERY] Returning nonlinear disjunction
[CTRL] Considering conjunction with 39 input constraints and a disjunction of size 4
[APPROX] Checking cache: SNNT.Approx.ApproxCacheObject[]
[APPROX] Constructing Approximation
[APPROX] Resolving approximation
[CTRL] Initiating iterator over current linear queries
[APPROX] # Conjunctions over output: 4
[CTRL] Processing linear query no. 304
[NNENUM] Running nnenum now...
[NNENUM] lb: [0.0062499999999999995, -0.4999999701976776, 5.000000171712609e-6, -0.21079675705898798, -0.1, -0.1, -0.1, -0.1, -0.1, -0.1, -0.1, -0.1, -0.1]
[NNENUM] ub: [0.5, -0.33623147889292704, 5.000000171712609e-6, -0.08052249040043885, 0.09999999999999999, 0.09999999999999999, 0.09999999999999999, 0.09999999999999999, 0.09999999999999999, 0.09999999999999999, 0.09999999999999999, 0.09999999999999999, 0.09999999999999999]
[NNENUM] Creating LP Star...
[NNENUM] Checking feasibility
[NNENUM] Generating output Spec...
[NNENUM] Spec list length:  4
[NNENUM] Enumeration in progress... 

[NNENUM] Result: 
<nnenum.result.Result object at 0x747e3a5b87c0>
[NNENUM] Enumeration finished.
safe
[NNENUM] Filtering result using SMT solver...
[SMT] SMT filtered out 0 stars (out of 0; TO: 0).
[QUERY] Looking for nonlinear input combinations...
[QUERY] Found all non-linear combinations. Count: 1
[QUERY] Returning nonlinear disjunction
[CTRL] Considering conjunction with 39 input constraints and a disjunction of size 4
[APPROX] Checking cache: SNNT.Approx.ApproxCacheObject[]
[APPROX] Constructing Approximation
[APPROX] Resolving approximation
[CTRL] Initiating iterator over current linear queries
[APPROX] # Conjunctions over output: 4
[CTRL] Processing linear query no. 305
[NNENUM] Running nnenum now...
[NNENUM] lb: [0.0062499999999999995, -0.4999999701976776, 5.000000171712609e-6, -0.21079675705898798, -0.1, -0.1, -0.1, -0.1, -0.1, -0.1, -0.1, -0.1, -0.1]
[NNENUM] ub: [0.5, -0.33623147889292704, 5.000000171712609e-6, -0.08052249040043885, 0.09999999999999999, 0.09999999999999999, 0.09999999999999999, 0.09999999999999999, 0.09999999999999999, 0.09999999999999999, 0.09999999999999999, 0.09999999999999999, 0.09999999999999999]
[NNENUM] Creating LP Star...
[NNENUM] Checking feasibility
[NNENUM] Generating output Spec...
[NNENUM] Spec list length:  4
[NNENUM] Enumeration in progress... 

[NNENUM] Result: 
<nnenum.result.Result object at 0x747e3af3a910>
[NNENUM] Enumeration finished.
safe
[NNENUM] Filtering result using SMT solver...
[SMT] SMT filtered out 0 stars (out of 0; TO: 0).
[QUERY] Looking for nonlinear input combinations...
[QUERY] Found all non-linear combinations. Count: 1
[QUERY] Returning nonlinear disjunction
[CTRL] Considering conjunction with 39 input constraints and a disjunction of size 4
[APPROX] Checking cache: SNNT.Approx.ApproxCacheObject[]
[APPROX] Constructing Approximation
[APPROX] Resolving approximation
[CTRL] Initiating iterator over current linear queries
[APPROX] # Conjunctions over output: 4
[CTRL] Processing linear query no. 306
[NNENUM] Running nnenum now...
[NNENUM] lb: [0.0062499999999999995, -0.4999999701976776, 5.000000171712609e-6, -0.21079675705898798, -0.1, -0.1, -0.1, -0.1, -0.1, -0.1, -0.1, -0.1, -0.1]
[NNENUM] ub: [0.5, -0.33623147889292704, 5.000000171712609e-6, -0.08052249040043885, 0.09999999999999999, 0.09999999999999999, 0.09999999999999999, 0.09999999999999999, 0.09999999999999999, 0.09999999999999999, 0.09999999999999999, 0.09999999999999999, 0.09999999999999999]
[NNENUM] Creating LP Star...
[NNENUM] Checking feasibility
[NNENUM] Generating output Spec...
[NNENUM] Spec list length:  4
[NNENUM] Enumeration in progress... 

[NNENUM] Result: 
<nnenum.result.Result object at 0x747e3af2a3d0>
[NNENUM] Enumeration finished.
safe
[NNENUM] Filtering result using SMT solver...
[SMT] SMT filtered out 0 stars (out of 0; TO: 0).
[QUERY] Looking for nonlinear input combinations...
[QUERY] Found all non-linear combinations. Count: 1
[QUERY] Returning nonlinear disjunction
[CTRL] Considering conjunction with 39 input constraints and a disjunction of size 4
[APPROX] Checking cache: SNNT.Approx.ApproxCacheObject[]
[APPROX] Constructing Approximation
[APPROX] Resolving approximation
[CTRL] Initiating iterator over current linear queries
[APPROX] # Conjunctions over output: 4
[CTRL] Processing linear query no. 307
[NNENUM] Running nnenum now...
[NNENUM] lb: [0.0062499999999999995, -0.4999999701976776, 5.000000171712609e-6, -0.21079675705898798, -0.1, -0.1, -0.1, -0.1, -0.1, -0.1, -0.1, -0.1, -0.1]
[NNENUM] ub: [0.5, -0.33623147889292704, 5.000000171712609e-6, -0.08052249040043885, 0.09999999999999999, 0.09999999999999999, 0.09999999999999999, 0.09999999999999999, 0.09999999999999999, 0.09999999999999999, 0.09999999999999999, 0.09999999999999999, 0.09999999999999999]
[NNENUM] Creating LP Star...
[NNENUM] Checking feasibility
[NNENUM] Generating output Spec...
[NNENUM] Spec list length:  4
[NNENUM] Enumeration in progress... 
(0.2 sec) Q: 0, Sets: 0/1  (0.0%) CEs: 0 ETA: - (expected 1 stars)   

Total Stars: 3 (1 exact, 2 approx)
Unfinished Stars: 0
Runtime: 0.3 sec
Completed work frac: 1.0
Num Stars Copied Between Processes: 0
Num Lps During Enumeration: 65
Total Num Lps: 65

Result: network is SAFE

[NNENUM] Result: 
<nnenum.result.Result object at 0x747e3a592430>
[NNENUM] Enumeration finished.
safe
[NNENUM] Found counter-example stars: 0
[NNENUM] Filtering result using SMT solver...
[SMT] SMT filtered out 0 stars (out of 0; TO: 0).
[QUERY] Looking for nonlinear input combinations...
[QUERY] Found all non-linear combinations. Count: 1
[QUERY] Returning nonlinear disjunction
[CTRL] Considering conjunction with 39 input constraints and a disjunction of size 4
[APPROX] Checking cache: SNNT.Approx.ApproxCacheObject[]
[APPROX] Constructing Approximation
[APPROX] Resolving approximation
[CTRL] Initiating iterator over current linear queries
[APPROX] # Conjunctions over output: 4
[CTRL] Processing linear query no. 308
[NNENUM] Running nnenum now...
[NNENUM] lb: [0.0062499999999999995, -0.4999999701976776, 5.000000171712609e-6, -0.21079675705898798, -0.1, -0.1, -0.1, -0.1, -0.1, -0.1, -0.1, -0.1, -0.1]
[NNENUM] ub: [0.5, -0.33623147889292704, 5.000000171712609e-6, -0.08052249040043885, 0.09999999999999999, 0.09999999999999999, 0.09999999999999999, 0.09999999999999999, 0.09999999999999999, 0.09999999999999999, 0.09999999999999999, 0.09999999999999999, 0.09999999999999999]
[NNENUM] Creating LP Star...
[NNENUM] Checking feasibility
[NNENUM] Generating output Spec...
[NNENUM] Spec list length:  4
[NNENUM] Enumeration in progress... 
(0.1 sec) Q: 0, Sets: 0/1  (0.0%) CEs: 0 ETA: - (expected 1 stars)   

Total Stars: 3 (0 exact, 3 approx)
Unfinished Stars: 0
Runtime: 0.1 sec
Completed work frac: 1.0
Num Stars Copied Between Processes: 0
Num Lps During Enumeration: 0
Total Num Lps: 0

Result: network is SAFE

[NNENUM] Result: 
<nnenum.result.Result object at 0x747e3af1b730>
[NNENUM] Enumeration finished.
safe
[NNENUM] Found counter-example stars: 0
[NNENUM] Filtering result using SMT solver...
[SMT] SMT filtered out 0 stars (out of 0; TO: 0).
[QUERY] Looking for nonlinear input combinations...
[QUERY] Found all non-linear combinations. Count: 1
[QUERY] Returning nonlinear disjunction
[CTRL] Considering conjunction with 39 input constraints and a disjunction of size 4
[APPROX] Checking cache: SNNT.Approx.ApproxCacheObject[]
[APPROX] Constructing Approximation
[APPROX] Resolving approximation
[CTRL] Initiating iterator over current linear queries
[APPROX] # Conjunctions over output: 4
[CTRL] Processing linear query no. 309
[NNENUM] Running nnenum now...
[NNENUM] lb: [0.0062499999999999995, -0.4999999701976776, 5.000000171712609e-6, -0.21079675705898798, -0.1, -0.1, -0.1, -0.1, -0.1, -0.1, -0.1, -0.1, -0.1]
[NNENUM] ub: [0.5, -0.33623147889292704, 5.000000171712609e-6, -0.08052249040043885, 0.09999999999999999, 0.09999999999999999, 0.09999999999999999, 0.09999999999999999, 0.09999999999999999, 0.09999999999999999, 0.09999999999999999, 0.09999999999999999, 0.09999999999999999]
[NNENUM] Creating LP Star...
[NNENUM] Checking feasibility
[NNENUM] Generating output Spec...
[NNENUM] Spec list length:  4
[NNENUM] Enumeration in progress... 
(0.1 sec) Q: 0, Sets: 0/1  (0.0%) CEs: 0 ETA: - (expected 1 stars)   
(0.2 sec) Q: 0, Sets: 0/2  (0.0%) CEs: 0 ETA: - (expected 1 stars)   

Total Stars: 4 (1 exact, 3 approx)
Unfinished Stars: 0
Runtime: 0.3 sec
Completed work frac: 1.0
Num Stars Copied Between Processes: 0
Num Lps During Enumeration: 67
Total Num Lps: 67

Result: network is SAFE

[NNENUM] Result: 
<nnenum.result.Result object at 0x747e3af34160>
[NNENUM] Enumeration finished.
safe
[NNENUM] Found counter-example stars: 0
[NNENUM] Filtering result using SMT solver...
[SMT] SMT filtered out 0 stars (out of 0; TO: 0).
[QUERY] Looking for nonlinear input combinations...
[QUERY] Found all non-linear combinations. Count: 1
[QUERY] Returning nonlinear disjunction
[CTRL] Considering conjunction with 39 input constraints and a disjunction of size 4
[APPROX] Checking cache: SNNT.Approx.ApproxCacheObject[]
[APPROX] Constructing Approximation
[APPROX] Resolving approximation
[CTRL] Initiating iterator over current linear queries
[APPROX] # Conjunctions over output: 4
[CTRL] Processing linear query no. 310
[NNENUM] Running nnenum now...
[NNENUM] lb: [0.0062499999999999995, -0.4999999701976776, 5.000000171712609e-6, -0.3499999940395355, -0.1, -0.1, -0.1, -0.1, -0.1, -0.1, -0.1, -0.1, -0.1]
[NNENUM] ub: [0.5, -0.33623147889292704, 5.000000171712609e-6, -0.21079675705898798, 0.09999999999999999, 0.09999999999999999, 0.09999999999999999, 0.09999999999999999, 0.09999999999999999, 0.09999999999999999, 0.09999999999999999, 0.09999999999999999, 0.09999999999999999]
[NNENUM] Creating LP Star...
[NNENUM] Checking feasibility
[NNENUM] Generating output Spec...
[NNENUM] Spec list length:  4
[NNENUM] Enumeration in progress... 
(0.0 sec) Q: 0, Sets: 0/1  (0.0%) CEs: 0 ETA: - (expected 1 stars)   

Total Stars: 1 (0 exact, 1 approx)
Unfinished Stars: 0
Runtime: 0.0 sec
Completed work frac: 1.0
Num Stars Copied Between Processes: 0
Num Lps During Enumeration: 0
Total Num Lps: 0

Result: network is SAFE

[NNENUM] Result: 
<nnenum.result.Result object at 0x747e3af0ff70>
[NNENUM] Enumeration finished.
safe
[NNENUM] Found counter-example stars: 0
[NNENUM] Filtering result using SMT solver...
[SMT] SMT filtered out 0 stars (out of 0; TO: 0).
[QUERY] Looking for nonlinear input combinations...
[QUERY] Found all non-linear combinations. Count: 2
[QUERY] Returning nonlinear disjunction
[CTRL] Considering conjunction with 40 input constraints and a disjunction of size 5
[APPROX] Checking cache: SNNT.Approx.ApproxCacheObject[]
[APPROX] Constructing Approximation
[APPROX] Resolving approximation
[CTRL] Initiating iterator over current linear queries
[APPROX] # Conjunctions over output: 5
[CTRL] Processing linear query no. 311
[NNENUM] Running nnenum now...
[NNENUM] lb: [-0.4999999701976776, 1.4901162970204707e-8, 5.000000171712609e-6, -0.21079675705898798, -0.1, -0.1, -0.1, -0.1, -0.1, -0.1, -0.1, -0.1, -0.1]
[NNENUM] ub: [-0.00625, 0.125, 5.000000171712609e-6, -0.08052249040043885, 0.09999999999999999, 0.09999999999999999, 0.09999999999999999, 0.09999999999999999, 0.09999999999999999, 0.09999999999999999, 0.09999999999999999, 0.09999999999999999, 0.09999999999999999]

[335596] signal (2): Unterbrechung
in expression starting at /home/samuel/Dokumente/Projects/CPS/NN-Safety-via-dL/repos/NCubeV-Reinstall/src/cli.jl:3
_find_array_method at /home/samuel/.julia/conda/3/lib/python3.8/site-packages/numpy/core/_multiarray_umath.cpython-38-x86_64-linux-gnu.so (unknown line)
ufunc_generic_fastcall at /home/samuel/.julia/conda/3/lib/python3.8/site-packages/numpy/core/_multiarray_umath.cpython-38-x86_64-linux-gnu.so (unknown line)
_PyObject_Vectorcall at /usr/local/src/conda/python-3.8.16/Include/cpython/abstract.h:127 [inlined]
_PyObject_FastCall at /usr/local/src/conda/python-3.8.16/Include/cpython/abstract.h:147 [inlined]
object_vacall at /usr/local/src/conda/python-3.8.16/Objects/call.c:1187
PyObject_CallFunctionObjArgs at /usr/local/src/conda/python-3.8.16/Objects/call.c:1260
array_richcompare at /home/samuel/.julia/conda/3/lib/python3.8/site-packages/numpy/core/_multiarray_umath.cpython-38-x86_64-linux-gnu.so (unknown line)
do_richcompare at /usr/local/src/conda/python-3.8.16/Objects/object.c:726 [inlined]
PyObject_RichCompare at /usr/local/src/conda/python-3.8.16/Objects/object.c:774
gentype_richcompare at /home/samuel/.julia/conda/3/lib/python3.8/site-packages/numpy/core/_multiarray_umath.cpython-38-x86_64-linux-gnu.so (unknown line)
do_richcompare at /usr/local/src/conda/python-3.8.16/Objects/object.c:726 [inlined]
PyObject_RichCompare at /usr/local/src/conda/python-3.8.16/Objects/object.c:774
cmp_outcome at /usr/local/src/conda/python-3.8.16/Python/ceval.c:5110 [inlined]
_PyEval_EvalFrameDefault at /usr/local/src/conda/python-3.8.16/Python/ceval.c:2977
_PyEval_EvalCodeWithName at /usr/local/src/conda/python-3.8.16/Python/ceval.c:4298
_PyFunction_Vectorcall at /usr/local/src/conda/python-3.8.16/Objects/call.c:436 [inlined]
_PyObject_Vectorcall at /usr/local/src/conda/python-3.8.16/Include/cpython/abstract.h:127 [inlined]
method_vectorcall at /usr/local/src/conda/python-3.8.16/Objects/classobject.c:60
_PyObject_Vectorcall at /usr/local/src/conda/python-3.8.16/Include/cpython/abstract.h:127 [inlined]
call_function at /usr/local/src/conda/python-3.8.16/Python/ceval.c:4963 [inlined]
_PyEval_EvalFrameDefault at /usr/local/src/conda/python-3.8.16/Python/ceval.c:3515
_PyEval_EvalCodeWithName at /usr/local/src/conda/python-3.8.16/Python/ceval.c:4298
_PyFunction_Vectorcall at /usr/local/src/conda/python-3.8.16/Objects/call.c:436 [inlined]
_PyObject_Vectorcall at /usr/local/src/conda/python-3.8.16/Include/cpython/abstract.h:127 [inlined]
method_vectorcall at /usr/local/src/conda/python-3.8.16/Objects/classobject.c:60
_PyObject_Vectorcall at /usr/local/src/conda/python-3.8.16/Include/cpython/abstract.h:127 [inlined]
call_function at /usr/local/src/conda/python-3.8.16/Python/ceval.c:4963 [inlined]
_PyEval_EvalFrameDefault at /usr/local/src/conda/python-3.8.16/Python/ceval.c:3515
function_code_fastcall at /usr/local/src/conda/python-3.8.16/Objects/call.c:284 [inlined]
_PyFunction_Vectorcall at /usr/local/src/conda/python-3.8.16/Objects/call.c:411
_PyObject_Vectorcall at /usr/local/src/conda/python-3.8.16/Include/cpython/abstract.h:127 [inlined]
call_function at /usr/local/src/conda/python-3.8.16/Python/ceval.c:4963 [inlined]
_PyEval_EvalFrameDefault at /usr/local/src/conda/python-3.8.16/Python/ceval.c:3486
gen_send_ex at /usr/local/src/conda/python-3.8.16/Objects/genobject.c:222 [inlined]
gen_iternext at /usr/local/src/conda/python-3.8.16/Objects/genobject.c:543
_PyEval_EvalFrameDefault at /usr/local/src/conda/python-3.8.16/Python/ceval.c:3202
gen_send_ex at /usr/local/src/conda/python-3.8.16/Objects/genobject.c:222 [inlined]
gen_iternext at /usr/local/src/conda/python-3.8.16/Objects/genobject.c:543
_PyEval_EvalFrameDefault at /usr/local/src/conda/python-3.8.16/Python/ceval.c:3202
gen_send_ex at /usr/local/src/conda/python-3.8.16/Objects/genobject.c:222 [inlined]
gen_iternext at /usr/local/src/conda/python-3.8.16/Objects/genobject.c:543
_PyEval_EvalFrameDefault at /usr/local/src/conda/python-3.8.16/Python/ceval.c:3202
gen_send_ex at /usr/local/src/conda/python-3.8.16/Objects/genobject.c:222 [inlined]
gen_iternext at /usr/local/src/conda/python-3.8.16/Objects/genobject.c:543 [inlined]
builtin_next at /usr/local/src/conda/python-3.8.16/Python/bltinmodule.c:1381
cfunction_vectorcall_FASTCALL at /usr/local/src/conda/python-3.8.16/Objects/methodobject.c:426
_PyObject_Vectorcall at /usr/local/src/conda/python-3.8.16/Include/cpython/abstract.h:127 [inlined]
call_function at /usr/local/src/conda/python-3.8.16/Python/ceval.c:4963 [inlined]
_PyEval_EvalFrameDefault at /usr/local/src/conda/python-3.8.16/Python/ceval.c:3500
gen_send_ex at /usr/local/src/conda/python-3.8.16/Objects/genobject.c:222 [inlined]
gen_iternext at /usr/local/src/conda/python-3.8.16/Objects/genobject.c:543
PyIter_Next at /usr/local/src/conda/python-3.8.16/Objects/abstract.c:2612
#40 at /home/samuel/.julia/packages/PyCall/twYvK/src/pyiterator.jl:10 [inlined]
disable_sigint at ./c.jl:473
_start at /home/samuel/.julia/packages/PyCall/twYvK/src/pyiterator.jl:8 [inlined]
iterate at /home/samuel/.julia/packages/PyCall/twYvK/src/pyiterator.jl:85
unknown function (ip: 0x747e3b555932)
_jl_invoke at /cache/build/default-amdci5-5/julialang/julia-release-1-dot-9/src/gf.c:2758 [inlined]
ijl_apply_generic at /cache/build/default-amdci5-5/julialang/julia-release-1-dot-9/src/gf.c:2940
verify_enumerative at /home/samuel/Dokumente/Projects/CPS/NN-Safety-via-dL/repos/NCubeV-Reinstall/src/Verifiers/NNEnum.jl:163
verify_enumerative_filtered at /home/samuel/Dokumente/Projects/CPS/NN-Safety-via-dL/repos/NCubeV-Reinstall/src/Verifiers/NNEnum.jl:172
unknown function (ip: 0x747e3b54dc9f)
_jl_invoke at /cache/build/default-amdci5-5/julialang/julia-release-1-dot-9/src/gf.c:2758 [inlined]
ijl_apply_generic at /cache/build/default-amdci5-5/julialang/julia-release-1-dot-9/src/gf.c:2940
macro expansion at /home/samuel/Dokumente/Projects/CPS/NN-Safety-via-dL/repos/NCubeV-Reinstall/src/Cmd/Main.jl:116 [inlined]
macro expansion at /home/samuel/.julia/packages/TimerOutputs/LHjFw/src/TimerOutput.jl:237 [inlined]
#4 at /home/samuel/Dokumente/Projects/CPS/NN-Safety-via-dL/repos/NCubeV-Reinstall/src/Cmd/Main.jl:115
unknown function (ip: 0x747e3b547ad2)
_jl_invoke at /cache/build/default-amdci5-5/julialang/julia-release-1-dot-9/src/gf.c:2758 [inlined]
ijl_apply_generic at /cache/build/default-amdci5-5/julialang/julia-release-1-dot-9/src/gf.c:2940
macro expansion at /home/samuel/Dokumente/Projects/CPS/NN-Safety-via-dL/repos/NCubeV-Reinstall/src/Control/Processing.jl:70 [inlined]
macro expansion at /home/samuel/.julia/packages/TimerOutputs/LHjFw/src/TimerOutput.jl:237 [inlined]
#2 at /home/samuel/Dokumente/Projects/CPS/NN-Safety-via-dL/repos/NCubeV-Reinstall/src/Control/Processing.jl:67
#smt_context#6 at /home/samuel/Dokumente/Projects/CPS/NN-Safety-via-dL/repos/NCubeV-Reinstall/src/SMTInterface/Base.jl:12
unknown function (ip: 0x747e3bbedeb3)
_jl_invoke at /cache/build/default-amdci5-5/julialang/julia-release-1-dot-9/src/gf.c:2758 [inlined]
ijl_apply_generic at /cache/build/default-amdci5-5/julialang/julia-release-1-dot-9/src/gf.c:2940
smt_context at /home/samuel/Dokumente/Projects/CPS/NN-Safety-via-dL/repos/NCubeV-Reinstall/src/SMTInterface/Base.jl:1
macro expansion at /home/samuel/Dokumente/Projects/CPS/NN-Safety-via-dL/repos/NCubeV-Reinstall/src/Control/Processing.jl:43 [inlined]
macro expansion at /home/samuel/.julia/packages/TimerOutputs/LHjFw/src/TimerOutput.jl:237 [inlined]
#run_query#1 at /home/samuel/Dokumente/Projects/CPS/NN-Safety-via-dL/repos/NCubeV-Reinstall/src/Control/Processing.jl:41
unknown function (ip: 0x747e3bfd5738)
_jl_invoke at /cache/build/default-amdci5-5/julialang/julia-release-1-dot-9/src/gf.c:2758 [inlined]
ijl_apply_generic at /cache/build/default-amdci5-5/julialang/julia-release-1-dot-9/src/gf.c:2940
run_query at /home/samuel/Dokumente/Projects/CPS/NN-Safety-via-dL/repos/NCubeV-Reinstall/src/Control/Processing.jl:26
unknown function (ip: 0x747e3bfb6b2c)
_jl_invoke at /cache/build/default-amdci5-5/julialang/julia-release-1-dot-9/src/gf.c:2758 [inlined]
ijl_apply_generic at /cache/build/default-amdci5-5/julialang/julia-release-1-dot-9/src/gf.c:2940
#3 at /home/samuel/Dokumente/Projects/CPS/NN-Safety-via-dL/repos/NCubeV-Reinstall/src/Cmd/Main.jl:113
#smt_context#6 at /home/samuel/Dokumente/Projects/CPS/NN-Safety-via-dL/repos/NCubeV-Reinstall/src/SMTInterface/Base.jl:12
unknown function (ip: 0x747e3bfb68f3)
_jl_invoke at /cache/build/default-amdci5-5/julialang/julia-release-1-dot-9/src/gf.c:2758 [inlined]
ijl_apply_generic at /cache/build/default-amdci5-5/julialang/julia-release-1-dot-9/src/gf.c:2940
smt_context at /home/samuel/Dokumente/Projects/CPS/NN-Safety-via-dL/repos/NCubeV-Reinstall/src/SMTInterface/Base.jl:1
unknown function (ip: 0x747e3bfb62a0)
_jl_invoke at /cache/build/default-amdci5-5/julialang/julia-release-1-dot-9/src/gf.c:2758 [inlined]
ijl_apply_generic at /cache/build/default-amdci5-5/julialang/julia-release-1-dot-9/src/gf.c:2940
run_internal at /home/samuel/Dokumente/Projects/CPS/NN-Safety-via-dL/repos/NCubeV-Reinstall/src/Cmd/Main.jl:112
unknown function (ip: 0x747e75c1cf32)
_jl_invoke at /cache/build/default-amdci5-5/julialang/julia-release-1-dot-9/src/gf.c:2758 [inlined]
ijl_apply_generic at /cache/build/default-amdci5-5/julialang/julia-release-1-dot-9/src/gf.c:2940
macro expansion at ./timing.jl:273 [inlined]
run_cmd at /home/samuel/Dokumente/Projects/CPS/NN-Safety-via-dL/repos/NCubeV-Reinstall/src/Cmd/Main.jl:130
unknown function (ip: 0x747e75c07902)
_jl_invoke at /cache/build/default-amdci5-5/julialang/julia-release-1-dot-9/src/gf.c:2758 [inlined]
ijl_apply_generic at /cache/build/default-amdci5-5/julialang/julia-release-1-dot-9/src/gf.c:2940
jl_apply at /cache/build/default-amdci5-5/julialang/julia-release-1-dot-9/src/julia.h:1880 [inlined]
do_call at /cache/build/default-amdci5-5/julialang/julia-release-1-dot-9/src/interpreter.c:126
eval_value at /cache/build/default-amdci5-5/julialang/julia-release-1-dot-9/src/interpreter.c:226
eval_stmt_value at /cache/build/default-amdci5-5/julialang/julia-release-1-dot-9/src/interpreter.c:177 [inlined]
eval_body at /cache/build/default-amdci5-5/julialang/julia-release-1-dot-9/src/interpreter.c:624
jl_interpret_toplevel_thunk at /cache/build/default-amdci5-5/julialang/julia-release-1-dot-9/src/interpreter.c:762
jl_toplevel_eval_flex at /cache/build/default-amdci5-5/julialang/julia-release-1-dot-9/src/toplevel.c:912
jl_toplevel_eval_flex at /cache/build/default-amdci5-5/julialang/julia-release-1-dot-9/src/toplevel.c:856
ijl_toplevel_eval_in at /cache/build/default-amdci5-5/julialang/julia-release-1-dot-9/src/toplevel.c:971
eval at ./boot.jl:370 [inlined]
include_string at ./loading.jl:1903
_jl_invoke at /cache/build/default-amdci5-5/julialang/julia-release-1-dot-9/src/gf.c:2758 [inlined]
ijl_apply_generic at /cache/build/default-amdci5-5/julialang/julia-release-1-dot-9/src/gf.c:2940
_include at ./loading.jl:1963
include at ./Base.jl:457
jfptr_include_35036.clone_1 at /home/samuel/Software/julia-1.9.2/lib/julia/sys.so (unknown line)
_jl_invoke at /cache/build/default-amdci5-5/julialang/julia-release-1-dot-9/src/gf.c:2758 [inlined]
ijl_apply_generic at /cache/build/default-amdci5-5/julialang/julia-release-1-dot-9/src/gf.c:2940
exec_options at ./client.jl:307
_start at ./client.jl:522
jfptr__start_40034.clone_1 at /home/samuel/Software/julia-1.9.2/lib/julia/sys.so (unknown line)
_jl_invoke at /cache/build/default-amdci5-5/julialang/julia-release-1-dot-9/src/gf.c:2758 [inlined]
ijl_apply_generic at /cache/build/default-amdci5-5/julialang/julia-release-1-dot-9/src/gf.c:2940
jl_apply at /cache/build/default-amdci5-5/julialang/julia-release-1-dot-9/src/julia.h:1880 [inlined]
true_main at /cache/build/default-amdci5-5/julialang/julia-release-1-dot-9/src/jlapi.c:573
jl_repl_entrypoint at /cache/build/default-amdci5-5/julialang/julia-release-1-dot-9/src/jlapi.c:717
main at julia (unknown line)
unknown function (ip: 0x747e77a29d8f)
__libc_start_main at /lib/x86_64-linux-gnu/libc.so.6 (unknown line)
unknown function (ip: 0x4010b8)
unknown function (ip: (nil))
Allocations: 662968181 (Pool: 662833060; Big: 135121); GC: 777
[NNENUM] Creating LP Star...
[NNENUM] Checking feasibility
[NNENUM] Generating output Spec...
[NNENUM] Spec list length:  5
[NNENUM] Enumeration in progress... 
(0.1 sec) Q: 0, Sets: 0/1  (0.0%) CEs: 0 ETA: - (expected 1 stars)   
(0.2 sec) Q: 0, Sets: 0/2  (0.0%) CEs: 0 ETA: - (expected 1 stars)   
(0.3 sec) Q: 0, Sets: 1/5  (50.0%) CEs: 0 ETA: 0.3 sec (expected 2 stars)   (0.5 sec) Q: 0, Sets: 1/10  (50.0%) CEs: 0 ETA: 0.5 sec (expected 2 stars)   
(0.6 sec) Q: 0, Sets: 5/12  (50.391%) CEs: 3 ETA: 0.6 sec (expected 10 stars)   (0.7 sec) Q: 0, Sets: 7/16  (50.586%) CEs: 6 ETA: 0.7 sec (expected 14 stars)   (0.8 sec) Q: 0, Sets: 11/19  (50.781%) CEs: 10 ETA: 0.8 sec (expected 22 stars)   (0.9 sec) Q: 0, Sets: 15/22  (51.562%) CEs: 13 ETA: 0.9 sec (expected 29 stars)   
(1.0 sec) Q: 0, Sets: 15/24  (51.562%) CEs: 13 ETA: 1.0 sec (expected 29 stars)   (1.1 sec) Q: 0, Sets: 18/28  (51.611%) CEs: 15 ETA: 1.1 sec (expected 35 stars)   (1.2 sec) Q: 0, Sets: 22/31  (51.721%) CEs: 17 ETA: 1.2 sec (expected 43 stars)   (1.3 sec) Q: 0, Sets: 25/34  (51.758%) CEs: 20 ETA: 1.3 sec (expected 48 stars)   (1.5 sec) Q: 0, Sets: 28/35  (51.904%) CEs: 24 ETA: 1.3 sec (expected 54 stars)   (1.6 sec) Q: 0, Sets: 31/40  (52.014%) CEs: 26 ETA: 1.4 sec (expected 60 stars)   (1.7 sec) Q: 0, Sets: 37/42  (52.344%) CEs: 31 ETA: 1.5 sec (expected 71 stars)   (1.8 sec) Q: 0, Sets: 39/44  (54.688%) CEs: 32 ETA: 1.5 sec (expected 71 stars)   
(1.9 sec) Q: 0, Sets: 42/49  (55.591%) CEs: 33 ETA: 1.5 sec (expected 76 stars)   (2.0 sec) Q: 0, Sets: 46/51  (56.25%) CEs: 36 ETA: 1.6 sec (expected 82 stars)   (2.1 sec) Q: 0, Sets: 50/54  (57.812%) CEs: 40 ETA: 1.6 sec (expected 86 stars)   (2.3 sec) Q: 0, Sets: 52/57  (62.5%) CEs: 42 ETA: 1.4 sec (expected 83 stars)   (2.4 sec) Q: 0, Sets: 52/61  (62.5%) CEs: 42 ETA: 1.4 sec (expected 83 stars)   (2.5 sec) Q: 0, Sets: 54/63  (62.598%) CEs: 44 ETA: 1.5 sec (expected 86 stars)   (2.6 sec) Q: 0, Sets: 56/67  (62.61%) CEs: 46 ETA: 1.5 sec (expected 89 stars)   (2.7 sec) Q: 0, Sets: 59/72  (62.614%) CEs: 48 ETA: 1.6 sec (expected 94 stars)   (2.8 sec) Q: 0, Sets: 62/74  (62.616%) CEs: 53 ETA: 1.7 sec (expected 99 stars)   (2.9 sec) Q: 0, Sets: 66/77  (62.634%) CEs: 54 ETA: 1.7 sec (expected 105 stars)   (3.0 sec) Q: 0, Sets: 69/79  (62.646%) CEs: 56 ETA: 1.8 sec (expected 110 stars)   (3.1 sec) Q: 0, Sets: 73/83  (62.656%) CEs: 60 ETA: 1.9 sec (expected 117 stars)   (3.2 sec) Q: 0, Sets: 77/86  (62.671%) CEs: 64 ETA: 1.9 sec (expected 123 stars)   (3.3 sec) Q: 0, Sets: 78/89  (62.672%) CEs: 67 ETA: 2.0 sec (expected 124 stars)   (3.4 sec) Q: 0, Sets: 84/90  (62.891%) CEs: 71 ETA: 2.0 sec (expected 134 stars)   (3.6 sec) Q: 0, Sets: 85/95  (63.281%) CEs: 71 ETA: 2.1 sec (expected 134 stars)   
(3.7 sec) Q: 0, Sets: 90/99  (63.354%) CEs: 75 ETA: 2.1 sec (expected 142 stars)   (3.8 sec) Q: 0, Sets: 94/101  (63.428%) CEs: 79 ETA: 2.2 sec (expected 148 stars)   (3.9 sec) Q: 0, Sets: 97/105  (63.538%) CEs: 82 ETA: 2.2 sec (expected 153 stars)   (4.0 sec) Q: 0, Sets: 101/107  (64.062%) CEs: 83 ETA: 2.2 sec (expected 158 stars)   (4.1 sec) Q: 0, Sets: 105/111  (64.453%) CEs: 88 ETA: 2.3 sec (expected 163 stars)   (4.3 sec) Q: 0, Sets: 110/113  (65.625%) CEs: 92 ETA: 2.2 sec (expected 168 stars)   (4.4 sec) Q: 0, Sets: 110/117  (65.625%) CEs: 92 ETA: 2.3 sec (expected 168 stars)   (4.5 sec) Q: 0, Sets: 113/121  (65.674%) CEs: 94 ETA: 2.3 sec (expected 172 stars)   (4.6 sec) Q: 0, Sets: 117/123  (66.016%) CEs: 95 ETA: 2.4 sec (expected 177 stars)   (4.7 sec) Q: 0, Sets: 121/127  (66.211%) CEs: 96 ETA: 2.4 sec (expected 183 stars)   (4.8 sec) Q: 0, Sets: 125/131  (66.345%) CEs: 98 ETA: 2.4 sec (expected 188 stars)   (4.9 sec) Q: 0, Sets: 127/133  (66.406%) CEs: 98 ETA: 2.5 sec (expected 191 stars)   (5.1 sec) Q: 0, Sets: 127/135  (66.406%) CEs: 98 ETA: 2.6 sec (expected 191 stars)   (5.2 sec) Q: 0, Sets: 129/139  (66.415%) CEs: 101 ETA: 2.6 sec (expected 194 stars)   (5.3 sec) Q: 0, Sets: 132/142  (66.431%) CEs: 103 ETA: 2.7 sec (expected 199 stars)   (5.4 sec) Q: 0, Sets: 135/145  (66.434%) CEs: 105 ETA: 2.7 sec (expected 203 stars)   (5.5 sec) Q: 0, Sets: 138/149  (66.435%) CEs: 107 ETA: 2.8 sec (expected 208 stars)   (5.6 sec) Q: 0, Sets: 141/153  (66.436%) CEs: 110 ETA: 2.8 sec (expected 212 stars)   (5.7 sec) Q: 0, Sets: 145/155  (66.437%) CEs: 113 ETA: 2.9 sec (expected 218 stars)   (5.9 sec) Q: 0, Sets: 148/159  (66.438%) CEs: 116 ETA: 3.0 sec (expected 223 stars)   (6.0 sec) Q: 0, Sets: 150/162  (66.438%) CEs: 119 ETA: 3.0 sec (expected 226 stars)   (6.1 sec) Q: 0, Sets: 154/164  (66.438%) CEs: 122 ETA: 3.1 sec (expected 232 stars)   (6.2 sec) Q: 0, Sets: 156/168  (66.439%) CEs: 125 ETA: 3.1 sec (expected 235 stars)   (6.3 sec) Q: 0, Sets: 160/170  (66.44%) CEs: 128 ETA: 3.2 sec (expected 241 stars)   (6.4 sec) Q: 0, Sets: 162/173  (66.44%) CEs: 130 ETA: 3.2 sec (expected 244 stars)   (6.5 sec) Q: 0, Sets: 166/176  (66.441%) CEs: 133 ETA: 3.3 sec (expected 250 stars)   (6.6 sec) Q: 0, Sets: 169/181  (66.441%) CEs: 134 ETA: 3.3 sec (expected 254 stars)   