[CMD] Using SMT solver: Z3
[CMD] Parsed initial query: SNNT.AST.Query(((-1.0*x1<=0.0&1.0*x1<=100.0&-1.0*x2<=200.0&1.0*x2<=200.0&-1.0*x4<=101.0&1.0*x4<=101.2&-1.0*x3<=1.0&1.0*x3<=1.0&((-1.0*x1<0.0&((-1.0*rPos)+(0.00505050505050505*(rVel^2.0)))<0.0)|(-1.0*x1<0.0&-1.0*x2<0.0))&(-1.0*x2<-0.1|1.0*x2<-2.1|-1.0*x1<-0.08))->((-1.0*x3-1.0*x4<=-99.0&1.0*x31.0*x4<=101.1)|(-1.0*x3-1.0*x4<=101.0&1.0*x31.0*x4<101.1&(1.0*x31.0*x4<0.0|-1.0*x3-1.0*x4<0.0)&((((-1.0*x3-1.0*x4<0.0&1.0*x20.1*x30.1*x4<0.0)|(1.0*x31.0*x4<0.0&-1.0*x2-0.1*x3-0.1*x4<0.0)|(-1.0*x3-1.0*x4<0.0&-1.0*x2<0.0)|(1.0*x31.0*x4<0.0&1.0*x2<0.0))&(((-0.005000000000000001*rAccpostNN)+(-0.005000000000000001*err1)+(-0.1*rVel)+(-1.0*rPos)+(5.0505050505050505e-5*(rAccpostNN^2.0))+(5.0505050505050505e-5*(err1^2.0))+(0.00505050505050505*(rVel^2.0))+(0.00010101010101010101*rAccpostNN*err1)+(0.00101010101010101*rAccpostNN*rVel)+(0.00101010101010101*err1*rVel))<0.0|(-1.0*x1-0.1*x2-0.01*x3-0.01*x4<0.0&-1.0*x2-0.1*x3-0.1*x4<0.0)))|((((-0.005000000000000001*rAccpostNN)+(-0.005000000000000001*err1)+(-0.1*rVel)+(-1.0*rPos)+(5.0505050505050505e-5*(rAccpostNN^2.0))+(5.0505050505050505e-5*(err1^2.0))+(0.00505050505050505*(rVel^2.0))+(0.00010101010101010101*rAccpostNN*err1)+(0.00101010101010101*rAccpostNN*rVel)+(0.00101010101010101*err1*rVel))<0.0|(-1.0*x1-0.1*x2-0.01*x3-0.01*x4<0.0&-1.0*x2-0.1*x3-0.1*x4<0.0))&((-2.0*x3-2.0*x4<0.0&((-1.0*x3-1.0*x4<0.0&((-1.0*rAccpostNN*(rVel^2.0))+(2.0*rAccpostNN*(rVel^2.0))+(-1.0*err1*(rVel^2.0))+(2.0*err1*(rVel^2.0))+(-2.0*rPos*(rAccpostNN^2.0))+(-2.0*rPos*(err1^2.0))+(-4.0*rAccpostNN*err1*rPos))<0.0)|(1.0*x31.0*x4<0.0&((rAccpostNN*(rVel^2.0))+(err1*(rVel^2.0))+(-2.0*rAccpostNN*(rVel^2.0))+(-2.0*err1*(rVel^2.0))+(2.0*rPos*(rAccpostNN^2.0))+(2.0*rPos*(err1^2.0))+(4.0*rAccpostNN*err1*rPos))<0.0)))|(2.0*x32.0*x4<0.0&((-1.0*x3-1.0*x4<0.0&((rAccpostNN*(rVel^2.0))+(err1*(rVel^2.0))+(-2.0*rAccpostNN*(rVel^2.0))+(-2.0*err1*(rVel^2.0))+(2.0*rPos*(rAccpostNN^2.0))+(2.0*rPos*(err1^2.0))+(4.0*rAccpostNN*err1*rPos))<0.0)|(1.0*x31.0*x4<0.0&((-1.0*rAccpostNN*(rVel^2.0))+(2.0*rAccpostNN*(rVel^2.0))+(-1.0*err1*(rVel^2.0))+(2.0*err1*(rVel^2.0))+(-2.0*rPos*(rAccpostNN^2.0))+(-2.0*rPos*(err1^2.0))+(-4.0*rAccpostNN*err1*rPos))<0.0)))))))|(1.0*x31.0*x4<=0.0&-1.0*x3-1.0*x4<=0.0&(((-0.1*rVel)+(-1.0*rPos)+(0.00505050505050505*(rVel^2.0)))<0.0|(-1.0*x1-0.1*x2<0.0&-1.0*x2<0.0))))), Set(SNNT.AST.Variable[rVel, rAccpostNN, rPos, err1]), 3, 1, Dict{SNNT.AST.ApproxQuery, SNNT.AST.Approximation}(), Vector{Float64}[])
[CMD] SMT Timeout: 10s
[CTRL] Iterating over conjunctions...
[APPROX] Trying to build approximation...
[APPROX] Generating expression for (rAccpostNN*rVel)...
Val Ranges: Dict(:x2 => [-200.0, 200.0], :x3 => [-1.0, 1.0], :x4 => [-101.0, 101.20000457763672], :x1 => [0.0, 100.0])
Using N=1, ϵ=0.0, rel_error_tol=0.005
[APPROX] Generating expression for (err1^2.0)...
Val Ranges: Dict(:x2 => [-200.0, 200.0], :x3 => [-1.0, 1.0], :x4 => [-101.0, 101.20000457763672], :x1 => [0.0, 100.0])
Using N=1, ϵ=0.0, rel_error_tol=0.005
[APPROX] Generating expression for (rPos*(rAccpostNN^2.0))...
Val Ranges: Dict(:x2 => [-200.0, 200.0], :x3 => [-1.0, 1.0], :x4 => [-101.0, 101.20000457763672], :x1 => [0.0, 100.0])
Using N=1, ϵ=0.0, rel_error_tol=0.005
[APPROX] Generating expression for (rAccpostNN*err1)...
Val Ranges: Dict(:x2 => [-200.0, 200.0], :x3 => [-1.0, 1.0], :x4 => [-101.0, 101.20000457763672], :x1 => [0.0, 100.0])
Using N=1, ϵ=0.0, rel_error_tol=0.005
[APPROX] Generating expression for (err1*rVel)...
Val Ranges: Dict(:x2 => [-200.0, 200.0], :x3 => [-1.0, 1.0], :x4 => [-101.0, 101.20000457763672], :x1 => [0.0, 100.0])
Using N=1, ϵ=0.0, rel_error_tol=0.005
[APPROX] Generating expression for (rAccpostNN*err1*rPos)...
Val Ranges: Dict(:x2 => [-200.0, 200.0], :x3 => [-1.0, 1.0], :x4 => [-101.0, 101.20000457763672], :x1 => [0.0, 100.0])
Using N=1, ϵ=0.0, rel_error_tol=0.005
[APPROX] Generating expression for (rVel^2.0)...
Val Ranges: Dict(:x2 => [-200.0, 200.0], :x3 => [-1.0, 1.0], :x4 => [-101.0, 101.20000457763672], :x1 => [0.0, 100.0])
Using N=1, ϵ=0.0, rel_error_tol=0.005
[APPROX] Generating expression for (rAccpostNN*(rVel^2.0))...
Val Ranges: Dict(:x2 => [-200.0, 200.0], :x3 => [-1.0, 1.0], :x4 => [-101.0, 101.20000457763672], :x1 => [0.0, 100.0])
Using N=1, ϵ=0.0, rel_error_tol=0.005
[APPROX] Generating expression for (rAccpostNN^2.0)...
Val Ranges: Dict(:x2 => [-200.0, 200.0], :x3 => [-1.0, 1.0], :x4 => [-101.0, 101.20000457763672], :x1 => [0.0, 100.0])
Using N=1, ϵ=0.0, rel_error_tol=0.005
[APPROX] Generating expression for (err1*(rVel^2.0))...
Val Ranges: Dict(:x2 => [-200.0, 200.0], :x3 => [-1.0, 1.0], :x4 => [-101.0, 101.20000457763672], :x1 => [0.0, 100.0])
Using N=1, ϵ=0.0, rel_error_tol=0.005
[APPROX] Generating expression for (rPos*(err1^2.0))...
Val Ranges: Dict(:x2 => [-200.0, 200.0], :x3 => [-1.0, 1.0], :x4 => [-101.0, 101.20000457763672], :x1 => [0.0, 100.0])
Using N=1, ϵ=0.0, rel_error_tol=0.005
[APPROX] Skipping verification of approximation (switch on using SNNT.Config.set_rigorous_approximations(true))
[APPROX] Skipping verification of approximation (switch on using SNNT.Config.set_rigorous_approximations(true))
[APPROX] Skipping verification of approximation (switch on using SNNT.Config.set_rigorous_approximations(true))
[APPROX] Skipping verification of approximation (switch on using SNNT.Config.set_rigorous_approximations(true))
[APPROX] Skipping verification of approximation (switch on using SNNT.Config.set_rigorous_approximations(true))
[APPROX] Skipping verification of approximation (switch on using SNNT.Config.set_rigorous_approximations(true))
[APPROX] Skipping verification of approximation (switch on using SNNT.Config.set_rigorous_approximations(true))
[APPROX] Skipping verification of approximation (switch on using SNNT.Config.set_rigorous_approximations(true))
[APPROX] Skipping verification of approximation (switch on using SNNT.Config.set_rigorous_approximations(true))
[APPROX] Skipping verification of approximation (switch on using SNNT.Config.set_rigorous_approximations(true))
[APPROX] Skipping verification of approximation (switch on using SNNT.Config.set_rigorous_approximations(true))
[APPROX] Skipping verification of approximation (switch on using SNNT.Config.set_rigorous_approximations(true))
[APPROX] Skipping verification of approximation (switch on using SNNT.Config.set_rigorous_approximations(true))
[APPROX] Skipping verification of approximation (switch on using SNNT.Config.set_rigorous_approximations(true))
[APPROX] Skipping verification of approximation (switch on using SNNT.Config.set_rigorous_approximations(true))
[APPROX] Skipping verification of approximation (switch on using SNNT.Config.set_rigorous_approximations(true))
[APPROX] Skipping verification of approximation (switch on using SNNT.Config.set_rigorous_approximations(true))
[APPROX] Skipping verification of approximation (switch on using SNNT.Config.set_rigorous_approximations(true))
[APPROX] Skipping verification of approximation (switch on using SNNT.Config.set_rigorous_approximations(true))
[APPROX] Skipping verification of approximation (switch on using SNNT.Config.set_rigorous_approximations(true))
[APPROX] Skipping verification of approximation (switch on using SNNT.Config.set_rigorous_approximations(true))
[APPROX] Skipping verification of approximation (switch on using SNNT.Config.set_rigorous_approximations(true))
[APPROX] Approximation Bounds: Vector{Float64}[]
[APPROX] Approximations: Dict{SNNT.AST.ApproxQuery, SNNT.AST.Approximation}()
[APPROX] Approximation is ready
[SKELETON] Adding linear dependency constraint
-1.0*x1<0.0 -> Float32[-1.0, 0.0, 0.0, 0.0]+0.0<=0.0
0.0
[SKELETON] Adding linear dependency constraint
-1.0*x2<0.0 -> Float32[0.0, -1.0, 0.0, 0.0]+0.0<=200.0
0.0
[SKELETON] Adding linear dependency constraint
-1.0*x2<-0.1 -> Float32[0.0, -1.0, 0.0, 0.0]+0.0<=200.0
-0.09999999999999999999999999999999999999999999999999999999999999999999999999999914
[SKELETON] Adding linear dependency constraint
-1.0*x2<-0.1 -> Float32[0.0, -1.0, 0.0, 0.0]+0.0<0.0
-0.09999999999999999999999999999999999999999999999999999999999999999999999999999914
[SKELETON] Adding linear dependency constraint
1.0*x2<-2.1 -> Float32[0.0, 1.0, 0.0, 0.0]+0.0<=200.0
-2.099999999999999999999999999999999999999999999999999999999999999999999999999986
[SKELETON] Adding negated linear dependency constraint
!1.0*x2<-2.1 | !Float32[0.0, -1.0, 0.0, 0.0]+0.0<0.0
[SKELETON] Adding negated linear dependency constraint
!1.0*x2<-2.1 | !Float32[0.0, -1.0, 0.0, 0.0]+0.0<-0.1
[SKELETON] Adding linear dependency constraint
-1.0*x1<-0.08 -> Float32[-1.0, 0.0, 0.0, 0.0]+0.0<=0.0
-0.07999999999999999999999999999999999999999999999999999999999999999999999999999996
[SKELETON] Adding linear dependency constraint
-1.0*x1<-0.08 -> Float32[-1.0, 0.0, 0.0, 0.0]+0.0<0.0
-0.07999999999999999999999999999999999999999999999999999999999999999999999999999996
[SKELETON] Adding linear dependency constraint
Float32[0.0, 0.0, -0.71, -0.71]+0.0<=-70.00357133746822 -> -1.0*x3-1.0*x4<=101.0
71.41778489984129996448528057258975296776842970653587769542232676853199016233552
[SKELETON] Adding linear dependency constraint
1.0*x31.0*x4<101.1 -> Float32[0.0, 0.0, 0.71, 0.71]+0.0<=71.48849557795995
71.48849557795995477972906335615124024743220817884726475601809350703669268627745
[SKELETON] Adding linear dependency constraint
1.0*x31.0*x4<0.0 -> Float32[0.0, 0.0, 0.71, 0.71]+0.0<=71.48849557795995
0.0
[SKELETON] Adding linear dependency constraint
1.0*x31.0*x4<0.0 -> Float32[0.0, 0.0, 0.71, 0.71]+0.0<71.48849557795995
0.0
[SKELETON] Adding negated linear dependency constraint
!1.0*x31.0*x4<0.0 | !Float32[0.0, 0.0, -0.71, -0.71]+0.0<=-70.00357133746822
[SKELETON] Adding linear dependency constraint
Float32[0.0, 0.0, -0.71, -0.71]+0.0<=-70.00357133746822 -> -1.0*x3-1.0*x4<0.0
0.0
[SKELETON] Adding linear dependency constraint
-1.0*x3-1.0*x4<0.0 -> Float32[0.0, 0.0, -0.71, -0.71]+0.0<=71.4177848998413
0.0
[SKELETON] Adding negated linear dependency constraint
!-1.0*x3-1.0*x4<0.0 | !Float32[0.0, 0.0, 0.71, 0.71]+0.0<0.0
[SKELETON] Adding linear dependency constraint
1.0*x2<0.0 -> Float32[0.0, 1.0, 0.0, 0.0]+0.0<=200.0
0.0
[SKELETON] Adding linear dependency constraint
Float32[0.0, 1.0, 0.0, 0.0]+0.0<-2.1 -> 1.0*x2<0.0
0.0
[SKELETON] Adding negated linear dependency constraint
!1.0*x2<0.0 | !Float32[0.0, -1.0, 0.0, 0.0]+0.0<0.0
[SKELETON] Adding negated linear dependency constraint
!1.0*x2<0.0 | !Float32[0.0, -1.0, 0.0, 0.0]+0.0<-0.1
[SKELETON] Adding linear dependency constraint
Float32[0.0, 0.0, -0.71, -0.71]+0.0<=-70.00357133746822 -> -2.0*x3-2.0*x4<0.0
0.0
[SKELETON] Adding linear dependency constraint
-2.0*x3-2.0*x4<0.0 -> Float32[0.0, 0.0, -0.71, -0.71]+0.0<=71.4177848998413
0.0
[SKELETON] Adding linear dependency constraint
Float32[0.0, 0.0, -0.71, -0.71]+0.0<0.0 -> -2.0*x3-2.0*x4<0.0
0.0
[SKELETON] Adding negated linear dependency constraint
!-2.0*x3-2.0*x4<0.0 | !Float32[0.0, 0.0, 0.71, 0.71]+0.0<0.0
[SKELETON] Adding linear dependency constraint
2.0*x32.0*x4<0.0 -> Float32[0.0, 0.0, 0.71, 0.71]+0.0<=71.48849557795995
0.0
[SKELETON] Adding linear dependency constraint
2.0*x32.0*x4<0.0 -> Float32[0.0, 0.0, 0.71, 0.71]+0.0<71.48849557795995
0.0
[SKELETON] Adding linear dependency constraint
Float32[0.0, 0.0, 0.71, 0.71]+0.0<0.0 -> 2.0*x32.0*x4<0.0
0.0
[SKELETON] Adding negated linear dependency constraint
!2.0*x32.0*x4<0.0 | !Float32[0.0, 0.0, -0.71, -0.71]+0.0<=-70.00357133746822
[SKELETON] Adding negated linear dependency constraint
!2.0*x32.0*x4<0.0 | !Float32[0.0, 0.0, -0.71, -0.71]+0.0<0.0
[SKELETON] Adding negated linear dependency constraint
!2.0*x32.0*x4<0.0 | !Float32[0.0, 0.0, -0.71, -0.71]+0.0<0.0
[SKELETON] Adding linear dependency constraint
1.0*x31.0*x4<=0.0 -> Float32[0.0, 0.0, 0.71, 0.71]+0.0<=71.48849557795995
0.0
[SKELETON] Adding linear dependency constraint
1.0*x31.0*x4<=0.0 -> Float32[0.0, 0.0, 0.71, 0.71]+0.0<71.48849557795995
0.0
[SKELETON] Adding linear dependency constraint
Float32[0.0, 0.0, 0.71, 0.71]+0.0<0.0 -> 1.0*x31.0*x4<=0.0
0.0
[SKELETON] Adding linear dependency constraint
Float32[0.0, 0.0, 0.71, 0.71]+0.0<0.0 -> 1.0*x31.0*x4<=0.0
0.0
[SKELETON] Adding negated linear dependency constraint
!1.0*x31.0*x4<=0.0 | !Float32[0.0, 0.0, -0.71, -0.71]+0.0<=-70.00357133746822
[SKELETON] Adding negated linear dependency constraint
!1.0*x31.0*x4<=0.0 | !Float32[0.0, 0.0, -0.71, -0.71]+0.0<0.0
[SKELETON] Adding negated linear dependency constraint
!1.0*x31.0*x4<=0.0 | !Float32[0.0, 0.0, -0.71, -0.71]+0.0<0.0
[SKELETON] Adding linear dependency constraint
Float32[0.0, 0.0, -0.71, -0.71]+0.0<=-70.00357133746822 -> -1.0*x3-1.0*x4<=0.0
0.0
[SKELETON] Adding linear dependency constraint
-1.0*x3-1.0*x4<=0.0 -> Float32[0.0, 0.0, -0.71, -0.71]+0.0<=71.4177848998413
0.0
[SKELETON] Adding linear dependency constraint
Float32[0.0, 0.0, -0.71, -0.71]+0.0<0.0 -> -1.0*x3-1.0*x4<=0.0
0.0
[SKELETON] Adding linear dependency constraint
Float32[0.0, 0.0, -0.71, -0.71]+0.0<0.0 -> -1.0*x3-1.0*x4<=0.0
0.0
[SKELETON] Adding negated linear dependency constraint
!-1.0*x3-1.0*x4<=0.0 | !Float32[0.0, 0.0, 0.71, 0.71]+0.0<0.0
[SKELETON] Adding negated linear dependency constraint
!-1.0*x3-1.0*x4<=0.0 | !Float32[0.0, 0.0, 0.71, 0.71]+0.0<0.0
...[QUERY] Found all non-linear combinations. Count: 2
...[QUERY] Found all non-linear combinations. Count: 3
[QUERY] Found all non-linear combinations. Count: 2
..[QUERY] Found all non-linear combinations. Count: 2
.[QUERY] Found all non-linear combinations. Count: 1
.[QUERY] Found all non-linear combinations. Count: 1
..[QUERY] Found all non-linear combinations. Count: 1
..[QUERY] Found all non-linear combinations. Count: 2
[QUERY] Found all non-linear combinations. Count: 2
[QUERY] Found all non-linear combinations. Count: 2
[QUERY] Returning nonlinear disjunction
[CTRL] Considering conjunction with 3 input constraints and a disjunction of size 10
[APPROX] Checking cache: SNNT.Approx.ApproxCacheObject[]
[APPROX] Constructing Approximation
[APPROX] Resolving approximation
[CTRL] Initiating iterator over current linear queries
[APPROX] # Conjunctions over output: 10
[CTRL] Processing linear query no. 2
[NNENUM] Running nnenum now...
[NNENUM] lb: [31.703236423477783, -73.18705430608887, -1.0]
[NNENUM] ub: [100.0, -63.40647284695557, -0.6724629577858541]
[NNENUM] Creating LP Star...
[NNENUM] Checking feasibility
[NNENUM] Generating output Spec...
[NNENUM] Spec list length:  10
[NNENUM] Enumeration in progress... 

[NNENUM] Result: 
<nnenum.result.Result object at 0x7f9494cef580>
[NNENUM] Enumeration finished.
safe
[NNENUM] Filtering result using SMT solver...
[SMT] SMT filtered out 0 stars (out of 0; TO: 0).
.[QUERY] Found all non-linear combinations. Count: 1
[QUERY] Found all non-linear combinations. Count: 1
[QUERY] Returning nonlinear disjunction
[CTRL] Considering conjunction with 3 input constraints and a disjunction of size 2
[APPROX] Checking cache: SNNT.Approx.ApproxCacheObject[]
[APPROX] Constructing Approximation
[APPROX] Resolving approximation
[CTRL] Initiating iterator over current linear queries
[APPROX] # Conjunctions over output: 2
[CTRL] Processing linear query no. 3
[NNENUM] Running nnenum now...
[NNENUM] lb: [31.703236423477783, -73.18705430608887, -1.0]
[NNENUM] ub: [100.0, -63.40647284695557, -0.6724629577858541]
[NNENUM] Creating LP Star...
[NNENUM] Checking feasibility
[NNENUM] Generating output Spec...
[NNENUM] Spec list length:  2
[NNENUM] Enumeration in progress... 

[NNENUM] Result: 
<nnenum.result.Result object at 0x7f9494cefac0>
[NNENUM] Enumeration finished.
safe
[NNENUM] Filtering result using SMT solver...
[SMT] SMT filtered out 0 stars (out of 0; TO: 0).
.[QUERY] Found all non-linear combinations. Count: 1
.[QUERY] Found all non-linear combinations. Count: 1
[QUERY] Found all non-linear combinations. Count: 2
[QUERY] Found all non-linear combinations. Count: 2
.[QUERY] Found all non-linear combinations. Count: 2
.[QUERY] Found all non-linear combinations. Count: 2
.[QUERY] Found all non-linear combinations. Count: 2
[QUERY] Found all non-linear combinations. Count: 2
.[QUERY] Found all non-linear combinations. Count: 2
[QUERY] Found all non-linear combinations. Count: 1
.[QUERY] Found all non-linear combinations. Count: 1
[QUERY] Returning nonlinear disjunction
[CTRL] Considering conjunction with 3 input constraints and a disjunction of size 11
[APPROX] Checking cache: SNNT.Approx.ApproxCacheObject[]
[APPROX] Constructing Approximation
[APPROX] Resolving approximation
[CTRL] Initiating iterator over current linear queries
[APPROX] # Conjunctions over output: 11
[CTRL] Processing linear query no. 4
[NNENUM] Running nnenum now...
[NNENUM] lb: [16.376852110707294, -73.18705430608887, -1.0]
[NNENUM] ub: [31.703236423477783, -63.40647284695557, -0.6724629577858541]
[NNENUM] Creating LP Star...
[NNENUM] Checking feasibility
[NNENUM] Generating output Spec...
[NNENUM] Spec list length:  11
[NNENUM] Enumeration in progress... 

[NNENUM] Result: 
<nnenum.result.Result object at 0x7f9494cab640>
[NNENUM] Enumeration finished.
safe
[NNENUM] Filtering result using SMT solver...
[SMT] SMT filtered out 0 stars (out of 0; TO: 0).
....[QUERY] Found all non-linear combinations. Count: 3
..[QUERY] Found all non-linear combinations. Count: 3
..[QUERY] Found all non-linear combinations. Count: 2
[QUERY] Found all non-linear combinations. Count: 3
.[QUERY] Found all non-linear combinations. Count: 2
[QUERY] Found all non-linear combinations. Count: 2
[QUERY] Found all non-linear combinations. Count: 2
.[QUERY] Found all non-linear combinations. Count: 2
.[QUERY] Found all non-linear combinations. Count: 2
..[QUERY] Found all non-linear combinations. Count: 2
.[QUERY] Found all non-linear combinations. Count: 2
..[QUERY] Found all non-linear combinations. Count: 1
[QUERY] Found all non-linear combinations. Count: 2
[QUERY] Found all non-linear combinations. Count: 2
[QUERY] Found all non-linear combinations. Count: 2
[QUERY] Found all non-linear combinations. Count: 2
[QUERY] Found all non-linear combinations. Count: 2
[QUERY] Found all non-linear combinations. Count: 1
.[QUERY] Found all non-linear combinations. Count: 2
[QUERY] Found all non-linear combinations. Count: 1
..[QUERY] Found all non-linear combinations. Count: 1
.[QUERY] Found all non-linear combinations. Count: 1
..[QUERY] Found all non-linear combinations. Count: 1
[QUERY] Found all non-linear combinations. Count: 1
[QUERY] Found all non-linear combinations. Count: 1
.[QUERY] Found all non-linear combinations. Count: 1
.[QUERY] Found all non-linear combinations. Count: 1
[QUERY] Found all non-linear combinations. Count: 1
[QUERY] Returning nonlinear disjunction
[CTRL] Considering conjunction with 3 input constraints and a disjunction of size 28
[APPROX] Checking cache: SNNT.Approx.ApproxCacheObject[]
[APPROX] Constructing Approximation
[APPROX] Resolving approximation
[CTRL] Initiating iterator over current linear queries
[APPROX] # Conjunctions over output: 28
[CTRL] Processing linear query no. 5
[NNENUM] Running nnenum now...
[NNENUM] lb: [0.0, -17.837453728392095, -1.0]
[NNENUM] ub: [16.376852110707294, -2.1, -0.6724629577858541]
[NNENUM] Creating LP Star...
[NNENUM] Checking feasibility
[NNENUM] Generating output Spec...
[NNENUM] Spec list length:  28
[NNENUM] Enumeration in progress... 
(0.0 sec) Q: 0, Sets: 0/1  (0.0%) CEs: 0 ETA: - (expected 1 stars)   
(0.1 sec) Q: 0, Sets: 7/13  (2.344%) CEs: 3 ETA: 6.2 sec (expected 299 stars)   
(0.2 sec) Q: 0, Sets: 20/26  (7.031%) CEs: 5 ETA: 3.3 sec (expected 284 stars)   
(0.4 sec) Q: 0, Sets: 37/43  (13.965%) CEs: 8 ETA: 2.2 sec (expected 265 stars)   
(0.5 sec) Q: 0, Sets: 49/56  (14.795%) CEs: 16 ETA: 2.6 sec (expected 331 stars)   
(0.6 sec) Q: 0, Sets: 67/72  (16.797%) CEs: 16 ETA: 2.8 sec (expected 399 stars)   
(0.7 sec) Q: 0, Sets: 83/85  (50.0%) CEs: 16 ETA: 0.7 sec (expected 166 stars)   
(0.8 sec) Q: 0, Sets: 99/104  (77.344%) CEs: 16 ETA: 0.2 sec (expected 128 stars)   
(0.9 sec) Q: 0, Sets: 113/115  (96.484%) CEs: 16 ETA: 0.0 sec (expected 117 stars)   
Total Stars: 120 (73 exact, 47 approx)
Unfinished Stars: 0
Runtime: 0.9 sec
Completed work frac: 1.0
Num Stars Copied Between Processes: 0
Num Lps During Enumeration: 1796
Total Num Lps: 1796

Result: network is UNSAFE with confirmed counterexample in result.cinput and result.coutput
Input: [1.2299258708953857, -2.0999999046325684, -1.0]
Output: [100.0009994506836]

[NNENUM] Result: 
<nnenum.result.Result object at 0x7f94948c5b50>
[NNENUM] Enumeration finished.
unsafe
[NNENUM] Found counter-example stars: 16
[NNENUM] Filtering result using SMT solver...
[SMT] SMT filtered out 16 stars (out of 16; TO: 0).
.[QUERY] Found all non-linear combinations. Count: 1
.[QUERY] Found all non-linear combinations. Count: 1
.[QUERY] Found all non-linear combinations. Count: 3
[QUERY] Found all non-linear combinations. Count: 2
.[QUERY] Found all non-linear combinations. Count: 1
[QUERY] Found all non-linear combinations. Count: 1
[QUERY] Found all non-linear combinations. Count: 1
[QUERY] Found all non-linear combinations. Count: 1
[QUERY] Found all non-linear combinations. Count: 2
[QUERY] Found all non-linear combinations. Count: 2
[QUERY] Found all non-linear combinations. Count: 1
[QUERY] Found all non-linear combinations. Count: 1
[QUERY] Found all non-linear combinations. Count: 1
[QUERY] Found all non-linear combinations. Count: 1
[QUERY] Found all non-linear combinations. Count: 2
.[QUERY] Found all non-linear combinations. Count: 2
[QUERY] Found all non-linear combinations. Count: 2
.[QUERY] Found all non-linear combinations. Count: 2
[QUERY] Found all non-linear combinations. Count: 1
[QUERY] Found all non-linear combinations. Count: 2
[QUERY] Found all non-linear combinations. Count: 2
[QUERY] Found all non-linear combinations. Count: 2
[QUERY] Found all non-linear combinations. Count: 2
[QUERY] Returning nonlinear disjunction
[CTRL] Considering conjunction with 3 input constraints and a disjunction of size 23
[APPROX] Checking cache: SNNT.Approx.ApproxCacheObject[]
[APPROX] Constructing Approximation
[APPROX] Resolving approximation
[CTRL] Initiating iterator over current linear queries
[APPROX] # Conjunctions over output: 23
[CTRL] Processing linear query no. 6
[NNENUM] Running nnenum now...
[NNENUM] lb: [0.07999999999999999, -2.1, -1.0]
[NNENUM] ub: [16.376852110707294, 0.0, -0.6724629577858541]
[NNENUM] Creating LP Star...
[NNENUM] Checking feasibility
[NNENUM] Generating output Spec...
[NNENUM] Spec list length:  23
[NNENUM] Enumeration in progress... 
(0.0 sec) Q: 0, Sets: 0/1  (0.0%) CEs: 0 ETA: - (expected 1 stars)   
(0.2 sec) Q: 0, Sets: 3/11  (0.391%) CEs: 6 ETA: 38.6 sec (expected 768 stars)   
(0.3 sec) Q: 0, Sets: 12/21  (0.537%) CEs: 13 ETA: 47.2 sec (expected 2234 stars)   
(0.4 sec) Q: 0, Sets: 23/30  (0.781%) CEs: 22 ETA: 46.1 sec (expected 2944 stars)   
(0.5 sec) Q: 0, Sets: 30/43  (0.809%) CEs: 31 ETA: 57.5 sec (expected 3710 stars)   
(0.6 sec) Q: 0, Sets: 40/55  (0.82%) CEs: 37 ETA: 1.18 min (expected 4880 stars)   
(0.7 sec) Q: 0, Sets: 48/63  (0.821%) CEs: 38 ETA: 1.38 min (expected 5846 stars)   
(0.8 sec) Q: 0, Sets: 57/71  (0.822%) CEs: 46 ETA: 1.58 min (expected 6937 stars)   
(0.9 sec) Q: 0, Sets: 68/81  (0.825%) CEs: 55 ETA: 1.78 min (expected 8239 stars)   
(1.0 sec) Q: 0, Sets: 79/90  (0.83%) CEs: 64 ETA: 1.97 min (expected 9517 stars)   
(1.1 sec) Q: 0, Sets: 89/101  (0.85%) CEs: 73 ETA: 2.12 min (expected 10472 stars)   
(1.2 sec) Q: 0, Sets: 93/108  (0.855%) CEs: 81 ETA: 2.31 min (expected 10879 stars)   
(1.3 sec) Q: 0, Sets: 102/117  (0.856%) CEs: 90 ETA: 2.51 min (expected 11921 stars)   
(1.4 sec) Q: 0, Sets: 113/127  (0.859%) CEs: 100 ETA: 2.69 min (expected 13151 stars)   
(1.5 sec) Q: 0, Sets: 123/141  (0.861%) CEs: 110 ETA: 2.89 min (expected 14291 stars)   
(1.6 sec) Q: 0, Sets: 133/147  (0.861%) CEs: 119 ETA: 3.09 min (expected 15444 stars)   
(1.7 sec) Q: 0, Sets: 142/158  (0.862%) CEs: 128 ETA: 3.29 min (expected 16471 stars)   
(1.8 sec) Q: 0, Sets: 152/167  (0.862%) CEs: 138 ETA: 3.5 min (expected 17626 stars)   
(1.9 sec) Q: 0, Sets: 162/175  (0.863%) CEs: 148 ETA: 3.69 min (expected 18770 stars)   
(2.0 sec) Q: 0, Sets: 172/185  (0.864%) CEs: 157 ETA: 3.88 min (expected 19902 stars)   
(2.1 sec) Q: 0, Sets: 181/195  (0.866%) CEs: 167 ETA: 4.08 min (expected 20901 stars)   
(2.2 sec) Q: 0, Sets: 192/202  (0.867%) CEs: 177 ETA: 4.27 min (expected 22153 stars)   
(2.3 sec) Q: 0, Sets: 201/213  (0.874%) CEs: 186 ETA: 4.43 min (expected 22992 stars)   
(2.4 sec) Q: 0, Sets: 211/221  (0.878%) CEs: 195 ETA: 4.6 min (expected 24028 stars)   
(2.5 sec) Q: 0, Sets: 221/232  (1.205%) CEs: 203 ETA: 3.48 min (expected 18333 stars)   
(2.7 sec) Q: 0, Sets: 231/241  (1.239%) CEs: 213 ETA: 3.53 min (expected 18644 stars)   
(2.8 sec) Q: 0, Sets: 241/250  (1.306%) CEs: 223 ETA: 3.48 min (expected 18451 stars)   
(2.9 sec) Q: 0, Sets: 246/254  (1.355%) CEs: 232 ETA: 3.47 min (expected 18155 stars)   
(3.0 sec) Q: 0, Sets: 256/267  (1.587%) CEs: 241 ETA: 3.06 min (expected 16132 stars)   
(3.1 sec) Q: 0, Sets: 265/277  (1.627%) CEs: 250 ETA: 3.09 min (expected 16292 stars)   
(3.2 sec) Q: 0, Sets: 275/287  (1.629%) CEs: 260 ETA: 3.2 min (expected 16883 stars)   
(3.3 sec) Q: 0, Sets: 285/296  (1.634%) CEs: 268 ETA: 3.29 min (expected 17440 stars)   
(3.4 sec) Q: 0, Sets: 295/307  (1.646%) CEs: 278 ETA: 3.37 min (expected 17926 stars)   
(3.5 sec) Q: 0, Sets: 305/319  (1.685%) CEs: 287 ETA: 3.39 min (expected 18097 stars)   
(3.6 sec) Q: 0, Sets: 315/327  (1.694%) CEs: 297 ETA: 3.48 min (expected 18590 stars)   
(3.7 sec) Q: 0, Sets: 320/333  (1.698%) CEs: 306 ETA: 3.58 min (expected 18847 stars)   
(3.8 sec) Q: 0, Sets: 335/345  (1.708%) CEs: 317 ETA: 3.66 min (expected 19611 stars)   
(3.9 sec) Q: 0, Sets: 340/351  (1.718%) CEs: 326 ETA: 3.73 min (expected 19789 stars)   
(4.0 sec) Q: 0, Sets: 352/362  (1.73%) CEs: 337 ETA: 3.8 min (expected 20343 stars)   
(4.1 sec) Q: 0, Sets: 361/373  (1.752%) CEs: 347 ETA: 3.85 min (expected 20608 stars)   
(4.2 sec) Q: 0, Sets: 371/382  (1.855%) CEs: 356 ETA: 3.72 min (expected 19995 stars)   
(4.3 sec) Q: 0, Sets: 382/391  (1.892%) CEs: 366 ETA: 3.74 min (expected 20189 stars)   
(4.4 sec) Q: 0, Sets: 392/402  (2.167%) CEs: 375 ETA: 3.33 min (expected 18092 stars)   
(4.5 sec) Q: 0, Sets: 401/411  (2.252%) CEs: 384 ETA: 3.28 min (expected 17805 stars)   
(4.6 sec) Q: 0, Sets: 411/420  (2.286%) CEs: 394 ETA: 3.31 min (expected 17981 stars)   
(4.7 sec) Q: 0, Sets: 421/429  (2.441%) CEs: 403 ETA: 3.16 min (expected 17244 stars)   
(4.8 sec) Q: 0, Sets: 425/435  (2.747%) CEs: 413 ETA: 2.86 min (expected 15474 stars)   
(5.0 sec) Q: 0, Sets: 437/447  (2.779%) CEs: 424 ETA: 2.89 min (expected 15727 stars)   
(5.1 sec) Q: 0, Sets: 447/457  (2.824%) CEs: 434 ETA: 2.9 min (expected 15826 stars)   
(5.2 sec) Q: 0, Sets: 459/467  (3.085%) CEs: 444 ETA: 2.7 min (expected 14877 stars)   
(5.3 sec) Q: 0, Sets: 470/479  (3.104%) CEs: 456 ETA: 2.74 min (expected 15144 stars)   
(5.4 sec) Q: 0, Sets: 479/493  (3.174%) CEs: 464 ETA: 2.73 min (expected 15092 stars)   
(5.5 sec) Q: 0, Sets: 489/502  (3.198%) CEs: 472 ETA: 2.76 min (expected 15290 stars)   
(5.6 sec) Q: 0, Sets: 500/512  (3.204%) CEs: 484 ETA: 2.81 min (expected 15606 stars)   
(5.7 sec) Q: 0, Sets: 511/523  (3.213%) CEs: 493 ETA: 2.85 min (expected 15905 stars)   
(5.8 sec) Q: 0, Sets: 521/532  (3.217%) CEs: 503 ETA: 2.9 min (expected 16197 stars)   
(5.9 sec) Q: 0, Sets: 532/544  (3.221%) CEs: 514 ETA: 2.95 min (expected 16517 stars)   
(6.0 sec) Q: 0, Sets: 541/551  (3.284%) CEs: 522 ETA: 2.94 min (expected 16475 stars)   
(6.1 sec) Q: 0, Sets: 551/562  (3.301%) CEs: 531 ETA: 2.97 min (expected 16691 stars)   
(6.2 sec) Q: 0, Sets: 556/566  (3.305%) CEs: 540 ETA: 3.02 min (expected 16823 stars)   
(6.3 sec) Q: 0, Sets: 566/576  (3.313%) CEs: 551 ETA: 3.06 min (expected 17086 stars)   
(6.4 sec) Q: 0, Sets: 576/589  (3.419%) CEs: 561 ETA: 3.01 min (expected 16845 stars)   
(6.5 sec) Q: 0, Sets: 587/598  (3.427%) CEs: 571 ETA: 3.06 min (expected 17128 stars)   
(6.6 sec) Q: 0, Sets: 602/613  (3.47%) CEs: 582 ETA: 3.07 min (expected 17349 stars)   
(6.7 sec) Q: 0, Sets: 607/617  (3.477%) CEs: 592 ETA: 3.11 min (expected 17455 stars)   
(6.8 sec) Q: 0, Sets: 617/625  (3.491%) CEs: 601 ETA: 3.14 min (expected 17673 stars)   
(6.9 sec) Q: 0, Sets: 626/641  (3.516%) CEs: 610 ETA: 3.17 min (expected 17806 stars)   
(7.0 sec) Q: 0, Sets: 637/652  (3.519%) CEs: 619 ETA: 3.21 min (expected 18100 stars)   
(7.1 sec) Q: 0, Sets: 647/660  (3.523%) CEs: 628 ETA: 3.25 min (expected 18364 stars)   
(7.2 sec) Q: 0, Sets: 657/671  (3.527%) CEs: 638 ETA: 3.3 min (expected 18630 stars)   
(7.3 sec) Q: 0, Sets: 667/682  (3.527%) CEs: 647 ETA: 3.35 min (expected 18910 stars)   
(7.4 sec) Q: 0, Sets: 676/692  (3.527%) CEs: 656 ETA: 3.39 min (expected 19165 stars)   
(7.6 sec) Q: 0, Sets: 686/697  (3.528%) CEs: 666 ETA: 3.44 min (expected 19445 stars)   
(7.7 sec) Q: 0, Sets: 691/704  (3.542%) CEs: 676 ETA: 3.47 min (expected 19511 stars)   
(7.8 sec) Q: 0, Sets: 702/713  (3.549%) CEs: 686 ETA: 3.52 min (expected 19779 stars)   
(7.9 sec) Q: 0, Sets: 710/726  (3.558%) CEs: 694 ETA: 3.55 min (expected 19953 stars)   
(8.0 sec) Q: 0, Sets: 721/735  (3.559%) CEs: 704 ETA: 3.6 min (expected 20259 stars)   
(8.1 sec) Q: 0, Sets: 730/744  (3.56%) CEs: 714 ETA: 3.65 min (expected 20504 stars)   
(8.2 sec) Q: 0, Sets: 739/752  (3.561%) CEs: 723 ETA: 3.69 min (expected 20753 stars)   
(8.3 sec) Q: 0, Sets: 752/764  (3.562%) CEs: 736 ETA: 3.74 min (expected 21111 stars)   
(8.4 sec) Q: 0, Sets: 764/776  (3.563%) CEs: 745 ETA: 3.78 min (expected 21441 stars)   
(8.5 sec) Q: 0, Sets: 774/784  (3.564%) CEs: 756 ETA: 3.83 min (expected 21719 stars)   
(8.6 sec) Q: 0, Sets: 786/799  (3.564%) CEs: 767 ETA: 3.88 min (expected 22053 stars)   
(8.7 sec) Q: 0, Sets: 796/807  (3.564%) CEs: 776 ETA: 3.92 min (expected 22333 stars)   
(8.8 sec) Q: 0, Sets: 806/821  (3.565%) CEs: 786 ETA: 3.97 min (expected 22608 stars)   
(8.9 sec) Q: 0, Sets: 816/828  (3.572%) CEs: 796 ETA: 4.01 min (expected 22844 stars)   
(9.0 sec) Q: 0, Sets: 825/837  (3.578%) CEs: 805 ETA: 4.05 min (expected 23056 stars)   
(9.1 sec) Q: 0, Sets: 834/846  (3.58%) CEs: 814 ETA: 4.09 min (expected 23299 stars)   
(9.2 sec) Q: 0, Sets: 839/851  (3.58%) CEs: 823 ETA: 4.14 min (expected 23433 stars)   
(9.3 sec) Q: 0, Sets: 849/861  (3.582%) CEs: 833 ETA: 4.19 min (expected 23704 stars)   
(9.4 sec) Q: 0, Sets: 858/872  (3.583%) CEs: 841 ETA: 4.23 min (expected 23947 stars)   
(9.5 sec) Q: 0, Sets: 867/880  (3.584%) CEs: 850 ETA: 4.27 min (expected 24191 stars)   
(9.6 sec) Q: 0, Sets: 877/889  (3.586%) CEs: 860 ETA: 4.32 min (expected 24455 stars)   
(9.7 sec) Q: 0, Sets: 887/898  (3.587%) CEs: 869 ETA: 4.36 min (expected 24726 stars)   
(9.8 sec) Q: 0, Sets: 895/910  (3.59%) CEs: 878 ETA: 4.41 min (expected 24928 stars)   
(9.9 sec) Q: 0, Sets: 906/917  (3.593%) CEs: 887 ETA: 4.45 min (expected 25213 stars)   
(10.1 sec) Q: 0, Sets: 917/928  (3.598%) CEs: 898 ETA: 4.49 min (expected 25486 stars)   
(10.2 sec) Q: 0, Sets: 926/937  (3.605%) CEs: 907 ETA: 4.53 min (expected 25685 stars)   
(10.3 sec) Q: 0, Sets: 935/948  (3.608%) CEs: 915 ETA: 4.57 min (expected 25917 stars)   
(10.4 sec) Q: 0, Sets: 945/957  (3.609%) CEs: 925 ETA: 4.61 min (expected 26185 stars)   
(10.5 sec) Q: 0, Sets: 957/968  (3.611%) CEs: 937 ETA: 4.66 min (expected 26501 stars)   
(10.6 sec) Q: 0, Sets: 962/972  (3.612%) CEs: 946 ETA: 4.71 min (expected 26636 stars)   
(10.7 sec) Q: 0, Sets: 971/982  (3.622%) CEs: 954 ETA: 4.74 min (expected 26805 stars)   
(10.8 sec) Q: 0, Sets: 981/989  (3.662%) CEs: 964 ETA: 4.73 min (expected 26788 stars)   
(10.9 sec) Q: 0, Sets: 991/1002  (3.688%) CEs: 974 ETA: 4.74 min (expected 26871 stars)   
(11.0 sec) Q: 0, Sets: 1001/1014  (3.696%) CEs: 984 ETA: 4.77 min (expected 27085 stars)   
(11.1 sec) Q: 0, Sets: 1012/1021  (3.698%) CEs: 995 ETA: 4.81 min (expected 27366 stars)   
(11.2 sec) Q: 0, Sets: 1022/1032  (3.708%) CEs: 1005 ETA: 4.84 min (expected 27566 stars)   
(11.3 sec) Q: 0, Sets: 1032/1040  (3.71%) CEs: 1014 ETA: 4.88 min (expected 27815 stars)   
(11.4 sec) Q: 0, Sets: 1041/1055  (3.712%) CEs: 1022 ETA: 4.93 min (expected 28044 stars)   
(11.5 sec) Q: 0, Sets: 1050/1064  (3.714%) CEs: 1030 ETA: 4.97 min (expected 28271 stars)   
(11.6 sec) Q: 0, Sets: 1058/1071  (3.715%) CEs: 1038 ETA: 5.01 min (expected 28477 stars)   
(11.7 sec) Q: 0, Sets: 1063/1075  (3.716%) CEs: 1047 ETA: 5.05 min (expected 28604 stars)   
(11.8 sec) Q: 0, Sets: 1073/1086  (3.72%) CEs: 1056 ETA: 5.09 min (expected 28847 stars)   
(11.9 sec) Q: 0, Sets: 1083/1097  (3.721%) CEs: 1067 ETA: 5.14 min (expected 29102 stars)   
(12.0 sec) Q: 0, Sets: 1093/1106  (3.725%) CEs: 1077 ETA: 5.18 min (expected 29342 stars)   
(12.1 sec) Q: 0, Sets: 1103/1115  (3.726%) CEs: 1085 ETA: 5.22 min (expected 29602 stars)   
(12.2 sec) Q: 0, Sets: 1112/1125  (3.73%) CEs: 1095 ETA: 5.26 min (expected 29815 stars)   
(12.3 sec) Q: 0, Sets: 1123/1135  (3.731%) CEs: 1104 ETA: 5.3 min (expected 30098 stars)   
(12.4 sec) Q: 0, Sets: 1134/1146  (3.733%) CEs: 1114 ETA: 5.34 min (expected 30376 stars)   
(12.5 sec) Q: 0, Sets: 1139/1150  (3.734%) CEs: 1123 ETA: 5.39 min (expected 30506 stars)   
(12.6 sec) Q: 0, Sets: 1149/1162  (3.739%) CEs: 1134 ETA: 5.42 min (expected 30727 stars)   
(12.7 sec) Q: 0, Sets: 1160/1174  (3.742%) CEs: 1144 ETA: 5.46 min (expected 31000 stars)   
(12.9 sec) Q: 0, Sets: 1170/1183  (3.743%) CEs: 1153 ETA: 5.51 min (expected 31260 stars)   
(13.0 sec) Q: 0, Sets: 1179/1190  (3.745%) CEs: 1163 ETA: 5.55 min (expected 31486 stars)   
(13.1 sec) Q: 0, Sets: 1190/1199  (3.757%) CEs: 1173 ETA: 5.58 min (expected 31677 stars)   
(13.2 sec) Q: 0, Sets: 1200/1208  (3.784%) CEs: 1183 ETA: 5.58 min (expected 31711 stars)   
(13.3 sec) Q: 0, Sets: 1209/1222  (3.811%) CEs: 1192 ETA: 5.58 min (expected 31728 stars)   
(13.4 sec) Q: 0, Sets: 1219/1232  (3.813%) CEs: 1202 ETA: 5.62 min (expected 31973 stars)   
(13.5 sec) Q: 0, Sets: 1229/1241  (3.813%) CEs: 1212 ETA: 5.67 min (expected 32231 stars)   
(13.6 sec) Q: 0, Sets: 1240/1252  (3.814%) CEs: 1222 ETA: 5.71 min (expected 32511 stars)   
(13.7 sec) Q: 0, Sets: 1250/1262  (3.818%) CEs: 1232 ETA: 5.75 min (expected 32742 stars)   
(13.8 sec) Q: 0, Sets: 1260/1272  (3.819%) CEs: 1243 ETA: 5.79 min (expected 32989 stars)   
(13.9 sec) Q: 0, Sets: 1270/1280  (3.821%) CEs: 1253 ETA: 5.84 min (expected 33241 stars)   
(14.0 sec) Q: 0, Sets: 1279/1292  (3.821%) CEs: 1263 ETA: 5.88 min (expected 33475 stars)   
(14.1 sec) Q: 0, Sets: 1289/1299  (3.829%) CEs: 1273 ETA: 5.91 min (expected 33662 stars)   
(14.2 sec) Q: 0, Sets: 1300/1312  (3.841%) CEs: 1282 ETA: 5.93 min (expected 33846 stars)   
(14.3 sec) Q: 0, Sets: 1309/1320  (3.845%) CEs: 1292 ETA: 5.97 min (expected 34042 stars)   
(14.4 sec) Q: 0, Sets: 1320/1328  (3.851%) CEs: 1302 ETA: 6.01 min (expected 34274 stars)   
(14.5 sec) Q: 0, Sets: 1330/1337  (3.857%) CEs: 1311 ETA: 6.04 min (expected 34479 stars)   
(14.6 sec) Q: 0, Sets: 1340/1347  (4.102%) CEs: 1321 ETA: 5.71 min (expected 32670 stars)   
(14.8 sec) Q: 0, Sets: 1351/1360  (7.288%) CEs: 1330 ETA: 3.13 min (expected 18538 stars)   
(14.9 sec) Q: 0, Sets: 1363/1370  (8.008%) CEs: 1341 ETA: 2.85 min (expected 17021 stars)   
(15.0 sec) Q: 0, Sets: 1368/1376  (8.276%) CEs: 1351 ETA: 2.76 min (expected 16529 stars)   
(15.1 sec) Q: 0, Sets: 1379/1385  (9.082%) CEs: 1362 ETA: 2.51 min (expected 15184 stars)   
(15.2 sec) Q: 0, Sets: 1389/1396  (9.863%) CEs: 1371 ETA: 2.31 min (expected 14083 stars)   
(15.3 sec) Q: 0, Sets: 1400/1406  (11.133%) CEs: 1381 ETA: 2.03 min (expected 12575 stars)   
(15.4 sec) Q: 0, Sets: 1411/1418  (11.292%) CEs: 1390 ETA: 2.01 min (expected 12496 stars)   
(15.5 sec) Q: 0, Sets: 1423/1428  (14.062%) CEs: 1402 ETA: 1.58 min (expected 10119 stars)   
(15.6 sec) Q: 0, Sets: 1432/1440  (14.453%) CEs: 1412 ETA: 1.54 min (expected 9908 stars)   
(15.7 sec) Q: 0, Sets: 1442/1450  (14.526%) CEs: 1421 ETA: 1.54 min (expected 9927 stars)   
(15.8 sec) Q: 0, Sets: 1451/1461  (14.566%) CEs: 1431 ETA: 1.54 min (expected 9962 stars)   
(15.9 sec) Q: 0, Sets: 1460/1470  (14.573%) CEs: 1440 ETA: 1.55 min (expected 10019 stars)   
(16.0 sec) Q: 0, Sets: 1471/1480  (14.595%) CEs: 1449 ETA: 1.56 min (expected 10079 stars)   
(16.1 sec) Q: 0, Sets: 1481/1489  (14.63%) CEs: 1459 ETA: 1.57 min (expected 10123 stars)   
(16.2 sec) Q: 0, Sets: 1491/1499  (14.917%) CEs: 1469 ETA: 1.54 min (expected 9995 stars)   
(16.3 sec) Q: 0, Sets: 1496/1504  (15.002%) CEs: 1477 ETA: 1.54 min (expected 9972 stars)   
(16.4 sec) Q: 0, Sets: 1506/1511  (15.234%) CEs: 1486 ETA: 1.52 min (expected 9886 stars)   
(16.5 sec) Q: 0, Sets: 1516/1523  (15.329%) CEs: 1497 ETA: 1.52 min (expected 9890 stars)   
(16.6 sec) Q: 0, Sets: 1526/1537  (15.683%) CEs: 1507 ETA: 1.49 min (expected 9730 stars)   
(16.7 sec) Q: 0, Sets: 1537/1548  (15.798%) CEs: 1516 ETA: 1.49 min (expected 9729 stars)   
(16.8 sec) Q: 0, Sets: 1547/1559  (15.811%) CEs: 1525 ETA: 1.49 min (expected 9784 stars)   
(16.9 sec) Q: 0, Sets: 1558/1567  (15.857%) CEs: 1536 ETA: 1.5 min (expected 9825 stars)   
(17.0 sec) Q: 0, Sets: 1563/1571  (15.906%) CEs: 1546 ETA: 1.5 min (expected 9827 stars)   
(17.1 sec) Q: 0, Sets: 1574/1582  (16.0%) CEs: 1555 ETA: 1.5 min (expected 9837 stars)   
(17.2 sec) Q: 0, Sets: 1583/1595  (16.031%) CEs: 1565 ETA: 1.51 min (expected 9875 stars)   
(17.3 sec) Q: 0, Sets: 1593/1603  (16.046%) CEs: 1574 ETA: 1.51 min (expected 9928 stars)   
(17.4 sec) Q: 0, Sets: 1604/1616  (16.077%) CEs: 1585 ETA: 1.52 min (expected 9977 stars)   
(17.6 sec) Q: 0, Sets: 1614/1624  (16.081%) CEs: 1595 ETA: 1.53 min (expected 10037 stars)   
(17.7 sec) Q: 0, Sets: 1625/1635  (16.096%) CEs: 1605 ETA: 1.53 min (expected 10095 stars)   
(17.8 sec) Q: 0, Sets: 1636/1648  (16.115%) CEs: 1614 ETA: 1.54 min (expected 10152 stars)   
(17.9 sec) Q: 0, Sets: 1646/1656  (16.124%) CEs: 1624 ETA: 1.55 min (expected 10208 stars)   
(18.0 sec) Q: 0, Sets: 1651/1662  (16.132%) CEs: 1634 ETA: 1.56 min (expected 10234 stars)   
(18.1 sec) Q: 0, Sets: 1666/1676  (16.137%) CEs: 1644 ETA: 1.57 min (expected 10324 stars)   
(18.2 sec) Q: 0, Sets: 1671/1682  (16.139%) CEs: 1653 ETA: 1.57 min (expected 10354 stars)   
(18.3 sec) Q: 0, Sets: 1682/1689  (16.187%) CEs: 1664 ETA: 1.58 min (expected 10391 stars)   
(18.4 sec) Q: 0, Sets: 1691/1699  (16.284%) CEs: 1673 ETA: 1.57 min (expected 10384 stars)   
(18.5 sec) Q: 0, Sets: 1700/1709  (16.626%) CEs: 1683 ETA: 1.55 min (expected 10225 stars)   
(18.6 sec) Q: 0, Sets: 1711/1717  (16.748%) CEs: 1692 ETA: 1.54 min (expected 10216 stars)   
(18.7 sec) Q: 0, Sets: 1721/1730  (16.818%) CEs: 1702 ETA: 1.54 min (expected 10233 stars)   
(18.8 sec) Q: 0, Sets: 1730/1741  (16.825%) CEs: 1711 ETA: 1.55 min (expected 10282 stars)   
(18.9 sec) Q: 0, Sets: 1740/1747  (16.846%) CEs: 1720 ETA: 1.56 min (expected 10329 stars)   
(19.0 sec) Q: 0, Sets: 1750/1757  (16.888%) CEs: 1729 ETA: 1.56 min (expected 10362 stars)   
(19.1 sec) Q: 0, Sets: 1760/1769  (16.914%) CEs: 1740 ETA: 1.56 min (expected 10405 stars)   
(19.2 sec) Q: 0, Sets: 1771/1780  (16.922%) CEs: 1749 ETA: 1.57 min (expected 10466 stars)   
(19.3 sec) Q: 0, Sets: 1780/1790  (16.926%) CEs: 1758 ETA: 1.58 min (expected 10516 stars)   
(19.4 sec) Q: 0, Sets: 1791/1801  (16.929%) CEs: 1769 ETA: 1.59 min (expected 10580 stars)   
(19.5 sec) Q: 0, Sets: 1796/1805  (16.929%) CEs: 1779 ETA: 1.6 min (expected 10609 stars)   
(19.6 sec) Q: 0, Sets: 1807/1813  (16.943%) CEs: 1788 ETA: 1.6 min (expected 10665 stars)   
(19.7 sec) Q: 0, Sets: 1816/1826  (16.959%) CEs: 1797 ETA: 1.61 min (expected 10708 stars)   
(19.8 sec) Q: 0, Sets: 1827/1833  (16.98%) CEs: 1807 ETA: 1.62 min (expected 10760 stars)   
(19.9 sec) Q: 0, Sets: 1837/1849  (17.018%) CEs: 1817 ETA: 1.62 min (expected 10795 stars)   
(20.0 sec) Q: 0, Sets: 1848/1856  (17.032%) CEs: 1827 ETA: 1.63 min (expected 10850 stars)   
(20.1 sec) Q: 0, Sets: 1860/1868  (17.056%) CEs: 1838 ETA: 1.63 min (expected 10905 stars)   
(20.2 sec) Q: 0, Sets: 1870/1878  (17.062%) CEs: 1848 ETA: 1.64 min (expected 10960 stars)   
(20.4 sec) Q: 0, Sets: 1876/1882  (17.065%) CEs: 1859 ETA: 1.65 min (expected 10993 stars)   
(20.5 sec) Q: 0, Sets: 1891/1896  (17.139%) CEs: 1869 ETA: 1.65 min (expected 11034 stars)   
(20.6 sec) Q: 0, Sets: 1896/1902  (17.157%) CEs: 1878 ETA: 1.65 min (expected 11051 stars)   
(20.7 sec) Q: 0, Sets: 1906/1912  (17.18%) CEs: 1888 ETA: 1.66 min (expected 11094 stars)   
(20.8 sec) Q: 0, Sets: 1916/1922  (17.185%) CEs: 1898 ETA: 1.67 min (expected 11149 stars)   
(20.9 sec) Q: 0, Sets: 1926/1936  (17.221%) CEs: 1907 ETA: 1.67 min (expected 11184 stars)   
(21.0 sec) Q: 0, Sets: 1937/1946  (17.31%) CEs: 1918 ETA: 1.67 min (expected 11190 stars)   
(21.1 sec) Q: 0, Sets: 1948/1957  (17.416%) CEs: 1928 ETA: 1.67 min (expected 11185 stars)   
(21.2 sec) Q: 0, Sets: 1958/1968  (17.421%) CEs: 1938 ETA: 1.67 min (expected 11239 stars)   
(21.3 sec) Q: 0, Sets: 1967/1979  (17.432%) CEs: 1946 ETA: 1.68 min (expected 11284 stars)   
(21.4 sec) Q: 0, Sets: 1978/1989  (17.435%) CEs: 1957 ETA: 1.69 min (expected 11345 stars)   
(21.5 sec) Q: 0, Sets: 1988/2002  (17.438%) CEs: 1967 ETA: 1.7 min (expected 11400 stars)   
(21.6 sec) Q: 0, Sets: 1999/2011  (17.438%) CEs: 1977 ETA: 1.7 min (expected 11463 stars)   
(21.7 sec) Q: 0, Sets: 2010/2019  (17.441%) CEs: 1988 ETA: 1.71 min (expected 11525 stars)   
(21.8 sec) Q: 0, Sets: 2015/2024  (17.443%) CEs: 1997 ETA: 1.72 min (expected 11552 stars)   
(21.9 sec) Q: 0, Sets: 2027/2039  (17.449%) CEs: 2009 ETA: 1.73 min (expected 11617 stars)   
(22.0 sec) Q: 0, Sets: 2037/2046  (17.45%) CEs: 2019 ETA: 1.74 min (expected 11674 stars)   
(22.1 sec) Q: 0, Sets: 2048/2057  (17.461%) CEs: 2028 ETA: 1.74 min (expected 11729 stars)   
(22.2 sec) Q: 0, Sets: 2057/2067  (17.471%) CEs: 2037 ETA: 1.75 min (expected 11774 stars)   
(22.3 sec) Q: 0, Sets: 2066/2078  (17.472%) CEs: 2046 ETA: 1.76 min (expected 11825 stars)   
(22.4 sec) Q: 0, Sets: 2076/2085  (17.473%) CEs: 2055 ETA: 1.77 min (expected 11881 stars)   
(22.5 sec) Q: 0, Sets: 2085/2094  (17.476%) CEs: 2065 ETA: 1.77 min (expected 11931 stars)   
(22.7 sec) Q: 0, Sets: 2095/2105  (17.485%) CEs: 2074 ETA: 1.78 min (expected 11982 stars)   
(22.8 sec) Q: 0, Sets: 2105/2115  (17.492%) CEs: 2084 ETA: 1.79 min (expected 12034 stars)   
(22.9 sec) Q: 0, Sets: 2116/2123  (17.505%) CEs: 2094 ETA: 1.79 min (expected 12088 stars)   
(23.0 sec) Q: 0, Sets: 2126/2133  (17.542%) CEs: 2104 ETA: 1.8 min (expected 12120 stars)   
(23.1 sec) Q: 0, Sets: 2130/2140  (17.587%) CEs: 2113 ETA: 1.8 min (expected 12111 stars)   
(23.2 sec) Q: 0, Sets: 2141/2149  (17.603%) CEs: 2123 ETA: 1.81 min (expected 12163 stars)   
(23.3 sec) Q: 0, Sets: 2151/2160  (17.647%) CEs: 2133 ETA: 1.81 min (expected 12189 stars)   
(23.4 sec) Q: 0, Sets: 2161/2173  (17.652%) CEs: 2142 ETA: 1.82 min (expected 12242 stars)   
(23.5 sec) Q: 0, Sets: 2172/2180  (17.661%) CEs: 2152 ETA: 1.82 min (expected 12299 stars)   
(23.6 sec) Q: 0, Sets: 2182/2190  (17.694%) CEs: 2162 ETA: 1.83 min (expected 12332 stars)   
(23.7 sec) Q: 0, Sets: 2193/2199  (17.725%) CEs: 2171 ETA: 1.83 min (expected 12373 stars)   
(23.8 sec) Q: 0, Sets: 2198/2204  (17.749%) CEs: 2181 ETA: 1.84 min (expected 12384 stars)   
(23.9 sec) Q: 0, Sets: 2208/2216  (17.886%) CEs: 2191 ETA: 1.83 min (expected 12345 stars)   
(24.0 sec) Q: 0, Sets: 2219/2224  (17.92%) CEs: 2200 ETA: 1.83 min (expected 12383 stars)   
(24.1 sec) Q: 0, Sets: 2229/2235  (17.95%) CEs: 2209 ETA: 1.83 min (expected 12418 stars)   
(24.2 sec) Q: 0, Sets: 2237/2249  (17.995%) CEs: 2217 ETA: 1.84 min (expected 12431 stars)   
(24.3 sec) Q: 0, Sets: 2247/2257  (18.001%) CEs: 2227 ETA: 1.84 min (expected 12483 stars)   
(24.4 sec) Q: 0, Sets: 2257/2266  (18.028%) CEs: 2236 ETA: 1.85 min (expected 12519 stars)   
(24.5 sec) Q: 0, Sets: 2267/2274  (18.063%) CEs: 2246 ETA: 1.85 min (expected 12550 stars)   
(24.6 sec) Q: 0, Sets: 2272/2282  (18.074%) CEs: 2254 ETA: 1.86 min (expected 12571 stars)   
(24.7 sec) Q: 0, Sets: 2283/2291  (18.085%) CEs: 2265 ETA: 1.87 min (expected 12624 stars)   
(24.8 sec) Q: 0, Sets: 2293/2301  (18.1%) CEs: 2275 ETA: 1.87 min (expected 12669 stars)   
(24.9 sec) Q: 0, Sets: 2308/2318  (18.172%) CEs: 2286 ETA: 1.87 min (expected 12701 stars)   
(25.0 sec) Q: 0, Sets: 2318/2328  (18.195%) CEs: 2296 ETA: 1.88 min (expected 12740 stars)   
(25.1 sec) Q: 0, Sets: 2328/2337  (18.205%) CEs: 2306 ETA: 1.88 min (expected 12788 stars)   
(25.2 sec) Q: 0, Sets: 2333/2340  (18.21%) CEs: 2315 ETA: 1.89 min (expected 12812 stars)   
(25.3 sec) Q: 0, Sets: 2348/2354  (18.298%) CEs: 2326 ETA: 1.89 min (expected 12832 stars)   
(25.4 sec) Q: 0, Sets: 2353/2357  (18.359%) CEs: 2335 ETA: 1.89 min (expected 12816 stars)   
(25.5 sec) Q: 0, Sets: 2363/2371  (18.39%) CEs: 2345 ETA: 1.89 min (expected 12849 stars)   
(25.6 sec) Q: 0, Sets: 2374/2382  (18.428%) CEs: 2355 ETA: 1.89 min (expected 12883 stars)   
(25.7 sec) Q: 0, Sets: 2384/2390  (18.481%) CEs: 2364 ETA: 1.89 min (expected 12899 stars)   
(25.8 sec) Q: 0, Sets: 2395/2399  (18.555%) CEs: 2375 ETA: 1.89 min (expected 12908 stars)   
(26.0 sec) Q: 0, Sets: 2406/2411  (27.344%) CEs: 2385 ETA: 1.15 min (expected 8799 stars)   
(26.1 sec) Q: 0, Sets: 2417/2423  (33.008%) CEs: 2395 ETA: 52.9 sec (expected 7323 stars)   
(26.2 sec) Q: 0, Sets: 2428/2434  (34.57%) CEs: 2406 ETA: 49.5 sec (expected 7023 stars)   
(26.3 sec) Q: 0, Sets: 2440/2445  (35.352%) CEs: 2418 ETA: 48.1 sec (expected 6902 stars)   
(26.4 sec) Q: 0, Sets: 2445/2452  (35.571%) CEs: 2427 ETA: 47.8 sec (expected 6874 stars)   
(26.5 sec) Q: 0, Sets: 2454/2466  (35.645%) CEs: 2437 ETA: 47.8 sec (expected 6885 stars)   
(26.6 sec) Q: 0, Sets: 2465/2474  (35.65%) CEs: 2447 ETA: 48.0 sec (expected 6914 stars)   
(26.7 sec) Q: 0, Sets: 2474/2482  (35.675%) CEs: 2456 ETA: 48.1 sec (expected 6935 stars)   
(26.8 sec) Q: 0, Sets: 2485/2491  (35.715%) CEs: 2467 ETA: 48.2 sec (expected 6958 stars)   
(26.9 sec) Q: 0, Sets: 2497/2504  (35.802%) CEs: 2478 ETA: 48.2 sec (expected 6975 stars)   
(27.0 sec) Q: 0, Sets: 2509/2518  (35.844%) CEs: 2489 ETA: 48.3 sec (expected 7000 stars)   
(27.1 sec) Q: 0, Sets: 2519/2524  (35.876%) CEs: 2498 ETA: 48.4 sec (expected 7021 stars)   
(27.2 sec) Q: 0, Sets: 2529/2532  (35.938%) CEs: 2507 ETA: 48.5 sec (expected 7037 stars)   
(27.3 sec) Q: 0, Sets: 2539/2545  (36.804%) CEs: 2517 ETA: 46.9 sec (expected 6899 stars)   
(27.4 sec) Q: 0, Sets: 2544/2548  (37.012%) CEs: 2526 ETA: 46.7 sec (expected 6873 stars)   
(27.5 sec) Q: 0, Sets: 2554/2559  (37.207%) CEs: 2533 ETA: 46.4 sec (expected 6864 stars)   
(27.6 sec) Q: 0, Sets: 2563/2571  (37.241%) CEs: 2545 ETA: 46.6 sec (expected 6882 stars)   
(27.7 sec) Q: 0, Sets: 2574/2579  (37.25%) CEs: 2555 ETA: 46.7 sec (expected 6910 stars)   
(27.8 sec) Q: 0, Sets: 2584/2590  (37.265%) CEs: 2565 ETA: 46.9 sec (expected 6934 stars)   
(27.9 sec) Q: 0, Sets: 2593/2597  (37.476%) CEs: 2568 ETA: 46.6 sec (expected 6919 stars)   
(28.0 sec) Q: 0, Sets: 2601/2612  (37.607%) CEs: 2577 ETA: 46.5 sec (expected 6916 stars)   
(28.1 sec) Q: 0, Sets: 2612/2620  (37.646%) CEs: 2586 ETA: 46.6 sec (expected 6938 stars)   
(28.2 sec) Q: 0, Sets: 2621/2631  (37.714%) CEs: 2595 ETA: 46.6 sec (expected 6950 stars)   
(28.3 sec) Q: 0, Sets: 2632/2638  (37.891%) CEs: 2605 ETA: 46.5 sec (expected 6946 stars)   
(28.5 sec) Q: 0, Sets: 2641/2651  (37.921%) CEs: 2614 ETA: 46.6 sec (expected 6964 stars)   
(28.6 sec) Q: 0, Sets: 2650/2658  (37.976%) CEs: 2623 ETA: 46.6 sec (expected 6978 stars)   
(28.7 sec) Q: 0, Sets: 2660/2666  (38.086%) CEs: 2633 ETA: 46.6 sec (expected 6984 stars)   
(28.8 sec) Q: 0, Sets: 2669/2677  (38.153%) CEs: 2642 ETA: 46.6 sec (expected 6996 stars)   
(28.9 sec) Q: 0, Sets: 2676/2682  (38.257%) CEs: 2649 ETA: 46.6 sec (expected 6995 stars)   
(29.0 sec) Q: 0, Sets: 2677/2685  (38.281%) CEs: 2652 ETA: 46.7 sec (expected 6993 stars)   
(29.1 sec) Q: 0, Sets: 2687/2693  (38.477%) CEs: 2659 ETA: 46.5 sec (expected 6983 stars)   
(29.2 sec) Q: 0, Sets: 2693/2701  (38.708%) CEs: 2665 ETA: 46.2 sec (expected 6957 stars)   
(29.3 sec) Q: 0, Sets: 2700/2708  (38.739%) CEs: 2672 ETA: 46.3 sec (expected 6970 stars)   
(29.4 sec) Q: 0, Sets: 2710/2719  (39.27%) CEs: 2681 ETA: 45.5 sec (expected 6901 stars)   
(29.5 sec) Q: 0, Sets: 2721/2728  (39.331%) CEs: 2690 ETA: 45.5 sec (expected 6918 stars)   
(29.6 sec) Q: 0, Sets: 2726/2735  (39.336%) CEs: 2699 ETA: 45.7 sec (expected 6930 stars)   
(29.7 sec) Q: 0, Sets: 2737/2743  (39.429%) CEs: 2710 ETA: 45.7 sec (expected 6942 stars)   
(29.8 sec) Q: 0, Sets: 2747/2752  (39.746%) CEs: 2718 ETA: 45.2 sec (expected 6911 stars)   
(29.9 sec) Q: 0, Sets: 2757/2764  (40.027%) CEs: 2721 ETA: 44.8 sec (expected 6888 stars)   
(30.0 sec) Q: 0, Sets: 2766/2772  (40.088%) CEs: 2727 ETA: 44.9 sec (expected 6900 stars)   
(30.1 sec) Q: 0, Sets: 2777/2785  (40.311%) CEs: 2737 ETA: 44.6 sec (expected 6889 stars)   
(30.2 sec) Q: 0, Sets: 2785/2791  (40.356%) CEs: 2744 ETA: 44.7 sec (expected 6901 stars)   
(30.3 sec) Q: 0, Sets: 2794/2801  (40.723%) CEs: 2753 ETA: 44.2 sec (expected 6861 stars)   
(30.4 sec) Q: 0, Sets: 2805/2810  (41.211%) CEs: 2763 ETA: 43.4 sec (expected 6806 stars)   
(30.5 sec) Q: 0, Sets: 2816/2821  (41.772%) CEs: 2773 ETA: 42.6 sec (expected 6741 stars)   
(30.6 sec) Q: 0, Sets: 2825/2831  (42.029%) CEs: 2782 ETA: 42.3 sec (expected 6722 stars)   
(30.7 sec) Q: 0, Sets: 2834/2838  (42.09%) CEs: 2791 ETA: 42.3 sec (expected 6733 stars)   
(30.9 sec) Q: 0, Sets: 2842/2847  (42.188%) CEs: 2799 ETA: 42.3 sec (expected 6737 stars)   
(31.0 sec) Q: 0, Sets: 2851/2854  (42.969%) CEs: 2806 ETA: 41.1 sec (expected 6635 stars)   
(31.1 sec) Q: 0, Sets: 2855/2862  (43.945%) CEs: 2814 ETA: 39.6 sec (expected 6497 stars)   
(31.2 sec) Q: 0, Sets: 2866/2872  (44.629%) CEs: 2824 ETA: 38.7 sec (expected 6422 stars)   
(31.3 sec) Q: 0, Sets: 2876/2880  (45.215%) CEs: 2832 ETA: 37.9 sec (expected 6361 stars)   
(31.4 sec) Q: 0, Sets: 2885/2890  (45.801%) CEs: 2839 ETA: 37.1 sec (expected 6299 stars)   
(31.5 sec) Q: 0, Sets: 2896/2904  (46.912%) CEs: 2848 ETA: 35.6 sec (expected 6173 stars)   
(31.6 sec) Q: 0, Sets: 2906/2914  (47.028%) CEs: 2858 ETA: 35.6 sec (expected 6179 stars)   
(31.7 sec) Q: 0, Sets: 2917/2924  (47.107%) CEs: 2869 ETA: 35.6 sec (expected 6192 stars)   
(31.8 sec) Q: 0, Sets: 2925/2934  (47.14%) CEs: 2877 ETA: 35.6 sec (expected 6205 stars)   
(31.9 sec) Q: 0, Sets: 2935/2943  (47.151%) CEs: 2887 ETA: 35.8 sec (expected 6225 stars)   
(32.0 sec) Q: 0, Sets: 2944/2949  (47.217%) CEs: 2896 ETA: 35.8 sec (expected 6235 stars)   
(32.1 sec) Q: 0, Sets: 2953/2958  (47.437%) CEs: 2904 ETA: 35.6 sec (expected 6225 stars)   
(32.2 sec) Q: 0, Sets: 2961/2966  (47.852%) CEs: 2910 ETA: 35.1 sec (expected 6188 stars)   
(32.3 sec) Q: 0, Sets: 2962/2972  (47.853%) CEs: 2915 ETA: 35.2 sec (expected 6190 stars)   
(32.4 sec) Q: 0, Sets: 2974/2982  (48.047%) CEs: 2918 ETA: 35.1 sec (expected 6190 stars)   
(32.5 sec) Q: 0, Sets: 2985/2990  (48.535%) CEs: 2927 ETA: 34.5 sec (expected 6150 stars)   
(32.6 sec) Q: 0, Sets: 2995/3001  (48.633%) CEs: 2937 ETA: 34.5 sec (expected 6158 stars)   
(32.7 sec) Q: 0, Sets: 3006/3012  (48.749%) CEs: 2947 ETA: 34.4 sec (expected 6166 stars)   
(32.9 sec) Q: 0, Sets: 3016/3020  (48.828%) CEs: 2957 ETA: 34.4 sec (expected 6177 stars)   
(33.0 sec) Q: 0, Sets: 3025/3029  (50.0%) CEs: 2967 ETA: 33.0 sec (expected 6050 stars)   
(33.1 sec) Q: 0, Sets: 3037/3039  (73.438%) CEs: 2978 ETA: 12.0 sec (expected 4135 stars)   
Total Stars: 3043 (3000 exact, 43 approx)
Unfinished Stars: 0
Runtime: 33.1 sec
Completed work frac: 1.0
Num Stars Copied Between Processes: 0
Num Lps During Enumeration: 44257
Total Num Lps: 44257

Result: network is UNSAFE with confirmed counterexample in result.cinput and result.coutput
Input: [0.07999999821186066, -0.07206550985574722, -0.6724629402160645]
Output: [6.7193217277526855]

[NNENUM] Result: 
<nnenum.result.Result object at 0x7f94948e7fd0>
[NNENUM] Enumeration finished.
unsafe
[NNENUM] Found counter-example stars: 2980
[NNENUM] Filtering result using SMT solver...
[SMT] SMT filtered out 2980 stars (out of 2980; TO: 0).
[CTRL] Saving current state of verification...
 ────────────────────────────────────────────────────────────────────────────────
                                        Time                    Allocations      
                               ───────────────────────   ────────────────────────
       Tot / % measured:             329s /  25.3%           26.9GiB /  62.3%    

 Section               ncalls     time    %tot     avg     alloc    %tot      avg
 ────────────────────────────────────────────────────────────────────────────────
 get_approx_query           1    83.3s  100.0%   83.3s   16.8GiB  100.0%  16.8GiB
   OVERT                   11    27.8s   33.3%   2.52s   3.26GiB   19.4%   304MiB
 query_iteration            0   0.00ns    0.0%    NaNh     0.00B    0.0%        -
   next_query               5    4.98s    6.0%   995ms    424MiB    2.5%  84.7MiB
     check_infeasib...    338    3.42s    4.1%  10.1ms    266MiB    1.5%   805KiB
       check_infeas...    338    1.72s    2.1%  5.08ms    150MiB    0.9%   453KiB
         SMTprep        1.07k    708ms    0.8%   664μs   48.4MiB    0.3%  46.5KiB
         LP_add_con...    272    262ms    0.3%   963μs   28.9MiB    0.2%   109KiB
         z3_check         533    183ms    0.2%   343μs   2.46MiB    0.0%  4.72KiB
         LP_create_...    272    151ms    0.2%   555μs   15.4MiB    0.1%  57.9KiB
         LP_populat...    272   90.1ms    0.1%   331μs   42.4MiB    0.2%   160KiB
         LP_check         272   23.5ms    0.0%  86.2μs   6.45MiB    0.0%  24.3KiB
         feasibilit...    676   1.95ms    0.0%  2.88μs    166KiB    0.0%     252B
         feasibilit...    272    284μs    0.0%  1.04μs   81.5KiB    0.0%     307B
       check_infeas...    338    1.71s    2.0%  5.05ms    116MiB    0.7%   352KiB
         SMTprep          416    905ms    1.1%  2.18ms   75.0MiB    0.4%   185KiB
         z3_check         208    597ms    0.7%  2.87ms   26.7MiB    0.2%   131KiB
         feasibilit...    266   1.44ms    0.0%  5.41μs   91.1KiB    0.0%     351B
         feasibilit...    203    417μs    0.0%  2.06μs    179KiB    0.0%     901B
     query_construc...     74    876ms    1.1%  11.8ms   69.5MiB    0.4%   962KiB
       z3_check           100    428ms    0.5%  4.28ms   19.2MiB    0.1%   197KiB
       SMTprep            200    203ms    0.2%  1.01ms   20.8MiB    0.1%   107KiB
       PicoSAT_solve      174   7.30ms    0.0%  42.0μs   5.44KiB    0.0%    32.0B
       atom_recovery      100   5.13ms    0.0%  51.3μs   1.06MiB    0.0%  10.9KiB
         atom_compu...    100   3.86ms    0.0%  38.6μs   0.99MiB    0.0%  10.2KiB
         bound_comp...    100   1.04ms    0.0%  10.4μs   56.2KiB    0.0%     576B
       feasibility_...    100    549μs    0.0%  5.49μs   57.4KiB    0.0%     588B
       feasibility_...     48    154μs    0.0%  3.21μs   52.0KiB    0.0%  1.08KiB
     approx_resolution    338    303ms    0.4%   898μs   59.9MiB    0.3%   181KiB
     atom_recovery        338   55.4ms    0.1%   164μs   4.46MiB    0.0%  13.5KiB
       atom_computa...    338   44.1ms    0.1%   131μs   4.18MiB    0.0%  12.7KiB
       bound_comput...    338   10.7ms    0.0%  31.8μs    236KiB    0.0%     715B
     PicoSAT_solve        343   10.1ms    0.0%  29.4μs   10.7KiB    0.0%    32.0B
     bound_atoms          338   7.72ms    0.0%  22.8μs   3.84MiB    0.0%  11.6KiB
     check_infeasib...    676   1.72ms    0.0%  2.54μs   1.52MiB    0.0%  2.31KiB
   olnnv_query_proc...      4    3.97s    4.8%   992ms    223MiB    1.3%  55.8MiB
     nnv                    5     202s  242.4%   40.4s   6.89GiB   41.0%  1.38GiB
       star_filter          5     164s  197.4%   32.9s   6.68GiB   39.8%  1.34GiB
         z3_check       72.0k     160s  192.1%  2.22ms   6.35GiB   37.8%  92.5KiB
     status_backup          1    6.79s    8.2%   6.79s    407MiB    2.4%   407MiB
   boolean_skeleton         1    2.04s    2.5%   2.04s    160MiB    0.9%   160MiB
   olnnv_query_gen          5    925ms    1.1%   185ms   79.6MiB    0.5%  15.9MiB
   legacy_approx            5    108ms    0.1%  21.5ms   8.01MiB    0.0%  1.60MiB
   smt_filter_creation      5   6.33μs    0.0%  1.27μs      160B    0.0%    32.0B
 ────────────────────────────────────────────────────────────────────────────────[QUERY] Found all non-linear combinations. Count: 1
[QUERY] Found all non-linear combinations. Count: 1
[QUERY] Found all non-linear combinations. Count: 1
[QUERY] Found all non-linear combinations. Count: 1
[QUERY] Found all non-linear combinations. Count: 1
[QUERY] Found all non-linear combinations. Count: 1
[QUERY] Found all non-linear combinations. Count: 1
[QUERY] Found all non-linear combinations. Count: 1
[QUERY] Found all non-linear combinations. Count: 1
[QUERY] Found all non-linear combinations. Count: 2
[QUERY] Found all non-linear combinations. Count: 1
[QUERY] Returning nonlinear disjunction
[CTRL] Considering conjunction with 3 input constraints and a disjunction of size 11
[APPROX] Checking cache: SNNT.Approx.ApproxCacheObject[]
[APPROX] Constructing Approximation
[APPROX] Resolving approximation
[CTRL] Initiating iterator over current linear queries
[APPROX] # Conjunctions over output: 11
[CTRL] Processing linear query no. 7
[NNENUM] Running nnenum now...
[NNENUM] lb: [0.07999999999999999, -2.1, -1.0]
[NNENUM] ub: [16.376852110707294, 0.0, -0.6724629577858541]
[NNENUM] Creating LP Star...
[NNENUM] Checking feasibility
[NNENUM] Generating output Spec...
[NNENUM] Spec list length:  11
[NNENUM] Enumeration in progress... 
(0.1 sec) Q: 0, Sets: 0/1  (0.0%) CEs: 0 ETA: - (expected 1 stars)   
(0.2 sec) Q: 0, Sets: 4/16  (0.83%) CEs: 0 ETA: 18.0 sec (expected 482 stars)   
(0.3 sec) Q: 0, Sets: 18/26  (3.32%) CEs: 0 ETA: 7.3 sec (expected 542 stars)   
(0.4 sec) Q: 0, Sets: 33/38  (8.594%) CEs: 0 ETA: 3.7 sec (expected 384 stars)   
(0.5 sec) Q: 0, Sets: 49/58  (11.426%) CEs: 0 ETA: 3.5 sec (expected 429 stars)   
(0.6 sec) Q: 0, Sets: 69/72  (43.75%) CEs: 0 ETA: 0.7 sec (expected 158 stars)   
(0.7 sec) Q: 0, Sets: 83/91  (62.939%) CEs: 0 ETA: 0.4 sec (expected 132 stars)   
(0.8 sec) Q: 0, Sets: 98/100  (75.0%) CEs: 0 ETA: 0.3 sec (expected 131 stars)   
(0.9 sec) Q: 0, Sets: 118/123  (88.086%) CEs: 0 ETA: 0.1 sec (expected 134 stars)   
Total Stars: 136 (7 exact, 129 approx)
Unfinished Stars: 0
Runtime: 0.9 sec
Completed work frac: 1.0
Num Stars Copied Between Processes: 0
Num Lps During Enumeration: 126
Total Num Lps: 126

Result: network is SAFE

[NNENUM] Result: 
<nnenum.result.Result object at 0x7f94910d3f10>
[NNENUM] Enumeration finished.
safe
[NNENUM] Found counter-example stars: 0
[NNENUM] Filtering result using SMT solver...
[SMT] SMT filtered out 0 stars (out of 0; TO: 0).
.[QUERY] Found all non-linear combinations. Count: 1
..[QUERY] Found all non-linear combinations. Count: 1
.[QUERY] Found all non-linear combinations. Count: 1
[QUERY] Found all non-linear combinations. Count: 1
.[QUERY] Found all non-linear combinations. Count: 1
[QUERY] Found all non-linear combinations. Count: 1
[QUERY] Found all non-linear combinations. Count: 2
[QUERY] Found all non-linear combinations. Count: 2
[QUERY] Found all non-linear combinations. Count: 2
[QUERY] Found all non-linear combinations. Count: 2
[QUERY] Found all non-linear combinations. Count: 2
[QUERY] Found all non-linear combinations. Count: 2
[QUERY] Found all non-linear combinations. Count: 3
[QUERY] Found all non-linear combinations. Count: 1
[QUERY] Found all non-linear combinations. Count: 1
.[QUERY] Found all non-linear combinations. Count: 1
.[QUERY] Found all non-linear combinations. Count: 1
.[QUERY] Found all non-linear combinations. Count: 1
.[QUERY] Found all non-linear combinations. Count: 1
[QUERY] Found all non-linear combinations. Count: 1
[QUERY] Found all non-linear combinations. Count: 1
[QUERY] Returning nonlinear disjunction
[CTRL] Considering conjunction with 3 input constraints and a disjunction of size 21
[APPROX] Checking cache: SNNT.Approx.ApproxCacheObject[]
[APPROX] Constructing Approximation
[APPROX] Resolving approximation
[CTRL] Initiating iterator over current linear queries
[APPROX] # Conjunctions over output: 21
[CTRL] Processing linear query no. 8
[NNENUM] Running nnenum now...
[NNENUM] lb: [0.07999999999999999, -63.40647284695557, -1.0]
[NNENUM] ub: [16.376852110707294, -17.837453728392095, -0.6724629577858541]
[NNENUM] Creating LP Star...
[NNENUM] Checking feasibility
[NNENUM] Generating output Spec...
[NNENUM] Spec list length:  21
[NNENUM] Enumeration in progress... 

[NNENUM] Result: 
<nnenum.result.Result object at 0x7f9491da7c10>
[NNENUM] Enumeration finished.
safe
[NNENUM] Filtering result using SMT solver...
[SMT] SMT filtered out 0 stars (out of 0; TO: 0).
[QUERY] Found all non-linear combinations. Count: 1
.[QUERY] Found all non-linear combinations. Count: 1
.[QUERY] Found all non-linear combinations. Count: 1
[QUERY] Found all non-linear combinations. Count: 2
[QUERY] Found all non-linear combinations. Count: 2
[QUERY] Found all non-linear combinations. Count: 2
[QUERY] Found all non-linear combinations. Count: 2
[QUERY] Found all non-linear combinations. Count: 2
[QUERY] Found all non-linear combinations. Count: 2
[QUERY] Found all non-linear combinations. Count: 1
[QUERY] Found all non-linear combinations. Count: 3
[QUERY] Returning nonlinear disjunction
[CTRL] Considering conjunction with 3 input constraints and a disjunction of size 11
[APPROX] Checking cache: SNNT.Approx.ApproxCacheObject[]
[APPROX] Constructing Approximation
[APPROX] Resolving approximation
[CTRL] Initiating iterator over current linear queries
[APPROX] # Conjunctions over output: 11
[CTRL] Processing linear query no. 9
[NNENUM] Running nnenum now...
[NNENUM] lb: [16.376852110707294, -63.40647284695557, -1.0]
[NNENUM] ub: [31.703236423477783, -17.837453728392095, -0.6724629577858541]
[NNENUM] Creating LP Star...
[NNENUM] Checking feasibility
[NNENUM] Generating output Spec...
[NNENUM] Spec list length:  11
[NNENUM] Enumeration in progress... 
(0.0 sec) Q: 0, Sets: 0/1  (0.0%) CEs: 0 ETA: - (expected 1 stars)   
(0.2 sec) Q: 0, Sets: 0/3  (0.0%) CEs: 0 ETA: - (expected 1 stars)   

Total Stars: 11 (1 exact, 10 approx)
Unfinished Stars: 0
Runtime: 0.2 sec
Completed work frac: 1.0
Num Stars Copied Between Processes: 0
Num Lps During Enumeration: 63
Total Num Lps: 63

Result: network is UNSAFE with confirmed counterexample in result.cinput and result.coutput
Input: [31.703235626220703, -37.08767318725586, -1.0]
Output: [100.0009765625]

[NNENUM] Result: 
<nnenum.result.Result object at 0x7f948ef441f0>
[NNENUM] Enumeration finished.
unsafe
[NNENUM] Found counter-example stars: 0
[NNENUM] Filtering result using SMT solver...
[SMT] SMT filtered out 0 stars (out of 0; TO: 0).
[QUERY] Found all non-linear combinations. Count: 1
[QUERY] Found all non-linear combinations. Count: 1
[QUERY] Found all non-linear combinations. Count: 1
[QUERY] Found all non-linear combinations. Count: 1
[QUERY] Found all non-linear combinations. Count: 1
[QUERY] Found all non-linear combinations. Count: 1
[QUERY] Found all non-linear combinations. Count: 1
[QUERY] Found all non-linear combinations. Count: 1
[QUERY] Found all non-linear combinations. Count: 1
[QUERY] Found all non-linear combinations. Count: 1
[QUERY] Found all non-linear combinations. Count: 1
[QUERY] Returning nonlinear disjunction
[CTRL] Considering conjunction with 3 input constraints and a disjunction of size 11
[APPROX] Checking cache: SNNT.Approx.ApproxCacheObject[]
[APPROX] Constructing Approximation
[APPROX] Resolving approximation
[CTRL] Initiating iterator over current linear queries
[APPROX] # Conjunctions over output: 11
[CTRL] Processing linear query no. 10
[NNENUM] Running nnenum now...
[NNENUM] lb: [16.376852110707294, -134.49259155717084, -1.0]
[NNENUM] ub: [31.703236423477783, -73.18705430608887, -0.6724629577858541]
[NNENUM] Creating LP Star...
[NNENUM] Checking feasibility
[NNENUM] Generating output Spec...
[NNENUM] Spec list length:  11
[NNENUM] Enumeration in progress... 

[NNENUM] Result: 
<nnenum.result.Result object at 0x7f948ef44550>
[NNENUM] Enumeration finished.
safe
[NNENUM] Filtering result using SMT solver...
[SMT] SMT filtered out 0 stars (out of 0; TO: 0).
[QUERY] Found all non-linear combinations. Count: 1
[QUERY] Found all non-linear combinations. Count: 1
.[QUERY] Found all non-linear combinations. Count: 1
[QUERY] Found all non-linear combinations. Count: 1
[QUERY] Found all non-linear combinations. Count: 2
[QUERY] Found all non-linear combinations. Count: 3
[QUERY] Found all non-linear combinations. Count: 2
[QUERY] Found all non-linear combinations. Count: 2
[QUERY] Found all non-linear combinations. Count: 2
[QUERY] Found all non-linear combinations. Count: 2
[QUERY] Found all non-linear combinations. Count: 2
[QUERY] Found all non-linear combinations. Count: 1
[QUERY] Found all non-linear combinations. Count: 1
[QUERY] Returning nonlinear disjunction
[CTRL] Considering conjunction with 3 input constraints and a disjunction of size 13
[APPROX] Checking cache: SNNT.Approx.ApproxCacheObject[]
[APPROX] Constructing Approximation
[APPROX] Resolving approximation
[CTRL] Initiating iterator over current linear queries
[APPROX] # Conjunctions over output: 13
[CTRL] Processing linear query no. 11
[NNENUM] Running nnenum now...
[NNENUM] lb: [31.703236423477783, -134.49259155717084, -1.0]
[NNENUM] ub: [100.0, -73.18705430608887, -0.6724629577858541]
[NNENUM] Creating LP Star...
[NNENUM] Checking feasibility
[NNENUM] Generating output Spec...
[NNENUM] Spec list length:  13
[NNENUM] Enumeration in progress... 

[NNENUM] Result: 
<nnenum.result.Result object at 0x7f948ef44160>
[NNENUM] Enumeration finished.
safe
[NNENUM] Filtering result using SMT solver...
[SMT] SMT filtered out 0 stars (out of 0; TO: 0).
[QUERY] Found all non-linear combinations. Count: 1
[QUERY] Found all non-linear combinations. Count: 1
[QUERY] Found all non-linear combinations. Count: 1
[QUERY] Found all non-linear combinations. Count: 1
.[QUERY] Found all non-linear combinations. Count: 1
[QUERY] Found all non-linear combinations. Count: 2
[QUERY] Found all non-linear combinations. Count: 1
[QUERY] Found all non-linear combinations. Count: 1
[QUERY] Found all non-linear combinations. Count: 1
[QUERY] Found all non-linear combinations. Count: 1
[QUERY] Found all non-linear combinations. Count: 1
[QUERY] Returning nonlinear disjunction
[CTRL] Considering conjunction with 4 input constraints and a disjunction of size 11
[APPROX] Checking cache: SNNT.Approx.ApproxCacheObject[]
[APPROX] Constructing Approximation
[APPROX] Resolving approximation
[CTRL] Initiating iterator over current linear queries
[APPROX] # Conjunctions over output: 11
[CTRL] Processing linear query no. 12
[NNENUM] Running nnenum now...
[NNENUM] lb: [0.07999999999999999, 0.0, -1.0]
[NNENUM] ub: [16.376852110707294, 0.0, -0.6724629577858541]
[NNENUM] Creating LP Star...
[NNENUM] Checking feasibility
[NNENUM] Generating output Spec...
[NNENUM] Spec list length:  11
[NNENUM] Enumeration in progress... 
(0.2 sec) Q: 0, Sets: 0/1  (0.0%) CEs: 0 ETA: - (expected 1 stars)   

Total Stars: 4 (0 exact, 4 approx)
Unfinished Stars: 0
Runtime: 0.2 sec
Completed work frac: 1.0
Num Stars Copied Between Processes: 0
Num Lps During Enumeration: 0
Total Num Lps: 0

Result: network is SAFE

[NNENUM] Result: 
<nnenum.result.Result object at 0x7f94952eb310>
[NNENUM] Enumeration finished.
safe
[NNENUM] Found counter-example stars: 0
[NNENUM] Filtering result using SMT solver...
[SMT] SMT filtered out 0 stars (out of 0; TO: 0).
.[QUERY] Found all non-linear combinations. Count: 1
.[QUERY] Found all non-linear combinations. Count: 1
[QUERY] Found all non-linear combinations. Count: 1
[QUERY] Found all non-linear combinations. Count: 1
[QUERY] Found all non-linear combinations. Count: 1
.[QUERY] Found all non-linear combinations. Count: 1
.[QUERY] Found all non-linear combinations. Count: 1
.[QUERY] Found all non-linear combinations. Count: 1
.[QUERY] Found all non-linear combinations. Count: 1
.[QUERY] Found all non-linear combinations. Count: 1
[QUERY] Found all non-linear combinations. Count: 1
[QUERY] Found all non-linear combinations. Count: 1
[QUERY] Found all non-linear combinations. Count: 1
[QUERY] Found all non-linear combinations. Count: 1
[QUERY] Returning nonlinear disjunction
[CTRL] Considering conjunction with 4 input constraints and a disjunction of size 14
[APPROX] Checking cache: SNNT.Approx.ApproxCacheObject[]
[APPROX] Constructing Approximation
[APPROX] Resolving approximation
[CTRL] Initiating iterator over current linear queries
[APPROX] # Conjunctions over output: 14
[CTRL] Processing linear query no. 13
[NNENUM] Running nnenum now...
[NNENUM] lb: [31.703236423477783, -200.0, -1.0]
[NNENUM] ub: [100.0, -134.49259155717084, -0.6724629577858541]
[NNENUM] Creating LP Star...
[NNENUM] Checking feasibility
[NNENUM] Generating output Spec...
[NNENUM] Spec list length:  14
[NNENUM] Enumeration in progress... 

[NNENUM] Result: 
<nnenum.result.Result object at 0x7f9491da7e20>
[NNENUM] Enumeration finished.
safe
[NNENUM] Filtering result using SMT solver...
[SMT] SMT filtered out 0 stars (out of 0; TO: 0).
[QUERY] Found all non-linear combinations. Count: 1
[QUERY] Found all non-linear combinations. Count: 1
[QUERY] Found all non-linear combinations. Count: 1
[QUERY] Found all non-linear combinations. Count: 1
[QUERY] Found all non-linear combinations. Count: 1
[QUERY] Found all non-linear combinations. Count: 1
[QUERY] Found all non-linear combinations. Count: 1
[QUERY] Found all non-linear combinations. Count: 1
[QUERY] Found all non-linear combinations. Count: 2
[QUERY] Found all non-linear combinations. Count: 1
[QUERY] Found all non-linear combinations. Count: 1
[QUERY] Returning nonlinear disjunction
[CTRL] Considering conjunction with 4 input constraints and a disjunction of size 11
[APPROX] Checking cache: SNNT.Approx.ApproxCacheObject[]
[APPROX] Constructing Approximation
[APPROX] Resolving approximation
[CTRL] Initiating iterator over current linear queries
[APPROX] # Conjunctions over output: 11
[CTRL] Processing linear query no. 14
[NNENUM] Running nnenum now...
[NNENUM] lb: [0.07999999999999999, 0.0, -1.0]
[NNENUM] ub: [16.376852110707294, 0.0, -0.6724629577858541]
[NNENUM] Creating LP Star...
[NNENUM] Checking feasibility
[NNENUM] Generating output Spec...
[NNENUM] Spec list length:  11
[NNENUM] Enumeration in progress... 
(0.0 sec) Q: 0, Sets: 0/1  (0.0%) CEs: 0 ETA: - (expected 1 stars)   
(0.1 sec) Q: 0, Sets: 1/3  (50.0%) CEs: 0 ETA: 0.1 sec (expected 2 stars)   

Total Stars: 4 (0 exact, 4 approx)
Unfinished Stars: 0
Runtime: 0.2 sec
Completed work frac: 1.0
Num Stars Copied Between Processes: 0
Num Lps During Enumeration: 0
Total Num Lps: 0

Result: network is SAFE

[NNENUM] Result: 
<nnenum.result.Result object at 0x7f9494caba30>
[NNENUM] Enumeration finished.
safe
[NNENUM] Found counter-example stars: 0
[NNENUM] Filtering result using SMT solver...
[SMT] SMT filtered out 0 stars (out of 0; TO: 0).
..[QUERY] Found all non-linear combinations. Count: 1
[QUERY] Found all non-linear combinations. Count: 2
[QUERY] Found all non-linear combinations. Count: 1
.[QUERY] Found all non-linear combinations. Count: 1
.[QUERY] Found all non-linear combinations. Count: 1
.[QUERY] Found all non-linear combinations. Count: 1
[QUERY] Found all non-linear combinations. Count: 1
[QUERY] Found all non-linear combinations. Count: 1
[QUERY] Found all non-linear combinations. Count: 1
[QUERY] Found all non-linear combinations. Count: 1
[QUERY] Found all non-linear combinations. Count: 1
[QUERY] Returning nonlinear disjunction
[CTRL] Considering conjunction with 4 input constraints and a disjunction of size 11
[APPROX] Checking cache: SNNT.Approx.ApproxCacheObject[]
[APPROX] Constructing Approximation
[APPROX] Resolving approximation
[CTRL] Initiating iterator over current linear queries
[APPROX] # Conjunctions over output: 11
[CTRL] Processing linear query no. 15
[NNENUM] Running nnenum now...
[NNENUM] lb: [0.07999999999999999, 0.0, -1.0]
[NNENUM] ub: [16.376852110707294, 0.09999999999999999, -0.6724629577858541]
[NNENUM] Creating LP Star...
[NNENUM] Checking feasibility
[NNENUM] Generating output Spec...
[NNENUM] Spec list length:  11
[NNENUM] Enumeration in progress... 
(0.0 sec) Q: 0, Sets: 0/1  (0.0%) CEs: 0 ETA: - (expected 1 stars)   

Total Stars: 5 (0 exact, 5 approx)
Unfinished Stars: 0
Runtime: 0.1 sec
Completed work frac: 1.0
Num Stars Copied Between Processes: 0
Num Lps During Enumeration: 0
Total Num Lps: 0

Result: network is SAFE

[NNENUM] Result: 
<nnenum.result.Result object at 0x7f949abb94f0>
[NNENUM] Enumeration finished.
safe
[NNENUM] Found counter-example stars: 0
[NNENUM] Filtering result using SMT solver...
[SMT] SMT filtered out 0 stars (out of 0; TO: 0).
.[QUERY] Found all non-linear combinations. Count: 1
[QUERY] Found all non-linear combinations. Count: 1
[QUERY] Returning nonlinear disjunction
[CTRL] Considering conjunction with 4 input constraints and a disjunction of size 2
[APPROX] Checking cache: SNNT.Approx.ApproxCacheObject[]
[APPROX] Constructing Approximation
[APPROX] Resolving approximation
[CTRL] Initiating iterator over current linear queries
[APPROX] # Conjunctions over output: 2
[CTRL] Processing linear query no. 16
[NNENUM] Running nnenum now...
[NNENUM] lb: [16.376852110707294, -2.1, -1.0]
[NNENUM] ub: [31.703236423477783, 0.0, -0.6724629577858541]
[NNENUM] Creating LP Star...
[NNENUM] Checking feasibility
[NNENUM] Generating output Spec...
[NNENUM] Spec list length:  2
[NNENUM] Enumeration in progress... 

[NNENUM] Result: 
<nnenum.result.Result object at 0x7f9491da7b80>
[NNENUM] Enumeration finished.
safe
[NNENUM] Filtering result using SMT solver...
[SMT] SMT filtered out 0 stars (out of 0; TO: 0).
[QUERY] Found all non-linear combinations. Count: 1
[QUERY] Found all non-linear combinations. Count: 1
[QUERY] Returning nonlinear disjunction
[CTRL] Considering conjunction with 4 input constraints and a disjunction of size 2
[APPROX] Checking cache: SNNT.Approx.ApproxCacheObject[]
[APPROX] Constructing Approximation
[APPROX] Resolving approximation
[CTRL] Initiating iterator over current linear queries
[APPROX] # Conjunctions over output: 2
[CTRL] Processing linear query no. 17
[NNENUM] Running nnenum now...
[NNENUM] lb: [16.376852110707294, -17.837453728392095, -1.0]
[NNENUM] ub: [31.703236423477783, -2.1, -0.6724629577858541]
[NNENUM] Creating LP Star...
[NNENUM] Checking feasibility
[NNENUM] Generating output Spec...
[NNENUM] Spec list length:  2
[NNENUM] Enumeration in progress... 
(0.2 sec) Q: 0, Sets: 0/1  (0.0%) CEs: 0 ETA: - (expected 1 stars)   
(0.3 sec) Q: 0, Sets: 7/10  (21.875%) CEs: 0 ETA: 1.0 sec (expected 32 stars)   

Total Stars: 13 (1 exact, 12 approx)
Unfinished Stars: 0
Runtime: 0.3 sec
Completed work frac: 1.0
Num Stars Copied Between Processes: 0
Num Lps During Enumeration: 87
Total Num Lps: 87

Result: network is SAFE

[NNENUM] Result: 
<nnenum.result.Result object at 0x7f94948e75b0>
[NNENUM] Enumeration finished.
safe
[NNENUM] Found counter-example stars: 0
[NNENUM] Filtering result using SMT solver...
[SMT] SMT filtered out 0 stars (out of 0; TO: 0).
[QUERY] Found all non-linear combinations. Count: 1
[QUERY] Returning nonlinear disjunction
[CTRL] Considering conjunction with 4 input constraints and a disjunction of size 1
[APPROX] Checking cache: SNNT.Approx.ApproxCacheObject[]
[APPROX] Constructing Approximation
[APPROX] Resolving approximation
[CTRL] Initiating iterator over current linear queries
[APPROX] # Conjunctions over output: 1
[CTRL] Processing linear query no. 18
[NNENUM] Running nnenum now...
[NNENUM] lb: [16.376852110707294, -17.837453728392095, -1.0]
[NNENUM] ub: [31.703236423477783, -2.1, -0.6724629577858541]
[NNENUM] Creating LP Star...
[NNENUM] Checking feasibility
[NNENUM] Generating output Spec...
[NNENUM] Spec list length:  1
[NNENUM] Enumeration in progress... 
(0.0 sec) Q: 0, Sets: 0/1  (0.0%) CEs: 0 ETA: - (expected 1 stars)   

Total Stars: 6 (3 exact, 3 approx)
Unfinished Stars: 0
Runtime: 0.1 sec
Completed work frac: 1.0
Num Stars Copied Between Processes: 0
Num Lps During Enumeration: 147
Total Num Lps: 147

Result: network is SAFE

[NNENUM] Result: 
<nnenum.result.Result object at 0x7f948ef44550>
[NNENUM] Enumeration finished.
safe
[NNENUM] Found counter-example stars: 0
[NNENUM] Filtering result using SMT solver...
[SMT] SMT filtered out 0 stars (out of 0; TO: 0).
[QUERY] Found all non-linear combinations. Count: 1
[QUERY] Returning nonlinear disjunction
[CTRL] Considering conjunction with 4 input constraints and a disjunction of size 1
[APPROX] Checking cache: SNNT.Approx.ApproxCacheObject[]
[APPROX] Constructing Approximation
[APPROX] Resolving approximation
[CTRL] Initiating iterator over current linear queries
[APPROX] # Conjunctions over output: 1
[CTRL] Processing linear query no. 19
[NNENUM] Running nnenum now...
[NNENUM] lb: [16.376852110707294, -63.40647284695557, -1.0]
[NNENUM] ub: [31.703236423477783, -17.837453728392095, -0.6724629577858541]
[NNENUM] Creating LP Star...
[NNENUM] Checking feasibility
[NNENUM] Generating output Spec...
[NNENUM] Spec list length:  1
[NNENUM] Enumeration in progress... 

[NNENUM] Result: 
<nnenum.result.Result object at 0x7f948ef44b80>
[NNENUM] Enumeration finished.
safe
[NNENUM] Filtering result using SMT solver...
[SMT] SMT filtered out 0 stars (out of 0; TO: 0).
[QUERY] Found all non-linear combinations. Count: 1
[QUERY] Returning nonlinear disjunction
[CTRL] Considering conjunction with 4 input constraints and a disjunction of size 1
[APPROX] Checking cache: SNNT.Approx.ApproxCacheObject[]
[APPROX] Constructing Approximation
[APPROX] Resolving approximation
[CTRL] Initiating iterator over current linear queries
[APPROX] # Conjunctions over output: 1
[CTRL] Processing linear query no. 20
[NNENUM] Running nnenum now...
[NNENUM] lb: [0.07999999999999999, -17.837453728392095, -1.0]
[NNENUM] ub: [16.376852110707294, -2.1, -0.6724629577858541]
[NNENUM] Creating LP Star...
[NNENUM] Checking feasibility
[NNENUM] Generating output Spec...
[NNENUM] Spec list length:  1
[NNENUM] Enumeration in progress... 
(0.2 sec) Q: 0, Sets: 0/1  (0.0%) CEs: 0 ETA: - (expected 1 stars)   
(0.3 sec) Q: 0, Sets: 14/20  (52.93%) CEs: 0 ETA: 0.2 sec (expected 26 stars)   
(0.4 sec) Q: 0, Sets: 24/26  (62.5%) CEs: 0 ETA: 0.2 sec (expected 38 stars)   
(0.5 sec) Q: 0, Sets: 40/44  (91.602%) CEs: 0 ETA: 0.0 sec (expected 44 stars)   

Total Stars: 53 (7 exact, 46 approx)
Unfinished Stars: 0
Runtime: 0.5 sec
Completed work frac: 1.0
Num Stars Copied Between Processes: 0
Num Lps During Enumeration: 331
Total Num Lps: 331

Result: network is SAFE

[NNENUM] Result: 
<nnenum.result.Result object at 0x7f94910d3910>
[NNENUM] Enumeration finished.
safe
[NNENUM] Found counter-example stars: 0
[NNENUM] Filtering result using SMT solver...
[SMT] SMT filtered out 0 stars (out of 0; TO: 0).
[QUERY] Found all non-linear combinations. Count: 1
[QUERY] Found all non-linear combinations. Count: 1
[QUERY] Returning nonlinear disjunction
[CTRL] Considering conjunction with 4 input constraints and a disjunction of size 2
[APPROX] Checking cache: SNNT.Approx.ApproxCacheObject[]
[APPROX] Constructing Approximation
[APPROX] Resolving approximation
[CTRL] Initiating iterator over current linear queries
[APPROX] # Conjunctions over output: 2
[CTRL] Processing linear query no. 21
[NNENUM] Running nnenum now...
[NNENUM] lb: [31.703236423477783, -17.837453728392095, -1.0]
[NNENUM] ub: [100.0, -2.1, -0.6724629577858541]
[NNENUM] Creating LP Star...
[NNENUM] Checking feasibility
[NNENUM] Generating output Spec...
[NNENUM] Spec list length:  2
[NNENUM] Enumeration in progress... 
(0.0 sec) Q: 0, Sets: 0/1  (0.0%) CEs: 0 ETA: - (expected 1 stars)   
(0.1 sec) Q: 0, Sets: 3/6  (34.375%) CEs: 0 ETA: 0.3 sec (expected 9 stars)   

Total Stars: 16 (1 exact, 15 approx)
Unfinished Stars: 0
Runtime: 0.2 sec
Completed work frac: 1.0
Num Stars Copied Between Processes: 0
Num Lps During Enumeration: 39
Total Num Lps: 39

Result: network is SAFE

[NNENUM] Result: 
<nnenum.result.Result object at 0x7f948ef44220>
[NNENUM] Enumeration finished.
safe
[NNENUM] Found counter-example stars: 0
[NNENUM] Filtering result using SMT solver...
[SMT] SMT filtered out 0 stars (out of 0; TO: 0).
[QUERY] Found all non-linear combinations. Count: 1
[QUERY] Found all non-linear combinations. Count: 1
[QUERY] Returning nonlinear disjunction
[CTRL] Considering conjunction with 4 input constraints and a disjunction of size 2
[APPROX] Checking cache: SNNT.Approx.ApproxCacheObject[]
[APPROX] Constructing Approximation
[APPROX] Resolving approximation
[CTRL] Initiating iterator over current linear queries
[APPROX] # Conjunctions over output: 2
[CTRL] Processing linear query no. 22
[NNENUM] Running nnenum now...
[NNENUM] lb: [16.376852110707294, 0.0, -1.0]
[NNENUM] ub: [31.703236423477783, 0.0, -0.6724629577858541]
[NNENUM] Creating LP Star...
[NNENUM] Checking feasibility
[NNENUM] Generating output Spec...
[NNENUM] Spec list length:  2
[NNENUM] Enumeration in progress... 

[NNENUM] Result: 
<nnenum.result.Result object at 0x7f949b19d550>
[NNENUM] Enumeration finished.
safe
[NNENUM] Filtering result using SMT solver...
[SMT] SMT filtered out 0 stars (out of 0; TO: 0).
[QUERY] Found all non-linear combinations. Count: 1
[QUERY] Returning nonlinear disjunction
[CTRL] Considering conjunction with 4 input constraints and a disjunction of size 1
[APPROX] Checking cache: SNNT.Approx.ApproxCacheObject[]
[APPROX] Constructing Approximation
[APPROX] Resolving approximation
[CTRL] Initiating iterator over current linear queries
[APPROX] # Conjunctions over output: 1
[CTRL] Processing linear query no. 23
[NNENUM] Running nnenum now...
[NNENUM] lb: [31.703236423477783, 0.0, -1.0]
[NNENUM] ub: [100.0, 0.0, -0.6724629577858541]
[NNENUM] Creating LP Star...
[NNENUM] Checking feasibility
[NNENUM] Generating output Spec...
[NNENUM] Spec list length:  1
[NNENUM] Enumeration in progress... 

[NNENUM] Result: 
<nnenum.result.Result object at 0x7f94952954c0>
[NNENUM] Enumeration finished.
safe
[NNENUM] Filtering result using SMT solver...
[SMT] SMT filtered out 0 stars (out of 0; TO: 0).
[QUERY] Found all non-linear combinations. Count: 1
[QUERY] Returning nonlinear disjunction
[CTRL] Considering conjunction with 4 input constraints and a disjunction of size 1
[APPROX] Checking cache: SNNT.Approx.ApproxCacheObject[]
[APPROX] Constructing Approximation
[APPROX] Resolving approximation
[CTRL] Initiating iterator over current linear queries
[APPROX] # Conjunctions over output: 1
[CTRL] Processing linear query no. 24
[NNENUM] Running nnenum now...
[NNENUM] lb: [31.703236423477783, 0.0, -1.0]
[NNENUM] ub: [100.0, 0.0, -0.6724629577858541]
[NNENUM] Creating LP Star...
[NNENUM] Checking feasibility
[NNENUM] Generating output Spec...
[NNENUM] Spec list length:  1
[NNENUM] Enumeration in progress... 

[NNENUM] Result: 
<nnenum.result.Result object at 0x7f948ef446d0>
[NNENUM] Enumeration finished.
safe
[NNENUM] Filtering result using SMT solver...
[SMT] SMT filtered out 0 stars (out of 0; TO: 0).
.[QUERY] Found all non-linear combinations. Count: 1
[QUERY] Found all non-linear combinations. Count: 1
[QUERY] Returning nonlinear disjunction
[CTRL] Considering conjunction with 4 input constraints and a disjunction of size 2
[APPROX] Checking cache: SNNT.Approx.ApproxCacheObject[]
[APPROX] Constructing Approximation
[APPROX] Resolving approximation
[CTRL] Initiating iterator over current linear queries
[APPROX] # Conjunctions over output: 2
[CTRL] Processing linear query no. 25
[NNENUM] Running nnenum now...
[NNENUM] lb: [31.703236423477783, -134.49259155717084, -1.0]
[NNENUM] ub: [100.0, -73.18705430608887, -0.6724629577858541]
[NNENUM] Creating LP Star...
[NNENUM] Checking feasibility
[NNENUM] Generating output Spec...
[NNENUM] Spec list length:  2
[NNENUM] Enumeration in progress... 

[NNENUM] Result: 
<nnenum.result.Result object at 0x7f948ef44040>
[NNENUM] Enumeration finished.
safe
[NNENUM] Filtering result using SMT solver...
[SMT] SMT filtered out 0 stars (out of 0; TO: 0).
.[QUERY] Found all non-linear combinations. Count: 1
[QUERY] Found all non-linear combinations. Count: 1
[QUERY] Returning nonlinear disjunction
[CTRL] Considering conjunction with 4 input constraints and a disjunction of size 2
[APPROX] Checking cache: SNNT.Approx.ApproxCacheObject[]
[APPROX] Constructing Approximation
[APPROX] Resolving approximation
[CTRL] Initiating iterator over current linear queries
[APPROX] # Conjunctions over output: 2
[CTRL] Processing linear query no. 26
[NNENUM] Running nnenum now...
[NNENUM] lb: [31.703236423477783, -63.40647284695557, -1.0]
[NNENUM] ub: [100.0, -17.837453728392095, -0.6724629577858541]
[NNENUM] Creating LP Star...
[NNENUM] Checking feasibility
[NNENUM] Generating output Spec...
[NNENUM] Spec list length:  2
[NNENUM] Enumeration in progress... 
(0.0 sec) Q: 0, Sets: 0/1  (0.0%) CEs: 0 ETA: - (expected 1 stars)   
(0.1 sec) Q: 0, Sets: 8/12  (12.5%) CEs: 0 ETA: 1.0 sec (expected 64 stars)   
(0.2 sec) Q: 0, Sets: 13/16  (24.219%) CEs: 0 ETA: 0.8 sec (expected 54 stars)   
Total Stars: 26 (2 exact, 24 approx)
Unfinished Stars: 0
Runtime: 0.3 sec
Completed work frac: 1.0
Num Stars Copied Between Processes: 0
Num Lps During Enumeration: 166
Total Num Lps: 166

Result: network is SAFE

[NNENUM] Result: 
<nnenum.result.Result object at 0x7f948ef44790>
[NNENUM] Enumeration finished.
safe
[NNENUM] Found counter-example stars: 0
[NNENUM] Filtering result using SMT solver...
[SMT] SMT filtered out 0 stars (out of 0; TO: 0).
[QUERY] Found all non-linear combinations. Count: 2
[QUERY] Found all non-linear combinations. Count: 1
[QUERY] Returning nonlinear disjunction
[CTRL] Considering conjunction with 4 input constraints and a disjunction of size 2
[APPROX] Checking cache: SNNT.Approx.ApproxCacheObject[]
[APPROX] Constructing Approximation
[APPROX] Resolving approximation
[CTRL] Initiating iterator over current linear queries
[APPROX] # Conjunctions over output: 2
[CTRL] Processing linear query no. 27
[NNENUM] Running nnenum now...
[NNENUM] lb: [31.703236423477783, -63.40647284695557, -1.0]
[NNENUM] ub: [100.0, -17.837453728392095, -0.6724629577858541]
[NNENUM] Creating LP Star...
[NNENUM] Checking feasibility
[NNENUM] Generating output Spec...
[NNENUM] Spec list length:  2
[NNENUM] Enumeration in progress... 
(0.0 sec) Q: 0, Sets: 0/1  (0.0%) CEs: 0 ETA: - (expected 1 stars)   
(0.2 sec) Q: 0, Sets: 1/4  (12.5%) CEs: 0 ETA: 1.1 sec (expected 8 stars)   

Total Stars: 7 (2 exact, 5 approx)
Unfinished Stars: 0
Runtime: 0.2 sec
Completed work frac: 1.0
Num Stars Copied Between Processes: 0
Num Lps During Enumeration: 52
Total Num Lps: 52

Result: network is SAFE

[NNENUM] Result: 
<nnenum.result.Result object at 0x7f9491da75b0>
[NNENUM] Enumeration finished.
safe
[NNENUM] Found counter-example stars: 0
[NNENUM] Filtering result using SMT solver...
[SMT] SMT filtered out 0 stars (out of 0; TO: 0).
[QUERY] Found all non-linear combinations. Count: 1
[QUERY] Returning nonlinear disjunction
[CTRL] Considering conjunction with 4 input constraints and a disjunction of size 1
[APPROX] Checking cache: SNNT.Approx.ApproxCacheObject[]
[APPROX] Constructing Approximation
[APPROX] Resolving approximation
[CTRL] Initiating iterator over current linear queries
[APPROX] # Conjunctions over output: 1
[CTRL] Processing linear query no. 28
[NNENUM] Running nnenum now...
[NNENUM] lb: [31.703236423477783, -2.1, -1.0]
[NNENUM] ub: [100.0, 0.0, -0.6724629577858541]
[NNENUM] Creating LP Star...
[NNENUM] Checking feasibility
[NNENUM] Generating output Spec...
[NNENUM] Spec list length:  1
[NNENUM] Enumeration in progress... 

[NNENUM] Result: 
<nnenum.result.Result object at 0x7f9491da7370>
[NNENUM] Enumeration finished.
safe
[NNENUM] Filtering result using SMT solver...
[SMT] SMT filtered out 0 stars (out of 0; TO: 0).
[QUERY] Found all non-linear combinations. Count: 1
[QUERY] Found all non-linear combinations. Count: 1
[QUERY] Found all non-linear combinations. Count: 1
[QUERY] Found all non-linear combinations. Count: 1
[QUERY] Found all non-linear combinations. Count: 1
[QUERY] Found all non-linear combinations. Count: 1
[QUERY] Returning nonlinear disjunction
[CTRL] Considering conjunction with 4 input constraints and a disjunction of size 6
[APPROX] Checking cache: SNNT.Approx.ApproxCacheObject[]
[APPROX] Constructing Approximation
[APPROX] Resolving approximation
[CTRL] Initiating iterator over current linear queries
[APPROX] # Conjunctions over output: 6
[CTRL] Processing linear query no. 29
[NNENUM] Running nnenum now...
[NNENUM] lb: [0.07999999999999999, 0.0, -1.0]
[NNENUM] ub: [16.376852110707294, 0.09999999999999999, -0.6724629577858541]
[NNENUM] Creating LP Star...
[NNENUM] Checking feasibility
[NNENUM] Generating output Spec...
[NNENUM] Spec list length:  6
[NNENUM] Enumeration in progress... 

[NNENUM] Result: 
<nnenum.result.Result object at 0x7f948ef44b50>
[NNENUM] Enumeration finished.
safe
[NNENUM] Filtering result using SMT solver...
[SMT] SMT filtered out 0 stars (out of 0; TO: 0).
..[QUERY] Found all non-linear combinations. Count: 1
[QUERY] Found all non-linear combinations. Count: 1
.[QUERY] Found all non-linear combinations. Count: 2
[QUERY] Found all non-linear combinations. Count: 1
[QUERY] Found all non-linear combinations. Count: 1
.[QUERY] Found all non-linear combinations. Count: 1
[QUERY] Found all non-linear combinations. Count: 1
[QUERY] Found all non-linear combinations. Count: 1
.[QUERY] Found all non-linear combinations. Count: 1
[QUERY] Found all non-linear combinations. Count: 1
[QUERY] Found all non-linear combinations. Count: 1
[QUERY] Returning nonlinear disjunction
[CTRL] Considering conjunction with 4 input constraints and a disjunction of size 11
[APPROX] Checking cache: SNNT.Approx.ApproxCacheObject[]
[APPROX] Constructing Approximation
[APPROX] Resolving approximation
[CTRL] Initiating iterator over current linear queries
[APPROX] # Conjunctions over output: 11
[CTRL] Processing linear query no. 30
[NNENUM] Running nnenum now...
[NNENUM] lb: [0.07999999999999999, 0.09999999999999999, -1.0]
[NNENUM] ub: [16.376852110707294, 7.4262139003490955, -0.6724629577858541]
[NNENUM] Creating LP Star...
[NNENUM] Checking feasibility
[NNENUM] Generating output Spec...
[NNENUM] Spec list length:  11
[NNENUM] Enumeration in progress... 
(0.2 sec) Q: 0, Sets: 0/1  (0.0%) CEs: 0 ETA: - (expected 1 stars)   
(0.3 sec) Q: 0, Sets: 5/15  (0.61%) CEs: 0 ETA: 41.2 sec (expected 819 stars)   
(0.4 sec) Q: 0, Sets: 26/29  (37.5%) CEs: 0 ETA: 0.6 sec (expected 69 stars)   
(0.5 sec) Q: 0, Sets: 43/47  (56.25%) CEs: 0 ETA: 0.4 sec (expected 76 stars)   
(0.6 sec) Q: 0, Sets: 59/64  (68.75%) CEs: 0 ETA: 0.3 sec (expected 86 stars)   
Total Stars: 84 (7 exact, 77 approx)
Unfinished Stars: 0
Runtime: 0.7 sec
Completed work frac: 1.0
Num Stars Copied Between Processes: 0
Num Lps During Enumeration: 235
Total Num Lps: 235

Result: network is SAFE

[NNENUM] Result: 
<nnenum.result.Result object at 0x7f94948e7d00>
[NNENUM] Enumeration finished.
safe
[NNENUM] Found counter-example stars: 0
[NNENUM] Filtering result using SMT solver...
[SMT] SMT filtered out 0 stars (out of 0; TO: 0).
[QUERY] Found all non-linear combinations. Count: 1
[QUERY] Found all non-linear combinations. Count: 1
.[QUERY] Found all non-linear combinations. Count: 1
[QUERY] Found all non-linear combinations. Count: 2
[QUERY] Found all non-linear combinations. Count: 2
[QUERY] Found all non-linear combinations. Count: 2
[QUERY] Found all non-linear combinations. Count: 4
.[QUERY] Found all non-linear combinations. Count: 1
[QUERY] Found all non-linear combinations. Count: 1
[QUERY] Found all non-linear combinations. Count: 1
[QUERY] Returning nonlinear disjunction
[CTRL] Considering conjunction with 4 input constraints and a disjunction of size 10
[APPROX] Checking cache: SNNT.Approx.ApproxCacheObject[]
[APPROX] Constructing Approximation
[APPROX] Resolving approximation
[CTRL] Initiating iterator over current linear queries
[APPROX] # Conjunctions over output: 10
[CTRL] Processing linear query no. 31
[NNENUM] Running nnenum now...
[NNENUM] lb: [0.07999999999999999, 0.09999999999999999, -1.0]
[NNENUM] ub: [16.376852110707294, 7.4262139003490955, -0.6724629577858541]
[NNENUM] Creating LP Star...
[NNENUM] Checking feasibility
[NNENUM] Generating output Spec...
[NNENUM] Spec list length:  10
[NNENUM] Enumeration in progress... 
(0.1 sec) Q: 0, Sets: 0/1  (0.0%) CEs: 0 ETA: - (expected 1 stars)   
(0.2 sec) Q: 0, Sets: 11/19  (12.793%) CEs: 0 ETA: 1.1 sec (expected 86 stars)   
(0.3 sec) Q: 0, Sets: 22/27  (14.062%) CEs: 0 ETA: 1.6 sec (expected 156 stars)   
(0.4 sec) Q: 0, Sets: 36/45  (22.852%) CEs: 0 ETA: 1.2 sec (expected 158 stars)   
(0.5 sec) Q: 0, Sets: 55/61  (23.828%) CEs: 0 ETA: 1.5 sec (expected 231 stars)   
Total Stars: 72 (6 exact, 66 approx)
Unfinished Stars: 0
Runtime: 0.5 sec
Completed work frac: 1.0
Num Stars Copied Between Processes: 0
Num Lps During Enumeration: 254
Total Num Lps: 254

Result: network is SAFE

[NNENUM] Result: 
<nnenum.result.Result object at 0x7f94948e7a30>
[NNENUM] Enumeration finished.
safe
[NNENUM] Found counter-example stars: 0
[NNENUM] Filtering result using SMT solver...
[SMT] SMT filtered out 0 stars (out of 0; TO: 0).
.[QUERY] Found all non-linear combinations. Count: 2
[QUERY] Found all non-linear combinations. Count: 2
[QUERY] Found all non-linear combinations. Count: 2
[QUERY] Found all non-linear combinations. Count: 2
[QUERY] Found all non-linear combinations. Count: 2
[QUERY] Found all non-linear combinations. Count: 2
[QUERY] Found all non-linear combinations. Count: 2
[QUERY] Found all non-linear combinations. Count: 2
[QUERY] Found all non-linear combinations. Count: 2
[QUERY] Found all non-linear combinations. Count: 2
[QUERY] Found all non-linear combinations. Count: 2
[QUERY] Found all non-linear combinations. Count: 2
[QUERY] Returning nonlinear disjunction
[CTRL] Considering conjunction with 5 input constraints and a disjunction of size 12
[APPROX] Checking cache: SNNT.Approx.ApproxCacheObject[]
[APPROX] Constructing Approximation
[APPROX] Resolving approximation
[CTRL] Initiating iterator over current linear queries
[APPROX] # Conjunctions over output: 12
[CTRL] Processing linear query no. 32
[NNENUM] Running nnenum now...
[NNENUM] lb: [0.0, 0.09999999999999999, -1.0]
[NNENUM] ub: [0.07999999999999999, 7.4262139003490955, -0.6724629577858541]
[NNENUM] Creating LP Star...
[NNENUM] Checking feasibility
[NNENUM] Generating output Spec...
[NNENUM] Spec list length:  12
[NNENUM] Enumeration in progress... 
(0.0 sec) Q: 0, Sets: 0/1  (0.0%) CEs: 0 ETA: - (expected 1 stars)   

Total Stars: 8 (0 exact, 8 approx)
Unfinished Stars: 0
Runtime: 0.1 sec
Completed work frac: 1.0
Num Stars Copied Between Processes: 0
Num Lps During Enumeration: 0
Total Num Lps: 0

Result: network is SAFE

[NNENUM] Result: 
<nnenum.result.Result object at 0x7f94910d3f70>
[NNENUM] Enumeration finished.
safe
[NNENUM] Found counter-example stars: 0
[NNENUM] Filtering result using SMT solver...
[SMT] SMT filtered out 0 stars (out of 0; TO: 0).
[QUERY] Found all non-linear combinations. Count: 1
[QUERY] Found all non-linear combinations. Count: 1
[QUERY] Returning nonlinear disjunction
[CTRL] Considering conjunction with 4 input constraints and a disjunction of size 2
[APPROX] Checking cache: SNNT.Approx.ApproxCacheObject[]
[APPROX] Constructing Approximation
[APPROX] Resolving approximation
[CTRL] Initiating iterator over current linear queries
[APPROX] # Conjunctions over output: 2
[CTRL] Processing linear query no. 33
[NNENUM] Running nnenum now...
[NNENUM] lb: [16.376852110707294, 0.0, -1.0]
[NNENUM] ub: [31.703236423477783, 0.0, -0.6724629577858541]
[NNENUM] Creating LP Star...
[NNENUM] Checking feasibility
[NNENUM] Generating output Spec...
[NNENUM] Spec list length:  2
[NNENUM] Enumeration in progress... 

[NNENUM] Result: 
<nnenum.result.Result object at 0x7f94948e7310>
[NNENUM] Enumeration finished.
safe
[NNENUM] Filtering result using SMT solver...
[SMT] SMT filtered out 0 stars (out of 0; TO: 0).
.[QUERY] Found all non-linear combinations. Count: 1
[QUERY] Returning nonlinear disjunction
[CTRL] Considering conjunction with 4 input constraints and a disjunction of size 1
[APPROX] Checking cache: SNNT.Approx.ApproxCacheObject[]
[APPROX] Constructing Approximation
[APPROX] Resolving approximation
[CTRL] Initiating iterator over current linear queries
[APPROX] # Conjunctions over output: 1
[CTRL] Processing linear query no. 34
[NNENUM] Running nnenum now...
[NNENUM] lb: [31.703236423477783, 0.0, -1.0]
[NNENUM] ub: [100.0, 0.09999999999999999, -0.6724629577858541]
[NNENUM] Creating LP Star...
[NNENUM] Checking feasibility
[NNENUM] Generating output Spec...
[NNENUM] Spec list length:  1
[NNENUM] Enumeration in progress... 

[NNENUM] Result: 
<nnenum.result.Result object at 0x7f94948e7280>
[NNENUM] Enumeration finished.
safe
[NNENUM] Filtering result using SMT solver...
[SMT] SMT filtered out 0 stars (out of 0; TO: 0).
.[QUERY] Found all non-linear combinations. Count: 1
[QUERY] Found all non-linear combinations. Count: 1
[QUERY] Returning nonlinear disjunction
[CTRL] Considering conjunction with 5 input constraints and a disjunction of size 2
[APPROX] Checking cache: SNNT.Approx.ApproxCacheObject[]
[APPROX] Constructing Approximation
[APPROX] Resolving approximation
[CTRL] Initiating iterator over current linear queries
[APPROX] # Conjunctions over output: 2
[CTRL] Processing linear query no. 35
[NNENUM] Running nnenum now...
[NNENUM] lb: [16.376852110707294, 0.0, -1.0]
[NNENUM] ub: [31.703236423477783, 0.09999999999999999, -0.6724629577858541]
[NNENUM] Creating LP Star...
[NNENUM] Checking feasibility
[NNENUM] Generating output Spec...
[NNENUM] Spec list length:  2
[NNENUM] Enumeration in progress... 

[NNENUM] Result: 
<nnenum.result.Result object at 0x7f94954bdd30>
[NNENUM] Enumeration finished.
safe
[NNENUM] Filtering result using SMT solver...
[SMT] SMT filtered out 0 stars (out of 0; TO: 0).
[QUERY] Found all non-linear combinations. Count: 1
[QUERY] Returning nonlinear disjunction
[CTRL] Considering conjunction with 5 input constraints and a disjunction of size 1
[APPROX] Checking cache: SNNT.Approx.ApproxCacheObject[]
[APPROX] Constructing Approximation
[APPROX] Resolving approximation
[CTRL] Initiating iterator over current linear queries
[APPROX] # Conjunctions over output: 1
[CTRL] Processing linear query no. 36
[NNENUM] Running nnenum now...
[NNENUM] lb: [31.703236423477783, 0.09999999999999999, -1.0]
[NNENUM] ub: [100.0, 7.4262139003490955, -0.6724629577858541]
[NNENUM] Creating LP Star...
[NNENUM] Checking feasibility
[NNENUM] Generating output Spec...
[NNENUM] Spec list length:  1
[NNENUM] Enumeration in progress... 

[NNENUM] Result: 
<nnenum.result.Result object at 0x7f94986fc5e0>
[NNENUM] Enumeration finished.
safe
[NNENUM] Filtering result using SMT solver...
[SMT] SMT filtered out 0 stars (out of 0; TO: 0).
[QUERY] Found all non-linear combinations. Count: 1
[QUERY] Found all non-linear combinations. Count: 1
[QUERY] Returning nonlinear disjunction
[CTRL] Considering conjunction with 5 input constraints and a disjunction of size 2
[APPROX] Checking cache: SNNT.Approx.ApproxCacheObject[]
[APPROX] Constructing Approximation
[APPROX] Resolving approximation
[CTRL] Initiating iterator over current linear queries
[APPROX] # Conjunctions over output: 2
[CTRL] Processing linear query no. 37
[NNENUM] Running nnenum now...
[NNENUM] lb: [16.376852110707294, 0.09999999999999999, -1.0]
[NNENUM] ub: [31.703236423477783, 7.4262139003490955, -0.6724629577858541]
[NNENUM] Creating LP Star...
[NNENUM] Checking feasibility
[NNENUM] Generating output Spec...
[NNENUM] Spec list length:  2
[NNENUM] Enumeration in progress... 

[NNENUM] Result: 
<nnenum.result.Result object at 0x7f94948e7550>
[NNENUM] Enumeration finished.
safe
[NNENUM] Filtering result using SMT solver...
[SMT] SMT filtered out 0 stars (out of 0; TO: 0).
[QUERY] Found all non-linear combinations. Count: 2
.[QUERY] Found all non-linear combinations. Count: 1
[QUERY] Returning nonlinear disjunction
[CTRL] Considering conjunction with 4 input constraints and a disjunction of size 2
[APPROX] Checking cache: SNNT.Approx.ApproxCacheObject[]
[APPROX] Constructing Approximation
[APPROX] Resolving approximation
[CTRL] Initiating iterator over current linear queries
[APPROX] # Conjunctions over output: 2
[CTRL] Processing linear query no. 38
[NNENUM] Running nnenum now...
[NNENUM] lb: [0.0, 7.4262139003490955, -1.0]
[NNENUM] ub: [0.07999999999999999, 134.4925915571708, -0.6724629577858541]
[NNENUM] Creating LP Star...
[NNENUM] Checking feasibility
[NNENUM] Generating output Spec...
[NNENUM] Spec list length:  2
[NNENUM] Enumeration in progress... 

[NNENUM] Result: 
<nnenum.result.Result object at 0x7f9491da79d0>
[NNENUM] Enumeration finished.
safe
[NNENUM] Filtering result using SMT solver...
[SMT] SMT filtered out 0 stars (out of 0; TO: 0).
.[QUERY] Found all non-linear combinations. Count: 1
[QUERY] Found all non-linear combinations. Count: 1
[QUERY] Returning nonlinear disjunction
[CTRL] Considering conjunction with 4 input constraints and a disjunction of size 2
[APPROX] Checking cache: SNNT.Approx.ApproxCacheObject[]
[APPROX] Constructing Approximation
[APPROX] Resolving approximation
[CTRL] Initiating iterator over current linear queries
[APPROX] # Conjunctions over output: 2
[CTRL] Processing linear query no. 39
[NNENUM] Running nnenum now...
[NNENUM] lb: [0.0, 7.4262139003490955, -1.0]
[NNENUM] ub: [0.07999999999999999, 134.4925915571708, -0.6724629577858541]
[NNENUM] Creating LP Star...
[NNENUM] Checking feasibility
[NNENUM] Generating output Spec...
[NNENUM] Spec list length:  2
[NNENUM] Enumeration in progress... 

[NNENUM] Result: 
<nnenum.result.Result object at 0x7f9495295190>
[NNENUM] Enumeration finished.
safe
[NNENUM] Filtering result using SMT solver...
[SMT] SMT filtered out 0 stars (out of 0; TO: 0).
[QUERY] Found all non-linear combinations. Count: 4
.[QUERY] Found all non-linear combinations. Count: 2
[QUERY] Returning nonlinear disjunction
[CTRL] Considering conjunction with 5 input constraints and a disjunction of size 2
[APPROX] Checking cache: SNNT.Approx.ApproxCacheObject[]
[APPROX] Constructing Approximation
[APPROX] Resolving approximation
[CTRL] Initiating iterator over current linear queries
[APPROX] # Conjunctions over output: 2
[CTRL] Processing linear query no. 40
[NNENUM] Running nnenum now...
[NNENUM] lb: [0.07999999999999999, 7.4262139003490955, -1.0]
[NNENUM] ub: [16.376852110707294, 134.4925915571708, -0.6724629577858541]
[NNENUM] Creating LP Star...
[NNENUM] Checking feasibility
[NNENUM] Generating output Spec...
[NNENUM] Spec list length:  2
[NNENUM] Enumeration in progress... 
(0.2 sec) Q: 0, Sets: 0/1  (0.0%) CEs: 0 ETA: - (expected 1 stars)   
(0.3 sec) Q: 0, Sets: 19/26  (78.125%) CEs: 0 ETA: 0.1 sec (expected 24 stars)   

Total Stars: 31 (6 exact, 25 approx)
Unfinished Stars: 0
Runtime: 0.3 sec
Completed work frac: 1.0
Num Stars Copied Between Processes: 0
Num Lps During Enumeration: 84
Total Num Lps: 84

Result: network is SAFE

[NNENUM] Result: 
<nnenum.result.Result object at 0x7f948ef44b20>
[NNENUM] Enumeration finished.
safe
[NNENUM] Found counter-example stars: 0
[NNENUM] Filtering result using SMT solver...
[SMT] SMT filtered out 0 stars (out of 0; TO: 0).
[QUERY] Found all non-linear combinations. Count: 4
[QUERY] Returning nonlinear disjunction
[CTRL] Considering conjunction with 5 input constraints and a disjunction of size 1
[APPROX] Checking cache: SNNT.Approx.ApproxCacheObject[]
[APPROX] Constructing Approximation
[APPROX] Resolving approximation
[CTRL] Initiating iterator over current linear queries
[APPROX] # Conjunctions over output: 1
[CTRL] Processing linear query no. 41
[NNENUM] Running nnenum now...
[NNENUM] lb: [31.703236423477783, 7.4262139003490955, -1.0]
[NNENUM] ub: [100.0, 134.4925915571708, -0.6724629577858541]
[NNENUM] Creating LP Star...
[NNENUM] Checking feasibility
[NNENUM] Generating output Spec...
[NNENUM] Spec list length:  1
[NNENUM] Enumeration in progress... 
(0.0 sec) Q: 0, Sets: 0/1  (0.0%) CEs: 0 ETA: - (expected 1 stars)   
(0.2 sec) Q: 0, Sets: 6/9  (40.625%) CEs: 0 ETA: 0.2 sec (expected 15 stars)   

Total Stars: 15 (9 exact, 6 approx)
Unfinished Stars: 0
Runtime: 0.2 sec
Completed work frac: 1.0
Num Stars Copied Between Processes: 0
Num Lps During Enumeration: 600
Total Num Lps: 600

Result: network is SAFE

[NNENUM] Result: 
<nnenum.result.Result object at 0x7f94948e7d60>
[NNENUM] Enumeration finished.
safe
[NNENUM] Found counter-example stars: 0
[NNENUM] Filtering result using SMT solver...
[SMT] SMT filtered out 0 stars (out of 0; TO: 0).
.[QUERY] Found all non-linear combinations. Count: 2
[QUERY] Returning nonlinear disjunction
[CTRL] Considering conjunction with 5 input constraints and a disjunction of size 1
[APPROX] Checking cache: SNNT.Approx.ApproxCacheObject[]
[APPROX] Constructing Approximation
[APPROX] Resolving approximation
[CTRL] Initiating iterator over current linear queries
[APPROX] # Conjunctions over output: 1
[CTRL] Processing linear query no. 42
[NNENUM] Running nnenum now...
[NNENUM] lb: [31.703236423477783, 7.4262139003490955, -1.0]
[NNENUM] ub: [100.0, 134.4925915571708, -0.6724629577858541]
[NNENUM] Creating LP Star...
[NNENUM] Checking feasibility
[NNENUM] Generating output Spec...
[NNENUM] Spec list length:  1
[NNENUM] Enumeration in progress... 
(0.0 sec) Q: 0, Sets: 0/1  (0.0%) CEs: 0 ETA: - (expected 1 stars)   
(0.2 sec) Q: 0, Sets: 0/1  (0.0%) CEs: 0 ETA: - (expected 1 stars)   

Total Stars: 3 (1 exact, 2 approx)
Unfinished Stars: 0
Runtime: 0.2 sec
Completed work frac: 1.0
Num Stars Copied Between Processes: 0
Num Lps During Enumeration: 111
Total Num Lps: 111

Result: network is SAFE

[NNENUM] Result: 
<nnenum.result.Result object at 0x7f94948f83d0>
[NNENUM] Enumeration finished.
safe
[NNENUM] Found counter-example stars: 0
[NNENUM] Filtering result using SMT solver...
[SMT] SMT filtered out 0 stars (out of 0; TO: 0).
.[QUERY] Found all non-linear combinations. Count: 1
[QUERY] Found all non-linear combinations. Count: 1
[QUERY] Returning nonlinear disjunction
[CTRL] Considering conjunction with 5 input constraints and a disjunction of size 2
[APPROX] Checking cache: SNNT.Approx.ApproxCacheObject[]
[APPROX] Constructing Approximation
[APPROX] Resolving approximation
[CTRL] Initiating iterator over current linear queries
[APPROX] # Conjunctions over output: 2
[CTRL] Processing linear query no. 43
[NNENUM] Running nnenum now...
[NNENUM] lb: [31.703236423477783, 7.4262139003490955, -1.0]
[NNENUM] ub: [100.0, 134.4925915571708, -0.6724629577858541]
[NNENUM] Creating LP Star...
[NNENUM] Checking feasibility
[NNENUM] Generating output Spec...
[NNENUM] Spec list length:  2
[NNENUM] Enumeration in progress... 
(0.0 sec) Q: 0, Sets: 0/1  (0.0%) CEs: 0 ETA: - (expected 1 stars)   

Total Stars: 4 (2 exact, 2 approx)
Unfinished Stars: 0
Runtime: 0.1 sec
Completed work frac: 1.0
Num Stars Copied Between Processes: 0
Num Lps During Enumeration: 94
Total Num Lps: 94

Result: network is SAFE

[NNENUM] Result: 
<nnenum.result.Result object at 0x7f94910d3b20>
[NNENUM] Enumeration finished.
safe
[NNENUM] Found counter-example stars: 0
[NNENUM] Filtering result using SMT solver...
[SMT] SMT filtered out 0 stars (out of 0; TO: 0).
[QUERY] Found all non-linear combinations. Count: 4
[QUERY] Returning nonlinear disjunction
[CTRL] Considering conjunction with 5 input constraints and a disjunction of size 1
[APPROX] Checking cache: SNNT.Approx.ApproxCacheObject[]
[APPROX] Constructing Approximation
[APPROX] Resolving approximation
[CTRL] Initiating iterator over current linear queries
[APPROX] # Conjunctions over output: 1
[CTRL] Processing linear query no. 44
[NNENUM] Running nnenum now...
[NNENUM] lb: [16.376852110707294, 7.4262139003490955, -1.0]
[NNENUM] ub: [31.703236423477783, 134.4925915571708, -0.6724629577858541]
[NNENUM] Creating LP Star...
[NNENUM] Checking feasibility
[NNENUM] Generating output Spec...
[NNENUM] Spec list length:  1
[NNENUM] Enumeration in progress... 
(0.1 sec) Q: 0, Sets: 0/1  (0.0%) CEs: 0 ETA: - (expected 1 stars)   
(0.2 sec) Q: 0, Sets: 2/5  (62.5%) CEs: 0 ETA: 0.1 sec (expected 3 stars)   

Total Stars: 11 (3 exact, 8 approx)
Unfinished Stars: 0
Runtime: 0.2 sec
Completed work frac: 1.0
Num Stars Copied Between Processes: 0
Num Lps During Enumeration: 142
Total Num Lps: 142

Result: network is SAFE

[NNENUM] Result: 
<nnenum.result.Result object at 0x7f948ef44b20>
[NNENUM] Enumeration finished.
safe
[NNENUM] Found counter-example stars: 0
[NNENUM] Filtering result using SMT solver...
[SMT] SMT filtered out 0 stars (out of 0; TO: 0).
..[QUERY] Found all non-linear combinations. Count: 1
[QUERY] Returning nonlinear disjunction
[CTRL] Considering conjunction with 5 input constraints and a disjunction of size 1
[APPROX] Checking cache: SNNT.Approx.ApproxCacheObject[]
[APPROX] Constructing Approximation
[APPROX] Resolving approximation
[CTRL] Initiating iterator over current linear queries
[APPROX] # Conjunctions over output: 1
[CTRL] Processing linear query no. 45
[NNENUM] Running nnenum now...
[NNENUM] lb: [16.376852110707294, 7.4262139003490955, -1.0]
[NNENUM] ub: [31.703236423477783, 134.4925915571708, -0.6724629577858541]
[NNENUM] Creating LP Star...
[NNENUM] Checking feasibility
[NNENUM] Generating output Spec...
[NNENUM] Spec list length:  1
[NNENUM] Enumeration in progress... 
(0.0 sec) Q: 0, Sets: 0/1  (0.0%) CEs: 0 ETA: - (expected 1 stars)   

Total Stars: 2 (0 exact, 2 approx)
Unfinished Stars: 0
Runtime: 0.0 sec
Completed work frac: 1.0
Num Stars Copied Between Processes: 0
Num Lps During Enumeration: 0
Total Num Lps: 0

Result: network is SAFE

[NNENUM] Result: 
<nnenum.result.Result object at 0x7f94948f8970>
[NNENUM] Enumeration finished.
safe
[NNENUM] Found counter-example stars: 0
[NNENUM] Filtering result using SMT solver...
[SMT] SMT filtered out 0 stars (out of 0; TO: 0).
..[QUERY] Found all non-linear combinations. Count: 1
[QUERY] Returning nonlinear disjunction
[CTRL] Considering conjunction with 5 input constraints and a disjunction of size 1
[APPROX] Checking cache: SNNT.Approx.ApproxCacheObject[]
[APPROX] Constructing Approximation
[APPROX] Resolving approximation
[CTRL] Initiating iterator over current linear queries
[APPROX] # Conjunctions over output: 1
[CTRL] Processing linear query no. 46
[NNENUM] Running nnenum now...
[NNENUM] lb: [0.07999999999999999, 7.4262139003490955, -1.0]
[NNENUM] ub: [16.376852110707294, 134.4925915571708, -0.6724629577858541]
[NNENUM] Creating LP Star...
[NNENUM] Checking feasibility
[NNENUM] Generating output Spec...
[NNENUM] Spec list length:  1
[NNENUM] Enumeration in progress... 
(0.0 sec) Q: 0, Sets: 0/1  (0.0%) CEs: 0 ETA: - (expected 1 stars)   

Total Stars: 5 (3 exact, 2 approx)
Unfinished Stars: 0
Runtime: 0.1 sec
Completed work frac: 1.0
Num Stars Copied Between Processes: 0
Num Lps During Enumeration: 93
Total Num Lps: 93

Result: network is SAFE

[NNENUM] Result: 
<nnenum.result.Result object at 0x7f94948eb550>
[NNENUM] Enumeration finished.
safe
[NNENUM] Found counter-example stars: 0
[NNENUM] Filtering result using SMT solver...
[SMT] SMT filtered out 0 stars (out of 0; TO: 0).
.[QUERY] Found all non-linear combinations. Count: 1
[QUERY] Found all non-linear combinations. Count: 1
[QUERY] Returning nonlinear disjunction
[CTRL] Considering conjunction with 5 input constraints and a disjunction of size 2
[APPROX] Checking cache: SNNT.Approx.ApproxCacheObject[]
[APPROX] Constructing Approximation
[APPROX] Resolving approximation
[CTRL] Initiating iterator over current linear queries
[APPROX] # Conjunctions over output: 2
[CTRL] Processing linear query no. 47
[NNENUM] Running nnenum now...
[NNENUM] lb: [16.376852110707294, 7.4262139003490955, -1.0]
[NNENUM] ub: [31.703236423477783, 134.4925915571708, -0.6724629577858541]
[NNENUM] Creating LP Star...
[NNENUM] Checking feasibility
[NNENUM] Generating output Spec...
[NNENUM] Spec list length:  2
[NNENUM] Enumeration in progress... 
(0.2 sec) Q: 0, Sets: 0/1  (0.0%) CEs: 0 ETA: - (expected 1 stars)   

Total Stars: 2 (1 exact, 1 approx)
Unfinished Stars: 0
Runtime: 0.2 sec
Completed work frac: 1.0
Num Stars Copied Between Processes: 0
Num Lps During Enumeration: 78
Total Num Lps: 78

Result: network is SAFE

[NNENUM] Result: 
<nnenum.result.Result object at 0x7f94948ebe50>
[NNENUM] Enumeration finished.
safe
[NNENUM] Found counter-example stars: 0
[NNENUM] Filtering result using SMT solver...
[SMT] SMT filtered out 0 stars (out of 0; TO: 0).
[QUERY] Found all non-linear combinations. Count: 1
[QUERY] Found all non-linear combinations. Count: 1
[QUERY] Returning nonlinear disjunction
[CTRL] Considering conjunction with 5 input constraints and a disjunction of size 2
[APPROX] Checking cache: SNNT.Approx.ApproxCacheObject[]
[APPROX] Constructing Approximation
[APPROX] Resolving approximation
[CTRL] Initiating iterator over current linear queries
[APPROX] # Conjunctions over output: 2
[CTRL] Processing linear query no. 48
[NNENUM] Running nnenum now...
[NNENUM] lb: [0.07999999999999999, 7.4262139003490955, -1.0]
[NNENUM] ub: [16.376852110707294, 134.4925915571708, -0.6724629577858541]
[NNENUM] Creating LP Star...
[NNENUM] Checking feasibility
[NNENUM] Generating output Spec...
[NNENUM] Spec list length:  2
[NNENUM] Enumeration in progress... 
(0.0 sec) Q: 0, Sets: 0/1  (0.0%) CEs: 0 ETA: - (expected 1 stars)   

Total Stars: 5 (3 exact, 2 approx)
Unfinished Stars: 0
Runtime: 0.1 sec
Completed work frac: 1.0
Num Stars Copied Between Processes: 0
Num Lps During Enumeration: 92
Total Num Lps: 92

Result: network is SAFE

[NNENUM] Result: 
<nnenum.result.Result object at 0x7f94948e7640>
[NNENUM] Enumeration finished.
safe
[NNENUM] Found counter-example stars: 0
[NNENUM] Filtering result using SMT solver...
[SMT] SMT filtered out 0 stars (out of 0; TO: 0).
[QUERY] Found all non-linear combinations. Count: 1
[QUERY] Found all non-linear combinations. Count: 1
[QUERY] Returning nonlinear disjunction
[CTRL] Considering conjunction with 5 input constraints and a disjunction of size 2
[APPROX] Checking cache: SNNT.Approx.ApproxCacheObject[]
[APPROX] Constructing Approximation
[APPROX] Resolving approximation
[CTRL] Initiating iterator over current linear queries
[APPROX] # Conjunctions over output: 2
[CTRL] Processing linear query no. 49
[NNENUM] Running nnenum now...
[NNENUM] lb: [31.703236423477783, 7.4262139003490955, -1.0]
[NNENUM] ub: [100.0, 134.4925915571708, -0.6724629577858541]
[NNENUM] Creating LP Star...
[NNENUM] Checking feasibility
[NNENUM] Generating output Spec...
[NNENUM] Spec list length:  2
[NNENUM] Enumeration in progress... 
(0.0 sec) Q: 0, Sets: 0/1  (0.0%) CEs: 0 ETA: - (expected 1 stars)   
(0.2 sec) Q: 0, Sets: 0/4  (0.0%) CEs: 0 ETA: - (expected 1 stars)   

Total Stars: 5 (3 exact, 2 approx)
Unfinished Stars: 0
Runtime: 0.2 sec
Completed work frac: 1.0
Num Stars Copied Between Processes: 0
Num Lps During Enumeration: 114
Total Num Lps: 114

Result: network is SAFE

[NNENUM] Result: 
<nnenum.result.Result object at 0x7f94952eb2b0>
[NNENUM] Enumeration finished.
safe
[NNENUM] Found counter-example stars: 0
[NNENUM] Filtering result using SMT solver...
[SMT] SMT filtered out 0 stars (out of 0; TO: 0).
[QUERY] Found all non-linear combinations. Count: 1
[QUERY] Returning nonlinear disjunction
[CTRL] Considering conjunction with 5 input constraints and a disjunction of size 1
[APPROX] Checking cache: SNNT.Approx.ApproxCacheObject[]
[APPROX] Constructing Approximation
[APPROX] Resolving approximation
[CTRL] Initiating iterator over current linear queries
[APPROX] # Conjunctions over output: 1
[CTRL] Processing linear query no. 50
[NNENUM] Running nnenum now...
[NNENUM] lb: [16.376852110707294, 7.4262139003490955, -1.0]
[NNENUM] ub: [31.703236423477783, 134.4925915571708, -0.6724629577858541]
[NNENUM] Creating LP Star...
[NNENUM] Checking feasibility
[NNENUM] Generating output Spec...
[NNENUM] Spec list length:  1
[NNENUM] Enumeration in progress... 
(0.0 sec) Q: 0, Sets: 0/1  (0.0%) CEs: 0 ETA: - (expected 1 stars)   

Total Stars: 4 (2 exact, 2 approx)
Unfinished Stars: 0
Runtime: 0.1 sec
Completed work frac: 1.0
Num Stars Copied Between Processes: 0
Num Lps During Enumeration: 104
Total Num Lps: 104

Result: network is SAFE

[NNENUM] Result: 
<nnenum.result.Result object at 0x7f94948eb160>
[NNENUM] Enumeration finished.
safe
[NNENUM] Found counter-example stars: 0
[NNENUM] Filtering result using SMT solver...
[SMT] SMT filtered out 0 stars (out of 0; TO: 0).
[QUERY] Found all non-linear combinations. Count: 1
[QUERY] Found all non-linear combinations. Count: 1
[QUERY] Returning nonlinear disjunction
[CTRL] Considering conjunction with 5 input constraints and a disjunction of size 2
[APPROX] Checking cache: SNNT.Approx.ApproxCacheObject[]
[APPROX] Constructing Approximation
[APPROX] Resolving approximation
[CTRL] Initiating iterator over current linear queries
[APPROX] # Conjunctions over output: 2
[CTRL] Processing linear query no. 51
[NNENUM] Running nnenum now...
[NNENUM] lb: [0.07999999999999999, 7.4262139003490955, -1.0]
[NNENUM] ub: [16.376852110707294, 134.4925915571708, -0.6724629577858541]
[NNENUM] Creating LP Star...
[NNENUM] Checking feasibility
[NNENUM] Generating output Spec...
[NNENUM] Spec list length:  2
[NNENUM] Enumeration in progress... 
(0.0 sec) Q: 0, Sets: 0/1  (0.0%) CEs: 0 ETA: - (expected 1 stars)   
(0.2 sec) Q: 0, Sets: 2/4  (37.5%) CEs: 0 ETA: 0.3 sec (expected 5 stars)   

Total Stars: 4 (0 exact, 4 approx)
Unfinished Stars: 0
Runtime: 0.2 sec
Completed work frac: 1.0
Num Stars Copied Between Processes: 0
Num Lps During Enumeration: 0
Total Num Lps: 0

Result: network is SAFE

[NNENUM] Result: 
<nnenum.result.Result object at 0x7f94948ebdf0>
[NNENUM] Enumeration finished.
safe
[NNENUM] Found counter-example stars: 0
[NNENUM] Filtering result using SMT solver...
[SMT] SMT filtered out 0 stars (out of 0; TO: 0).
[QUERY] Found all non-linear combinations. Count: 1
[QUERY] Found all non-linear combinations. Count: 1
[QUERY] Found all non-linear combinations. Count: 1
[QUERY] Returning nonlinear disjunction
[CTRL] Considering conjunction with 5 input constraints and a disjunction of size 3
[APPROX] Checking cache: SNNT.Approx.ApproxCacheObject[]
[APPROX] Constructing Approximation
[APPROX] Resolving approximation
[CTRL] Initiating iterator over current linear queries
[APPROX] # Conjunctions over output: 3
[CTRL] Processing linear query no. 52
[NNENUM] Running nnenum now...
[NNENUM] lb: [31.703236423477783, 7.4262139003490955, -1.0]
[NNENUM] ub: [100.0, 134.4925915571708, -0.6724629577858541]
[NNENUM] Creating LP Star...
[NNENUM] Checking feasibility
[NNENUM] Generating output Spec...
[NNENUM] Spec list length:  3
[NNENUM] Enumeration in progress... 
(0.0 sec) Q: 0, Sets: 0/1  (0.0%) CEs: 0 ETA: - (expected 1 stars)   
(0.1 sec) Q: 0, Sets: 10/13  (31.25%) CEs: 0 ETA: 0.3 sec (expected 32 stars)   

Total Stars: 25 (8 exact, 17 approx)
Unfinished Stars: 0
Runtime: 0.2 sec
Completed work frac: 1.0
Num Stars Copied Between Processes: 0
Num Lps During Enumeration: 384
Total Num Lps: 384

Result: network is SAFE

[NNENUM] Result: 
<nnenum.result.Result object at 0x7f94948e7be0>
[NNENUM] Enumeration finished.
safe
[NNENUM] Found counter-example stars: 0
[NNENUM] Filtering result using SMT solver...
[SMT] SMT filtered out 0 stars (out of 0; TO: 0).
[QUERY] Found all non-linear combinations. Count: 1
[QUERY] Found all non-linear combinations. Count: 1
[QUERY] Found all non-linear combinations. Count: 1
[QUERY] Found all non-linear combinations. Count: 1
[QUERY] Returning nonlinear disjunction
[CTRL] Considering conjunction with 5 input constraints and a disjunction of size 4
[APPROX] Checking cache: SNNT.Approx.ApproxCacheObject[]
[APPROX] Constructing Approximation
[APPROX] Resolving approximation
[CTRL] Initiating iterator over current linear queries
[APPROX] # Conjunctions over output: 4
[CTRL] Processing linear query no. 53
[NNENUM] Running nnenum now...
[NNENUM] lb: [16.376852110707294, 7.4262139003490955, -1.0]
[NNENUM] ub: [31.703236423477783, 134.4925915571708, -0.6724629577858541]
[NNENUM] Creating LP Star...
[NNENUM] Checking feasibility
[NNENUM] Generating output Spec...
[NNENUM] Spec list length:  4
[NNENUM] Enumeration in progress... 
(0.0 sec) Q: 0, Sets: 0/1  (0.0%) CEs: 0 ETA: - (expected 1 stars)   
(0.2 sec) Q: 0, Sets: 0/3  (0.0%) CEs: 0 ETA: - (expected 1 stars)   

Total Stars: 7 (1 exact, 6 approx)
Unfinished Stars: 0
Runtime: 0.2 sec
Completed work frac: 1.0
Num Stars Copied Between Processes: 0
Num Lps During Enumeration: 46
Total Num Lps: 46

Result: network is SAFE

[NNENUM] Result: 
<nnenum.result.Result object at 0x7f94948e7a30>
[NNENUM] Enumeration finished.
safe
[NNENUM] Found counter-example stars: 0
[NNENUM] Filtering result using SMT solver...
[SMT] SMT filtered out 0 stars (out of 0; TO: 0).
[QUERY] Found all non-linear combinations. Count: 1
[QUERY] Found all non-linear combinations. Count: 1
[QUERY] Returning nonlinear disjunction
[CTRL] Considering conjunction with 5 input constraints and a disjunction of size 2
[APPROX] Checking cache: SNNT.Approx.ApproxCacheObject[]
[APPROX] Constructing Approximation
[APPROX] Resolving approximation
[CTRL] Initiating iterator over current linear queries
[APPROX] # Conjunctions over output: 2
[CTRL] Processing linear query no. 54
[NNENUM] Running nnenum now...
[NNENUM] lb: [0.07999999999999999, 7.4262139003490955, -1.0]
[NNENUM] ub: [16.376852110707294, 134.4925915571708, -0.6724629577858541]
[NNENUM] Creating LP Star...
[NNENUM] Checking feasibility
[NNENUM] Generating output Spec...
[NNENUM] Spec list length:  2
[NNENUM] Enumeration in progress... 
(0.0 sec) Q: 0, Sets: 0/1  (0.0%) CEs: 0 ETA: - (expected 1 stars)   

Total Stars: 7 (0 exact, 7 approx)
Unfinished Stars: 0
Runtime: 0.1 sec
Completed work frac: 1.0
Num Stars Copied Between Processes: 0
Num Lps During Enumeration: 0
Total Num Lps: 0

Result: network is SAFE

[NNENUM] Result: 
<nnenum.result.Result object at 0x7f94948eb190>
[NNENUM] Enumeration finished.
safe
[NNENUM] Found counter-example stars: 0
[NNENUM] Filtering result using SMT solver...
[SMT] SMT filtered out 0 stars (out of 0; TO: 0).
[QUERY] Found all non-linear combinations. Count: 1
[QUERY] Returning nonlinear disjunction
[CTRL] Considering conjunction with 5 input constraints and a disjunction of size 1
[APPROX] Checking cache: SNNT.Approx.ApproxCacheObject[]
[APPROX] Constructing Approximation
[APPROX] Resolving approximation
[CTRL] Initiating iterator over current linear queries
[APPROX] # Conjunctions over output: 1
[CTRL] Processing linear query no. 55
[NNENUM] Running nnenum now...
[NNENUM] lb: [0.0, 134.4925915571708, -1.0]
[NNENUM] ub: [0.07999999999999999, 200.0, -0.6724629577858541]
[NNENUM] Creating LP Star...
[NNENUM] Checking feasibility
[NNENUM] Generating output Spec...
[NNENUM] Spec list length:  1
[NNENUM] Enumeration in progress... 

[NNENUM] Result: 
<nnenum.result.Result object at 0x7f9494cef310>
[NNENUM] Enumeration finished.
safe
[NNENUM] Filtering result using SMT solver...
[SMT] SMT filtered out 0 stars (out of 0; TO: 0).
[QUERY] Found all non-linear combinations. Count: 3
[QUERY] Returning nonlinear disjunction
[CTRL] Considering conjunction with 5 input constraints and a disjunction of size 1
[APPROX] Checking cache: SNNT.Approx.ApproxCacheObject[]
[APPROX] Constructing Approximation
[APPROX] Resolving approximation
[CTRL] Initiating iterator over current linear queries
[APPROX] # Conjunctions over output: 1
[CTRL] Processing linear query no. 56
[NNENUM] Running nnenum now...
[NNENUM] lb: [31.703236423477783, 134.4925915571708, -1.0]
[NNENUM] ub: [100.0, 200.0, -0.6724629577858541]
[NNENUM] Creating LP Star...
[NNENUM] Checking feasibility
[NNENUM] Generating output Spec...
[NNENUM] Spec list length:  1
[NNENUM] Enumeration in progress... 

[NNENUM] Result: 
<nnenum.result.Result object at 0x7f94948f8760>
[NNENUM] Enumeration finished.
safe
[NNENUM] Filtering result using SMT solver...
[SMT] SMT filtered out 0 stars (out of 0; TO: 0).
.[QUERY] Found all non-linear combinations. Count: 3
[QUERY] Returning nonlinear disjunction
[CTRL] Considering conjunction with 5 input constraints and a disjunction of size 1
[APPROX] Checking cache: SNNT.Approx.ApproxCacheObject[]
[APPROX] Constructing Approximation
[APPROX] Resolving approximation
[CTRL] Initiating iterator over current linear queries
[APPROX] # Conjunctions over output: 1
[CTRL] Processing linear query no. 57
[NNENUM] Running nnenum now...
[NNENUM] lb: [31.703236423477783, 134.4925915571708, -1.0]
[NNENUM] ub: [100.0, 200.0, -0.6724629577858541]
[NNENUM] Creating LP Star...
[NNENUM] Checking feasibility
[NNENUM] Generating output Spec...
[NNENUM] Spec list length:  1
[NNENUM] Enumeration in progress... 

[NNENUM] Result: 
<nnenum.result.Result object at 0x7f949b1590a0>
[NNENUM] Enumeration finished.
safe
[NNENUM] Filtering result using SMT solver...
[SMT] SMT filtered out 0 stars (out of 0; TO: 0).
[QUERY] Found all non-linear combinations. Count: 2
[QUERY] Found all non-linear combinations. Count: 1
[QUERY] Returning nonlinear disjunction
[CTRL] Considering conjunction with 5 input constraints and a disjunction of size 2
[APPROX] Checking cache: SNNT.Approx.ApproxCacheObject[]
[APPROX] Constructing Approximation
[APPROX] Resolving approximation
[CTRL] Initiating iterator over current linear queries
[APPROX] # Conjunctions over output: 2
[CTRL] Processing linear query no. 58
[NNENUM] Running nnenum now...
[NNENUM] lb: [31.703236423477783, 134.4925915571708, -1.0]
[NNENUM] ub: [100.0, 200.0, -0.6724629577858541]
[NNENUM] Creating LP Star...
[NNENUM] Checking feasibility
[NNENUM] Generating output Spec...
[NNENUM] Spec list length:  2
[NNENUM] Enumeration in progress... 

[NNENUM] Result: 
<nnenum.result.Result object at 0x7f94948ebeb0>
[NNENUM] Enumeration finished.
safe
[NNENUM] Filtering result using SMT solver...
[SMT] SMT filtered out 0 stars (out of 0; TO: 0).
[QUERY] Found all non-linear combinations. Count: 1
[QUERY] Returning nonlinear disjunction
[CTRL] Considering conjunction with 5 input constraints and a disjunction of size 1
[APPROX] Checking cache: SNNT.Approx.ApproxCacheObject[]
[APPROX] Constructing Approximation
[APPROX] Resolving approximation
[CTRL] Initiating iterator over current linear queries
[APPROX] # Conjunctions over output: 1
[CTRL] Processing linear query no. 59
[NNENUM] Running nnenum now...
[NNENUM] lb: [16.376852110707294, 134.4925915571708, -1.0]
[NNENUM] ub: [31.703236423477783, 200.0, -0.6724629577858541]
[NNENUM] Creating LP Star...
[NNENUM] Checking feasibility
[NNENUM] Generating output Spec...
[NNENUM] Spec list length:  1
[NNENUM] Enumeration in progress... 

[NNENUM] Result: 
<nnenum.result.Result object at 0x7f94952953a0>
[NNENUM] Enumeration finished.
safe
[NNENUM] Filtering result using SMT solver...
[SMT] SMT filtered out 0 stars (out of 0; TO: 0).
[QUERY] Found all non-linear combinations. Count: 1
[QUERY] Returning nonlinear disjunction
[CTRL] Considering conjunction with 5 input constraints and a disjunction of size 1
[APPROX] Checking cache: SNNT.Approx.ApproxCacheObject[]
[APPROX] Constructing Approximation
[APPROX] Resolving approximation
[CTRL] Initiating iterator over current linear queries
[APPROX] # Conjunctions over output: 1
[CTRL] Processing linear query no. 60
[NNENUM] Running nnenum now...
[NNENUM] lb: [0.07999999999999999, 134.4925915571708, -1.0]
[NNENUM] ub: [16.376852110707294, 200.0, -0.6724629577858541]
[NNENUM] Creating LP Star...
[NNENUM] Checking feasibility
[NNENUM] Generating output Spec...
[NNENUM] Spec list length:  1
[NNENUM] Enumeration in progress... 

[NNENUM] Result: 
<nnenum.result.Result object at 0x7f94948f80d0>
[NNENUM] Enumeration finished.
safe
[NNENUM] Filtering result using SMT solver...
[SMT] SMT filtered out 0 stars (out of 0; TO: 0).
[QUERY] Found all non-linear combinations. Count: 2
[QUERY] Found all non-linear combinations. Count: 1
.[QUERY] Found all non-linear combinations. Count: 1
[QUERY] Found all non-linear combinations. Count: 1
[QUERY] Returning nonlinear disjunction
[CTRL] Considering conjunction with 5 input constraints and a disjunction of size 4
[APPROX] Checking cache: SNNT.Approx.ApproxCacheObject[]
[APPROX] Constructing Approximation
[APPROX] Resolving approximation
[CTRL] Initiating iterator over current linear queries
[APPROX] # Conjunctions over output: 4
[CTRL] Processing linear query no. 61
[NNENUM] Running nnenum now...
[NNENUM] lb: [31.703236423477783, 134.4925915571708, -0.08918726864196047]
[NNENUM] ub: [100.0, 200.0, 0.0]
[NNENUM] Creating LP Star...
[NNENUM] Checking feasibility
[NNENUM] Generating output Spec...
[NNENUM] Spec list length:  4
[NNENUM] Enumeration in progress... 

[NNENUM] Result: 
<nnenum.result.Result object at 0x7f94910d33d0>
[NNENUM] Enumeration finished.
safe
[NNENUM] Filtering result using SMT solver...
[SMT] SMT filtered out 0 stars (out of 0; TO: 0).
..[QUERY] Found all non-linear combinations. Count: 6
[QUERY] Returning nonlinear disjunction
[CTRL] Considering conjunction with 5 input constraints and a disjunction of size 1
[APPROX] Checking cache: SNNT.Approx.ApproxCacheObject[]
[APPROX] Constructing Approximation
[APPROX] Resolving approximation
[CTRL] Initiating iterator over current linear queries
[APPROX] # Conjunctions over output: 1
[CTRL] Processing linear query no. 62
[NNENUM] Running nnenum now...
[NNENUM] lb: [31.703236423477783, 134.4925915571708, 0.672462957785854]
[NNENUM] ub: [100.0, 200.0, 1.0]
[NNENUM] Creating LP Star...
[NNENUM] Checking feasibility
[NNENUM] Generating output Spec...
[NNENUM] Spec list length:  1
[NNENUM] Enumeration in progress... 

[NNENUM] Result: 
<nnenum.result.Result object at 0x7f94948e7c10>
[NNENUM] Enumeration finished.
safe
[NNENUM] Filtering result using SMT solver...
[SMT] SMT filtered out 0 stars (out of 0; TO: 0).
[QUERY] Found all non-linear combinations. Count: 1
[QUERY] Found all non-linear combinations. Count: 1
[QUERY] Returning nonlinear disjunction
[CTRL] Considering conjunction with 5 input constraints and a disjunction of size 2
[APPROX] Checking cache: SNNT.Approx.ApproxCacheObject[]
[APPROX] Constructing Approximation
[APPROX] Resolving approximation
[CTRL] Initiating iterator over current linear queries
[APPROX] # Conjunctions over output: 2
[CTRL] Processing linear query no. 63
[NNENUM] Running nnenum now...
[NNENUM] lb: [16.376852110707294, 134.4925915571708, 0.672462957785854]
[NNENUM] ub: [31.703236423477783, 200.0, 1.0]
[NNENUM] Creating LP Star...
[NNENUM] Checking feasibility
[NNENUM] Generating output Spec...
[NNENUM] Spec list length:  2
[NNENUM] Enumeration in progress... 

[NNENUM] Result: 
<nnenum.result.Result object at 0x7f94948eb430>
[NNENUM] Enumeration finished.
safe
[NNENUM] Filtering result using SMT solver...
[SMT] SMT filtered out 0 stars (out of 0; TO: 0).
[QUERY] Found all non-linear combinations. Count: 2
[QUERY] Found all non-linear combinations. Count: 2
[QUERY] Found all non-linear combinations. Count: 2
[QUERY] Found all non-linear combinations. Count: 2
[QUERY] Found all non-linear combinations. Count: 2
[QUERY] Found all non-linear combinations. Count: 2
[QUERY] Found all non-linear combinations. Count: 2
[QUERY] Found all non-linear combinations. Count: 2
[QUERY] Found all non-linear combinations. Count: 2
[QUERY] Found all non-linear combinations. Count: 2
..[QUERY] Found all non-linear combinations. Count: 5
[QUERY] Returning nonlinear disjunction
[CTRL] Considering conjunction with 5 input constraints and a disjunction of size 11
[APPROX] Checking cache: SNNT.Approx.ApproxCacheObject[]
[APPROX] Constructing Approximation
[APPROX] Resolving approximation
[CTRL] Initiating iterator over current linear queries
[APPROX] # Conjunctions over output: 11
[CTRL] Processing linear query no. 64
[NNENUM] Running nnenum now...
[NNENUM] lb: [0.0, 0.09999999999999999, 0.672462957785854]
[NNENUM] ub: [0.07999999999999999, 7.4262139003490955, 1.0]
[NNENUM] Creating LP Star...
[NNENUM] Checking feasibility
[NNENUM] Generating output Spec...
[NNENUM] Spec list length:  11
[NNENUM] Enumeration in progress... 
(0.2 sec) Q: 0, Sets: 0/1  (0.0%) CEs: 0 ETA: - (expected 1 stars)   

Total Stars: 8 (0 exact, 8 approx)
Unfinished Stars: 0
Runtime: 0.2 sec
Completed work frac: 1.0
Num Stars Copied Between Processes: 0
Num Lps During Enumeration: 0
Total Num Lps: 0

Result: network is SAFE

[NNENUM] Result: 
<nnenum.result.Result object at 0x7f94948f8730>
[NNENUM] Enumeration finished.
safe
[NNENUM] Found counter-example stars: 0
[NNENUM] Filtering result using SMT solver...
[SMT] SMT filtered out 0 stars (out of 0; TO: 0).
[QUERY] Found all non-linear combinations. Count: 5
[QUERY] Found all non-linear combinations. Count: 2
[QUERY] Found all non-linear combinations. Count: 2
[QUERY] Found all non-linear combinations. Count: 1
[QUERY] Found all non-linear combinations. Count: 1
[QUERY] Found all non-linear combinations. Count: 1
[QUERY] Found all non-linear combinations. Count: 1
[QUERY] Found all non-linear combinations. Count: 1
[QUERY] Found all non-linear combinations. Count: 1
[QUERY] Returning nonlinear disjunction
[CTRL] Considering conjunction with 5 input constraints and a disjunction of size 9
[APPROX] Checking cache: SNNT.Approx.ApproxCacheObject[]
[APPROX] Constructing Approximation
[APPROX] Resolving approximation
[CTRL] Initiating iterator over current linear queries
[APPROX] # Conjunctions over output: 9
[CTRL] Processing linear query no. 65
[NNENUM] Running nnenum now...
[NNENUM] lb: [0.07999999999999999, 0.09999999999999999, 0.672462957785854]
[NNENUM] ub: [16.376852110707294, 7.4262139003490955, 1.0]
[NNENUM] Creating LP Star...
[NNENUM] Checking feasibility
[NNENUM] Generating output Spec...
[NNENUM] Spec list length:  9
[NNENUM] Enumeration in progress... 
(0.0 sec) Q: 0, Sets: 0/1  (0.0%) CEs: 0 ETA: - (expected 1 stars)   
(0.2 sec) Q: 0, Sets: 14/22  (12.891%) CEs: 0 ETA: 1.0 sec (expected 109 stars)   
(0.3 sec) Q: 0, Sets: 24/30  (18.75%) CEs: 0 ETA: 1.1 sec (expected 128 stars)   
(0.4 sec) Q: 0, Sets: 42/48  (22.925%) CEs: 0 ETA: 1.2 sec (expected 183 stars)   
(0.5 sec) Q: 0, Sets: 62/67  (24.17%) CEs: 0 ETA: 1.4 sec (expected 257 stars)   
Total Stars: 72 (6 exact, 66 approx)
Unfinished Stars: 0
Runtime: 0.5 sec
Completed work frac: 1.0
Num Stars Copied Between Processes: 0
Num Lps During Enumeration: 254
Total Num Lps: 254

Result: network is SAFE

[NNENUM] Result: 
<nnenum.result.Result object at 0x7f9494cabd90>
[NNENUM] Enumeration finished.
safe
[NNENUM] Found counter-example stars: 0
[NNENUM] Filtering result using SMT solver...
[SMT] SMT filtered out 0 stars (out of 0; TO: 0).
[QUERY] Found all non-linear combinations. Count: 1
[QUERY] Found all non-linear combinations. Count: 1
[QUERY] Found all non-linear combinations. Count: 1
.[QUERY] Found all non-linear combinations. Count: 1
.[QUERY] Found all non-linear combinations. Count: 1
[QUERY] Found all non-linear combinations. Count: 1
[QUERY] Found all non-linear combinations. Count: 1
[QUERY] Found all non-linear combinations. Count: 1
[QUERY] Found all non-linear combinations. Count: 1
[QUERY] Returning nonlinear disjunction
[CTRL] Considering conjunction with 5 input constraints and a disjunction of size 9
[APPROX] Checking cache: SNNT.Approx.ApproxCacheObject[]
[APPROX] Constructing Approximation
[APPROX] Resolving approximation
[CTRL] Initiating iterator over current linear queries
[APPROX] # Conjunctions over output: 9
[CTRL] Processing linear query no. 66
[NNENUM] Running nnenum now...
[NNENUM] lb: [0.07999999999999999, 0.09999999999999999, 0.672462957785854]
[NNENUM] ub: [16.376852110707294, 7.4262139003490955, 1.0]
[NNENUM] Creating LP Star...
[NNENUM] Checking feasibility
[NNENUM] Generating output Spec...
[NNENUM] Spec list length:  9
[NNENUM] Enumeration in progress... 
(0.1 sec) Q: 0, Sets: 0/1  (0.0%) CEs: 0 ETA: - (expected 1 stars)   
(0.2 sec) Q: 0, Sets: 2/10  (1.172%) CEs: 0 ETA: 13.3 sec (expected 171 stars)   

Total Stars: 19 (4 exact, 15 approx)
Unfinished Stars: 0
Runtime: 0.2 sec
Completed work frac: 1.0
Num Stars Copied Between Processes: 0
Num Lps During Enumeration: 208
Total Num Lps: 208

Result: network is SAFE

[NNENUM] Result: 
<nnenum.result.Result object at 0x7f9491da7940>
[NNENUM] Enumeration finished.
safe
[NNENUM] Found counter-example stars: 0
[NNENUM] Filtering result using SMT solver...
[SMT] SMT filtered out 0 stars (out of 0; TO: 0).
[QUERY] Found all non-linear combinations. Count: 1
[QUERY] Found all non-linear combinations. Count: 1
[QUERY] Found all non-linear combinations. Count: 1
[QUERY] Found all non-linear combinations. Count: 1
[QUERY] Found all non-linear combinations. Count: 1
[QUERY] Found all non-linear combinations. Count: 1
[QUERY] Found all non-linear combinations. Count: 1
[QUERY] Found all non-linear combinations. Count: 1
[QUERY] Found all non-linear combinations. Count: 1
[QUERY] Returning nonlinear disjunction
[CTRL] Considering conjunction with 5 input constraints and a disjunction of size 9
[APPROX] Checking cache: SNNT.Approx.ApproxCacheObject[]
[APPROX] Constructing Approximation
[APPROX] Resolving approximation
[CTRL] Initiating iterator over current linear queries
[APPROX] # Conjunctions over output: 9
[CTRL] Processing linear query no. 67
[NNENUM] Running nnenum now...
[NNENUM] lb: [0.07999999999999999, 0.09999999999999999, 0.672462957785854]
[NNENUM] ub: [16.376852110707294, 7.4262139003490955, 1.0]
[NNENUM] Creating LP Star...
[NNENUM] Checking feasibility
[NNENUM] Generating output Spec...
[NNENUM] Spec list length:  9
[NNENUM] Enumeration in progress... 
(0.0 sec) Q: 0, Sets: 0/1  (0.0%) CEs: 0 ETA: - (expected 1 stars)   
(0.2 sec) Q: 0, Sets: 0/4  (0.0%) CEs: 0 ETA: - (expected 1 stars)   
(0.3 sec) Q: 0, Sets: 17/20  (50.0%) CEs: 0 ETA: 0.3 sec (expected 34 stars)   
(0.4 sec) Q: 0, Sets: 25/33  (50.562%) CEs: 0 ETA: 0.4 sec (expected 49 stars)   
(0.5 sec) Q: 0, Sets: 48/50  (68.75%) CEs: 0 ETA: 0.2 sec (expected 70 stars)   
Total Stars: 73 (5 exact, 68 approx)
Unfinished Stars: 0
Runtime: 0.5 sec
Completed work frac: 1.0
Num Stars Copied Between Processes: 0
Num Lps During Enumeration: 138
Total Num Lps: 138

Result: network is SAFE

[NNENUM] Result: 
<nnenum.result.Result object at 0x7f948ef44850>
[NNENUM] Enumeration finished.
safe
[NNENUM] Found counter-example stars: 0
[NNENUM] Filtering result using SMT solver...
[SMT] SMT filtered out 0 stars (out of 0; TO: 0).
.[QUERY] Found all non-linear combinations. Count: 1
.[QUERY] Found all non-linear combinations. Count: 1
.[QUERY] Found all non-linear combinations. Count: 1
.[QUERY] Found all non-linear combinations. Count: 1
[QUERY] Found all non-linear combinations. Count: 1
.[QUERY] Found all non-linear combinations. Count: 1
[QUERY] Returning nonlinear disjunction
[CTRL] Considering conjunction with 5 input constraints and a disjunction of size 6
[APPROX] Checking cache: SNNT.Approx.ApproxCacheObject[]
[APPROX] Constructing Approximation
[APPROX] Resolving approximation
[CTRL] Initiating iterator over current linear queries
[APPROX] # Conjunctions over output: 6
[CTRL] Processing linear query no. 68
[NNENUM] Running nnenum now...
[NNENUM] lb: [0.07999999999999999, 0.0, 0.672462957785854]
[NNENUM] ub: [16.376852110707294, 0.09999999999999999, 1.0]
[NNENUM] Creating LP Star...
[NNENUM] Checking feasibility
[NNENUM] Generating output Spec...
[NNENUM] Spec list length:  6
[NNENUM] Enumeration in progress... 

[NNENUM] Result: 
<nnenum.result.Result object at 0x7f94910d3580>
[NNENUM] Enumeration finished.
safe
[NNENUM] Filtering result using SMT solver...
[SMT] SMT filtered out 0 stars (out of 0; TO: 0).
[QUERY] Found all non-linear combinations. Count: 1
[QUERY] Found all non-linear combinations. Count: 1
[QUERY] Found all non-linear combinations. Count: 1
[QUERY] Found all non-linear combinations. Count: 1
[QUERY] Found all non-linear combinations. Count: 1
[QUERY] Found all non-linear combinations. Count: 1
[QUERY] Found all non-linear combinations. Count: 1
[QUERY] Found all non-linear combinations. Count: 1
[QUERY] Found all non-linear combinations. Count: 1
[QUERY] Returning nonlinear disjunction
[CTRL] Considering conjunction with 5 input constraints and a disjunction of size 9
[APPROX] Checking cache: SNNT.Approx.ApproxCacheObject[]
[APPROX] Constructing Approximation
[APPROX] Resolving approximation
[CTRL] Initiating iterator over current linear queries
[APPROX] # Conjunctions over output: 9
[CTRL] Processing linear query no. 69
[NNENUM] Running nnenum now...
[NNENUM] lb: [0.07999999999999999, 0.0, 0.672462957785854]
[NNENUM] ub: [16.376852110707294, 0.09999999999999999, 1.0]
[NNENUM] Creating LP Star...
[NNENUM] Checking feasibility
[NNENUM] Generating output Spec...
[NNENUM] Spec list length:  9
[NNENUM] Enumeration in progress... 
(0.1 sec) Q: 0, Sets: 0/1  (0.0%) CEs: 0 ETA: - (expected 1 stars)   
(0.2 sec) Q: 0, Sets: 0/1  (0.0%) CEs: 0 ETA: - (expected 1 stars)   

Total Stars: 5 (0 exact, 5 approx)
Unfinished Stars: 0
Runtime: 0.2 sec
Completed work frac: 1.0
Num Stars Copied Between Processes: 0
Num Lps During Enumeration: 0
Total Num Lps: 0

Result: network is SAFE

[NNENUM] Result: 
<nnenum.result.Result object at 0x7f948ef44190>
[NNENUM] Enumeration finished.
safe
[NNENUM] Found counter-example stars: 0
[NNENUM] Filtering result using SMT solver...
[SMT] SMT filtered out 0 stars (out of 0; TO: 0).
[QUERY] Found all non-linear combinations. Count: 1
[QUERY] Found all non-linear combinations. Count: 1
[QUERY] Found all non-linear combinations. Count: 1
[QUERY] Found all non-linear combinations. Count: 1
[QUERY] Found all non-linear combinations. Count: 1
[QUERY] Found all non-linear combinations. Count: 1
[QUERY] Returning nonlinear disjunction
[CTRL] Considering conjunction with 5 input constraints and a disjunction of size 6
[APPROX] Checking cache: SNNT.Approx.ApproxCacheObject[]
[APPROX] Constructing Approximation
[APPROX] Resolving approximation
[CTRL] Initiating iterator over current linear queries
[APPROX] # Conjunctions over output: 6
[CTRL] Processing linear query no. 70
[NNENUM] Running nnenum now...
[NNENUM] lb: [0.07999999999999999, 0.0, 0.672462957785854]
[NNENUM] ub: [16.376852110707294, 0.09999999999999999, 1.0]
[NNENUM] Creating LP Star...
[NNENUM] Checking feasibility
[NNENUM] Generating output Spec...
[NNENUM] Spec list length:  6
[NNENUM] Enumeration in progress... 

[NNENUM] Result: 
<nnenum.result.Result object at 0x7f9494cef340>
[NNENUM] Enumeration finished.
safe
[NNENUM] Filtering result using SMT solver...
[SMT] SMT filtered out 0 stars (out of 0; TO: 0).
[QUERY] Found all non-linear combinations. Count: 1
[QUERY] Found all non-linear combinations. Count: 1
[QUERY] Found all non-linear combinations. Count: 1
[QUERY] Found all non-linear combinations. Count: 1
[QUERY] Found all non-linear combinations. Count: 1
[QUERY] Found all non-linear combinations. Count: 1
[QUERY] Found all non-linear combinations. Count: 1
[QUERY] Found all non-linear combinations. Count: 1
[QUERY] Found all non-linear combinations. Count: 1
[QUERY] Returning nonlinear disjunction
[CTRL] Considering conjunction with 5 input constraints and a disjunction of size 9
[APPROX] Checking cache: SNNT.Approx.ApproxCacheObject[]
[APPROX] Constructing Approximation
[APPROX] Resolving approximation
[CTRL] Initiating iterator over current linear queries
[APPROX] # Conjunctions over output: 9
[CTRL] Processing linear query no. 71
[NNENUM] Running nnenum now...
[NNENUM] lb: [0.07999999999999999, 0.0, 0.672462957785854]
[NNENUM] ub: [16.376852110707294, 0.0, 1.0]
[NNENUM] Creating LP Star...
[NNENUM] Checking feasibility
[NNENUM] Generating output Spec...
[NNENUM] Spec list length:  9
[NNENUM] Enumeration in progress... 
(0.0 sec) Q: 0, Sets: 0/1  (0.0%) CEs: 0 ETA: - (expected 1 stars)   

Total Stars: 4 (0 exact, 4 approx)
Unfinished Stars: 0
Runtime: 0.1 sec
Completed work frac: 1.0
Num Stars Copied Between Processes: 0
Num Lps During Enumeration: 0
Total Num Lps: 0

Result: network is SAFE

[NNENUM] Result: 
<nnenum.result.Result object at 0x7f94948e76d0>
[NNENUM] Enumeration finished.
safe
[NNENUM] Found counter-example stars: 0
[NNENUM] Filtering result using SMT solver...
[SMT] SMT filtered out 0 stars (out of 0; TO: 0).
.[QUERY] Found all non-linear combinations. Count: 1
[QUERY] Found all non-linear combinations. Count: 1
[QUERY] Returning nonlinear disjunction
[CTRL] Considering conjunction with 5 input constraints and a disjunction of size 2
[APPROX] Checking cache: SNNT.Approx.ApproxCacheObject[]
[APPROX] Constructing Approximation
[APPROX] Resolving approximation
[CTRL] Initiating iterator over current linear queries
[APPROX] # Conjunctions over output: 2
[CTRL] Processing linear query no. 72
[NNENUM] Running nnenum now...
[NNENUM] lb: [16.376852110707294, 0.09999999999999999, 0.672462957785854]
[NNENUM] ub: [31.703236423477783, 7.4262139003490955, 1.0]
[NNENUM] Creating LP Star...
[NNENUM] Checking feasibility
[NNENUM] Generating output Spec...
[NNENUM] Spec list length:  2
[NNENUM] Enumeration in progress... 

[NNENUM] Result: 
<nnenum.result.Result object at 0x7f9491da7850>
[NNENUM] Enumeration finished.
safe
[NNENUM] Filtering result using SMT solver...
[SMT] SMT filtered out 0 stars (out of 0; TO: 0).
[QUERY] Found all non-linear combinations. Count: 1
[QUERY] Returning nonlinear disjunction
[CTRL] Considering conjunction with 5 input constraints and a disjunction of size 1
[APPROX] Checking cache: SNNT.Approx.ApproxCacheObject[]
[APPROX] Constructing Approximation
[APPROX] Resolving approximation
[CTRL] Initiating iterator over current linear queries
[APPROX] # Conjunctions over output: 1
[CTRL] Processing linear query no. 73
[NNENUM] Running nnenum now...
[NNENUM] lb: [31.703236423477783, 0.0, 0.672462957785854]
[NNENUM] ub: [100.0, 0.0, 1.0]
[NNENUM] Creating LP Star...
[NNENUM] Checking feasibility
[NNENUM] Generating output Spec...
[NNENUM] Spec list length:  1
[NNENUM] Enumeration in progress... 

[NNENUM] Result: 
<nnenum.result.Result object at 0x7f94948f8fd0>
[NNENUM] Enumeration finished.
safe
[NNENUM] Filtering result using SMT solver...
[SMT] SMT filtered out 0 stars (out of 0; TO: 0).
[QUERY] Found all non-linear combinations. Count: 1
[QUERY] Found all non-linear combinations. Count: 1
[QUERY] Returning nonlinear disjunction
[CTRL] Considering conjunction with 5 input constraints and a disjunction of size 2
[APPROX] Checking cache: SNNT.Approx.ApproxCacheObject[]
[APPROX] Constructing Approximation
[APPROX] Resolving approximation
[CTRL] Initiating iterator over current linear queries
[APPROX] # Conjunctions over output: 2
[CTRL] Processing linear query no. 74
[NNENUM] Running nnenum now...
[NNENUM] lb: [16.376852110707294, 0.0, 0.672462957785854]
[NNENUM] ub: [31.703236423477783, 0.0, 1.0]
[NNENUM] Creating LP Star...
[NNENUM] Checking feasibility
[NNENUM] Generating output Spec...
[NNENUM] Spec list length:  2
[NNENUM] Enumeration in progress... 

[NNENUM] Result: 
<nnenum.result.Result object at 0x7f94948eb610>
[NNENUM] Enumeration finished.
safe
[NNENUM] Filtering result using SMT solver...
[SMT] SMT filtered out 0 stars (out of 0; TO: 0).
.[QUERY] Found all non-linear combinations. Count: 1
[QUERY] Returning nonlinear disjunction
[CTRL] Considering conjunction with 5 input constraints and a disjunction of size 1
[APPROX] Checking cache: SNNT.Approx.ApproxCacheObject[]
[APPROX] Constructing Approximation
[APPROX] Resolving approximation
[CTRL] Initiating iterator over current linear queries
[APPROX] # Conjunctions over output: 1
[CTRL] Processing linear query no. 75
[NNENUM] Running nnenum now...
[NNENUM] lb: [31.703236423477783, 0.0, 0.672462957785854]
[NNENUM] ub: [100.0, 0.09999999999999999, 1.0]
[NNENUM] Creating LP Star...
[NNENUM] Checking feasibility
[NNENUM] Generating output Spec...
[NNENUM] Spec list length:  1
[NNENUM] Enumeration in progress... 

[NNENUM] Result: 
<nnenum.result.Result object at 0x7f94948f8b20>
[NNENUM] Enumeration finished.
safe
[NNENUM] Filtering result using SMT solver...
[SMT] SMT filtered out 0 stars (out of 0; TO: 0).
.[QUERY] Found all non-linear combinations. Count: 1
[QUERY] Found all non-linear combinations. Count: 1
[QUERY] Returning nonlinear disjunction
[CTRL] Considering conjunction with 5 input constraints and a disjunction of size 2
[APPROX] Checking cache: SNNT.Approx.ApproxCacheObject[]
[APPROX] Constructing Approximation
[APPROX] Resolving approximation
[CTRL] Initiating iterator over current linear queries
[APPROX] # Conjunctions over output: 2
[CTRL] Processing linear query no. 76
[NNENUM] Running nnenum now...
[NNENUM] lb: [31.703236423477783, 0.09999999999999999, 0.672462957785854]
[NNENUM] ub: [100.0, 7.4262139003490955, 1.0]
[NNENUM] Creating LP Star...
[NNENUM] Checking feasibility
[NNENUM] Generating output Spec...
[NNENUM] Spec list length:  2
[NNENUM] Enumeration in progress... 

[NNENUM] Result: 
<nnenum.result.Result object at 0x7f94910d3730>
[NNENUM] Enumeration finished.
safe
[NNENUM] Filtering result using SMT solver...
[SMT] SMT filtered out 0 stars (out of 0; TO: 0).
.[QUERY] Found all non-linear combinations. Count: 1
[QUERY] Found all non-linear combinations. Count: 1
[QUERY] Returning nonlinear disjunction
[CTRL] Considering conjunction with 5 input constraints and a disjunction of size 2
[APPROX] Checking cache: SNNT.Approx.ApproxCacheObject[]
[APPROX] Constructing Approximation
[APPROX] Resolving approximation
[CTRL] Initiating iterator over current linear queries
[APPROX] # Conjunctions over output: 2
[CTRL] Processing linear query no. 77
[NNENUM] Running nnenum now...
[NNENUM] lb: [16.376852110707294, 0.0, 0.672462957785854]
[NNENUM] ub: [31.703236423477783, 0.09999999999999999, 1.0]
[NNENUM] Creating LP Star...
[NNENUM] Checking feasibility
[NNENUM] Generating output Spec...
[NNENUM] Spec list length:  2
[NNENUM] Enumeration in progress... 

[NNENUM] Result: 
<nnenum.result.Result object at 0x7f948ef44400>
[NNENUM] Enumeration finished.
safe
[NNENUM] Filtering result using SMT solver...
[SMT] SMT filtered out 0 stars (out of 0; TO: 0).
..[QUERY] Found all non-linear combinations. Count: 3
[QUERY] Found all non-linear combinations. Count: 1
.[QUERY] Found all non-linear combinations. Count: 1
..[QUERY] Found all non-linear combinations. Count: 1
..[QUERY] Found all non-linear combinations. Count: 1
[QUERY] Found all non-linear combinations. Count: 1
..[QUERY] Found all non-linear combinations. Count: 3
[QUERY] Found all non-linear combinations. Count: 2
[QUERY] Found all non-linear combinations. Count: 1
[QUERY] Found all non-linear combinations. Count: 1
[QUERY] Found all non-linear combinations. Count: 1
[QUERY] Found all non-linear combinations. Count: 1
[QUERY] Found all non-linear combinations. Count: 1
[QUERY] Found all non-linear combinations. Count: 1
[QUERY] Returning nonlinear disjunction
[CTRL] Considering conjunction with 5 input constraints and a disjunction of size 14
[APPROX] Checking cache: SNNT.Approx.ApproxCacheObject[]
[APPROX] Constructing Approximation
[APPROX] Resolving approximation
[CTRL] Initiating iterator over current linear queries
[APPROX] # Conjunctions over output: 14
[CTRL] Processing linear query no. 78
[NNENUM] Running nnenum now...
[NNENUM] lb: [0.0, -17.837453728392095, 0.672462957785854]
[NNENUM] ub: [0.07999999999999999, -2.1, 1.0]
[NNENUM] Creating LP Star...
[NNENUM] Checking feasibility
[NNENUM] Generating output Spec...
[NNENUM] Spec list length:  14
[NNENUM] Enumeration in progress... 

[NNENUM] Result: 
<nnenum.result.Result object at 0x7f94948ebe80>
[NNENUM] Enumeration finished.
safe
[NNENUM] Filtering result using SMT solver...
[SMT] SMT filtered out 0 stars (out of 0; TO: 0).
.[QUERY] Found all non-linear combinations. Count: 1
.[QUERY] Found all non-linear combinations. Count: 1
.[QUERY] Found all non-linear combinations. Count: 1
.[QUERY] Found all non-linear combinations. Count: 1
.[QUERY] Found all non-linear combinations. Count: 1
[QUERY] Found all non-linear combinations. Count: 1
[QUERY] Found all non-linear combinations. Count: 1
.[QUERY] Found all non-linear combinations. Count: 1
.[QUERY] Found all non-linear combinations. Count: 1
.[QUERY] Found all non-linear combinations. Count: 1
[QUERY] Found all non-linear combinations. Count: 2
.[QUERY] Found all non-linear combinations. Count: 1
.[QUERY] Found all non-linear combinations. Count: 1
[QUERY] Found all non-linear combinations. Count: 2
.[QUERY] Found all non-linear combinations. Count: 3
..[QUERY] Found all non-linear combinations. Count: 3
[QUERY] Found all non-linear combinations. Count: 2
[QUERY] Found all non-linear combinations. Count: 1
[QUERY] Found all non-linear combinations. Count: 1
.[QUERY] Found all non-linear combinations. Count: 1
[QUERY] Found all non-linear combinations. Count: 1
[QUERY] Found all non-linear combinations. Count: 1
[QUERY] Found all non-linear combinations. Count: 1
[QUERY] Returning nonlinear disjunction
[CTRL] Considering conjunction with 5 input constraints and a disjunction of size 23
[APPROX] Checking cache: SNNT.Approx.ApproxCacheObject[]
[APPROX] Constructing Approximation
[APPROX] Resolving approximation
[CTRL] Initiating iterator over current linear queries
[APPROX] # Conjunctions over output: 23
[CTRL] Processing linear query no. 79
[NNENUM] Running nnenum now...
[NNENUM] lb: [0.07999999999999999, -17.837453728392095, 0.672462957785854]
[NNENUM] ub: [16.376852110707294, -2.1, 1.0]
[NNENUM] Creating LP Star...
[NNENUM] Checking feasibility
[NNENUM] Generating output Spec...
[NNENUM] Spec list length:  23
[NNENUM] Enumeration in progress... 
(0.1 sec) Q: 0, Sets: 0/1  (0.0%) CEs: 0 ETA: - (expected 1 stars)   

Total Stars: 3 (0 exact, 3 approx)
Unfinished Stars: 0
Runtime: 0.2 sec
Completed work frac: 1.0
Num Stars Copied Between Processes: 0
Num Lps During Enumeration: 0
Total Num Lps: 0

Result: network is SAFE

[NNENUM] Result: 
<nnenum.result.Result object at 0x7f9491da7790>
[NNENUM] Enumeration finished.
safe
[NNENUM] Found counter-example stars: 0
[NNENUM] Filtering result using SMT solver...
[SMT] SMT filtered out 0 stars (out of 0; TO: 0).
.[QUERY] Found all non-linear combinations. Count: 1
.[QUERY] Found all non-linear combinations. Count: 1
.[QUERY] Found all non-linear combinations. Count: 1
.[QUERY] Found all non-linear combinations. Count: 1
[QUERY] Found all non-linear combinations. Count: 2
[QUERY] Found all non-linear combinations. Count: 2
[QUERY] Found all non-linear combinations. Count: 2
[QUERY] Found all non-linear combinations. Count: 2
[QUERY] Found all non-linear combinations. Count: 2
[QUERY] Found all non-linear combinations. Count: 2
[QUERY] Found all non-linear combinations. Count: 1
[QUERY] Found all non-linear combinations. Count: 2
[QUERY] Found all non-linear combinations. Count: 2
[QUERY] Found all non-linear combinations. Count: 2
[QUERY] Found all non-linear combinations. Count: 2
[QUERY] Found all non-linear combinations. Count: 2
[QUERY] Found all non-linear combinations. Count: 2
[QUERY] Found all non-linear combinations. Count: 2
[QUERY] Returning nonlinear disjunction
[CTRL] Considering conjunction with 5 input constraints and a disjunction of size 18
[APPROX] Checking cache: SNNT.Approx.ApproxCacheObject[]
[APPROX] Constructing Approximation
[APPROX] Resolving approximation
[CTRL] Initiating iterator over current linear queries
[APPROX] # Conjunctions over output: 18
[CTRL] Processing linear query no. 80
[NNENUM] Running nnenum now...
[NNENUM] lb: [0.07999999999999999, -17.837453728392095, 0.672462957785854]
[NNENUM] ub: [16.376852110707294, -2.1, 1.0]
[NNENUM] Creating LP Star...
[NNENUM] Checking feasibility
[NNENUM] Generating output Spec...
[NNENUM] Spec list length:  18
[NNENUM] Enumeration in progress... 
(0.0 sec) Q: 0, Sets: 0/1  (0.0%) CEs: 0 ETA: - (expected 1 stars)   
(0.1 sec) Q: 0, Sets: 11/17  (50.781%) CEs: 0 ETA: 0.1 sec (expected 22 stars)   
(0.3 sec) Q: 0, Sets: 13/20  (51.172%) CEs: 0 ETA: 0.2 sec (expected 25 stars)   
(0.4 sec) Q: 0, Sets: 24/29  (56.25%) CEs: 0 ETA: 0.3 sec (expected 43 stars)   
(0.5 sec) Q: 0, Sets: 37/41  (60.938%) CEs: 0 ETA: 0.3 sec (expected 61 stars)   
(0.6 sec) Q: 0, Sets: 54/56  (96.875%) CEs: 0 ETA: 0.0 sec (expected 56 stars)   
Total Stars: 64 (10 exact, 54 approx)
Unfinished Stars: 0
Runtime: 0.6 sec
Completed work frac: 1.0
Num Stars Copied Between Processes: 0
Num Lps During Enumeration: 328
Total Num Lps: 328

Result: network is SAFE

[NNENUM] Result: 
<nnenum.result.Result object at 0x7f94948d1e20>
[NNENUM] Enumeration finished.
safe
[NNENUM] Found counter-example stars: 0
[NNENUM] Filtering result using SMT solver...
[SMT] SMT filtered out 0 stars (out of 0; TO: 0).
...[QUERY] Found all non-linear combinations. Count: 2
[QUERY] Found all non-linear combinations. Count: 1
[QUERY] Found all non-linear combinations. Count: 1
[QUERY] Found all non-linear combinations. Count: 1
[QUERY] Found all non-linear combinations. Count: 2
[QUERY] Found all non-linear combinations. Count: 1
[QUERY] Found all non-linear combinations. Count: 1
[QUERY] Found all non-linear combinations. Count: 1
[QUERY] Found all non-linear combinations. Count: 1
[QUERY] Found all non-linear combinations. Count: 2
[QUERY] Found all non-linear combinations. Count: 2
[QUERY] Found all non-linear combinations. Count: 2
[QUERY] Found all non-linear combinations. Count: 2
[QUERY] Found all non-linear combinations. Count: 2
[QUERY] Returning nonlinear disjunction
[CTRL] Considering conjunction with 5 input constraints and a disjunction of size 14
[APPROX] Checking cache: SNNT.Approx.ApproxCacheObject[]
[APPROX] Constructing Approximation
[APPROX] Resolving approximation
[CTRL] Initiating iterator over current linear queries
[APPROX] # Conjunctions over output: 14
[CTRL] Processing linear query no. 81
[NNENUM] Running nnenum now...
[NNENUM] lb: [0.07999999999999999, -2.1, 0.672462957785854]
[NNENUM] ub: [16.376852110707294, 0.0, 1.0]
[NNENUM] Creating LP Star...
[NNENUM] Checking feasibility
[NNENUM] Generating output Spec...
[NNENUM] Spec list length:  14
[NNENUM] Enumeration in progress... 
(0.1 sec) Q: 0, Sets: 0/1  (0.0%) CEs: 0 ETA: - (expected 1 stars)   
(0.2 sec) Q: 0, Sets: 4/12  (12.793%) CEs: 0 ETA: 1.1 sec (expected 31 stars)   
(0.3 sec) Q: 0, Sets: 14/24  (13.306%) CEs: 0 ETA: 1.7 sec (expected 105 stars)   
(0.4 sec) Q: 0, Sets: 30/36  (14.648%) CEs: 0 ETA: 2.1 sec (expected 205 stars)   
(0.5 sec) Q: 0, Sets: 46/54  (17.969%) CEs: 0 ETA: 2.1 sec (expected 256 stars)   
(0.6 sec) Q: 0, Sets: 65/69  (44.531%) CEs: 0 ETA: 0.7 sec (expected 146 stars)   
(0.7 sec) Q: 0, Sets: 84/84  (100.0%) CEs: 0 ETA: 0.0 sec (expected 84 stars)   
Total Stars: 84 (5 exact, 79 approx)
Unfinished Stars: 0
Runtime: 0.7 sec
Completed work frac: 1.0
Num Stars Copied Between Processes: 0
Num Lps During Enumeration: 126
Total Num Lps: 126

Result: network is SAFE

[NNENUM] Result: 
<nnenum.result.Result object at 0x7f94948d1ca0>
[NNENUM] Enumeration finished.
safe
[NNENUM] Found counter-example stars: 0
[NNENUM] Filtering result using SMT solver...
[SMT] SMT filtered out 0 stars (out of 0; TO: 0).
[QUERY] Found all non-linear combinations. Count: 1
[QUERY] Found all non-linear combinations. Count: 1
[QUERY] Found all non-linear combinations. Count: 1
[QUERY] Returning nonlinear disjunction
[CTRL] Considering conjunction with 5 input constraints and a disjunction of size 3
[APPROX] Checking cache: SNNT.Approx.ApproxCacheObject[]
[APPROX] Constructing Approximation
[APPROX] Resolving approximation
[CTRL] Initiating iterator over current linear queries
[APPROX] # Conjunctions over output: 3
[CTRL] Processing linear query no. 82
[NNENUM] Running nnenum now...
[NNENUM] lb: [0.07999999999999999, -17.837453728392095, 0.672462957785854]
[NNENUM] ub: [16.376852110707294, -2.1, 1.0]
[NNENUM] Creating LP Star...
[NNENUM] Checking feasibility
[NNENUM] Generating output Spec...
[NNENUM] Spec list length:  3
[NNENUM] Enumeration in progress... 
(0.0 sec) Q: 0, Sets: 0/1  (0.0%) CEs: 0 ETA: - (expected 1 stars)   

Total Stars: 7 (4 exact, 3 approx)
Unfinished Stars: 0
Runtime: 0.1 sec
Completed work frac: 1.0
Num Stars Copied Between Processes: 0
Num Lps During Enumeration: 247
Total Num Lps: 247

Result: network is SAFE

[NNENUM] Result: 
<nnenum.result.Result object at 0x7f94948e79d0>
[NNENUM] Enumeration finished.
safe
[NNENUM] Found counter-example stars: 0
[NNENUM] Filtering result using SMT solver...
[SMT] SMT filtered out 0 stars (out of 0; TO: 0).
.[QUERY] Found all non-linear combinations. Count: 1
.[QUERY] Found all non-linear combinations. Count: 1
.[QUERY] Found all non-linear combinations. Count: 1
.[QUERY] Found all non-linear combinations. Count: 1
.[QUERY] Found all non-linear combinations. Count: 1
[QUERY] Found all non-linear combinations. Count: 1
[QUERY] Found all non-linear combinations. Count: 1
[QUERY] Found all non-linear combinations. Count: 1
[QUERY] Found all non-linear combinations. Count: 1
[QUERY] Found all non-linear combinations. Count: 2
.[QUERY] Found all non-linear combinations. Count: 1
.[QUERY] Found all non-linear combinations. Count: 3
.[QUERY] Found all non-linear combinations. Count: 1
[QUERY] Found all non-linear combinations. Count: 1
[QUERY] Found all non-linear combinations. Count: 1
[QUERY] Found all non-linear combinations. Count: 1
[QUERY] Returning nonlinear disjunction
[CTRL] Considering conjunction with 5 input constraints and a disjunction of size 16
[APPROX] Checking cache: SNNT.Approx.ApproxCacheObject[]
[APPROX] Constructing Approximation
[APPROX] Resolving approximation
[CTRL] Initiating iterator over current linear queries
[APPROX] # Conjunctions over output: 16
[CTRL] Processing linear query no. 83
[NNENUM] Running nnenum now...
[NNENUM] lb: [0.07999999999999999, -2.1, 0.672462957785854]
[NNENUM] ub: [16.376852110707294, 0.0, 1.0]
[NNENUM] Creating LP Star...
[NNENUM] Checking feasibility
[NNENUM] Generating output Spec...
[NNENUM] Spec list length:  16
[NNENUM] Enumeration in progress... 
(0.0 sec) Q: 0, Sets: 0/1  (0.0%) CEs: 0 ETA: - (expected 1 stars)   
(0.1 sec) Q: 0, Sets: 0/2  (0.0%) CEs: 0 ETA: - (expected 1 stars)   
(0.3 sec) Q: 0, Sets: 5/8  (62.5%) CEs: 4 ETA: 0.2 sec (expected 8 stars)   
(0.4 sec) Q: 0, Sets: 14/17  (82.812%) CEs: 9 ETA: 0.1 sec (expected 17 stars)   
(0.5 sec) Q: 0, Sets: 17/20  (83.984%) CEs: 14 ETA: 0.1 sec (expected 20 stars)   
(0.6 sec) Q: 0, Sets: 23/25  (85.938%) CEs: 19 ETA: 0.1 sec (expected 27 stars)   
(0.7 sec) Q: 0, Sets: 29/31  (95.312%) CEs: 24 ETA: 0.0 sec (expected 30 stars)   
Total Stars: 32 (30 exact, 2 approx)
Unfinished Stars: 0
Runtime: 0.7 sec
Completed work frac: 1.0
Num Stars Copied Between Processes: 0
Num Lps During Enumeration: 572
Total Num Lps: 572

Result: network is UNSAFE with confirmed counterexample in result.cinput and result.coutput
Input: [0.07999999821186066, -0.800000011920929, 0.6724629402160645]
Output: [38.1334114074707]

[NNENUM] Result: 
<nnenum.result.Result object at 0x7f94910dd400>
[NNENUM] Enumeration finished.
unsafe
[NNENUM] Found counter-example stars: 27
[NNENUM] Filtering result using SMT solver...
[SMT] SMT filtered out 27 stars (out of 27; TO: 0).
[QUERY] Found all non-linear combinations. Count: 1
[QUERY] Found all non-linear combinations. Count: 1
[QUERY] Found all non-linear combinations. Count: 1
[QUERY] Found all non-linear combinations. Count: 1
.[QUERY] Found all non-linear combinations. Count: 1
.[QUERY] Found all non-linear combinations. Count: 1
.[QUERY] Found all non-linear combinations. Count: 1
.[QUERY] Found all non-linear combinations. Count: 1
..[QUERY] Found all non-linear combinations. Count: 1
[QUERY] Returning nonlinear disjunction
[CTRL] Considering conjunction with 5 input constraints and a disjunction of size 9
[APPROX] Checking cache: SNNT.Approx.ApproxCacheObject[]
[APPROX] Constructing Approximation
[APPROX] Resolving approximation
[CTRL] Initiating iterator over current linear queries
[APPROX] # Conjunctions over output: 9
[CTRL] Processing linear query no. 84
[NNENUM] Running nnenum now...
[NNENUM] lb: [0.07999999999999999, -2.1, 0.672462957785854]
[NNENUM] ub: [16.376852110707294, 0.0, 1.0]
[NNENUM] Creating LP Star...
[NNENUM] Checking feasibility
[NNENUM] Generating output Spec...
[NNENUM] Spec list length:  9
[NNENUM] Enumeration in progress... 
(0.0 sec) Q: 0, Sets: 0/1  (0.0%) CEs: 0 ETA: - (expected 1 stars)   
(0.2 sec) Q: 0, Sets: 3/11  (1.27%) CEs: 0 ETA: 13.4 sec (expected 236 stars)   
(0.3 sec) Q: 0, Sets: 22/24  (37.5%) CEs: 0 ETA: 0.5 sec (expected 59 stars)   
Total Stars: 28 (3 exact, 25 approx)
Unfinished Stars: 0
Runtime: 0.3 sec
Completed work frac: 1.0
Num Stars Copied Between Processes: 0
Num Lps During Enumeration: 93
Total Num Lps: 93

Result: network is SAFE

[NNENUM] Result: 
<nnenum.result.Result object at 0x7f9494cefd90>
[NNENUM] Enumeration finished.
safe
[NNENUM] Found counter-example stars: 0
[NNENUM] Filtering result using SMT solver...
[SMT] SMT filtered out 0 stars (out of 0; TO: 0).
[QUERY] Found all non-linear combinations. Count: 1
[QUERY] Found all non-linear combinations. Count: 1
[QUERY] Found all non-linear combinations. Count: 1
[QUERY] Found all non-linear combinations. Count: 1
[QUERY] Found all non-linear combinations. Count: 1
[QUERY] Found all non-linear combinations. Count: 1
[QUERY] Found all non-linear combinations. Count: 1
[QUERY] Found all non-linear combinations. Count: 1
[QUERY] Found all non-linear combinations. Count: 1
[QUERY] Returning nonlinear disjunction
[CTRL] Considering conjunction with 5 input constraints and a disjunction of size 9
[APPROX] Checking cache: SNNT.Approx.ApproxCacheObject[]
[APPROX] Constructing Approximation
[APPROX] Resolving approximation
[CTRL] Initiating iterator over current linear queries
[APPROX] # Conjunctions over output: 9
[CTRL] Processing linear query no. 85
[NNENUM] Running nnenum now...
[NNENUM] lb: [0.07999999999999999, -2.1, 0.672462957785854]
[NNENUM] ub: [16.376852110707294, 0.0, 1.0]
[NNENUM] Creating LP Star...
[NNENUM] Checking feasibility
[NNENUM] Generating output Spec...
[NNENUM] Spec list length:  9
[NNENUM] Enumeration in progress... 
(0.1 sec) Q: 0, Sets: 0/1  (0.0%) CEs: 0 ETA: - (expected 1 stars)   
(0.2 sec) Q: 0, Sets: 9/19  (0.854%) CEs: 0 ETA: 20.5 sec (expected 1053 stars)   
(0.3 sec) Q: 0, Sets: 18/26  (3.32%) CEs: 0 ETA: 8.1 sec (expected 542 stars)   
(0.4 sec) Q: 0, Sets: 33/38  (8.594%) CEs: 0 ETA: 4.0 sec (expected 384 stars)   
(0.5 sec) Q: 0, Sets: 50/58  (11.438%) CEs: 0 ETA: 3.7 sec (expected 437 stars)   
(0.6 sec) Q: 0, Sets: 70/72  (46.875%) CEs: 0 ETA: 0.7 sec (expected 149 stars)   
(0.7 sec) Q: 0, Sets: 85/91  (63.086%) CEs: 0 ETA: 0.4 sec (expected 135 stars)   
(0.8 sec) Q: 0, Sets: 99/103  (78.125%) CEs: 0 ETA: 0.2 sec (expected 127 stars)   
(0.9 sec) Q: 0, Sets: 120/123  (89.062%) CEs: 0 ETA: 0.1 sec (expected 135 stars)   
Total Stars: 136 (7 exact, 129 approx)
Unfinished Stars: 0
Runtime: 0.9 sec
Completed work frac: 1.0
Num Stars Copied Between Processes: 0
Num Lps During Enumeration: 126
Total Num Lps: 126

Result: network is SAFE

[NNENUM] Result: 
<nnenum.result.Result object at 0x7f9491da7a60>
[NNENUM] Enumeration finished.
safe
[NNENUM] Found counter-example stars: 0
[NNENUM] Filtering result using SMT solver...
[SMT] SMT filtered out 0 stars (out of 0; TO: 0).
[QUERY] Found all non-linear combinations. Count: 1
[QUERY] Found all non-linear combinations. Count: 1
[QUERY] Found all non-linear combinations. Count: 1
[QUERY] Found all non-linear combinations. Count: 1
[QUERY] Found all non-linear combinations. Count: 1
[QUERY] Found all non-linear combinations. Count: 2
[QUERY] Found all non-linear combinations. Count: 2
[QUERY] Found all non-linear combinations. Count: 2
[QUERY] Found all non-linear combinations. Count: 2
[QUERY] Found all non-linear combinations. Count: 2
[QUERY] Found all non-linear combinations. Count: 2
[QUERY] Returning nonlinear disjunction
[CTRL] Considering conjunction with 5 input constraints and a disjunction of size 11
[APPROX] Checking cache: SNNT.Approx.ApproxCacheObject[]
[APPROX] Constructing Approximation
[APPROX] Resolving approximation
[CTRL] Initiating iterator over current linear queries
[APPROX] # Conjunctions over output: 11
[CTRL] Processing linear query no. 86
[NNENUM] Running nnenum now...
[NNENUM] lb: [16.376852110707294, -63.40647284695557, 0.672462957785854]
[NNENUM] ub: [31.703236423477783, -17.837453728392095, 1.0]
[NNENUM] Creating LP Star...
[NNENUM] Checking feasibility
[NNENUM] Generating output Spec...
[NNENUM] Spec list length:  11
[NNENUM] Enumeration in progress... 
(0.0 sec) Q: 0, Sets: 0/1  (0.0%) CEs: 0 ETA: - (expected 1 stars)   

Total Stars: 7 (1 exact, 6 approx)
Unfinished Stars: 0
Runtime: 0.1 sec
Completed work frac: 1.0
Num Stars Copied Between Processes: 0
Num Lps During Enumeration: 61
Total Num Lps: 61

Result: network is SAFE

[NNENUM] Result: 
<nnenum.result.Result object at 0x7f94948d1bb0>
[NNENUM] Enumeration finished.
safe
[NNENUM] Found counter-example stars: 0
[NNENUM] Filtering result using SMT solver...
[SMT] SMT filtered out 0 stars (out of 0; TO: 0).
..[QUERY] Found all non-linear combinations. Count: 6
[QUERY] Returning nonlinear disjunction
[CTRL] Considering conjunction with 5 input constraints and a disjunction of size 1
[APPROX] Checking cache: SNNT.Approx.ApproxCacheObject[]
[APPROX] Constructing Approximation
[APPROX] Resolving approximation
[CTRL] Initiating iterator over current linear queries
[APPROX] # Conjunctions over output: 1
[CTRL] Processing linear query no. 87
[NNENUM] Running nnenum now...
[NNENUM] lb: [16.376852110707294, 7.4262139003490955, 0.672462957785854]
[NNENUM] ub: [31.703236423477783, 134.4925915571708, 1.0]
[NNENUM] Creating LP Star...
[NNENUM] Checking feasibility
[NNENUM] Generating output Spec...
[NNENUM] Spec list length:  1
[NNENUM] Enumeration in progress... 
(0.0 sec) Q: 0, Sets: 0/1  (0.0%) CEs: 0 ETA: - (expected 1 stars)   
(0.2 sec) Q: 0, Sets: 1/4  (50.0%) CEs: 0 ETA: 0.2 sec (expected 2 stars)   

Total Stars: 11 (3 exact, 8 approx)
Unfinished Stars: 0
Runtime: 0.2 sec
Completed work frac: 1.0
Num Stars Copied Between Processes: 0
Num Lps During Enumeration: 142
Total Num Lps: 142

Result: network is SAFE

[NNENUM] Result: 
<nnenum.result.Result object at 0x7f94948d1a90>
[NNENUM] Enumeration finished.
safe
[NNENUM] Found counter-example stars: 0
[NNENUM] Filtering result using SMT solver...
[SMT] SMT filtered out 0 stars (out of 0; TO: 0).
.[QUERY] Found all non-linear combinations. Count: 1
[QUERY] Returning nonlinear disjunction
[CTRL] Considering conjunction with 5 input constraints and a disjunction of size 1
[APPROX] Checking cache: SNNT.Approx.ApproxCacheObject[]
[APPROX] Constructing Approximation
[APPROX] Resolving approximation
[CTRL] Initiating iterator over current linear queries
[APPROX] # Conjunctions over output: 1
[CTRL] Processing linear query no. 88
[NNENUM] Running nnenum now...
[NNENUM] lb: [16.376852110707294, 7.4262139003490955, 0.672462957785854]
[NNENUM] ub: [31.703236423477783, 134.4925915571708, 1.0]
[NNENUM] Creating LP Star...
[NNENUM] Checking feasibility
[NNENUM] Generating output Spec...
[NNENUM] Spec list length:  1
[NNENUM] Enumeration in progress... 
(0.0 sec) Q: 0, Sets: 0/1  (0.0%) CEs: 0 ETA: - (expected 1 stars)   

Total Stars: 2 (0 exact, 2 approx)
Unfinished Stars: 0
Runtime: 0.0 sec
Completed work frac: 1.0
Num Stars Copied Between Processes: 0
Num Lps During Enumeration: 0
Total Num Lps: 0

Result: network is SAFE

[NNENUM] Result: 
<nnenum.result.Result object at 0x7f94948e77f0>
[NNENUM] Enumeration finished.
safe
[NNENUM] Found counter-example stars: 0
[NNENUM] Filtering result using SMT solver...
[SMT] SMT filtered out 0 stars (out of 0; TO: 0).
[QUERY] Found all non-linear combinations. Count: 1
[QUERY] Found all non-linear combinations. Count: 1
[QUERY] Found all non-linear combinations. Count: 1
[QUERY] Found all non-linear combinations. Count: 1
[QUERY] Found all non-linear combinations. Count: 1
[QUERY] Found all non-linear combinations. Count: 1
[QUERY] Found all non-linear combinations. Count: 1
[QUERY] Found all non-linear combinations. Count: 1
[QUERY] Found all non-linear combinations. Count: 1
[QUERY] Returning nonlinear disjunction
[CTRL] Considering conjunction with 5 input constraints and a disjunction of size 9
[APPROX] Checking cache: SNNT.Approx.ApproxCacheObject[]
[APPROX] Constructing Approximation
[APPROX] Resolving approximation
[CTRL] Initiating iterator over current linear queries
[APPROX] # Conjunctions over output: 9
[CTRL] Processing linear query no. 89
[NNENUM] Running nnenum now...
[NNENUM] lb: [0.07999999999999999, 0.0, 0.672462957785854]
[NNENUM] ub: [16.376852110707294, 0.0, 1.0]
[NNENUM] Creating LP Star...
[NNENUM] Checking feasibility
[NNENUM] Generating output Spec...
[NNENUM] Spec list length:  9
[NNENUM] Enumeration in progress... 
(0.0 sec) Q: 0, Sets: 0/1  (0.0%) CEs: 0 ETA: - (expected 1 stars)   
(0.2 sec) Q: 0, Sets: 0/1  (0.0%) CEs: 0 ETA: - (expected 1 stars)   

Total Stars: 4 (0 exact, 4 approx)
Unfinished Stars: 0
Runtime: 0.2 sec
Completed work frac: 1.0
Num Stars Copied Between Processes: 0
Num Lps During Enumeration: 0
Total Num Lps: 0

Result: network is SAFE

[NNENUM] Result: 
<nnenum.result.Result object at 0x7f948ef44a00>
[NNENUM] Enumeration finished.
safe
[NNENUM] Found counter-example stars: 0
[NNENUM] Filtering result using SMT solver...
[SMT] SMT filtered out 0 stars (out of 0; TO: 0).
..[QUERY] Found all non-linear combinations. Count: 6
[QUERY] Returning nonlinear disjunction
[CTRL] Considering conjunction with 5 input constraints and a disjunction of size 1
[APPROX] Checking cache: SNNT.Approx.ApproxCacheObject[]
[APPROX] Constructing Approximation
[APPROX] Resolving approximation
[CTRL] Initiating iterator over current linear queries
[APPROX] # Conjunctions over output: 1
[CTRL] Processing linear query no. 90
[NNENUM] Running nnenum now...
[NNENUM] lb: [31.703236423477783, 7.4262139003490955, 0.672462957785854]
[NNENUM] ub: [100.0, 134.4925915571708, 1.0]
[NNENUM] Creating LP Star...
[NNENUM] Checking feasibility
[NNENUM] Generating output Spec...
[NNENUM] Spec list length:  1
[NNENUM] Enumeration in progress... 
(0.1 sec) Q: 0, Sets: 0/1  (0.0%) CEs: 0 ETA: - (expected 1 stars)   

Total Stars: 15 (9 exact, 6 approx)
Unfinished Stars: 0
Runtime: 0.1 sec
Completed work frac: 1.0
Num Stars Copied Between Processes: 0
Num Lps During Enumeration: 600
Total Num Lps: 600

Result: network is SAFE

[NNENUM] Result: 
<nnenum.result.Result object at 0x7f94948d1a60>
[NNENUM] Enumeration finished.
safe
[NNENUM] Found counter-example stars: 0
[NNENUM] Filtering result using SMT solver...
[SMT] SMT filtered out 0 stars (out of 0; TO: 0).
..[QUERY] Found all non-linear combinations. Count: 6
[QUERY] Returning nonlinear disjunction
[CTRL] Considering conjunction with 5 input constraints and a disjunction of size 1
[APPROX] Checking cache: SNNT.Approx.ApproxCacheObject[]
[APPROX] Constructing Approximation
[APPROX] Resolving approximation
[CTRL] Initiating iterator over current linear queries
[APPROX] # Conjunctions over output: 1
[CTRL] Processing linear query no. 91
[NNENUM] Running nnenum now...
[NNENUM] lb: [0.07999999999999999, 7.4262139003490955, 0.672462957785854]
[NNENUM] ub: [16.376852110707294, 134.4925915571708, 1.0]
[NNENUM] Creating LP Star...
[NNENUM] Checking feasibility
[NNENUM] Generating output Spec...
[NNENUM] Spec list length:  1
[NNENUM] Enumeration in progress... 
(0.0 sec) Q: 0, Sets: 0/1  (0.0%) CEs: 0 ETA: - (expected 1 stars)   
(0.2 sec) Q: 0, Sets: 1/5  (25.0%) CEs: 0 ETA: 0.5 sec (expected 4 stars)   
(0.3 sec) Q: 0, Sets: 14/18  (70.312%) CEs: 0 ETA: 0.1 sec (expected 20 stars)   
Total Stars: 31 (6 exact, 25 approx)
Unfinished Stars: 0
Runtime: 0.3 sec
Completed work frac: 1.0
Num Stars Copied Between Processes: 0
Num Lps During Enumeration: 84
Total Num Lps: 84

Result: network is SAFE

[NNENUM] Result: 
<nnenum.result.Result object at 0x7f94948d1a90>
[NNENUM] Enumeration finished.
safe
[NNENUM] Found counter-example stars: 0
[NNENUM] Filtering result using SMT solver...
[SMT] SMT filtered out 0 stars (out of 0; TO: 0).
[QUERY] Found all non-linear combinations. Count: 1
[QUERY] Found all non-linear combinations. Count: 1
[QUERY] Found all non-linear combinations. Count: 1
[QUERY] Found all non-linear combinations. Count: 1
[QUERY] Found all non-linear combinations. Count: 1
[QUERY] Found all non-linear combinations. Count: 1
[QUERY] Found all non-linear combinations. Count: 1
[QUERY] Found all non-linear combinations. Count: 1
.[QUERY] Found all non-linear combinations. Count: 1
.[QUERY] Found all non-linear combinations. Count: 1
.[QUERY] Found all non-linear combinations. Count: 1
.[QUERY] Found all non-linear combinations. Count: 1
.[QUERY] Found all non-linear combinations. Count: 1
.[QUERY] Found all non-linear combinations. Count: 1
[QUERY] Returning nonlinear disjunction
[CTRL] Considering conjunction with 5 input constraints and a disjunction of size 14
[APPROX] Checking cache: SNNT.Approx.ApproxCacheObject[]
[APPROX] Constructing Approximation
[APPROX] Resolving approximation
[CTRL] Initiating iterator over current linear queries
[APPROX] # Conjunctions over output: 14
[CTRL] Processing linear query no. 92
[NNENUM] Running nnenum now...
[NNENUM] lb: [0.07999999999999999, -63.40647284695557, 0.672462957785854]
[NNENUM] ub: [16.376852110707294, -17.837453728392095, 1.0]
[NNENUM] Creating LP Star...
[NNENUM] Checking feasibility
[NNENUM] Generating output Spec...
[NNENUM] Spec list length:  14
[NNENUM] Enumeration in progress... 

[NNENUM] Result: 
<nnenum.result.Result object at 0x7f94954bdc70>
[NNENUM] Enumeration finished.
safe
[NNENUM] Filtering result using SMT solver...
[SMT] SMT filtered out 0 stars (out of 0; TO: 0).
[QUERY] Found all non-linear combinations. Count: 2
[QUERY] Found all non-linear combinations. Count: 2
[QUERY] Found all non-linear combinations. Count: 2
[QUERY] Found all non-linear combinations. Count: 2
[QUERY] Found all non-linear combinations. Count: 2
[QUERY] Found all non-linear combinations. Count: 2
[QUERY] Found all non-linear combinations. Count: 1
.[QUERY] Found all non-linear combinations. Count: 1
[QUERY] Found all non-linear combinations. Count: 1
[QUERY] Found all non-linear combinations. Count: 1
.[QUERY] Found all non-linear combinations. Count: 1
[QUERY] Found all non-linear combinations. Count: 1
[QUERY] Found all non-linear combinations. Count: 1
[QUERY] Found all non-linear combinations. Count: 1
[QUERY] Found all non-linear combinations. Count: 1
[QUERY] Found all non-linear combinations. Count: 1
[QUERY] Returning nonlinear disjunction
[CTRL] Considering conjunction with 5 input constraints and a disjunction of size 16
[APPROX] Checking cache: SNNT.Approx.ApproxCacheObject[]
[APPROX] Constructing Approximation
[APPROX] Resolving approximation
[CTRL] Initiating iterator over current linear queries
[APPROX] # Conjunctions over output: 16
[CTRL] Processing linear query no. 93
[NNENUM] Running nnenum now...
[NNENUM] lb: [0.07999999999999999, -63.40647284695557, 0.672462957785854]
[NNENUM] ub: [16.376852110707294, -17.837453728392095, 1.0]
[NNENUM] Creating LP Star...
[NNENUM] Checking feasibility
[NNENUM] Generating output Spec...
[NNENUM] Spec list length:  16
[NNENUM] Enumeration in progress... 

[NNENUM] Result: 
<nnenum.result.Result object at 0x7f9494cab250>
[NNENUM] Enumeration finished.
safe
[NNENUM] Filtering result using SMT solver...
[SMT] SMT filtered out 0 stars (out of 0; TO: 0).
[QUERY] Found all non-linear combinations. Count: 1
[QUERY] Found all non-linear combinations. Count: 1
[QUERY] Returning nonlinear disjunction
[CTRL] Considering conjunction with 5 input constraints and a disjunction of size 2
[APPROX] Checking cache: SNNT.Approx.ApproxCacheObject[]
[APPROX] Constructing Approximation
[APPROX] Resolving approximation
[CTRL] Initiating iterator over current linear queries
[APPROX] # Conjunctions over output: 2
[CTRL] Processing linear query no. 94
[NNENUM] Running nnenum now...
[NNENUM] lb: [0.07999999999999999, 7.4262139003490955, 0.672462957785854]
[NNENUM] ub: [16.376852110707294, 134.4925915571708, 1.0]
[NNENUM] Creating LP Star...
[NNENUM] Checking feasibility
[NNENUM] Generating output Spec...
[NNENUM] Spec list length:  2
[NNENUM] Enumeration in progress... 
(0.2 sec) Q: 0, Sets: 0/1  (0.0%) CEs: 0 ETA: - (expected 1 stars)   

Total Stars: 5 (3 exact, 2 approx)
Unfinished Stars: 0
Runtime: 0.2 sec
Completed work frac: 1.0
Num Stars Copied Between Processes: 0
Num Lps During Enumeration: 92
Total Num Lps: 92

Result: network is SAFE

[NNENUM] Result: 
<nnenum.result.Result object at 0x7f9494cabbe0>
[NNENUM] Enumeration finished.
safe
[NNENUM] Found counter-example stars: 0
[NNENUM] Filtering result using SMT solver...
[SMT] SMT filtered out 0 stars (out of 0; TO: 0).
[QUERY] Found all non-linear combinations. Count: 1
[QUERY] Returning nonlinear disjunction
[CTRL] Considering conjunction with 5 input constraints and a disjunction of size 1
[APPROX] Checking cache: SNNT.Approx.ApproxCacheObject[]
[APPROX] Constructing Approximation
[APPROX] Resolving approximation
[CTRL] Initiating iterator over current linear queries
[APPROX] # Conjunctions over output: 1
[CTRL] Processing linear query no. 95
[NNENUM] Running nnenum now...
[NNENUM] lb: [0.07999999999999999, 7.4262139003490955, 0.672462957785854]
[NNENUM] ub: [16.376852110707294, 134.4925915571708, 1.0]
[NNENUM] Creating LP Star...
[NNENUM] Checking feasibility
[NNENUM] Generating output Spec...
[NNENUM] Spec list length:  1
[NNENUM] Enumeration in progress... 
(0.0 sec) Q: 0, Sets: 0/1  (0.0%) CEs: 0 ETA: - (expected 1 stars)   

Total Stars: 5 (3 exact, 2 approx)
Unfinished Stars: 0
Runtime: 0.1 sec
Completed work frac: 1.0
Num Stars Copied Between Processes: 0
Num Lps During Enumeration: 93
Total Num Lps: 93

Result: network is SAFE

[NNENUM] Result: 
<nnenum.result.Result object at 0x7f94948d1400>
[NNENUM] Enumeration finished.
safe
[NNENUM] Found counter-example stars: 0
[NNENUM] Filtering result using SMT solver...
[SMT] SMT filtered out 0 stars (out of 0; TO: 0).
[QUERY] Found all non-linear combinations. Count: 1
[QUERY] Found all non-linear combinations. Count: 1
[QUERY] Found all non-linear combinations. Count: 1
[QUERY] Returning nonlinear disjunction
[CTRL] Considering conjunction with 5 input constraints and a disjunction of size 3
[APPROX] Checking cache: SNNT.Approx.ApproxCacheObject[]
[APPROX] Constructing Approximation
[APPROX] Resolving approximation
[CTRL] Initiating iterator over current linear queries
[APPROX] # Conjunctions over output: 3
[CTRL] Processing linear query no. 96
[NNENUM] Running nnenum now...
[NNENUM] lb: [0.07999999999999999, -17.837453728392095, 0.672462957785854]
[NNENUM] ub: [16.376852110707294, -2.1, 1.0]
[NNENUM] Creating LP Star...
[NNENUM] Checking feasibility
[NNENUM] Generating output Spec...
[NNENUM] Spec list length:  3
[NNENUM] Enumeration in progress... 
(0.0 sec) Q: 0, Sets: 0/1  (0.0%) CEs: 0 ETA: - (expected 1 stars)   
(0.2 sec) Q: 0, Sets: 0/4  (0.0%) CEs: 0 ETA: - (expected 1 stars)   
(0.3 sec) Q: 0, Sets: 6/9  (37.5%) CEs: 0 ETA: 0.5 sec (expected 16 stars)   
(0.4 sec) Q: 0, Sets: 21/25  (57.812%) CEs: 0 ETA: 0.3 sec (expected 36 stars)   
(0.5 sec) Q: 0, Sets: 29/32  (89.844%) CEs: 0 ETA: 0.1 sec (expected 32 stars)   
(0.6 sec) Q: 0, Sets: 35/41  (90.723%) CEs: 0 ETA: 0.1 sec (expected 39 stars)   
Total Stars: 52 (7 exact, 45 approx)
Unfinished Stars: 0
Runtime: 0.7 sec
Completed work frac: 1.0
Num Stars Copied Between Processes: 0
Num Lps During Enumeration: 331
Total Num Lps: 331

Result: network is SAFE

[NNENUM] Result: 
<nnenum.result.Result object at 0x7f94948ebee0>
[NNENUM] Enumeration finished.
safe
[NNENUM] Found counter-example stars: 0
[NNENUM] Filtering result using SMT solver...
[SMT] SMT filtered out 0 stars (out of 0; TO: 0).
[QUERY] Found all non-linear combinations. Count: 1
[QUERY] Returning nonlinear disjunction
[CTRL] Considering conjunction with 5 input constraints and a disjunction of size 1
[APPROX] Checking cache: SNNT.Approx.ApproxCacheObject[]
[APPROX] Constructing Approximation
[APPROX] Resolving approximation
[CTRL] Initiating iterator over current linear queries
[APPROX] # Conjunctions over output: 1
[CTRL] Processing linear query no. 97
[NNENUM] Running nnenum now...
[NNENUM] lb: [0.07999999999999999, 7.4262139003490955, 0.672462957785854]
[NNENUM] ub: [16.376852110707294, 134.4925915571708, 1.0]
[NNENUM] Creating LP Star...
[NNENUM] Checking feasibility
[NNENUM] Generating output Spec...
[NNENUM] Spec list length:  1
[NNENUM] Enumeration in progress... 
(0.0 sec) Q: 0, Sets: 0/1  (0.0%) CEs: 0 ETA: - (expected 1 stars)   

Total Stars: 7 (0 exact, 7 approx)
Unfinished Stars: 0
Runtime: 0.1 sec
Completed work frac: 1.0
Num Stars Copied Between Processes: 0
Num Lps During Enumeration: 0
Total Num Lps: 0

Result: network is SAFE

[NNENUM] Result: 
<nnenum.result.Result object at 0x7f948ef44040>
[NNENUM] Enumeration finished.
safe
[NNENUM] Found counter-example stars: 0
[NNENUM] Filtering result using SMT solver...
[SMT] SMT filtered out 0 stars (out of 0; TO: 0).
[QUERY] Found all non-linear combinations. Count: 1
[QUERY] Returning nonlinear disjunction
[CTRL] Considering conjunction with 5 input constraints and a disjunction of size 1
[APPROX] Checking cache: SNNT.Approx.ApproxCacheObject[]
[APPROX] Constructing Approximation
[APPROX] Resolving approximation
[CTRL] Initiating iterator over current linear queries
[APPROX] # Conjunctions over output: 1
[CTRL] Processing linear query no. 98
[NNENUM] Running nnenum now...
[NNENUM] lb: [0.07999999999999999, 7.4262139003490955, 0.672462957785854]
[NNENUM] ub: [16.376852110707294, 134.4925915571708, 1.0]
[NNENUM] Creating LP Star...
[NNENUM] Checking feasibility
[NNENUM] Generating output Spec...
[NNENUM] Spec list length:  1
[NNENUM] Enumeration in progress... 
(0.0 sec) Q: 0, Sets: 0/1  (0.0%) CEs: 0 ETA: - (expected 1 stars)   
(0.2 sec) Q: 0, Sets: 2/4  (37.5%) CEs: 0 ETA: 0.3 sec (expected 5 stars)   

Total Stars: 4 (0 exact, 4 approx)
Unfinished Stars: 0
Runtime: 0.2 sec
Completed work frac: 1.0
Num Stars Copied Between Processes: 0
Num Lps During Enumeration: 0
Total Num Lps: 0

Result: network is SAFE

[NNENUM] Result: 
<nnenum.result.Result object at 0x7f94910d3190>
[NNENUM] Enumeration finished.
safe
[NNENUM] Found counter-example stars: 0
[NNENUM] Filtering result using SMT solver...
[SMT] SMT filtered out 0 stars (out of 0; TO: 0).
[QUERY] Found all non-linear combinations. Count: 1
[QUERY] Returning nonlinear disjunction
[CTRL] Considering conjunction with 5 input constraints and a disjunction of size 1
[APPROX] Checking cache: SNNT.Approx.ApproxCacheObject[]
[APPROX] Constructing Approximation
[APPROX] Resolving approximation
[CTRL] Initiating iterator over current linear queries
[APPROX] # Conjunctions over output: 1
[CTRL] Processing linear query no. 99
[NNENUM] Running nnenum now...
[NNENUM] lb: [0.07999999999999999, 134.4925915571708, 0.672462957785854]
[NNENUM] ub: [16.376852110707294, 200.0, 1.0]
[NNENUM] Creating LP Star...
[NNENUM] Checking feasibility
[NNENUM] Generating output Spec...
[NNENUM] Spec list length:  1
[NNENUM] Enumeration in progress... 

[NNENUM] Result: 
<nnenum.result.Result object at 0x7f94948eb7c0>
[NNENUM] Enumeration finished.
safe
[NNENUM] Filtering result using SMT solver...
[SMT] SMT filtered out 0 stars (out of 0; TO: 0).
[QUERY] Found all non-linear combinations. Count: 1
[QUERY] Returning nonlinear disjunction
[CTRL] Considering conjunction with 5 input constraints and a disjunction of size 1
[APPROX] Checking cache: SNNT.Approx.ApproxCacheObject[]
[APPROX] Constructing Approximation
[APPROX] Resolving approximation
[CTRL] Initiating iterator over current linear queries
[APPROX] # Conjunctions over output: 1
[CTRL] Processing linear query no. 100
[NNENUM] Running nnenum now...
[NNENUM] lb: [0.0, 7.4262139003490955, 0.672462957785854]
[NNENUM] ub: [0.07999999999999999, 134.4925915571708, 1.0]
[NNENUM] Creating LP Star...
[NNENUM] Checking feasibility
[NNENUM] Generating output Spec...
[NNENUM] Spec list length:  1
[NNENUM] Enumeration in progress... 

[NNENUM] Result: 
<nnenum.result.Result object at 0x7f94910d39d0>
[NNENUM] Enumeration finished.
safe
[NNENUM] Filtering result using SMT solver...
[SMT] SMT filtered out 0 stars (out of 0; TO: 0).
.[QUERY] Found all non-linear combinations. Count: 2
[QUERY] Returning nonlinear disjunction
[CTRL] Considering conjunction with 5 input constraints and a disjunction of size 1
[APPROX] Checking cache: SNNT.Approx.ApproxCacheObject[]
[APPROX] Constructing Approximation
[APPROX] Resolving approximation
[CTRL] Initiating iterator over current linear queries
[APPROX] # Conjunctions over output: 1
[CTRL] Processing linear query no. 101
[NNENUM] Running nnenum now...
[NNENUM] lb: [0.0, 7.4262139003490955, 0.672462957785854]
[NNENUM] ub: [0.07999999999999999, 134.4925915571708, 1.0]
[NNENUM] Creating LP Star...
[NNENUM] Checking feasibility
[NNENUM] Generating output Spec...
[NNENUM] Spec list length:  1
[NNENUM] Enumeration in progress... 

[NNENUM] Result: 
<nnenum.result.Result object at 0x7f94910d3700>
[NNENUM] Enumeration finished.
safe
[NNENUM] Filtering result using SMT solver...
[SMT] SMT filtered out 0 stars (out of 0; TO: 0).
[QUERY] Found all non-linear combinations. Count: 1
[QUERY] Found all non-linear combinations. Count: 1
[QUERY] Returning nonlinear disjunction
[CTRL] Considering conjunction with 5 input constraints and a disjunction of size 2
[APPROX] Checking cache: SNNT.Approx.ApproxCacheObject[]
[APPROX] Constructing Approximation
[APPROX] Resolving approximation
[CTRL] Initiating iterator over current linear queries
[APPROX] # Conjunctions over output: 2
[CTRL] Processing linear query no. 102
[NNENUM] Running nnenum now...
[NNENUM] lb: [0.0, 7.4262139003490955, 0.672462957785854]
[NNENUM] ub: [0.07999999999999999, 134.4925915571708, 1.0]
[NNENUM] Creating LP Star...
[NNENUM] Checking feasibility
[NNENUM] Generating output Spec...
[NNENUM] Spec list length:  2
[NNENUM] Enumeration in progress... 

[NNENUM] Result: 
<nnenum.result.Result object at 0x7f948ef44550>
[NNENUM] Enumeration finished.
safe
[NNENUM] Filtering result using SMT solver...
[SMT] SMT filtered out 0 stars (out of 0; TO: 0).
.[QUERY] Found all non-linear combinations. Count: 1
[QUERY] Returning nonlinear disjunction
[CTRL] Considering conjunction with 5 input constraints and a disjunction of size 1
[APPROX] Checking cache: SNNT.Approx.ApproxCacheObject[]
[APPROX] Constructing Approximation
[APPROX] Resolving approximation
[CTRL] Initiating iterator over current linear queries
[APPROX] # Conjunctions over output: 1
[CTRL] Processing linear query no. 103
[NNENUM] Running nnenum now...
[NNENUM] lb: [0.0, 134.4925915571708, 0.672462957785854]
[NNENUM] ub: [0.07999999999999999, 200.0, 1.0]
[NNENUM] Creating LP Star...
[NNENUM] Checking feasibility
[NNENUM] Generating output Spec...
[NNENUM] Spec list length:  1
[NNENUM] Enumeration in progress... 

[NNENUM] Result: 
<nnenum.result.Result object at 0x7f94986edb50>
[NNENUM] Enumeration finished.
safe
[NNENUM] Filtering result using SMT solver...
[SMT] SMT filtered out 0 stars (out of 0; TO: 0).
[QUERY] Found all non-linear combinations. Count: 1
[QUERY] Found all non-linear combinations. Count: 1
[QUERY] Returning nonlinear disjunction
[CTRL] Considering conjunction with 5 input constraints and a disjunction of size 2
[APPROX] Checking cache: SNNT.Approx.ApproxCacheObject[]
[APPROX] Constructing Approximation
[APPROX] Resolving approximation
[CTRL] Initiating iterator over current linear queries
[APPROX] # Conjunctions over output: 2
[CTRL] Processing linear query no. 104
[NNENUM] Running nnenum now...
[NNENUM] lb: [16.376852110707294, 0.0, 0.672462957785854]
[NNENUM] ub: [31.703236423477783, 0.0, 1.0]
[NNENUM] Creating LP Star...
[NNENUM] Checking feasibility
[NNENUM] Generating output Spec...
[NNENUM] Spec list length:  2
[NNENUM] Enumeration in progress... 

[NNENUM] Result: 
<nnenum.result.Result object at 0x7f94910d3730>
[NNENUM] Enumeration finished.
safe
[NNENUM] Filtering result using SMT solver...
[SMT] SMT filtered out 0 stars (out of 0; TO: 0).
[QUERY] Found all non-linear combinations. Count: 1
[QUERY] Returning nonlinear disjunction
[CTRL] Considering conjunction with 5 input constraints and a disjunction of size 1
[APPROX] Checking cache: SNNT.Approx.ApproxCacheObject[]
[APPROX] Constructing Approximation
[APPROX] Resolving approximation
[CTRL] Initiating iterator over current linear queries
[APPROX] # Conjunctions over output: 1
[CTRL] Processing linear query no. 105
[NNENUM] Running nnenum now...
[NNENUM] lb: [31.703236423477783, 0.0, 0.672462957785854]
[NNENUM] ub: [100.0, 0.0, 1.0]
[NNENUM] Creating LP Star...
[NNENUM] Checking feasibility
[NNENUM] Generating output Spec...
[NNENUM] Spec list length:  1
[NNENUM] Enumeration in progress... 

[NNENUM] Result: 
<nnenum.result.Result object at 0x7f9491da76d0>
[NNENUM] Enumeration finished.
safe
[NNENUM] Filtering result using SMT solver...
[SMT] SMT filtered out 0 stars (out of 0; TO: 0).
[QUERY] Found all non-linear combinations. Count: 1
[QUERY] Found all non-linear combinations. Count: 1
[QUERY] Returning nonlinear disjunction
[CTRL] Considering conjunction with 5 input constraints and a disjunction of size 2
[APPROX] Checking cache: SNNT.Approx.ApproxCacheObject[]
[APPROX] Constructing Approximation
[APPROX] Resolving approximation
[CTRL] Initiating iterator over current linear queries
[APPROX] # Conjunctions over output: 2
[CTRL] Processing linear query no. 106
[NNENUM] Running nnenum now...
[NNENUM] lb: [16.376852110707294, 7.4262139003490955, 0.672462957785854]
[NNENUM] ub: [31.703236423477783, 134.4925915571708, 1.0]
[NNENUM] Creating LP Star...
[NNENUM] Checking feasibility
[NNENUM] Generating output Spec...
[NNENUM] Spec list length:  2
[NNENUM] Enumeration in progress... 
(0.2 sec) Q: 0, Sets: 0/1  (0.0%) CEs: 0 ETA: - (expected 1 stars)   

Total Stars: 2 (1 exact, 1 approx)
Unfinished Stars: 0
Runtime: 0.3 sec
Completed work frac: 1.0
Num Stars Copied Between Processes: 0
Num Lps During Enumeration: 78
Total Num Lps: 78

Result: network is SAFE

[NNENUM] Result: 
<nnenum.result.Result object at 0x7f94910dd970>
[NNENUM] Enumeration finished.
safe
[NNENUM] Found counter-example stars: 0
[NNENUM] Filtering result using SMT solver...
[SMT] SMT filtered out 0 stars (out of 0; TO: 0).
[QUERY] Found all non-linear combinations. Count: 1
[QUERY] Returning nonlinear disjunction
[CTRL] Considering conjunction with 5 input constraints and a disjunction of size 1
[APPROX] Checking cache: SNNT.Approx.ApproxCacheObject[]
[APPROX] Constructing Approximation
[APPROX] Resolving approximation
[CTRL] Initiating iterator over current linear queries
[APPROX] # Conjunctions over output: 1
[CTRL] Processing linear query no. 107
[NNENUM] Running nnenum now...
[NNENUM] lb: [16.376852110707294, 7.4262139003490955, 0.672462957785854]
[NNENUM] ub: [31.703236423477783, 134.4925915571708, 1.0]
[NNENUM] Creating LP Star...
[NNENUM] Checking feasibility
[NNENUM] Generating output Spec...
[NNENUM] Spec list length:  1
[NNENUM] Enumeration in progress... 
(0.0 sec) Q: 0, Sets: 0/1  (0.0%) CEs: 0 ETA: - (expected 1 stars)   

Total Stars: 4 (2 exact, 2 approx)
Unfinished Stars: 0
Runtime: 0.1 sec
Completed work frac: 1.0
Num Stars Copied Between Processes: 0
Num Lps During Enumeration: 104
Total Num Lps: 104

Result: network is SAFE

[NNENUM] Result: 
<nnenum.result.Result object at 0x7f948ef44130>
[NNENUM] Enumeration finished.
safe
[NNENUM] Found counter-example stars: 0
[NNENUM] Filtering result using SMT solver...
[SMT] SMT filtered out 0 stars (out of 0; TO: 0).
..[QUERY] Found all non-linear combinations. Count: 1
[QUERY] Returning nonlinear disjunction
[CTRL] Considering conjunction with 5 input constraints and a disjunction of size 1
[APPROX] Checking cache: SNNT.Approx.ApproxCacheObject[]
[APPROX] Constructing Approximation
[APPROX] Resolving approximation
[CTRL] Initiating iterator over current linear queries
[APPROX] # Conjunctions over output: 1
[CTRL] Processing linear query no. 108
[NNENUM] Running nnenum now...
[NNENUM] lb: [31.703236423477783, 7.4262139003490955, 0.672462957785854]
[NNENUM] ub: [100.0, 134.4925915571708, 1.0]
[NNENUM] Creating LP Star...
[NNENUM] Checking feasibility
[NNENUM] Generating output Spec...
[NNENUM] Spec list length:  1
[NNENUM] Enumeration in progress... 
(0.0 sec) Q: 0, Sets: 0/1  (0.0%) CEs: 0 ETA: - (expected 1 stars)   
(0.2 sec) Q: 0, Sets: 1/4  (12.5%) CEs: 0 ETA: 1.3 sec (expected 8 stars)   

Total Stars: 5 (3 exact, 2 approx)
Unfinished Stars: 0
Runtime: 0.2 sec
Completed work frac: 1.0
Num Stars Copied Between Processes: 0
Num Lps During Enumeration: 114
Total Num Lps: 114

Result: network is SAFE

[NNENUM] Result: 
<nnenum.result.Result object at 0x7f94910d2730>
[NNENUM] Enumeration finished.
safe
[NNENUM] Found counter-example stars: 0
[NNENUM] Filtering result using SMT solver...
[SMT] SMT filtered out 0 stars (out of 0; TO: 0).
[QUERY] Found all non-linear combinations. Count: 1
[QUERY] Returning nonlinear disjunction
[CTRL] Considering conjunction with 5 input constraints and a disjunction of size 1
[APPROX] Checking cache: SNNT.Approx.ApproxCacheObject[]
[APPROX] Constructing Approximation
[APPROX] Resolving approximation
[CTRL] Initiating iterator over current linear queries
[APPROX] # Conjunctions over output: 1
[CTRL] Processing linear query no. 109
[NNENUM] Running nnenum now...
[NNENUM] lb: [31.703236423477783, 7.4262139003490955, 0.672462957785854]
[NNENUM] ub: [100.0, 134.4925915571708, 1.0]
[NNENUM] Creating LP Star...
[NNENUM] Checking feasibility
[NNENUM] Generating output Spec...
[NNENUM] Spec list length:  1
[NNENUM] Enumeration in progress... 
(0.0 sec) Q: 0, Sets: 0/1  (0.0%) CEs: 0 ETA: - (expected 1 stars)   

Total Stars: 3 (1 exact, 2 approx)
Unfinished Stars: 0
Runtime: 0.1 sec
Completed work frac: 1.0
Num Stars Copied Between Processes: 0
Num Lps During Enumeration: 111
Total Num Lps: 111

Result: network is SAFE

[NNENUM] Result: 
<nnenum.result.Result object at 0x7f94910d26a0>
[NNENUM] Enumeration finished.
safe
[NNENUM] Found counter-example stars: 0
[NNENUM] Filtering result using SMT solver...
[SMT] SMT filtered out 0 stars (out of 0; TO: 0).
[QUERY] Found all non-linear combinations. Count: 1
[QUERY] Returning nonlinear disjunction
[CTRL] Considering conjunction with 5 input constraints and a disjunction of size 1
[APPROX] Checking cache: SNNT.Approx.ApproxCacheObject[]
[APPROX] Constructing Approximation
[APPROX] Resolving approximation
[CTRL] Initiating iterator over current linear queries
[APPROX] # Conjunctions over output: 1
[CTRL] Processing linear query no. 110
[NNENUM] Running nnenum now...
[NNENUM] lb: [31.703236423477783, 7.4262139003490955, 0.672462957785854]
[NNENUM] ub: [100.0, 134.4925915571708, 1.0]
[NNENUM] Creating LP Star...
[NNENUM] Checking feasibility
[NNENUM] Generating output Spec...
[NNENUM] Spec list length:  1
[NNENUM] Enumeration in progress... 
(0.0 sec) Q: 0, Sets: 0/1  (0.0%) CEs: 0 ETA: - (expected 1 stars)   
(0.2 sec) Q: 0, Sets: 2/4  (62.5%) CEs: 0 ETA: 0.1 sec (expected 3 stars)   

Total Stars: 4 (2 exact, 2 approx)
Unfinished Stars: 0
Runtime: 0.2 sec
Completed work frac: 1.0
Num Stars Copied Between Processes: 0
Num Lps During Enumeration: 94
Total Num Lps: 94

Result: network is SAFE

[NNENUM] Result: 
<nnenum.result.Result object at 0x7f94910fccd0>
[NNENUM] Enumeration finished.
safe
[NNENUM] Found counter-example stars: 0
[NNENUM] Filtering result using SMT solver...
[SMT] SMT filtered out 0 stars (out of 0; TO: 0).
.[QUERY] Found all non-linear combinations. Count: 1
[QUERY] Found all non-linear combinations. Count: 1
[QUERY] Returning nonlinear disjunction
[CTRL] Considering conjunction with 5 input constraints and a disjunction of size 2
[APPROX] Checking cache: SNNT.Approx.ApproxCacheObject[]
[APPROX] Constructing Approximation
[APPROX] Resolving approximation
[CTRL] Initiating iterator over current linear queries
[APPROX] # Conjunctions over output: 2
[CTRL] Processing linear query no. 111
[NNENUM] Running nnenum now...
[NNENUM] lb: [31.703236423477783, 134.4925915571708, 0.672462957785854]
[NNENUM] ub: [100.0, 200.0, 1.0]
[NNENUM] Creating LP Star...
[NNENUM] Checking feasibility
[NNENUM] Generating output Spec...
[NNENUM] Spec list length:  2
[NNENUM] Enumeration in progress... 

[NNENUM] Result: 
<nnenum.result.Result object at 0x7f94948e7b20>
[NNENUM] Enumeration finished.
safe
[NNENUM] Filtering result using SMT solver...
[SMT] SMT filtered out 0 stars (out of 0; TO: 0).
[QUERY] Found all non-linear combinations. Count: 2
[QUERY] Returning nonlinear disjunction
[CTRL] Considering conjunction with 5 input constraints and a disjunction of size 1
[APPROX] Checking cache: SNNT.Approx.ApproxCacheObject[]
[APPROX] Constructing Approximation
[APPROX] Resolving approximation
[CTRL] Initiating iterator over current linear queries
[APPROX] # Conjunctions over output: 1
[CTRL] Processing linear query no. 112
[NNENUM] Running nnenum now...
[NNENUM] lb: [31.703236423477783, 134.4925915571708, 0.672462957785854]
[NNENUM] ub: [100.0, 200.0, 1.0]
[NNENUM] Creating LP Star...
[NNENUM] Checking feasibility
[NNENUM] Generating output Spec...
[NNENUM] Spec list length:  1
[NNENUM] Enumeration in progress... 

[NNENUM] Result: 
<nnenum.result.Result object at 0x7f94948ebd00>
[NNENUM] Enumeration finished.
safe
[NNENUM] Filtering result using SMT solver...
[SMT] SMT filtered out 0 stars (out of 0; TO: 0).
.[QUERY] Found all non-linear combinations. Count: 1
[QUERY] Returning nonlinear disjunction
[CTRL] Considering conjunction with 5 input constraints and a disjunction of size 1
[APPROX] Checking cache: SNNT.Approx.ApproxCacheObject[]
[APPROX] Constructing Approximation
[APPROX] Resolving approximation
[CTRL] Initiating iterator over current linear queries
[APPROX] # Conjunctions over output: 1
[CTRL] Processing linear query no. 113
[NNENUM] Running nnenum now...
[NNENUM] lb: [16.376852110707294, 7.4262139003490955, 0.672462957785854]
[NNENUM] ub: [31.703236423477783, 134.4925915571708, 1.0]
[NNENUM] Creating LP Star...
[NNENUM] Checking feasibility
[NNENUM] Generating output Spec...
[NNENUM] Spec list length:  1
[NNENUM] Enumeration in progress... 
(0.3 sec) Q: 0, Sets: 0/1  (0.0%) CEs: 0 ETA: - (expected 1 stars)   

Total Stars: 7 (1 exact, 6 approx)
Unfinished Stars: 0
Runtime: 0.4 sec
Completed work frac: 1.0
Num Stars Copied Between Processes: 0
Num Lps During Enumeration: 46
Total Num Lps: 46

Result: network is SAFE

[NNENUM] Result: 
<nnenum.result.Result object at 0x7f94910ebaf0>
[NNENUM] Enumeration finished.
safe
[NNENUM] Found counter-example stars: 0
[NNENUM] Filtering result using SMT solver...
[SMT] SMT filtered out 0 stars (out of 0; TO: 0).
.[QUERY] Found all non-linear combinations. Count: 1
[QUERY] Found all non-linear combinations. Count: 1
[QUERY] Returning nonlinear disjunction
[CTRL] Considering conjunction with 5 input constraints and a disjunction of size 2
[APPROX] Checking cache: SNNT.Approx.ApproxCacheObject[]
[APPROX] Constructing Approximation
[APPROX] Resolving approximation
[CTRL] Initiating iterator over current linear queries
[APPROX] # Conjunctions over output: 2
[CTRL] Processing linear query no. 114
[NNENUM] Running nnenum now...
[NNENUM] lb: [31.703236423477783, 7.4262139003490955, 0.672462957785854]
[NNENUM] ub: [100.0, 134.4925915571708, 1.0]
[NNENUM] Creating LP Star...
[NNENUM] Checking feasibility
[NNENUM] Generating output Spec...
[NNENUM] Spec list length:  2
[NNENUM] Enumeration in progress... 
(0.0 sec) Q: 0, Sets: 0/1  (0.0%) CEs: 0 ETA: - (expected 1 stars)   
(0.1 sec) Q: 0, Sets: 18/20  (87.5%) CEs: 0 ETA: 0.0 sec (expected 21 stars)   

Total Stars: 25 (8 exact, 17 approx)
Unfinished Stars: 0
Runtime: 0.2 sec
Completed work frac: 1.0
Num Stars Copied Between Processes: 0
Num Lps During Enumeration: 384
Total Num Lps: 384

Result: network is SAFE

[NNENUM] Result: 
<nnenum.result.Result object at 0x7f9491da7850>
[NNENUM] Enumeration finished.
safe
[NNENUM] Found counter-example stars: 0
[NNENUM] Filtering result using SMT solver...
[SMT] SMT filtered out 0 stars (out of 0; TO: 0).
[QUERY] Found all non-linear combinations. Count: 1
[QUERY] Returning nonlinear disjunction
[CTRL] Considering conjunction with 5 input constraints and a disjunction of size 1
[APPROX] Checking cache: SNNT.Approx.ApproxCacheObject[]
[APPROX] Constructing Approximation
[APPROX] Resolving approximation
[CTRL] Initiating iterator over current linear queries
[APPROX] # Conjunctions over output: 1
[CTRL] Processing linear query no. 115
[NNENUM] Running nnenum now...
[NNENUM] lb: [31.703236423477783, -2.1, 0.672462957785854]
[NNENUM] ub: [100.0, 0.0, 1.0]
[NNENUM] Creating LP Star...
[NNENUM] Checking feasibility
[NNENUM] Generating output Spec...
[NNENUM] Spec list length:  1
[NNENUM] Enumeration in progress... 

[NNENUM] Result: 
<nnenum.result.Result object at 0x7f948ef44820>
[NNENUM] Enumeration finished.
safe
[NNENUM] Filtering result using SMT solver...
[SMT] SMT filtered out 0 stars (out of 0; TO: 0).
[QUERY] Found all non-linear combinations. Count: 1
[QUERY] Found all non-linear combinations. Count: 1
[QUERY] Found all non-linear combinations. Count: 1
[QUERY] Found all non-linear combinations. Count: 1
[QUERY] Found all non-linear combinations. Count: 2
[QUERY] Found all non-linear combinations. Count: 2
[QUERY] Found all non-linear combinations. Count: 2
[QUERY] Found all non-linear combinations. Count: 2
[QUERY] Found all non-linear combinations. Count: 2
.[QUERY] Found all non-linear combinations. Count: 1
[QUERY] Found all non-linear combinations. Count: 1
[QUERY] Found all non-linear combinations. Count: 2
[QUERY] Returning nonlinear disjunction
[CTRL] Considering conjunction with 5 input constraints and a disjunction of size 12
[APPROX] Checking cache: SNNT.Approx.ApproxCacheObject[]
[APPROX] Constructing Approximation
[APPROX] Resolving approximation
[CTRL] Initiating iterator over current linear queries
[APPROX] # Conjunctions over output: 12
[CTRL] Processing linear query no. 116
[NNENUM] Running nnenum now...
[NNENUM] lb: [31.703236423477783, -134.49259155717084, 0.672462957785854]
[NNENUM] ub: [100.0, -73.18705430608887, 1.0]
[NNENUM] Creating LP Star...
[NNENUM] Checking feasibility
[NNENUM] Generating output Spec...
[NNENUM] Spec list length:  12
[NNENUM] Enumeration in progress... 

[NNENUM] Result: 
<nnenum.result.Result object at 0x7f94910d3b20>
[NNENUM] Enumeration finished.
safe
[NNENUM] Filtering result using SMT solver...
[SMT] SMT filtered out 0 stars (out of 0; TO: 0).
.[QUERY] Found all non-linear combinations. Count: 2
[QUERY] Found all non-linear combinations. Count: 1
[QUERY] Found all non-linear combinations. Count: 1
[QUERY] Found all non-linear combinations. Count: 1
[QUERY] Found all non-linear combinations. Count: 1
[QUERY] Found all non-linear combinations. Count: 2
[QUERY] Found all non-linear combinations. Count: 2
[QUERY] Found all non-linear combinations. Count: 2
[QUERY] Found all non-linear combinations. Count: 2
[QUERY] Found all non-linear combinations. Count: 2
[QUERY] Returning nonlinear disjunction
[CTRL] Considering conjunction with 5 input constraints and a disjunction of size 10
[APPROX] Checking cache: SNNT.Approx.ApproxCacheObject[]
[APPROX] Constructing Approximation
[APPROX] Resolving approximation
[CTRL] Initiating iterator over current linear queries
[APPROX] # Conjunctions over output: 10
[CTRL] Processing linear query no. 117
[NNENUM] Running nnenum now...
[NNENUM] lb: [31.703236423477783, -73.18705430608887, 0.672462957785854]
[NNENUM] ub: [100.0, -63.40647284695557, 1.0]
[NNENUM] Creating LP Star...
[NNENUM] Checking feasibility
[NNENUM] Generating output Spec...
[NNENUM] Spec list length:  10
[NNENUM] Enumeration in progress... 

[NNENUM] Result: 
<nnenum.result.Result object at 0x7f9494cdadf0>
[NNENUM] Enumeration finished.
safe
[NNENUM] Filtering result using SMT solver...
[SMT] SMT filtered out 0 stars (out of 0; TO: 0).
[QUERY] Found all non-linear combinations. Count: 1
[QUERY] Returning nonlinear disjunction
[CTRL] Considering conjunction with 5 input constraints and a disjunction of size 1
[APPROX] Checking cache: SNNT.Approx.ApproxCacheObject[]
[APPROX] Constructing Approximation
[APPROX] Resolving approximation
[CTRL] Initiating iterator over current linear queries
[APPROX] # Conjunctions over output: 1
[CTRL] Processing linear query no. 118
[NNENUM] Running nnenum now...
[NNENUM] lb: [31.703236423477783, -73.18705430608887, 0.672462957785854]
[NNENUM] ub: [100.0, -63.40647284695557, 1.0]
[NNENUM] Creating LP Star...
[NNENUM] Checking feasibility
[NNENUM] Generating output Spec...
[NNENUM] Spec list length:  1
[NNENUM] Enumeration in progress... 

[NNENUM] Result: 
<nnenum.result.Result object at 0x7f94948eb430>
[NNENUM] Enumeration finished.
safe
[NNENUM] Filtering result using SMT solver...
[SMT] SMT filtered out 0 stars (out of 0; TO: 0).
[QUERY] Found all non-linear combinations. Count: 1
[QUERY] Found all non-linear combinations. Count: 1
[QUERY] Returning nonlinear disjunction
[CTRL] Considering conjunction with 5 input constraints and a disjunction of size 2
[APPROX] Checking cache: SNNT.Approx.ApproxCacheObject[]
[APPROX] Constructing Approximation
[APPROX] Resolving approximation
[CTRL] Initiating iterator over current linear queries
[APPROX] # Conjunctions over output: 2
[CTRL] Processing linear query no. 119
[NNENUM] Running nnenum now...
[NNENUM] lb: [31.703236423477783, -73.18705430608887, 0.672462957785854]
[NNENUM] ub: [100.0, -63.40647284695557, 1.0]
[NNENUM] Creating LP Star...
[NNENUM] Checking feasibility
[NNENUM] Generating output Spec...
[NNENUM] Spec list length:  2
[NNENUM] Enumeration in progress... 

[NNENUM] Result: 
<nnenum.result.Result object at 0x7f9494cdae80>
[NNENUM] Enumeration finished.
safe
[NNENUM] Filtering result using SMT solver...
[SMT] SMT filtered out 0 stars (out of 0; TO: 0).
[QUERY] Found all non-linear combinations. Count: 2
[QUERY] Found all non-linear combinations. Count: 2
[QUERY] Found all non-linear combinations. Count: 1
[QUERY] Found all non-linear combinations. Count: 1
[QUERY] Found all non-linear combinations. Count: 1
[QUERY] Found all non-linear combinations. Count: 1
[QUERY] Found all non-linear combinations. Count: 2
[QUERY] Found all non-linear combinations. Count: 2
[QUERY] Found all non-linear combinations. Count: 2
[QUERY] Found all non-linear combinations. Count: 1
[QUERY] Found all non-linear combinations. Count: 2
[QUERY] Returning nonlinear disjunction
[CTRL] Considering conjunction with 5 input constraints and a disjunction of size 11
[APPROX] Checking cache: SNNT.Approx.ApproxCacheObject[]
[APPROX] Constructing Approximation
[APPROX] Resolving approximation
[CTRL] Initiating iterator over current linear queries
[APPROX] # Conjunctions over output: 11
[CTRL] Processing linear query no. 120
[NNENUM] Running nnenum now...
[NNENUM] lb: [16.376852110707294, -73.18705430608887, 0.672462957785854]
[NNENUM] ub: [31.703236423477783, -63.40647284695557, 1.0]
[NNENUM] Creating LP Star...
[NNENUM] Checking feasibility
[NNENUM] Generating output Spec...
[NNENUM] Spec list length:  11
[NNENUM] Enumeration in progress... 

[NNENUM] Result: 
<nnenum.result.Result object at 0x7f948ef446d0>
[NNENUM] Enumeration finished.
safe
[NNENUM] Filtering result using SMT solver...
[SMT] SMT filtered out 0 stars (out of 0; TO: 0).
[QUERY] Found all non-linear combinations. Count: 3
[QUERY] Found all non-linear combinations. Count: 2
[QUERY] Found all non-linear combinations. Count: 2
[QUERY] Found all non-linear combinations. Count: 2
[QUERY] Found all non-linear combinations. Count: 2
[QUERY] Found all non-linear combinations. Count: 2
[QUERY] Found all non-linear combinations. Count: 2
[QUERY] Found all non-linear combinations. Count: 1
[QUERY] Found all non-linear combinations. Count: 1
[QUERY] Found all non-linear combinations. Count: 1
[QUERY] Found all non-linear combinations. Count: 1
[QUERY] Found all non-linear combinations. Count: 1
[QUERY] Found all non-linear combinations. Count: 2
[QUERY] Returning nonlinear disjunction
[CTRL] Considering conjunction with 5 input constraints and a disjunction of size 13
[APPROX] Checking cache: SNNT.Approx.ApproxCacheObject[]
[APPROX] Constructing Approximation
[APPROX] Resolving approximation
[CTRL] Initiating iterator over current linear queries
[APPROX] # Conjunctions over output: 13
[CTRL] Processing linear query no. 121
[NNENUM] Running nnenum now...
[NNENUM] lb: [31.703236423477783, -73.18705430608887, -0.3170323642347779]
[NNENUM] ub: [100.0, -63.40647284695557, -0.08918726864196047]
[NNENUM] Creating LP Star...
[NNENUM] Checking feasibility
[NNENUM] Generating output Spec...
[NNENUM] Spec list length:  13
[NNENUM] Enumeration in progress... 

[NNENUM] Result: 
<nnenum.result.Result object at 0x7f9491da7fa0>
[NNENUM] Enumeration finished.
safe
[NNENUM] Filtering result using SMT solver...
[SMT] SMT filtered out 0 stars (out of 0; TO: 0).
[QUERY] Found all non-linear combinations. Count: 1
[QUERY] Found all non-linear combinations. Count: 1
[QUERY] Found all non-linear combinations. Count: 2
[QUERY] Found all non-linear combinations. Count: 2
[QUERY] Found all non-linear combinations. Count: 2
[QUERY] Found all non-linear combinations. Count: 2
[QUERY] Found all non-linear combinations. Count: 2
[QUERY] Found all non-linear combinations. Count: 1
[QUERY] Found all non-linear combinations. Count: 1
[QUERY] Found all non-linear combinations. Count: 2
[QUERY] Returning nonlinear disjunction
[CTRL] Considering conjunction with 5 input constraints and a disjunction of size 10
[APPROX] Checking cache: SNNT.Approx.ApproxCacheObject[]
[APPROX] Constructing Approximation
[APPROX] Resolving approximation
[CTRL] Initiating iterator over current linear queries
[APPROX] # Conjunctions over output: 10
[CTRL] Processing linear query no. 122
[NNENUM] Running nnenum now...
[NNENUM] lb: [31.703236423477783, -73.18705430608887, 0.037131069501745474]
[NNENUM] ub: [100.0, -63.40647284695557, 0.672462957785854]
[NNENUM] Creating LP Star...
[NNENUM] Checking feasibility
[NNENUM] Generating output Spec...
[NNENUM] Spec list length:  10
[NNENUM] Enumeration in progress... 

[NNENUM] Result: 
<nnenum.result.Result object at 0x7f94948eba60>
[NNENUM] Enumeration finished.
safe
[NNENUM] Filtering result using SMT solver...
[SMT] SMT filtered out 0 stars (out of 0; TO: 0).
[QUERY] Found all non-linear combinations. Count: 1
[QUERY] Returning nonlinear disjunction
[CTRL] Considering conjunction with 5 input constraints and a disjunction of size 1
[APPROX] Checking cache: SNNT.Approx.ApproxCacheObject[]
[APPROX] Constructing Approximation
[APPROX] Resolving approximation
[CTRL] Initiating iterator over current linear queries
[APPROX] # Conjunctions over output: 1
[CTRL] Processing linear query no. 123
[NNENUM] Running nnenum now...
[NNENUM] lb: [31.703236423477783, -73.18705430608887, 0.037131069501745474]
[NNENUM] ub: [100.0, -63.40647284695557, 0.672462957785854]
[NNENUM] Creating LP Star...
[NNENUM] Checking feasibility
[NNENUM] Generating output Spec...
[NNENUM] Spec list length:  1
[NNENUM] Enumeration in progress... 

[NNENUM] Result: 
<nnenum.result.Result object at 0x7f94948ebe20>
[NNENUM] Enumeration finished.
safe
[NNENUM] Filtering result using SMT solver...
[SMT] SMT filtered out 0 stars (out of 0; TO: 0).
[QUERY] Found all non-linear combinations. Count: 1
[QUERY] Found all non-linear combinations. Count: 1
[QUERY] Found all non-linear combinations. Count: 1
[QUERY] Found all non-linear combinations. Count: 2
[QUERY] Found all non-linear combinations. Count: 1
[QUERY] Found all non-linear combinations. Count: 1
[QUERY] Found all non-linear combinations. Count: 2
[QUERY] Found all non-linear combinations. Count: 2
[QUERY] Found all non-linear combinations. Count: 2
[QUERY] Found all non-linear combinations. Count: 2
[QUERY] Found all non-linear combinations. Count: 2
[QUERY] Returning nonlinear disjunction
[CTRL] Considering conjunction with 5 input constraints and a disjunction of size 11
[APPROX] Checking cache: SNNT.Approx.ApproxCacheObject[]
[APPROX] Constructing Approximation
[APPROX] Resolving approximation
[CTRL] Initiating iterator over current linear queries
[APPROX] # Conjunctions over output: 11
[CTRL] Processing linear query no. 124
[NNENUM] Running nnenum now...
[NNENUM] lb: [16.376852110707294, -73.18705430608887, 0.037131069501745474]
[NNENUM] ub: [31.703236423477783, -63.40647284695557, 0.672462957785854]
[NNENUM] Creating LP Star...
[NNENUM] Checking feasibility
[NNENUM] Generating output Spec...
[NNENUM] Spec list length:  11
[NNENUM] Enumeration in progress... 

[NNENUM] Result: 
<nnenum.result.Result object at 0x7f94948e7dc0>
[NNENUM] Enumeration finished.
safe
[NNENUM] Filtering result using SMT solver...
[SMT] SMT filtered out 0 stars (out of 0; TO: 0).
[QUERY] Found all non-linear combinations. Count: 1
[QUERY] Found all non-linear combinations. Count: 1
[QUERY] Returning nonlinear disjunction
[CTRL] Considering conjunction with 5 input constraints and a disjunction of size 2
[APPROX] Checking cache: SNNT.Approx.ApproxCacheObject[]
[APPROX] Constructing Approximation
[APPROX] Resolving approximation
[CTRL] Initiating iterator over current linear queries
[APPROX] # Conjunctions over output: 2
[CTRL] Processing linear query no. 125
[NNENUM] Running nnenum now...
[NNENUM] lb: [31.703236423477783, -73.18705430608887, 0.037131069501745474]
[NNENUM] ub: [100.0, -63.40647284695557, 0.672462957785854]
[NNENUM] Creating LP Star...
[NNENUM] Checking feasibility
[NNENUM] Generating output Spec...
[NNENUM] Spec list length:  2
[NNENUM] Enumeration in progress... 

[NNENUM] Result: 
<nnenum.result.Result object at 0x7f9491da7700>
[NNENUM] Enumeration finished.
safe
[NNENUM] Filtering result using SMT solver...
[SMT] SMT filtered out 0 stars (out of 0; TO: 0).
[QUERY] Found all non-linear combinations. Count: 1
[QUERY] Returning nonlinear disjunction
[CTRL] Considering conjunction with 5 input constraints and a disjunction of size 1
[APPROX] Checking cache: SNNT.Approx.ApproxCacheObject[]
[APPROX] Constructing Approximation
[APPROX] Resolving approximation
[CTRL] Initiating iterator over current linear queries
[APPROX] # Conjunctions over output: 1
[CTRL] Processing linear query no. 126
[NNENUM] Running nnenum now...
[NNENUM] lb: [31.703236423477783, -73.18705430608887, 0.0]
[NNENUM] ub: [100.0, -63.40647284695557, 0.037131069501745474]
[NNENUM] Creating LP Star...
[NNENUM] Checking feasibility
[NNENUM] Generating output Spec...
[NNENUM] Spec list length:  1
[NNENUM] Enumeration in progress... 

[NNENUM] Result: 
<nnenum.result.Result object at 0x7f948ef445e0>
[NNENUM] Enumeration finished.
safe
[NNENUM] Filtering result using SMT solver...
[SMT] SMT filtered out 0 stars (out of 0; TO: 0).
[QUERY] Found all non-linear combinations. Count: 1
[QUERY] Found all non-linear combinations. Count: 1
[QUERY] Returning nonlinear disjunction
[CTRL] Considering conjunction with 5 input constraints and a disjunction of size 2
[APPROX] Checking cache: SNNT.Approx.ApproxCacheObject[]
[APPROX] Constructing Approximation
[APPROX] Resolving approximation
[CTRL] Initiating iterator over current linear queries
[APPROX] # Conjunctions over output: 2
[CTRL] Processing linear query no. 127
[NNENUM] Running nnenum now...
[NNENUM] lb: [31.703236423477783, -73.18705430608887, 0.0]
[NNENUM] ub: [100.0, -63.40647284695557, 0.037131069501745474]
[NNENUM] Creating LP Star...
[NNENUM] Checking feasibility
[NNENUM] Generating output Spec...
[NNENUM] Spec list length:  2
[NNENUM] Enumeration in progress... 

[NNENUM] Result: 
<nnenum.result.Result object at 0x7f948ef44520>
[NNENUM] Enumeration finished.
safe
[NNENUM] Filtering result using SMT solver...
[SMT] SMT filtered out 0 stars (out of 0; TO: 0).
[QUERY] Found all non-linear combinations. Count: 2
[QUERY] Found all non-linear combinations. Count: 1
[QUERY] Found all non-linear combinations. Count: 1
[QUERY] Found all non-linear combinations. Count: 1
[QUERY] Found all non-linear combinations. Count: 2
[QUERY] Found all non-linear combinations. Count: 2
[QUERY] Found all non-linear combinations. Count: 2
[QUERY] Found all non-linear combinations. Count: 2
[QUERY] Found all non-linear combinations. Count: 2
[QUERY] Found all non-linear combinations. Count: 1
[QUERY] Returning nonlinear disjunction
[CTRL] Considering conjunction with 5 input constraints and a disjunction of size 10
[APPROX] Checking cache: SNNT.Approx.ApproxCacheObject[]
[APPROX] Constructing Approximation
[APPROX] Resolving approximation
[CTRL] Initiating iterator over current linear queries
[APPROX] # Conjunctions over output: 10
[CTRL] Processing linear query no. 128
[NNENUM] Running nnenum now...
[NNENUM] lb: [31.703236423477783, -73.18705430608887, 0.0]
[NNENUM] ub: [100.0, -63.40647284695557, 0.037131069501745474]
[NNENUM] Creating LP Star...
[NNENUM] Checking feasibility
[NNENUM] Generating output Spec...
[NNENUM] Spec list length:  10
[NNENUM] Enumeration in progress... 

[NNENUM] Result: 
<nnenum.result.Result object at 0x7f94948f8be0>
[NNENUM] Enumeration finished.
safe
[NNENUM] Filtering result using SMT solver...
[SMT] SMT filtered out 0 stars (out of 0; TO: 0).
[QUERY] Found all non-linear combinations. Count: 1
[QUERY] Found all non-linear combinations. Count: 1
[QUERY] Found all non-linear combinations. Count: 1
[QUERY] Found all non-linear combinations. Count: 1
[QUERY] Found all non-linear combinations. Count: 1
[QUERY] Found all non-linear combinations. Count: 2
[QUERY] Found all non-linear combinations. Count: 2
[QUERY] Found all non-linear combinations. Count: 2
[QUERY] Found all non-linear combinations. Count: 2
[QUERY] Found all non-linear combinations. Count: 2
[QUERY] Found all non-linear combinations. Count: 2
[QUERY] Returning nonlinear disjunction
[CTRL] Considering conjunction with 5 input constraints and a disjunction of size 11
[APPROX] Checking cache: SNNT.Approx.ApproxCacheObject[]
[APPROX] Constructing Approximation
[APPROX] Resolving approximation
[CTRL] Initiating iterator over current linear queries
[APPROX] # Conjunctions over output: 11
[CTRL] Processing linear query no. 129
[NNENUM] Running nnenum now...
[NNENUM] lb: [16.376852110707294, -73.18705430608887, 0.0]
[NNENUM] ub: [31.703236423477783, -63.40647284695557, 0.037131069501745474]
[NNENUM] Creating LP Star...
[NNENUM] Checking feasibility
[NNENUM] Generating output Spec...
[NNENUM] Spec list length:  11
[NNENUM] Enumeration in progress... 

[NNENUM] Result: 
<nnenum.result.Result object at 0x7f94948d1fa0>
[NNENUM] Enumeration finished.
safe
[NNENUM] Filtering result using SMT solver...
[SMT] SMT filtered out 0 stars (out of 0; TO: 0).
[QUERY] Found all non-linear combinations. Count: 2
.[QUERY] Found all non-linear combinations. Count: 1
..[QUERY] Found all non-linear combinations. Count: 1
..[QUERY] Found all non-linear combinations. Count: 3
[QUERY] Found all non-linear combinations. Count: 1
[QUERY] Found all non-linear combinations. Count: 1
[QUERY] Found all non-linear combinations. Count: 1
[QUERY] Found all non-linear combinations. Count: 1
[QUERY] Found all non-linear combinations. Count: 1
[QUERY] Found all non-linear combinations. Count: 1
[QUERY] Found all non-linear combinations. Count: 1
.[QUERY] Found all non-linear combinations. Count: 1
.[QUERY] Found all non-linear combinations. Count: 1
[QUERY] Found all non-linear combinations. Count: 1
[QUERY] Found all non-linear combinations. Count: 1
[QUERY] Found all non-linear combinations. Count: 1
[QUERY] Returning nonlinear disjunction
[CTRL] Considering conjunction with 5 input constraints and a disjunction of size 16
[APPROX] Checking cache: SNNT.Approx.ApproxCacheObject[]
[APPROX] Constructing Approximation
[APPROX] Resolving approximation
[CTRL] Initiating iterator over current linear queries
[APPROX] # Conjunctions over output: 16
[CTRL] Processing linear query no. 130
[NNENUM] Running nnenum now...
[NNENUM] lb: [0.07999999999999999, -2.1, 0.0]
[NNENUM] ub: [16.376852110707294, 0.0, 0.037131069501745474]
[NNENUM] Creating LP Star...
[NNENUM] Checking feasibility
[NNENUM] Generating output Spec...
[NNENUM] Spec list length:  16
[NNENUM] Enumeration in progress... 
(0.0 sec) Q: 0, Sets: 0/1  (0.0%) CEs: 0 ETA: - (expected 1 stars)   
(0.2 sec) Q: 0, Sets: 6/8  (68.75%) CEs: 5 ETA: 0.1 sec (expected 9 stars)   
(0.3 sec) Q: 0, Sets: 15/19  (83.203%) CEs: 10 ETA: 0.1 sec (expected 18 stars)   
(0.4 sec) Q: 0, Sets: 20/24  (84.961%) CEs: 19 ETA: 0.1 sec (expected 24 stars)   

Total Stars: 32 (30 exact, 2 approx)
Unfinished Stars: 0
Runtime: 0.5 sec
Completed work frac: 1.0
Num Stars Copied Between Processes: 0
Num Lps During Enumeration: 572
Total Num Lps: 572

Result: network is UNSAFE with confirmed counterexample in result.cinput and result.coutput
Input: [0.07999999821186066, -0.800000011920929, 0.0]
Output: [38.1334114074707]

[NNENUM] Result: 
<nnenum.result.Result object at 0x7f94948d17f0>
[NNENUM] Enumeration finished.
unsafe
[NNENUM] Found counter-example stars: 27
[NNENUM] Filtering result using SMT solver...
[SMT] SMT filtered out 27 stars (out of 27; TO: 0).
[QUERY] Found all non-linear combinations. Count: 1
[QUERY] Found all non-linear combinations. Count: 1
[QUERY] Found all non-linear combinations. Count: 1
[QUERY] Found all non-linear combinations. Count: 1
[QUERY] Found all non-linear combinations. Count: 1
[QUERY] Found all non-linear combinations. Count: 1
[QUERY] Found all non-linear combinations. Count: 1
[QUERY] Found all non-linear combinations. Count: 1
[QUERY] Found all non-linear combinations. Count: 1
[QUERY] Found all non-linear combinations. Count: 1
[QUERY] Found all non-linear combinations. Count: 1
[QUERY] Found all non-linear combinations. Count: 1
[QUERY] Found all non-linear combinations. Count: 1
[QUERY] Found all non-linear combinations. Count: 1
[QUERY] Found all non-linear combinations. Count: 1
[QUERY] Found all non-linear combinations. Count: 3
.[QUERY] Found all non-linear combinations. Count: 3
[QUERY] Found all non-linear combinations. Count: 2
[QUERY] Found all non-linear combinations. Count: 1
[QUERY] Found all non-linear combinations. Count: 1
[QUERY] Found all non-linear combinations. Count: 1
[QUERY] Found all non-linear combinations. Count: 2
[QUERY] Found all non-linear combinations. Count: 2
[QUERY] Returning nonlinear disjunction
[CTRL] Considering conjunction with 5 input constraints and a disjunction of size 23
[APPROX] Checking cache: SNNT.Approx.ApproxCacheObject[]
[APPROX] Constructing Approximation
[APPROX] Resolving approximation
[CTRL] Initiating iterator over current linear queries
[APPROX] # Conjunctions over output: 23
[CTRL] Processing linear query no. 131
[NNENUM] Running nnenum now...
[NNENUM] lb: [0.07999999999999999, -17.837453728392095, 0.0]
[NNENUM] ub: [16.376852110707294, -2.1, 0.037131069501745474]
[NNENUM] Creating LP Star...
[NNENUM] Checking feasibility
[NNENUM] Generating output Spec...
[NNENUM] Spec list length:  23
[NNENUM] Enumeration in progress... 
(0.0 sec) Q: 0, Sets: 0/1  (0.0%) CEs: 0 ETA: - (expected 1 stars)   

Total Stars: 3 (0 exact, 3 approx)
Unfinished Stars: 0
Runtime: 0.1 sec
Completed work frac: 1.0
Num Stars Copied Between Processes: 0
Num Lps During Enumeration: 0
Total Num Lps: 0

Result: network is SAFE

[NNENUM] Result: 
<nnenum.result.Result object at 0x7f94948d1a90>
[NNENUM] Enumeration finished.
safe
[NNENUM] Found counter-example stars: 0
[NNENUM] Filtering result using SMT solver...
[SMT] SMT filtered out 0 stars (out of 0; TO: 0).
[QUERY] Found all non-linear combinations. Count: 1
[QUERY] Found all non-linear combinations. Count: 1
[QUERY] Found all non-linear combinations. Count: 1
[QUERY] Found all non-linear combinations. Count: 1
[QUERY] Found all non-linear combinations. Count: 1
[QUERY] Found all non-linear combinations. Count: 1
[QUERY] Found all non-linear combinations. Count: 1
[QUERY] Found all non-linear combinations. Count: 1
[QUERY] Found all non-linear combinations. Count: 1
[QUERY] Found all non-linear combinations. Count: 1
[QUERY] Found all non-linear combinations. Count: 1
[QUERY] Found all non-linear combinations. Count: 2
[QUERY] Found all non-linear combinations. Count: 3
[QUERY] Found all non-linear combinations. Count: 3
[QUERY] Returning nonlinear disjunction
[CTRL] Considering conjunction with 5 input constraints and a disjunction of size 14
[APPROX] Checking cache: SNNT.Approx.ApproxCacheObject[]
[APPROX] Constructing Approximation
[APPROX] Resolving approximation
[CTRL] Initiating iterator over current linear queries
[APPROX] # Conjunctions over output: 14
[CTRL] Processing linear query no. 132
[NNENUM] Running nnenum now...
[NNENUM] lb: [0.0, -17.837453728392095, 0.0]
[NNENUM] ub: [0.07999999999999999, -2.1, 0.037131069501745474]
[NNENUM] Creating LP Star...
[NNENUM] Checking feasibility
[NNENUM] Generating output Spec...
[NNENUM] Spec list length:  14
[NNENUM] Enumeration in progress... 

[NNENUM] Result: 
<nnenum.result.Result object at 0x7f9494cef5b0>
[NNENUM] Enumeration finished.
safe
[NNENUM] Filtering result using SMT solver...
[SMT] SMT filtered out 0 stars (out of 0; TO: 0).
[QUERY] Found all non-linear combinations. Count: 2
[QUERY] Found all non-linear combinations. Count: 2
[QUERY] Found all non-linear combinations. Count: 2
[QUERY] Found all non-linear combinations. Count: 2
[QUERY] Found all non-linear combinations. Count: 2
[QUERY] Found all non-linear combinations. Count: 2
[QUERY] Found all non-linear combinations. Count: 2
[QUERY] Found all non-linear combinations. Count: 2
[QUERY] Found all non-linear combinations. Count: 1
[QUERY] Found all non-linear combinations. Count: 2
[QUERY] Found all non-linear combinations. Count: 2
[QUERY] Found all non-linear combinations. Count: 2
[QUERY] Found all non-linear combinations. Count: 2
[QUERY] Found all non-linear combinations. Count: 2
[QUERY] Found all non-linear combinations. Count: 1
[QUERY] Found all non-linear combinations. Count: 1
[QUERY] Found all non-linear combinations. Count: 1
[QUERY] Found all non-linear combinations. Count: 1
[QUERY] Returning nonlinear disjunction
[CTRL] Considering conjunction with 5 input constraints and a disjunction of size 18
[APPROX] Checking cache: SNNT.Approx.ApproxCacheObject[]
[APPROX] Constructing Approximation
[APPROX] Resolving approximation
[CTRL] Initiating iterator over current linear queries
[APPROX] # Conjunctions over output: 18
[CTRL] Processing linear query no. 133
[NNENUM] Running nnenum now...
[NNENUM] lb: [0.07999999999999999, -17.837453728392095, 0.0]
[NNENUM] ub: [16.376852110707294, -2.1, 0.037131069501745474]
[NNENUM] Creating LP Star...
[NNENUM] Checking feasibility
[NNENUM] Generating output Spec...
[NNENUM] Spec list length:  18
[NNENUM] Enumeration in progress... 
(0.2 sec) Q: 0, Sets: 0/1  (0.0%) CEs: 0 ETA: - (expected 1 stars)   
(0.3 sec) Q: 0, Sets: 7/11  (25.0%) CEs: 0 ETA: 0.8 sec (expected 28 stars)   
(0.4 sec) Q: 0, Sets: 19/23  (53.125%) CEs: 0 ETA: 0.3 sec (expected 36 stars)   
(0.5 sec) Q: 0, Sets: 27/34  (57.91%) CEs: 0 ETA: 0.3 sec (expected 47 stars)   
(0.6 sec) Q: 0, Sets: 44/46  (75.0%) CEs: 0 ETA: 0.2 sec (expected 59 stars)   
(0.7 sec) Q: 0, Sets: 57/59  (98.047%) CEs: 0 ETA: 0.0 sec (expected 58 stars)   
Total Stars: 64 (10 exact, 54 approx)
Unfinished Stars: 0
Runtime: 0.7 sec
Completed work frac: 1.0
Num Stars Copied Between Processes: 0
Num Lps During Enumeration: 328
Total Num Lps: 328

Result: network is SAFE

[NNENUM] Result: 
<nnenum.result.Result object at 0x7f94948d1190>
[NNENUM] Enumeration finished.
safe
[NNENUM] Found counter-example stars: 0
[NNENUM] Filtering result using SMT solver...
[SMT] SMT filtered out 0 stars (out of 0; TO: 0).
[QUERY] Found all non-linear combinations. Count: 2
.[QUERY] Found all non-linear combinations. Count: 1
[QUERY] Found all non-linear combinations. Count: 1
.[QUERY] Found all non-linear combinations. Count: 3
[QUERY] Found all non-linear combinations. Count: 1
[QUERY] Found all non-linear combinations. Count: 1
[QUERY] Found all non-linear combinations. Count: 1
[QUERY] Found all non-linear combinations. Count: 1
[QUERY] Found all non-linear combinations. Count: 1
[QUERY] Found all non-linear combinations. Count: 1
[QUERY] Found all non-linear combinations. Count: 1
[QUERY] Found all non-linear combinations. Count: 1
[QUERY] Found all non-linear combinations. Count: 1
[QUERY] Found all non-linear combinations. Count: 1
[QUERY] Found all non-linear combinations. Count: 1
[QUERY] Found all non-linear combinations. Count: 1
[QUERY] Returning nonlinear disjunction
[CTRL] Considering conjunction with 5 input constraints and a disjunction of size 16
[APPROX] Checking cache: SNNT.Approx.ApproxCacheObject[]
[APPROX] Constructing Approximation
[APPROX] Resolving approximation
[CTRL] Initiating iterator over current linear queries
[APPROX] # Conjunctions over output: 16
[CTRL] Processing linear query no. 134
[NNENUM] Running nnenum now...
[NNENUM] lb: [0.07999999999999999, -2.1, 0.037131069501745474]
[NNENUM] ub: [16.376852110707294, 0.0, 0.672462957785854]
[NNENUM] Creating LP Star...
[NNENUM] Checking feasibility
[NNENUM] Generating output Spec...
[NNENUM] Spec list length:  16
[NNENUM] Enumeration in progress... 
(0.0 sec) Q: 0, Sets: 0/1  (0.0%) CEs: 0 ETA: - (expected 1 stars)   
(0.1 sec) Q: 0, Sets: 5/7  (62.5%) CEs: 5 ETA: 0.1 sec (expected 8 stars)   
(0.2 sec) Q: 0, Sets: 15/19  (83.203%) CEs: 13 ETA: 0.0 sec (expected 18 stars)   
(0.4 sec) Q: 0, Sets: 25/27  (87.109%) CEs: 22 ETA: 0.1 sec (expected 29 stars)   

Total Stars: 32 (30 exact, 2 approx)
Unfinished Stars: 0
Runtime: 0.4 sec
Completed work frac: 1.0
Num Stars Copied Between Processes: 0
Num Lps During Enumeration: 572
Total Num Lps: 572

Result: network is UNSAFE with confirmed counterexample in result.cinput and result.coutput
Input: [0.07999999821186066, -0.800000011920929, 0.03713107109069824]
Output: [38.1334114074707]

[NNENUM] Result: 
<nnenum.result.Result object at 0x7f948ef44d30>
[NNENUM] Enumeration finished.
unsafe
[NNENUM] Found counter-example stars: 27
[NNENUM] Filtering result using SMT solver...
[SMT] SMT filtered out 27 stars (out of 27; TO: 0).
[QUERY] Found all non-linear combinations. Count: 2
[QUERY] Found all non-linear combinations. Count: 2
[QUERY] Found all non-linear combinations. Count: 2
[QUERY] Found all non-linear combinations. Count: 2
[QUERY] Found all non-linear combinations. Count: 2
[QUERY] Found all non-linear combinations. Count: 1
.[QUERY] Found all non-linear combinations. Count: 1
.[QUERY] Found all non-linear combinations. Count: 1
.[QUERY] Found all non-linear combinations. Count: 1
[QUERY] Found all non-linear combinations. Count: 2
[QUERY] Found all non-linear combinations. Count: 1
[QUERY] Found all non-linear combinations. Count: 1
[QUERY] Found all non-linear combinations. Count: 1
[QUERY] Found all non-linear combinations. Count: 2
[QUERY] Returning nonlinear disjunction
[CTRL] Considering conjunction with 5 input constraints and a disjunction of size 14
[APPROX] Checking cache: SNNT.Approx.ApproxCacheObject[]
[APPROX] Constructing Approximation
[APPROX] Resolving approximation
[CTRL] Initiating iterator over current linear queries
[APPROX] # Conjunctions over output: 14
[CTRL] Processing linear query no. 135
[NNENUM] Running nnenum now...
[NNENUM] lb: [0.07999999999999999, -2.1, 0.037131069501745474]
[NNENUM] ub: [16.376852110707294, 0.0, 0.672462957785854]
[NNENUM] Creating LP Star...
[NNENUM] Checking feasibility
[NNENUM] Generating output Spec...
[NNENUM] Spec list length:  14
[NNENUM] Enumeration in progress... 
(0.1 sec) Q: 0, Sets: 0/1  (0.0%) CEs: 0 ETA: - (expected 1 stars)   
(0.2 sec) Q: 0, Sets: 4/12  (12.793%) CEs: 0 ETA: 1.0 sec (expected 31 stars)   
(0.3 sec) Q: 0, Sets: 17/24  (13.477%) CEs: 0 ETA: 1.6 sec (expected 126 stars)   
(0.4 sec) Q: 0, Sets: 31/38  (14.697%) CEs: 0 ETA: 2.1 sec (expected 211 stars)   
(0.5 sec) Q: 0, Sets: 51/54  (18.75%) CEs: 0 ETA: 2.0 sec (expected 272 stars)   
(0.6 sec) Q: 0, Sets: 66/71  (45.312%) CEs: 0 ETA: 0.7 sec (expected 146 stars)   
Total Stars: 84 (5 exact, 79 approx)
Unfinished Stars: 0
Runtime: 0.6 sec
Completed work frac: 1.0
Num Stars Copied Between Processes: 0
Num Lps During Enumeration: 126
Total Num Lps: 126

Result: network is SAFE

[NNENUM] Result: 
<nnenum.result.Result object at 0x7f94910eb490>
[NNENUM] Enumeration finished.
safe
[NNENUM] Found counter-example stars: 0
[NNENUM] Filtering result using SMT solver...
[SMT] SMT filtered out 0 stars (out of 0; TO: 0).
.[QUERY] Found all non-linear combinations. Count: 1
[QUERY] Found all non-linear combinations. Count: 1
[QUERY] Found all non-linear combinations. Count: 1
[QUERY] Found all non-linear combinations. Count: 1
[QUERY] Found all non-linear combinations. Count: 1
.[QUERY] Found all non-linear combinations. Count: 1
[QUERY] Found all non-linear combinations. Count: 1
[QUERY] Found all non-linear combinations. Count: 1
[QUERY] Found all non-linear combinations. Count: 1
[QUERY] Returning nonlinear disjunction
[CTRL] Considering conjunction with 5 input constraints and a disjunction of size 9
[APPROX] Checking cache: SNNT.Approx.ApproxCacheObject[]
[APPROX] Constructing Approximation
[APPROX] Resolving approximation
[CTRL] Initiating iterator over current linear queries
[APPROX] # Conjunctions over output: 9
[CTRL] Processing linear query no. 136
[NNENUM] Running nnenum now...
[NNENUM] lb: [0.07999999999999999, -2.1, 0.037131069501745474]
[NNENUM] ub: [16.376852110707294, 0.0, 0.672462957785854]
[NNENUM] Creating LP Star...
[NNENUM] Checking feasibility
[NNENUM] Generating output Spec...
[NNENUM] Spec list length:  9
[NNENUM] Enumeration in progress... 
(0.1 sec) Q: 0, Sets: 0/1  (0.0%) CEs: 0 ETA: - (expected 1 stars)   
(0.2 sec) Q: 0, Sets: 4/11  (1.367%) CEs: 0 ETA: 11.0 sec (expected 293 stars)   

Total Stars: 28 (3 exact, 25 approx)
Unfinished Stars: 0
Runtime: 0.2 sec
Completed work frac: 1.0
Num Stars Copied Between Processes: 0
Num Lps During Enumeration: 93
Total Num Lps: 93

Result: network is SAFE

[NNENUM] Result: 
<nnenum.result.Result object at 0x7f94910eb6a0>
[NNENUM] Enumeration finished.
safe
[NNENUM] Found counter-example stars: 0
[NNENUM] Filtering result using SMT solver...
[SMT] SMT filtered out 0 stars (out of 0; TO: 0).
[QUERY] Found all non-linear combinations. Count: 1
[QUERY] Found all non-linear combinations. Count: 1
[QUERY] Found all non-linear combinations. Count: 1
[QUERY] Found all non-linear combinations. Count: 1
[QUERY] Found all non-linear combinations. Count: 1
[QUERY] Found all non-linear combinations. Count: 1
[QUERY] Found all non-linear combinations. Count: 1
[QUERY] Found all non-linear combinations. Count: 1
[QUERY] Found all non-linear combinations. Count: 1
[QUERY] Returning nonlinear disjunction
[CTRL] Considering conjunction with 5 input constraints and a disjunction of size 9
[APPROX] Checking cache: SNNT.Approx.ApproxCacheObject[]
[APPROX] Constructing Approximation
[APPROX] Resolving approximation
[CTRL] Initiating iterator over current linear queries
[APPROX] # Conjunctions over output: 9
[CTRL] Processing linear query no. 137
[NNENUM] Running nnenum now...
[NNENUM] lb: [0.07999999999999999, -2.1, 0.037131069501745474]
[NNENUM] ub: [16.376852110707294, 0.0, 0.672462957785854]
[NNENUM] Creating LP Star...
[NNENUM] Checking feasibility
[NNENUM] Generating output Spec...
[NNENUM] Spec list length:  9
[NNENUM] Enumeration in progress... 
(0.1 sec) Q: 0, Sets: 0/1  (0.0%) CEs: 0 ETA: - (expected 1 stars)   
(0.2 sec) Q: 0, Sets: 8/19  (0.842%) CEs: 0 ETA: 19.7 sec (expected 950 stars)   
(0.3 sec) Q: 0, Sets: 22/28  (4.688%) CEs: 0 ETA: 5.5 sec (expected 469 stars)   
(0.4 sec) Q: 0, Sets: 29/36  (7.812%) CEs: 0 ETA: 4.4 sec (expected 371 stars)   
(0.5 sec) Q: 0, Sets: 47/54  (11.401%) CEs: 0 ETA: 3.7 sec (expected 412 stars)   
(0.6 sec) Q: 0, Sets: 67/71  (37.5%) CEs: 0 ETA: 1.0 sec (expected 179 stars)   
(0.7 sec) Q: 0, Sets: 83/91  (62.939%) CEs: 0 ETA: 0.4 sec (expected 132 stars)   
(0.8 sec) Q: 0, Sets: 98/101  (75.0%) CEs: 0 ETA: 0.3 sec (expected 131 stars)   
(0.9 sec) Q: 0, Sets: 120/123  (89.062%) CEs: 0 ETA: 0.1 sec (expected 135 stars)   
Total Stars: 136 (7 exact, 129 approx)
Unfinished Stars: 0
Runtime: 0.9 sec
Completed work frac: 1.0
Num Stars Copied Between Processes: 0
Num Lps During Enumeration: 126
Total Num Lps: 126

Result: network is SAFE

[NNENUM] Result: 
<nnenum.result.Result object at 0x7f94910eba90>
[NNENUM] Enumeration finished.
safe
[NNENUM] Found counter-example stars: 0
[NNENUM] Filtering result using SMT solver...
[SMT] SMT filtered out 0 stars (out of 0; TO: 0).
[QUERY] Found all non-linear combinations. Count: 1
[QUERY] Found all non-linear combinations. Count: 1
[QUERY] Found all non-linear combinations. Count: 1
[QUERY] Found all non-linear combinations. Count: 1
[QUERY] Found all non-linear combinations. Count: 1
[QUERY] Found all non-linear combinations. Count: 2
[QUERY] Found all non-linear combinations. Count: 3
[QUERY] Found all non-linear combinations. Count: 3
[QUERY] Found all non-linear combinations. Count: 2
[QUERY] Found all non-linear combinations. Count: 2
[QUERY] Found all non-linear combinations. Count: 1
[QUERY] Found all non-linear combinations. Count: 1
[QUERY] Found all non-linear combinations. Count: 1
[QUERY] Found all non-linear combinations. Count: 1
[QUERY] Found all non-linear combinations. Count: 1
[QUERY] Found all non-linear combinations. Count: 1
[QUERY] Found all non-linear combinations. Count: 1
[QUERY] Found all non-linear combinations. Count: 1
[QUERY] Found all non-linear combinations. Count: 1
[QUERY] Found all non-linear combinations. Count: 1
[QUERY] Found all non-linear combinations. Count: 1
[QUERY] Found all non-linear combinations. Count: 1
[QUERY] Found all non-linear combinations. Count: 1
[QUERY] Returning nonlinear disjunction
[CTRL] Considering conjunction with 5 input constraints and a disjunction of size 23
[APPROX] Checking cache: SNNT.Approx.ApproxCacheObject[]
[APPROX] Constructing Approximation
[APPROX] Resolving approximation
[CTRL] Initiating iterator over current linear queries
[APPROX] # Conjunctions over output: 23
[CTRL] Processing linear query no. 138
[NNENUM] Running nnenum now...
[NNENUM] lb: [0.07999999999999999, -17.837453728392095, 0.037131069501745474]
[NNENUM] ub: [16.376852110707294, -2.1, 0.672462957785854]
[NNENUM] Creating LP Star...
[NNENUM] Checking feasibility
[NNENUM] Generating output Spec...
[NNENUM] Spec list length:  23
[NNENUM] Enumeration in progress... 
(0.0 sec) Q: 0, Sets: 0/1  (0.0%) CEs: 0 ETA: - (expected 1 stars)   

Total Stars: 3 (0 exact, 3 approx)
Unfinished Stars: 0
Runtime: 0.1 sec
Completed work frac: 1.0
Num Stars Copied Between Processes: 0
Num Lps During Enumeration: 0
Total Num Lps: 0

Result: network is SAFE

[NNENUM] Result: 
<nnenum.result.Result object at 0x7f94910c3a90>
[NNENUM] Enumeration finished.
safe
[NNENUM] Found counter-example stars: 0
[NNENUM] Filtering result using SMT solver...
[SMT] SMT filtered out 0 stars (out of 0; TO: 0).
.[QUERY] Found all non-linear combinations. Count: 2
[QUERY] Found all non-linear combinations. Count: 2
[QUERY] Found all non-linear combinations. Count: 2
[QUERY] Found all non-linear combinations. Count: 1
[QUERY] Found all non-linear combinations. Count: 1
[QUERY] Found all non-linear combinations. Count: 1
[QUERY] Found all non-linear combinations. Count: 1
[QUERY] Found all non-linear combinations. Count: 1
[QUERY] Found all non-linear combinations. Count: 2
[QUERY] Found all non-linear combinations. Count: 2
[QUERY] Found all non-linear combinations. Count: 2
[QUERY] Found all non-linear combinations. Count: 2
[QUERY] Found all non-linear combinations. Count: 2
[QUERY] Found all non-linear combinations. Count: 2
[QUERY] Found all non-linear combinations. Count: 2
[QUERY] Found all non-linear combinations. Count: 2
[QUERY] Found all non-linear combinations. Count: 2
[QUERY] Found all non-linear combinations. Count: 2
[QUERY] Returning nonlinear disjunction
[CTRL] Considering conjunction with 5 input constraints and a disjunction of size 18
[APPROX] Checking cache: SNNT.Approx.ApproxCacheObject[]
[APPROX] Constructing Approximation
[APPROX] Resolving approximation
[CTRL] Initiating iterator over current linear queries
[APPROX] # Conjunctions over output: 18
[CTRL] Processing linear query no. 139
[NNENUM] Running nnenum now...
[NNENUM] lb: [0.07999999999999999, -17.837453728392095, 0.037131069501745474]
[NNENUM] ub: [16.376852110707294, -2.1, 0.672462957785854]
[NNENUM] Creating LP Star...
[NNENUM] Checking feasibility
[NNENUM] Generating output Spec...
[NNENUM] Spec list length:  18
[NNENUM] Enumeration in progress... 
(0.1 sec) Q: 0, Sets: 0/1  (0.0%) CEs: 0 ETA: - (expected 1 stars)   
(0.2 sec) Q: 0, Sets: 0/2  (0.0%) CEs: 0 ETA: - (expected 1 stars)   
(0.3 sec) Q: 0, Sets: 13/19  (51.172%) CEs: 0 ETA: 0.3 sec (expected 25 stars)   
(0.4 sec) Q: 0, Sets: 24/27  (56.25%) CEs: 0 ETA: 0.3 sec (expected 43 stars)   
(0.5 sec) Q: 0, Sets: 37/40  (60.938%) CEs: 0 ETA: 0.3 sec (expected 61 stars)   
(0.6 sec) Q: 0, Sets: 46/48  (87.5%) CEs: 0 ETA: 0.1 sec (expected 53 stars)   
Total Stars: 64 (10 exact, 54 approx)
Unfinished Stars: 0
Runtime: 0.7 sec
Completed work frac: 1.0
Num Stars Copied Between Processes: 0
Num Lps During Enumeration: 328
Total Num Lps: 328

Result: network is SAFE

[NNENUM] Result: 
<nnenum.result.Result object at 0x7f94910ebcd0>
[NNENUM] Enumeration finished.
safe
[NNENUM] Found counter-example stars: 0
[NNENUM] Filtering result using SMT solver...
[SMT] SMT filtered out 0 stars (out of 0; TO: 0).
[QUERY] Found all non-linear combinations. Count: 2
[QUERY] Found all non-linear combinations. Count: 1
[QUERY] Found all non-linear combinations. Count: 3
[QUERY] Found all non-linear combinations. Count: 1
[QUERY] Found all non-linear combinations. Count: 1
[QUERY] Found all non-linear combinations. Count: 1
[QUERY] Found all non-linear combinations. Count: 1
[QUERY] Found all non-linear combinations. Count: 1
[QUERY] Found all non-linear combinations. Count: 1
[QUERY] Found all non-linear combinations. Count: 1
[QUERY] Found all non-linear combinations. Count: 1
[QUERY] Found all non-linear combinations. Count: 1
[QUERY] Found all non-linear combinations. Count: 1
[QUERY] Found all non-linear combinations. Count: 1
[QUERY] Found all non-linear combinations. Count: 1
[QUERY] Returning nonlinear disjunction
[CTRL] Considering conjunction with 5 input constraints and a disjunction of size 15
[APPROX] Checking cache: SNNT.Approx.ApproxCacheObject[]
[APPROX] Constructing Approximation
[APPROX] Resolving approximation
[CTRL] Initiating iterator over current linear queries
[APPROX] # Conjunctions over output: 15
[CTRL] Processing linear query no. 140
[NNENUM] Running nnenum now...
[NNENUM] lb: [0.07999999999999999, -2.1, -0.36593527153044436]
[NNENUM] ub: [16.376852110707294, 0.0, -0.3170323642347779]
[NNENUM] Creating LP Star...
[NNENUM] Checking feasibility
[NNENUM] Generating output Spec...
[NNENUM] Spec list length:  15
[NNENUM] Enumeration in progress... 
(0.1 sec) Q: 0, Sets: 0/1  (0.0%) CEs: 0 ETA: - (expected 1 stars)   
(0.2 sec) Q: 0, Sets: 5/8  (62.5%) CEs: 6 ETA: 0.1 sec (expected 8 stars)   
(0.3 sec) Q: 0, Sets: 17/20  (83.984%) CEs: 16 ETA: 0.0 sec (expected 20 stars)   
(0.4 sec) Q: 0, Sets: 26/29  (87.5%) CEs: 26 ETA: 0.1 sec (expected 30 stars)   

Total Stars: 32 (30 exact, 2 approx)
Unfinished Stars: 0
Runtime: 0.4 sec
Completed work frac: 1.0
Num Stars Copied Between Processes: 0
Num Lps During Enumeration: 572
Total Num Lps: 572

Result: network is UNSAFE with confirmed counterexample in result.cinput and result.coutput
Input: [0.07999999821186066, -0.800000011920929, -0.3170323669910431]
Output: [38.1334114074707]

[NNENUM] Result: 
<nnenum.result.Result object at 0x7f94910d5190>
[NNENUM] Enumeration finished.
unsafe
[NNENUM] Found counter-example stars: 27
[NNENUM] Filtering result using SMT solver...
[SMT] SMT filtered out 27 stars (out of 27; TO: 0).
.[QUERY] Found all non-linear combinations. Count: 1
[QUERY] Found all non-linear combinations. Count: 2
[QUERY] Found all non-linear combinations. Count: 2
[QUERY] Found all non-linear combinations. Count: 2
[QUERY] Found all non-linear combinations. Count: 2
[QUERY] Found all non-linear combinations. Count: 2
[QUERY] Found all non-linear combinations. Count: 2
[QUERY] Found all non-linear combinations. Count: 2
[QUERY] Found all non-linear combinations. Count: 1
[QUERY] Found all non-linear combinations. Count: 1
[QUERY] Found all non-linear combinations. Count: 1
[QUERY] Found all non-linear combinations. Count: 1
[QUERY] Found all non-linear combinations. Count: 2
[QUERY] Found all non-linear combinations. Count: 2
[QUERY] Found all non-linear combinations. Count: 1
[QUERY] Found all non-linear combinations. Count: 1
[QUERY] Returning nonlinear disjunction
[CTRL] Considering conjunction with 5 input constraints and a disjunction of size 16
[APPROX] Checking cache: SNNT.Approx.ApproxCacheObject[]
[APPROX] Constructing Approximation
[APPROX] Resolving approximation
[CTRL] Initiating iterator over current linear queries
[APPROX] # Conjunctions over output: 16
[CTRL] Processing linear query no. 141
[NNENUM] Running nnenum now...
[NNENUM] lb: [0.07999999999999999, -2.1, -0.36593527153044436]
[NNENUM] ub: [16.376852110707294, 0.0, -0.3170323642347779]
[NNENUM] Creating LP Star...
[NNENUM] Checking feasibility
[NNENUM] Generating output Spec...
[NNENUM] Spec list length:  16
[NNENUM] Enumeration in progress... 
(0.1 sec) Q: 0, Sets: 0/1  (0.0%) CEs: 0 ETA: - (expected 1 stars)   
(0.2 sec) Q: 0, Sets: 2/11  (12.5%) CEs: 0 ETA: 1.1 sec (expected 16 stars)   
(0.3 sec) Q: 0, Sets: 17/24  (13.477%) CEs: 0 ETA: 1.7 sec (expected 126 stars)   
(0.4 sec) Q: 0, Sets: 30/38  (14.648%) CEs: 0 ETA: 2.1 sec (expected 205 stars)   
(0.5 sec) Q: 0, Sets: 38/46  (17.188%) CEs: 0 ETA: 2.2 sec (expected 221 stars)   
(0.6 sec) Q: 0, Sets: 56/60  (42.578%) CEs: 0 ETA: 0.8 sec (expected 132 stars)   
(0.7 sec) Q: 0, Sets: 70/74  (47.266%) CEs: 0 ETA: 0.7 sec (expected 148 stars)   
Total Stars: 84 (5 exact, 79 approx)
Unfinished Stars: 0
Runtime: 0.7 sec
Completed work frac: 1.0
Num Stars Copied Between Processes: 0
Num Lps During Enumeration: 126
Total Num Lps: 126

Result: network is SAFE

[NNENUM] Result: 
<nnenum.result.Result object at 0x7f94910c3460>
[NNENUM] Enumeration finished.
safe
[NNENUM] Found counter-example stars: 0
[NNENUM] Filtering result using SMT solver...
[SMT] SMT filtered out 0 stars (out of 0; TO: 0).
[QUERY] Found all non-linear combinations. Count: 2
[QUERY] Found all non-linear combinations. Count: 2
[QUERY] Found all non-linear combinations. Count: 1
[QUERY] Found all non-linear combinations. Count: 1
[QUERY] Found all non-linear combinations. Count: 3
[QUERY] Found all non-linear combinations. Count: 3
[QUERY] Found all non-linear combinations. Count: 1
[QUERY] Found all non-linear combinations. Count: 1
[QUERY] Found all non-linear combinations. Count: 1
[QUERY] Found all non-linear combinations. Count: 1
[QUERY] Found all non-linear combinations. Count: 1
[QUERY] Found all non-linear combinations. Count: 1
[QUERY] Found all non-linear combinations. Count: 1
[QUERY] Found all non-linear combinations. Count: 1
[QUERY] Found all non-linear combinations. Count: 1
[QUERY] Found all non-linear combinations. Count: 1
[QUERY] Found all non-linear combinations. Count: 1
[QUERY] Found all non-linear combinations. Count: 1
[QUERY] Found all non-linear combinations. Count: 1
[QUERY] Found all non-linear combinations. Count: 1
[QUERY] Returning nonlinear disjunction
[CTRL] Considering conjunction with 5 input constraints and a disjunction of size 20
[APPROX] Checking cache: SNNT.Approx.ApproxCacheObject[]
[APPROX] Constructing Approximation
[APPROX] Resolving approximation
[CTRL] Initiating iterator over current linear queries
[APPROX] # Conjunctions over output: 20
[CTRL] Processing linear query no. 142
[NNENUM] Running nnenum now...
[NNENUM] lb: [0.07999999999999999, -17.837453728392095, -0.36593527153044436]
[NNENUM] ub: [16.376852110707294, -2.1, -0.3170323642347779]
[NNENUM] Creating LP Star...
[NNENUM] Checking feasibility
[NNENUM] Generating output Spec...
[NNENUM] Spec list length:  20
[NNENUM] Enumeration in progress... 
(0.0 sec) Q: 0, Sets: 0/1  (0.0%) CEs: 0 ETA: - (expected 1 stars)   

Total Stars: 3 (0 exact, 3 approx)
Unfinished Stars: 0
Runtime: 0.1 sec
Completed work frac: 1.0
Num Stars Copied Between Processes: 0
Num Lps During Enumeration: 0
Total Num Lps: 0

Result: network is SAFE

[NNENUM] Result: 
<nnenum.result.Result object at 0x7f94910d3850>
[NNENUM] Enumeration finished.
safe
[NNENUM] Found counter-example stars: 0
[NNENUM] Filtering result using SMT solver...
[SMT] SMT filtered out 0 stars (out of 0; TO: 0).
[QUERY] Found all non-linear combinations. Count: 2
[QUERY] Found all non-linear combinations. Count: 3
[QUERY] Found all non-linear combinations. Count: 3
[QUERY] Found all non-linear combinations. Count: 1
[QUERY] Found all non-linear combinations. Count: 2
[QUERY] Found all non-linear combinations. Count: 2
[QUERY] Found all non-linear combinations. Count: 1
[QUERY] Found all non-linear combinations. Count: 1
[QUERY] Found all non-linear combinations. Count: 1
[QUERY] Found all non-linear combinations. Count: 1
[QUERY] Found all non-linear combinations. Count: 1
[QUERY] Found all non-linear combinations. Count: 1
[QUERY] Found all non-linear combinations. Count: 1
[QUERY] Found all non-linear combinations. Count: 1
[QUERY] Found all non-linear combinations. Count: 1
[QUERY] Found all non-linear combinations. Count: 1
[QUERY] Found all non-linear combinations. Count: 1
[QUERY] Found all non-linear combinations. Count: 1
[QUERY] Found all non-linear combinations. Count: 1
[QUERY] Found all non-linear combinations. Count: 1
[QUERY] Found all non-linear combinations. Count: 1
[QUERY] Found all non-linear combinations. Count: 1
[QUERY] Found all non-linear combinations. Count: 1
[QUERY] Found all non-linear combinations. Count: 1
[QUERY] Found all non-linear combinations. Count: 1
[QUERY] Found all non-linear combinations. Count: 1
[QUERY] Returning nonlinear disjunction
[CTRL] Considering conjunction with 5 input constraints and a disjunction of size 26
[APPROX] Checking cache: SNNT.Approx.ApproxCacheObject[]
[APPROX] Constructing Approximation
[APPROX] Resolving approximation
[CTRL] Initiating iterator over current linear queries
[APPROX] # Conjunctions over output: 26
[CTRL] Processing linear query no. 143
[NNENUM] Running nnenum now...
[NNENUM] lb: [0.07999999999999999, -17.837453728392095, -0.3170323642347779]
[NNENUM] ub: [16.376852110707294, -2.1, -0.08918726864196047]
[NNENUM] Creating LP Star...
[NNENUM] Checking feasibility
[NNENUM] Generating output Spec...
[NNENUM] Spec list length:  26
[NNENUM] Enumeration in progress... 
(0.1 sec) Q: 0, Sets: 0/1  (0.0%) CEs: 0 ETA: - (expected 1 stars)   

Total Stars: 3 (0 exact, 3 approx)
Unfinished Stars: 0
Runtime: 0.2 sec
Completed work frac: 1.0
Num Stars Copied Between Processes: 0
Num Lps During Enumeration: 0
Total Num Lps: 0

Result: network is SAFE

[NNENUM] Result: 
<nnenum.result.Result object at 0x7f94948eb700>
[NNENUM] Enumeration finished.
safe
[NNENUM] Found counter-example stars: 0
[NNENUM] Filtering result using SMT solver...
[SMT] SMT filtered out 0 stars (out of 0; TO: 0).
[QUERY] Found all non-linear combinations. Count: 1
[QUERY] Found all non-linear combinations. Count: 1
[QUERY] Found all non-linear combinations. Count: 1
[QUERY] Found all non-linear combinations. Count: 1
[QUERY] Found all non-linear combinations. Count: 2
[QUERY] Found all non-linear combinations. Count: 1
[QUERY] Found all non-linear combinations. Count: 1
[QUERY] Found all non-linear combinations. Count: 2
[QUERY] Found all non-linear combinations. Count: 2
[QUERY] Found all non-linear combinations. Count: 2
[QUERY] Found all non-linear combinations. Count: 2
[QUERY] Found all non-linear combinations. Count: 2
[QUERY] Found all non-linear combinations. Count: 2
.[QUERY] Found all non-linear combinations. Count: 3
[QUERY] Found all non-linear combinations. Count: 2
[QUERY] Found all non-linear combinations. Count: 2
[QUERY] Found all non-linear combinations. Count: 2
[QUERY] Found all non-linear combinations. Count: 2
[QUERY] Found all non-linear combinations. Count: 2
[QUERY] Found all non-linear combinations. Count: 2
[QUERY] Found all non-linear combinations. Count: 1
[QUERY] Found all non-linear combinations. Count: 2
[QUERY] Found all non-linear combinations. Count: 2
[QUERY] Returning nonlinear disjunction
[CTRL] Considering conjunction with 5 input constraints and a disjunction of size 23
[APPROX] Checking cache: SNNT.Approx.ApproxCacheObject[]
[APPROX] Constructing Approximation
[APPROX] Resolving approximation
[CTRL] Initiating iterator over current linear queries
[APPROX] # Conjunctions over output: 23
[CTRL] Processing linear query no. 144
[NNENUM] Running nnenum now...
[NNENUM] lb: [0.07999999999999999, -17.837453728392095, -0.3170323642347779]
[NNENUM] ub: [16.376852110707294, -2.1, -0.08918726864196047]
[NNENUM] Creating LP Star...
[NNENUM] Checking feasibility
[NNENUM] Generating output Spec...
[NNENUM] Spec list length:  23
[NNENUM] Enumeration in progress... 
(0.0 sec) Q: 0, Sets: 0/1  (0.0%) CEs: 0 ETA: - (expected 1 stars)   
(0.1 sec) Q: 0, Sets: 11/17  (50.781%) CEs: 0 ETA: 0.1 sec (expected 22 stars)   
(0.3 sec) Q: 0, Sets: 13/19  (51.172%) CEs: 0 ETA: 0.2 sec (expected 25 stars)   
(0.4 sec) Q: 0, Sets: 24/27  (56.25%) CEs: 0 ETA: 0.3 sec (expected 43 stars)   
(0.5 sec) Q: 0, Sets: 36/40  (60.547%) CEs: 0 ETA: 0.3 sec (expected 59 stars)   
(0.6 sec) Q: 0, Sets: 50/53  (89.844%) CEs: 0 ETA: 0.1 sec (expected 56 stars)   
(0.7 sec) Q: 0, Sets: 59/61  (98.34%) CEs: 0 ETA: 0.0 sec (expected 60 stars)   
Total Stars: 64 (10 exact, 54 approx)
Unfinished Stars: 0
Runtime: 0.7 sec
Completed work frac: 1.0
Num Stars Copied Between Processes: 0
Num Lps During Enumeration: 328
Total Num Lps: 328

Result: network is SAFE

[NNENUM] Result: 
<nnenum.result.Result object at 0x7f94948e7460>
[NNENUM] Enumeration finished.
safe
[NNENUM] Found counter-example stars: 0
[NNENUM] Filtering result using SMT solver...
[SMT] SMT filtered out 0 stars (out of 0; TO: 0).
[QUERY] Found all non-linear combinations. Count: 2
[QUERY] Found all non-linear combinations. Count: 3
[QUERY] Found all non-linear combinations. Count: 3
[QUERY] Found all non-linear combinations. Count: 1
[QUERY] Found all non-linear combinations. Count: 1
[QUERY] Found all non-linear combinations. Count: 1
[QUERY] Found all non-linear combinations. Count: 1
[QUERY] Found all non-linear combinations. Count: 1
[QUERY] Found all non-linear combinations. Count: 1
[QUERY] Found all non-linear combinations. Count: 1
[QUERY] Found all non-linear combinations. Count: 1
[QUERY] Found all non-linear combinations. Count: 1
[QUERY] Found all non-linear combinations. Count: 1
[QUERY] Found all non-linear combinations. Count: 1
[QUERY] Found all non-linear combinations. Count: 1
[QUERY] Found all non-linear combinations. Count: 1
[QUERY] Found all non-linear combinations. Count: 1
[QUERY] Returning nonlinear disjunction
[CTRL] Considering conjunction with 5 input constraints and a disjunction of size 17
[APPROX] Checking cache: SNNT.Approx.ApproxCacheObject[]
[APPROX] Constructing Approximation
[APPROX] Resolving approximation
[CTRL] Initiating iterator over current linear queries
[APPROX] # Conjunctions over output: 17
[CTRL] Processing linear query no. 145
[NNENUM] Running nnenum now...
[NNENUM] lb: [0.0, -17.837453728392095, -0.3170323642347779]
[NNENUM] ub: [0.07999999999999999, -2.1, -0.08918726864196047]
[NNENUM] Creating LP Star...
[NNENUM] Checking feasibility
[NNENUM] Generating output Spec...
[NNENUM] Spec list length:  17
[NNENUM] Enumeration in progress... 

[NNENUM] Result: 
<nnenum.result.Result object at 0x7f94948d1a90>
[NNENUM] Enumeration finished.
safe
[NNENUM] Filtering result using SMT solver...
[SMT] SMT filtered out 0 stars (out of 0; TO: 0).
[QUERY] Found all non-linear combinations. Count: 1
.[QUERY] Found all non-linear combinations. Count: 1
[QUERY] Returning nonlinear disjunction
[CTRL] Considering conjunction with 5 input constraints and a disjunction of size 2
[APPROX] Checking cache: SNNT.Approx.ApproxCacheObject[]
[APPROX] Constructing Approximation
[APPROX] Resolving approximation
[CTRL] Initiating iterator over current linear queries
[APPROX] # Conjunctions over output: 2
[CTRL] Processing linear query no. 146
[NNENUM] Running nnenum now...
[NNENUM] lb: [16.376852110707294, -17.837453728392095, -0.3170323642347779]
[NNENUM] ub: [31.703236423477783, -2.1, -0.08918726864196047]
[NNENUM] Creating LP Star...
[NNENUM] Checking feasibility
[NNENUM] Generating output Spec...
[NNENUM] Spec list length:  2
[NNENUM] Enumeration in progress... 
(0.0 sec) Q: 0, Sets: 0/1  (0.0%) CEs: 0 ETA: - (expected 1 stars)   

Total Stars: 4 (2 exact, 2 approx)
Unfinished Stars: 0
Runtime: 0.0 sec
Completed work frac: 1.0
Num Stars Copied Between Processes: 0
Num Lps During Enumeration: 140
Total Num Lps: 140

Result: network is SAFE

[NNENUM] Result: 
<nnenum.result.Result object at 0x7f948ef44910>
[NNENUM] Enumeration finished.
safe
[NNENUM] Found counter-example stars: 0
[NNENUM] Filtering result using SMT solver...
[SMT] SMT filtered out 0 stars (out of 0; TO: 0).
[QUERY] Found all non-linear combinations. Count: 1
[QUERY] Found all non-linear combinations. Count: 1
[QUERY] Returning nonlinear disjunction
[CTRL] Considering conjunction with 5 input constraints and a disjunction of size 2
[APPROX] Checking cache: SNNT.Approx.ApproxCacheObject[]
[APPROX] Constructing Approximation
[APPROX] Resolving approximation
[CTRL] Initiating iterator over current linear queries
[APPROX] # Conjunctions over output: 2
[CTRL] Processing linear query no. 147
[NNENUM] Running nnenum now...
[NNENUM] lb: [16.376852110707294, -17.837453728392095, -0.3170323642347779]
[NNENUM] ub: [31.703236423477783, -2.1, -0.08918726864196047]
[NNENUM] Creating LP Star...
[NNENUM] Checking feasibility
[NNENUM] Generating output Spec...
[NNENUM] Spec list length:  2
[NNENUM] Enumeration in progress... 
(0.2 sec) Q: 0, Sets: 0/1  (0.0%) CEs: 0 ETA: - (expected 1 stars)   

Total Stars: 3 (1 exact, 2 approx)
Unfinished Stars: 0
Runtime: 0.2 sec
Completed work frac: 1.0
Num Stars Copied Between Processes: 0
Num Lps During Enumeration: 113
Total Num Lps: 113

Result: network is SAFE

[NNENUM] Result: 
<nnenum.result.Result object at 0x7f94910d2700>
[NNENUM] Enumeration finished.
safe
[NNENUM] Found counter-example stars: 0
[NNENUM] Filtering result using SMT solver...
[SMT] SMT filtered out 0 stars (out of 0; TO: 0).
[QUERY] Found all non-linear combinations. Count: 1
[QUERY] Found all non-linear combinations. Count: 1
[QUERY] Found all non-linear combinations. Count: 1
[QUERY] Found all non-linear combinations. Count: 1
[QUERY] Found all non-linear combinations. Count: 1
[QUERY] Found all non-linear combinations. Count: 1
[QUERY] Found all non-linear combinations. Count: 1
[QUERY] Found all non-linear combinations. Count: 1
[QUERY] Found all non-linear combinations. Count: 1
[QUERY] Found all non-linear combinations. Count: 1
[QUERY] Found all non-linear combinations. Count: 1
[QUERY] Found all non-linear combinations. Count: 1
[QUERY] Found all non-linear combinations. Count: 1
[QUERY] Found all non-linear combinations. Count: 1
[QUERY] Found all non-linear combinations. Count: 1
[QUERY] Found all non-linear combinations. Count: 2
[QUERY] Found all non-linear combinations. Count: 1
[QUERY] Found all non-linear combinations. Count: 3
.[QUERY] Found all non-linear combinations. Count: 1
[QUERY] Returning nonlinear disjunction
[CTRL] Considering conjunction with 5 input constraints and a disjunction of size 19
[APPROX] Checking cache: SNNT.Approx.ApproxCacheObject[]
[APPROX] Constructing Approximation
[APPROX] Resolving approximation
[CTRL] Initiating iterator over current linear queries
[APPROX] # Conjunctions over output: 19
[CTRL] Processing linear query no. 148
[NNENUM] Running nnenum now...
[NNENUM] lb: [0.07999999999999999, -2.1, -0.3170323642347779]
[NNENUM] ub: [16.376852110707294, 0.0, -0.08918726864196047]
[NNENUM] Creating LP Star...
[NNENUM] Checking feasibility
[NNENUM] Generating output Spec...
[NNENUM] Spec list length:  19
[NNENUM] Enumeration in progress... 
(0.0 sec) Q: 0, Sets: 0/1  (0.0%) CEs: 0 ETA: - (expected 1 stars)   
(0.2 sec) Q: 0, Sets: 2/4  (25.0%) CEs: 4 ETA: 0.5 sec (expected 8 stars)   
(0.3 sec) Q: 0, Sets: 8/11  (73.438%) CEs: 7 ETA: 0.1 sec (expected 11 stars)   
(0.4 sec) Q: 0, Sets: 15/19  (83.203%) CEs: 11 ETA: 0.1 sec (expected 18 stars)   
(0.5 sec) Q: 0, Sets: 19/23  (84.766%) CEs: 15 ETA: 0.1 sec (expected 22 stars)   
(0.6 sec) Q: 0, Sets: 24/26  (86.719%) CEs: 19 ETA: 0.1 sec (expected 28 stars)   
(0.7 sec) Q: 0, Sets: 26/28  (87.5%) CEs: 23 ETA: 0.1 sec (expected 30 stars)   
Total Stars: 32 (30 exact, 2 approx)
Unfinished Stars: 0
Runtime: 0.8 sec
Completed work frac: 1.0
Num Stars Copied Between Processes: 0
Num Lps During Enumeration: 572
Total Num Lps: 572

Result: network is UNSAFE with confirmed counterexample in result.cinput and result.coutput
Input: [0.07999999821186066, -0.800000011920929, -0.08918727189302444]
Output: [38.1334114074707]

[NNENUM] Result: 
<nnenum.result.Result object at 0x7f94910d22b0>
[NNENUM] Enumeration finished.
unsafe
[NNENUM] Found counter-example stars: 27
[NNENUM] Filtering result using SMT solver...
[SMT] SMT filtered out 27 stars (out of 27; TO: 0).
[QUERY] Found all non-linear combinations. Count: 2
[QUERY] Found all non-linear combinations. Count: 1
[QUERY] Found all non-linear combinations. Count: 1
[QUERY] Found all non-linear combinations. Count: 1
[QUERY] Found all non-linear combinations. Count: 1
[QUERY] Found all non-linear combinations. Count: 2
[QUERY] Found all non-linear combinations. Count: 2
[QUERY] Found all non-linear combinations. Count: 1
[QUERY] Found all non-linear combinations. Count: 1
[QUERY] Found all non-linear combinations. Count: 1
[QUERY] Found all non-linear combinations. Count: 1
[QUERY] Found all non-linear combinations. Count: 2
[QUERY] Found all non-linear combinations. Count: 2
[QUERY] Found all non-linear combinations. Count: 2
[QUERY] Found all non-linear combinations. Count: 2
[QUERY] Found all non-linear combinations. Count: 2
[QUERY] Found all non-linear combinations. Count: 2
[QUERY] Found all non-linear combinations. Count: 2
[QUERY] Found all non-linear combinations. Count: 1
[QUERY] Returning nonlinear disjunction
[CTRL] Considering conjunction with 5 input constraints and a disjunction of size 19
[APPROX] Checking cache: SNNT.Approx.ApproxCacheObject[]
[APPROX] Constructing Approximation
[APPROX] Resolving approximation
[CTRL] Initiating iterator over current linear queries
[APPROX] # Conjunctions over output: 19
[CTRL] Processing linear query no. 149
[NNENUM] Running nnenum now...
[NNENUM] lb: [0.07999999999999999, -2.1, -0.3170323642347779]
[NNENUM] ub: [16.376852110707294, 0.0, -0.08918726864196047]
[NNENUM] Creating LP Star...
[NNENUM] Checking feasibility
[NNENUM] Generating output Spec...
[NNENUM] Spec list length:  19
[NNENUM] Enumeration in progress... 
(0.0 sec) Q: 0, Sets: 0/1  (0.0%) CEs: 0 ETA: - (expected 1 stars)   
(0.2 sec) Q: 0, Sets: 4/12  (12.793%) CEs: 0 ETA: 1.0 sec (expected 31 stars)   
(0.3 sec) Q: 0, Sets: 14/24  (13.306%) CEs: 0 ETA: 1.7 sec (expected 105 stars)   
(0.4 sec) Q: 0, Sets: 27/36  (14.502%) CEs: 0 ETA: 2.1 sec (expected 186 stars)   
(0.5 sec) Q: 0, Sets: 44/50  (17.725%) CEs: 0 ETA: 2.1 sec (expected 248 stars)   
(0.6 sec) Q: 0, Sets: 62/64  (43.75%) CEs: 0 ETA: 0.7 sec (expected 142 stars)   
(0.7 sec) Q: 0, Sets: 76/78  (49.219%) CEs: 0 ETA: 0.7 sec (expected 154 stars)   
Total Stars: 84 (5 exact, 79 approx)
Unfinished Stars: 0
Runtime: 0.7 sec
Completed work frac: 1.0
Num Stars Copied Between Processes: 0
Num Lps During Enumeration: 126
Total Num Lps: 126

Result: network is SAFE

[NNENUM] Result: 
<nnenum.result.Result object at 0x7f94910d2730>
[NNENUM] Enumeration finished.
safe
[NNENUM] Found counter-example stars: 0
[NNENUM] Filtering result using SMT solver...
[SMT] SMT filtered out 0 stars (out of 0; TO: 0).
[QUERY] Found all non-linear combinations. Count: 1
[QUERY] Found all non-linear combinations. Count: 1
[QUERY] Found all non-linear combinations. Count: 1
[QUERY] Found all non-linear combinations. Count: 1
[QUERY] Found all non-linear combinations. Count: 1
[QUERY] Found all non-linear combinations. Count: 1
[QUERY] Found all non-linear combinations. Count: 2
[QUERY] Found all non-linear combinations. Count: 1
[QUERY] Found all non-linear combinations. Count: 1
[QUERY] Found all non-linear combinations. Count: 1
[QUERY] Found all non-linear combinations. Count: 1
[QUERY] Found all non-linear combinations. Count: 1
[QUERY] Returning nonlinear disjunction
[CTRL] Considering conjunction with 5 input constraints and a disjunction of size 12
[APPROX] Checking cache: SNNT.Approx.ApproxCacheObject[]
[APPROX] Constructing Approximation
[APPROX] Resolving approximation
[CTRL] Initiating iterator over current linear queries
[APPROX] # Conjunctions over output: 12
[CTRL] Processing linear query no. 150
[NNENUM] Running nnenum now...
[NNENUM] lb: [0.07999999999999999, -2.1, -0.3170323642347779]
[NNENUM] ub: [16.376852110707294, 0.0, -0.08918726864196047]
[NNENUM] Creating LP Star...
[NNENUM] Checking feasibility
[NNENUM] Generating output Spec...
[NNENUM] Spec list length:  12
[NNENUM] Enumeration in progress... 
(0.0 sec) Q: 0, Sets: 0/1  (0.0%) CEs: 0 ETA: - (expected 1 stars)   
(0.2 sec) Q: 0, Sets: 9/19  (0.854%) CEs: 0 ETA: 17.8 sec (expected 1053 stars)   
(0.3 sec) Q: 0, Sets: 18/26  (3.32%) CEs: 0 ETA: 7.4 sec (expected 542 stars)   
(0.4 sec) Q: 0, Sets: 33/38  (8.594%) CEs: 0 ETA: 3.8 sec (expected 384 stars)   
(0.5 sec) Q: 0, Sets: 49/57  (11.426%) CEs: 0 ETA: 3.6 sec (expected 429 stars)   
(0.6 sec) Q: 0, Sets: 68/71  (40.625%) CEs: 0 ETA: 0.8 sec (expected 167 stars)   
(0.7 sec) Q: 0, Sets: 82/90  (62.891%) CEs: 0 ETA: 0.4 sec (expected 130 stars)   
(0.8 sec) Q: 0, Sets: 98/100  (75.0%) CEs: 0 ETA: 0.3 sec (expected 131 stars)   
(0.9 sec) Q: 0, Sets: 118/123  (88.086%) CEs: 0 ETA: 0.1 sec (expected 134 stars)   
Total Stars: 136 (7 exact, 129 approx)
Unfinished Stars: 0
Runtime: 1.0 sec
Completed work frac: 1.0
Num Stars Copied Between Processes: 0
Num Lps During Enumeration: 126
Total Num Lps: 126

Result: network is SAFE

[NNENUM] Result: 
<nnenum.result.Result object at 0x7f94910d2490>
[NNENUM] Enumeration finished.
safe
[NNENUM] Found counter-example stars: 0
[NNENUM] Filtering result using SMT solver...
[SMT] SMT filtered out 0 stars (out of 0; TO: 0).
.[QUERY] Found all non-linear combinations. Count: 1
[QUERY] Found all non-linear combinations. Count: 2
[QUERY] Found all non-linear combinations. Count: 1
[QUERY] Found all non-linear combinations. Count: 1
[QUERY] Found all non-linear combinations. Count: 1
[QUERY] Found all non-linear combinations. Count: 1
[QUERY] Found all non-linear combinations. Count: 1
[QUERY] Found all non-linear combinations. Count: 1
[QUERY] Found all non-linear combinations. Count: 1
[QUERY] Found all non-linear combinations. Count: 1
[QUERY] Found all non-linear combinations. Count: 1
[QUERY] Returning nonlinear disjunction
[CTRL] Considering conjunction with 5 input constraints and a disjunction of size 11
[APPROX] Checking cache: SNNT.Approx.ApproxCacheObject[]
[APPROX] Constructing Approximation
[APPROX] Resolving approximation
[CTRL] Initiating iterator over current linear queries
[APPROX] # Conjunctions over output: 11
[CTRL] Processing linear query no. 151
[NNENUM] Running nnenum now...
[NNENUM] lb: [0.07999999999999999, -2.1, -0.3170323642347779]
[NNENUM] ub: [16.376852110707294, 0.0, -0.08918726864196047]
[NNENUM] Creating LP Star...
[NNENUM] Checking feasibility
[NNENUM] Generating output Spec...
[NNENUM] Spec list length:  11
[NNENUM] Enumeration in progress... 
(0.0 sec) Q: 0, Sets: 0/1  (0.0%) CEs: 0 ETA: - (expected 1 stars)   
(0.1 sec) Q: 0, Sets: 5/12  (1.562%) CEs: 0 ETA: 9.3 sec (expected 320 stars)   

Total Stars: 28 (3 exact, 25 approx)
Unfinished Stars: 0
Runtime: 0.2 sec
Completed work frac: 1.0
Num Stars Copied Between Processes: 0
Num Lps During Enumeration: 93
Total Num Lps: 93

Result: network is SAFE

[NNENUM] Result: 
<nnenum.result.Result object at 0x7f94910d2e80>
[NNENUM] Enumeration finished.
safe
[NNENUM] Found counter-example stars: 0
[NNENUM] Filtering result using SMT solver...
[SMT] SMT filtered out 0 stars (out of 0; TO: 0).
[QUERY] Found all non-linear combinations. Count: 1
[QUERY] Found all non-linear combinations. Count: 1
[QUERY] Found all non-linear combinations. Count: 1
[QUERY] Found all non-linear combinations. Count: 1
[QUERY] Found all non-linear combinations. Count: 1
[QUERY] Found all non-linear combinations. Count: 1
[QUERY] Returning nonlinear disjunction
[CTRL] Considering conjunction with 5 input constraints and a disjunction of size 6
[APPROX] Checking cache: SNNT.Approx.ApproxCacheObject[]
[APPROX] Constructing Approximation
[APPROX] Resolving approximation
[CTRL] Initiating iterator over current linear queries
[APPROX] # Conjunctions over output: 6
[CTRL] Processing linear query no. 152
[NNENUM] Running nnenum now...
[NNENUM] lb: [16.376852110707294, -17.837453728392095, -0.3170323642347779]
[NNENUM] ub: [31.703236423477783, -2.1, -0.08918726864196047]
[NNENUM] Creating LP Star...
[NNENUM] Checking feasibility
[NNENUM] Generating output Spec...
[NNENUM] Spec list length:  6
[NNENUM] Enumeration in progress... 
(0.0 sec) Q: 0, Sets: 0/1  (0.0%) CEs: 0 ETA: - (expected 1 stars)   
(0.1 sec) Q: 0, Sets: 5/9  (18.75%) CEs: 0 ETA: 0.6 sec (expected 27 stars)   
(0.2 sec) Q: 0, Sets: 13/13  (100.0%) CEs: 0 ETA: 0.0 sec (expected 13 stars)   
Total Stars: 13 (1 exact, 12 approx)
Unfinished Stars: 0
Runtime: 0.2 sec
Completed work frac: 1.0
Num Stars Copied Between Processes: 0
Num Lps During Enumeration: 87
Total Num Lps: 87

Result: network is SAFE

[NNENUM] Result: 
<nnenum.result.Result object at 0x7f94910d7190>
[NNENUM] Enumeration finished.
safe
[NNENUM] Found counter-example stars: 0
[NNENUM] Filtering result using SMT solver...
[SMT] SMT filtered out 0 stars (out of 0; TO: 0).
[QUERY] Found all non-linear combinations. Count: 1
[QUERY] Found all non-linear combinations. Count: 1
[QUERY] Found all non-linear combinations. Count: 1
.[QUERY] Found all non-linear combinations. Count: 1
[QUERY] Returning nonlinear disjunction
[CTRL] Considering conjunction with 5 input constraints and a disjunction of size 4
[APPROX] Checking cache: SNNT.Approx.ApproxCacheObject[]
[APPROX] Constructing Approximation
[APPROX] Resolving approximation
[CTRL] Initiating iterator over current linear queries
[APPROX] # Conjunctions over output: 4
[CTRL] Processing linear query no. 153
[NNENUM] Running nnenum now...
[NNENUM] lb: [0.07999999999999999, -17.837453728392095, -0.3170323642347779]
[NNENUM] ub: [16.376852110707294, -2.1, -0.08918726864196047]
[NNENUM] Creating LP Star...
[NNENUM] Checking feasibility
[NNENUM] Generating output Spec...
[NNENUM] Spec list length:  4
[NNENUM] Enumeration in progress... 
(0.0 sec) Q: 0, Sets: 0/1  (0.0%) CEs: 0 ETA: - (expected 1 stars)   
(0.2 sec) Q: 0, Sets: 0/2  (0.0%) CEs: 0 ETA: - (expected 1 stars)   
(0.3 sec) Q: 0, Sets: 12/16  (50.0%) CEs: 0 ETA: 0.3 sec (expected 24 stars)   
(0.4 sec) Q: 0, Sets: 26/28  (62.5%) CEs: 0 ETA: 0.2 sec (expected 42 stars)   
(0.5 sec) Q: 0, Sets: 31/34  (89.062%) CEs: 0 ETA: 0.1 sec (expected 35 stars)   
(0.6 sec) Q: 0, Sets: 39/44  (90.82%) CEs: 0 ETA: 0.1 sec (expected 43 stars)   
Total Stars: 55 (7 exact, 48 approx)
Unfinished Stars: 0
Runtime: 0.6 sec
Completed work frac: 1.0
Num Stars Copied Between Processes: 0
Num Lps During Enumeration: 331
Total Num Lps: 331

Result: network is SAFE

[NNENUM] Result: 
<nnenum.result.Result object at 0x7f94910c8940>
[NNENUM] Enumeration finished.
safe
[NNENUM] Found counter-example stars: 0
[NNENUM] Filtering result using SMT solver...
[SMT] SMT filtered out 0 stars (out of 0; TO: 0).
[QUERY] Found all non-linear combinations. Count: 4
.[QUERY] Found all non-linear combinations. Count: 5
[QUERY] Found all non-linear combinations. Count: 2
[QUERY] Found all non-linear combinations. Count: 2
[QUERY] Found all non-linear combinations. Count: 2
[QUERY] Found all non-linear combinations. Count: 1
[QUERY] Found all non-linear combinations. Count: 1
[QUERY] Found all non-linear combinations. Count: 1
[QUERY] Found all non-linear combinations. Count: 1
[QUERY] Found all non-linear combinations. Count: 1
[QUERY] Found all non-linear combinations. Count: 1
[QUERY] Returning nonlinear disjunction
[CTRL] Considering conjunction with 5 input constraints and a disjunction of size 11
[APPROX] Checking cache: SNNT.Approx.ApproxCacheObject[]
[APPROX] Constructing Approximation
[APPROX] Resolving approximation
[CTRL] Initiating iterator over current linear queries
[APPROX] # Conjunctions over output: 11
[CTRL] Processing linear query no. 154
[NNENUM] Running nnenum now...
[NNENUM] lb: [0.07999999999999999, 0.09999999999999999, -0.3170323642347779]
[NNENUM] ub: [16.376852110707294, 7.4262139003490955, -0.08918726864196047]
[NNENUM] Creating LP Star...
[NNENUM] Checking feasibility
[NNENUM] Generating output Spec...
[NNENUM] Spec list length:  11
[NNENUM] Enumeration in progress... 
(0.0 sec) Q: 0, Sets: 0/1  (0.0%) CEs: 0 ETA: - (expected 1 stars)   
(0.1 sec) Q: 0, Sets: 16/22  (13.281%) CEs: 0 ETA: 1.0 sec (expected 120 stars)   
(0.2 sec) Q: 0, Sets: 24/30  (18.75%) CEs: 0 ETA: 1.1 sec (expected 128 stars)   
(0.3 sec) Q: 0, Sets: 43/48  (22.949%) CEs: 0 ETA: 1.2 sec (expected 187 stars)   

Total Stars: 72 (6 exact, 66 approx)
Unfinished Stars: 0
Runtime: 0.4 sec
Completed work frac: 1.0
Num Stars Copied Between Processes: 0
Num Lps During Enumeration: 254
Total Num Lps: 254

Result: network is SAFE

[NNENUM] Result: 
<nnenum.result.Result object at 0x7f94910ef7c0>
[NNENUM] Enumeration finished.
safe
[NNENUM] Found counter-example stars: 0
[NNENUM] Filtering result using SMT solver...
[SMT] SMT filtered out 0 stars (out of 0; TO: 0).
.[QUERY] Found all non-linear combinations. Count: 1
[QUERY] Found all non-linear combinations. Count: 1
[QUERY] Found all non-linear combinations. Count: 1
[QUERY] Found all non-linear combinations. Count: 1
.[QUERY] Found all non-linear combinations. Count: 1
[QUERY] Found all non-linear combinations. Count: 2
.[QUERY] Found all non-linear combinations. Count: 1
[QUERY] Found all non-linear combinations. Count: 1
[QUERY] Found all non-linear combinations. Count: 1
[QUERY] Found all non-linear combinations. Count: 1
[QUERY] Found all non-linear combinations. Count: 1
[QUERY] Returning nonlinear disjunction
[CTRL] Considering conjunction with 5 input constraints and a disjunction of size 11
[APPROX] Checking cache: SNNT.Approx.ApproxCacheObject[]
[APPROX] Constructing Approximation
[APPROX] Resolving approximation
[CTRL] Initiating iterator over current linear queries
[APPROX] # Conjunctions over output: 11
[CTRL] Processing linear query no. 155
[NNENUM] Running nnenum now...
[NNENUM] lb: [0.07999999999999999, 0.09999999999999999, -0.3170323642347779]
[NNENUM] ub: [16.376852110707294, 7.4262139003490955, -0.08918726864196047]
[NNENUM] Creating LP Star...
[NNENUM] Checking feasibility
[NNENUM] Generating output Spec...
[NNENUM] Spec list length:  11
[NNENUM] Enumeration in progress... 
(0.0 sec) Q: 0, Sets: 0/1  (0.0%) CEs: 0 ETA: - (expected 1 stars)   
(0.2 sec) Q: 0, Sets: 19/19  (100.0%) CEs: 0 ETA: 0.0 sec (expected 19 stars)   

Total Stars: 19 (4 exact, 15 approx)
Unfinished Stars: 0
Runtime: 0.2 sec
Completed work frac: 1.0
Num Stars Copied Between Processes: 0
Num Lps During Enumeration: 208
Total Num Lps: 208

Result: network is SAFE

[NNENUM] Result: 
<nnenum.result.Result object at 0x7f94910d22e0>
[NNENUM] Enumeration finished.
safe
[NNENUM] Found counter-example stars: 0
[NNENUM] Filtering result using SMT solver...
[SMT] SMT filtered out 0 stars (out of 0; TO: 0).
[QUERY] Found all non-linear combinations. Count: 2
[QUERY] Found all non-linear combinations. Count: 2
[QUERY] Found all non-linear combinations. Count: 2
[QUERY] Found all non-linear combinations. Count: 2
[QUERY] Found all non-linear combinations. Count: 2
[QUERY] Found all non-linear combinations. Count: 2
[QUERY] Found all non-linear combinations. Count: 2
[QUERY] Found all non-linear combinations. Count: 2
[QUERY] Found all non-linear combinations. Count: 2
[QUERY] Found all non-linear combinations. Count: 2
[QUERY] Found all non-linear combinations. Count: 2
[QUERY] Found all non-linear combinations. Count: 2
[QUERY] Found all non-linear combinations. Count: 5
[QUERY] Returning nonlinear disjunction
[CTRL] Considering conjunction with 5 input constraints and a disjunction of size 13
[APPROX] Checking cache: SNNT.Approx.ApproxCacheObject[]
[APPROX] Constructing Approximation
[APPROX] Resolving approximation
[CTRL] Initiating iterator over current linear queries
[APPROX] # Conjunctions over output: 13
[CTRL] Processing linear query no. 156
[NNENUM] Running nnenum now...
[NNENUM] lb: [0.0, 0.09999999999999999, -0.3170323642347779]
[NNENUM] ub: [0.07999999999999999, 7.4262139003490955, -0.08918726864196047]
[NNENUM] Creating LP Star...
[NNENUM] Checking feasibility
[NNENUM] Generating output Spec...
[NNENUM] Spec list length:  13
[NNENUM] Enumeration in progress... 
(0.0 sec) Q: 0, Sets: 0/1  (0.0%) CEs: 0 ETA: - (expected 1 stars)   
(0.1 sec) Q: 0, Sets: 0/3  (0.0%) CEs: 0 ETA: - (expected 1 stars)   

Total Stars: 8 (0 exact, 8 approx)
Unfinished Stars: 0
Runtime: 0.2 sec
Completed work frac: 1.0
Num Stars Copied Between Processes: 0
Num Lps During Enumeration: 0
Total Num Lps: 0

Result: network is SAFE

[NNENUM] Result: 
<nnenum.result.Result object at 0x7f94910fc6a0>
[NNENUM] Enumeration finished.
safe
[NNENUM] Found counter-example stars: 0
[NNENUM] Filtering result using SMT solver...
[SMT] SMT filtered out 0 stars (out of 0; TO: 0).
[QUERY] Found all non-linear combinations. Count: 1
[QUERY] Found all non-linear combinations. Count: 1
[QUERY] Found all non-linear combinations. Count: 1
[QUERY] Found all non-linear combinations. Count: 1
[QUERY] Found all non-linear combinations. Count: 1
[QUERY] Found all non-linear combinations. Count: 1
[QUERY] Found all non-linear combinations. Count: 2
[QUERY] Found all non-linear combinations. Count: 2
[QUERY] Found all non-linear combinations. Count: 2
[QUERY] Found all non-linear combinations. Count: 2
[QUERY] Found all non-linear combinations. Count: 2
[QUERY] Found all non-linear combinations. Count: 2
.[QUERY] Found all non-linear combinations. Count: 3
[QUERY] Found all non-linear combinations. Count: 2
[QUERY] Returning nonlinear disjunction
[CTRL] Considering conjunction with 5 input constraints and a disjunction of size 14
[APPROX] Checking cache: SNNT.Approx.ApproxCacheObject[]
[APPROX] Constructing Approximation
[APPROX] Resolving approximation
[CTRL] Initiating iterator over current linear queries
[APPROX] # Conjunctions over output: 14
[CTRL] Processing linear query no. 157
[NNENUM] Running nnenum now...
[NNENUM] lb: [16.376852110707294, -63.40647284695557, -0.3170323642347779]
[NNENUM] ub: [31.703236423477783, -17.837453728392095, -0.08918726864196047]
[NNENUM] Creating LP Star...
[NNENUM] Checking feasibility
[NNENUM] Generating output Spec...
[NNENUM] Spec list length:  14
[NNENUM] Enumeration in progress... 
(0.0 sec) Q: 0, Sets: 0/1  (0.0%) CEs: 0 ETA: - (expected 1 stars)   

Total Stars: 7 (1 exact, 6 approx)
Unfinished Stars: 0
Runtime: 0.1 sec
Completed work frac: 1.0
Num Stars Copied Between Processes: 0
Num Lps During Enumeration: 61
Total Num Lps: 61

Result: network is SAFE

[NNENUM] Result: 
<nnenum.result.Result object at 0x7f94910efb50>
[NNENUM] Enumeration finished.
safe
[NNENUM] Found counter-example stars: 0
[NNENUM] Filtering result using SMT solver...
[SMT] SMT filtered out 0 stars (out of 0; TO: 0).
[QUERY] Found all non-linear combinations. Count: 1
[QUERY] Found all non-linear combinations. Count: 1
[QUERY] Found all non-linear combinations. Count: 1
.[QUERY] Found all non-linear combinations. Count: 1
[QUERY] Returning nonlinear disjunction
[CTRL] Considering conjunction with 5 input constraints and a disjunction of size 4
[APPROX] Checking cache: SNNT.Approx.ApproxCacheObject[]
[APPROX] Constructing Approximation
[APPROX] Resolving approximation
[CTRL] Initiating iterator over current linear queries
[APPROX] # Conjunctions over output: 4
[CTRL] Processing linear query no. 158
[NNENUM] Running nnenum now...
[NNENUM] lb: [0.07999999999999999, -17.837453728392095, -0.3170323642347779]
[NNENUM] ub: [16.376852110707294, -2.1, -0.08918726864196047]
[NNENUM] Creating LP Star...
[NNENUM] Checking feasibility
[NNENUM] Generating output Spec...
[NNENUM] Spec list length:  4
[NNENUM] Enumeration in progress... 
(0.0 sec) Q: 0, Sets: 0/1  (0.0%) CEs: 0 ETA: - (expected 1 stars)   
(0.2 sec) Q: 0, Sets: 0/3  (0.0%) CEs: 0 ETA: - (expected 1 stars)   

Total Stars: 8 (5 exact, 3 approx)
Unfinished Stars: 0
Runtime: 0.2 sec
Completed work frac: 1.0
Num Stars Copied Between Processes: 0
Num Lps During Enumeration: 343
Total Num Lps: 343

Result: network is SAFE

[NNENUM] Result: 
<nnenum.result.Result object at 0x7f94910d78b0>
[NNENUM] Enumeration finished.
safe
[NNENUM] Found counter-example stars: 0
[NNENUM] Filtering result using SMT solver...
[SMT] SMT filtered out 0 stars (out of 0; TO: 0).
[QUERY] Found all non-linear combinations. Count: 1
[QUERY] Found all non-linear combinations. Count: 1
[QUERY] Found all non-linear combinations. Count: 1
[QUERY] Found all non-linear combinations. Count: 1
[QUERY] Found all non-linear combinations. Count: 1
[QUERY] Found all non-linear combinations. Count: 1
[QUERY] Found all non-linear combinations. Count: 1
[QUERY] Found all non-linear combinations. Count: 1
[QUERY] Found all non-linear combinations. Count: 1
[QUERY] Found all non-linear combinations. Count: 1
[QUERY] Found all non-linear combinations. Count: 1
[QUERY] Found all non-linear combinations. Count: 1
[QUERY] Found all non-linear combinations. Count: 1
[QUERY] Found all non-linear combinations. Count: 1
[QUERY] Found all non-linear combinations. Count: 1
[QUERY] Found all non-linear combinations. Count: 1
[QUERY] Found all non-linear combinations. Count: 1
[QUERY] Returning nonlinear disjunction
[CTRL] Considering conjunction with 5 input constraints and a disjunction of size 17
[APPROX] Checking cache: SNNT.Approx.ApproxCacheObject[]
[APPROX] Constructing Approximation
[APPROX] Resolving approximation
[CTRL] Initiating iterator over current linear queries
[APPROX] # Conjunctions over output: 17
[CTRL] Processing linear query no. 159
[NNENUM] Running nnenum now...
[NNENUM] lb: [0.07999999999999999, -63.40647284695557, -0.3170323642347779]
[NNENUM] ub: [16.376852110707294, -17.837453728392095, -0.08918726864196047]
[NNENUM] Creating LP Star...
[NNENUM] Checking feasibility
[NNENUM] Generating output Spec...
[NNENUM] Spec list length:  17
[NNENUM] Enumeration in progress... 

[NNENUM] Result: 
<nnenum.result.Result object at 0x7f94948f5c70>
[NNENUM] Enumeration finished.
safe
[NNENUM] Filtering result using SMT solver...
[SMT] SMT filtered out 0 stars (out of 0; TO: 0).
..[QUERY] Found all non-linear combinations. Count: 1
[QUERY] Found all non-linear combinations. Count: 1
[QUERY] Returning nonlinear disjunction
[CTRL] Considering conjunction with 5 input constraints and a disjunction of size 2
[APPROX] Checking cache: SNNT.Approx.ApproxCacheObject[]
[APPROX] Constructing Approximation
[APPROX] Resolving approximation
[CTRL] Initiating iterator over current linear queries
[APPROX] # Conjunctions over output: 2
[CTRL] Processing linear query no. 160
[NNENUM] Running nnenum now...
[NNENUM] lb: [0.0, 7.4262139003490955, -0.3170323642347779]
[NNENUM] ub: [0.07999999999999999, 134.4925915571708, -0.08918726864196047]
[NNENUM] Creating LP Star...
[NNENUM] Checking feasibility
[NNENUM] Generating output Spec...
[NNENUM] Spec list length:  2
[NNENUM] Enumeration in progress... 

[NNENUM] Result: 
<nnenum.result.Result object at 0x7f94948f5eb0>
[NNENUM] Enumeration finished.
safe
[NNENUM] Filtering result using SMT solver...
[SMT] SMT filtered out 0 stars (out of 0; TO: 0).
[QUERY] Found all non-linear combinations. Count: 1
[QUERY] Found all non-linear combinations. Count: 2
[QUERY] Found all non-linear combinations. Count: 1
[QUERY] Found all non-linear combinations. Count: 1
[QUERY] Found all non-linear combinations. Count: 1
[QUERY] Found all non-linear combinations. Count: 1
[QUERY] Found all non-linear combinations. Count: 1
[QUERY] Found all non-linear combinations. Count: 1
[QUERY] Found all non-linear combinations. Count: 1
[QUERY] Found all non-linear combinations. Count: 1
[QUERY] Found all non-linear combinations. Count: 1
[QUERY] Found all non-linear combinations. Count: 1
[QUERY] Returning nonlinear disjunction
[CTRL] Considering conjunction with 5 input constraints and a disjunction of size 12
[APPROX] Checking cache: SNNT.Approx.ApproxCacheObject[]
[APPROX] Constructing Approximation
[APPROX] Resolving approximation
[CTRL] Initiating iterator over current linear queries
[APPROX] # Conjunctions over output: 12
[CTRL] Processing linear query no. 161
[NNENUM] Running nnenum now...
[NNENUM] lb: [0.07999999999999999, 0.09999999999999999, -0.3170323642347779]
[NNENUM] ub: [16.376852110707294, 7.4262139003490955, -0.08918726864196047]
[NNENUM] Creating LP Star...
[NNENUM] Checking feasibility
[NNENUM] Generating output Spec...
[NNENUM] Spec list length:  12
[NNENUM] Enumeration in progress... 
(0.2 sec) Q: 0, Sets: 0/1  (0.0%) CEs: 0 ETA: - (expected 1 stars)   
(0.3 sec) Q: 0, Sets: 7/14  (1.562%) CEs: 0 ETA: 16.8 sec (expected 448 stars)   
(0.4 sec) Q: 0, Sets: 26/34  (50.586%) CEs: 0 ETA: 0.4 sec (expected 51 stars)   
(0.5 sec) Q: 0, Sets: 48/50  (68.75%) CEs: 0 ETA: 0.2 sec (expected 70 stars)   

Total Stars: 73 (5 exact, 68 approx)
Unfinished Stars: 0
Runtime: 0.6 sec
Completed work frac: 1.0
Num Stars Copied Between Processes: 0
Num Lps During Enumeration: 138
Total Num Lps: 138

Result: network is SAFE

[NNENUM] Result: 
<nnenum.result.Result object at 0x7f94910c1880>
[NNENUM] Enumeration finished.
safe
[NNENUM] Found counter-example stars: 0
[NNENUM] Filtering result using SMT solver...
[SMT] SMT filtered out 0 stars (out of 0; TO: 0).
.[QUERY] Found all non-linear combinations. Count: 1
[QUERY] Found all non-linear combinations. Count: 2
[QUERY] Found all non-linear combinations. Count: 1
[QUERY] Found all non-linear combinations. Count: 1
[QUERY] Found all non-linear combinations. Count: 1
[QUERY] Found all non-linear combinations. Count: 1
[QUERY] Found all non-linear combinations. Count: 1
[QUERY] Found all non-linear combinations. Count: 1
[QUERY] Found all non-linear combinations. Count: 1
[QUERY] Found all non-linear combinations. Count: 1
[QUERY] Found all non-linear combinations. Count: 1
[QUERY] Found all non-linear combinations. Count: 1
[QUERY] Returning nonlinear disjunction
[CTRL] Considering conjunction with 5 input constraints and a disjunction of size 12
[APPROX] Checking cache: SNNT.Approx.ApproxCacheObject[]
[APPROX] Constructing Approximation
[APPROX] Resolving approximation
[CTRL] Initiating iterator over current linear queries
[APPROX] # Conjunctions over output: 12
[CTRL] Processing linear query no. 162
[NNENUM] Running nnenum now...
[NNENUM] lb: [0.07999999999999999, 0.0, -0.3170323642347779]
[NNENUM] ub: [16.376852110707294, 0.09999999999999999, -0.08918726864196047]
[NNENUM] Creating LP Star...
[NNENUM] Checking feasibility
[NNENUM] Generating output Spec...
[NNENUM] Spec list length:  12
[NNENUM] Enumeration in progress... 
(0.0 sec) Q: 0, Sets: 0/1  (0.0%) CEs: 0 ETA: - (expected 1 stars)   

Total Stars: 5 (0 exact, 5 approx)
Unfinished Stars: 0
Runtime: 0.1 sec
Completed work frac: 1.0
Num Stars Copied Between Processes: 0
Num Lps During Enumeration: 0
Total Num Lps: 0

Result: network is SAFE

[NNENUM] Result: 
<nnenum.result.Result object at 0x7f94948e7b20>
[NNENUM] Enumeration finished.
safe
[NNENUM] Found counter-example stars: 0
[NNENUM] Filtering result using SMT solver...
[SMT] SMT filtered out 0 stars (out of 0; TO: 0).
[QUERY] Found all non-linear combinations. Count: 1
[QUERY] Found all non-linear combinations. Count: 1
[QUERY] Found all non-linear combinations. Count: 1
[QUERY] Found all non-linear combinations. Count: 1
[QUERY] Found all non-linear combinations. Count: 1
[QUERY] Found all non-linear combinations. Count: 1
[QUERY] Found all non-linear combinations. Count: 1
[QUERY] Returning nonlinear disjunction
[CTRL] Considering conjunction with 5 input constraints and a disjunction of size 7
[APPROX] Checking cache: SNNT.Approx.ApproxCacheObject[]
[APPROX] Constructing Approximation
[APPROX] Resolving approximation
[CTRL] Initiating iterator over current linear queries
[APPROX] # Conjunctions over output: 7
[CTRL] Processing linear query no. 163
[NNENUM] Running nnenum now...
[NNENUM] lb: [0.07999999999999999, 0.0, -0.3170323642347779]
[NNENUM] ub: [16.376852110707294, 0.09999999999999999, -0.08918726864196047]
[NNENUM] Creating LP Star...
[NNENUM] Checking feasibility
[NNENUM] Generating output Spec...
[NNENUM] Spec list length:  7
[NNENUM] Enumeration in progress... 

[NNENUM] Result: 
<nnenum.result.Result object at 0x7f94948d1400>
[NNENUM] Enumeration finished.
safe
[NNENUM] Filtering result using SMT solver...
[SMT] SMT filtered out 0 stars (out of 0; TO: 0).
[QUERY] Found all non-linear combinations. Count: 1
[QUERY] Found all non-linear combinations. Count: 1
[QUERY] Found all non-linear combinations. Count: 1
[QUERY] Found all non-linear combinations. Count: 1
[QUERY] Found all non-linear combinations. Count: 1
[QUERY] Found all non-linear combinations. Count: 1
[QUERY] Found all non-linear combinations. Count: 1
[QUERY] Returning nonlinear disjunction
[CTRL] Considering conjunction with 5 input constraints and a disjunction of size 7
[APPROX] Checking cache: SNNT.Approx.ApproxCacheObject[]
[APPROX] Constructing Approximation
[APPROX] Resolving approximation
[CTRL] Initiating iterator over current linear queries
[APPROX] # Conjunctions over output: 7
[CTRL] Processing linear query no. 164
[NNENUM] Running nnenum now...
[NNENUM] lb: [0.07999999999999999, 0.0, -0.3170323642347779]
[NNENUM] ub: [16.376852110707294, 0.09999999999999999, -0.08918726864196047]
[NNENUM] Creating LP Star...
[NNENUM] Checking feasibility
[NNENUM] Generating output Spec...
[NNENUM] Spec list length:  7
[NNENUM] Enumeration in progress... 

[NNENUM] Result: 
<nnenum.result.Result object at 0x7f94948f5af0>
[NNENUM] Enumeration finished.
safe
[NNENUM] Filtering result using SMT solver...
[SMT] SMT filtered out 0 stars (out of 0; TO: 0).
[QUERY] Found all non-linear combinations. Count: 1
[QUERY] Found all non-linear combinations. Count: 1
[QUERY] Found all non-linear combinations. Count: 1
[QUERY] Found all non-linear combinations. Count: 1
[QUERY] Found all non-linear combinations. Count: 1
[QUERY] Found all non-linear combinations. Count: 1
[QUERY] Found all non-linear combinations. Count: 1
[QUERY] Found all non-linear combinations. Count: 1
[QUERY] Found all non-linear combinations. Count: 1
[QUERY] Found all non-linear combinations. Count: 2
[QUERY] Found all non-linear combinations. Count: 1
.[QUERY] Found all non-linear combinations. Count: 1
[QUERY] Returning nonlinear disjunction
[CTRL] Considering conjunction with 5 input constraints and a disjunction of size 12
[APPROX] Checking cache: SNNT.Approx.ApproxCacheObject[]
[APPROX] Constructing Approximation
[APPROX] Resolving approximation
[CTRL] Initiating iterator over current linear queries
[APPROX] # Conjunctions over output: 12
[CTRL] Processing linear query no. 165
[NNENUM] Running nnenum now...
[NNENUM] lb: [0.07999999999999999, 0.0, -0.3170323642347779]
[NNENUM] ub: [16.376852110707294, 0.0, -0.08918726864196047]
[NNENUM] Creating LP Star...
[NNENUM] Checking feasibility
[NNENUM] Generating output Spec...
[NNENUM] Spec list length:  12
[NNENUM] Enumeration in progress... 
(0.2 sec) Q: 0, Sets: 0/1  (0.0%) CEs: 0 ETA: - (expected 1 stars)   

Total Stars: 4 (0 exact, 4 approx)
Unfinished Stars: 0
Runtime: 0.2 sec
Completed work frac: 1.0
Num Stars Copied Between Processes: 0
Num Lps During Enumeration: 0
Total Num Lps: 0

Result: network is SAFE

[NNENUM] Result: 
<nnenum.result.Result object at 0x7f94948e76d0>
[NNENUM] Enumeration finished.
safe
[NNENUM] Found counter-example stars: 0
[NNENUM] Filtering result using SMT solver...
[SMT] SMT filtered out 0 stars (out of 0; TO: 0).
[QUERY] Found all non-linear combinations. Count: 6
[QUERY] Found all non-linear combinations. Count: 4
[QUERY] Found all non-linear combinations. Count: 2
[QUERY] Returning nonlinear disjunction
[CTRL] Considering conjunction with 5 input constraints and a disjunction of size 3
[APPROX] Checking cache: SNNT.Approx.ApproxCacheObject[]
[APPROX] Constructing Approximation
[APPROX] Resolving approximation
[CTRL] Initiating iterator over current linear queries
[APPROX] # Conjunctions over output: 3
[CTRL] Processing linear query no. 166
[NNENUM] Running nnenum now...
[NNENUM] lb: [0.07999999999999999, 7.4262139003490955, -0.3170323642347779]
[NNENUM] ub: [16.376852110707294, 134.4925915571708, -0.08918726864196047]
[NNENUM] Creating LP Star...
[NNENUM] Checking feasibility
[NNENUM] Generating output Spec...
[NNENUM] Spec list length:  3
[NNENUM] Enumeration in progress... 
(0.0 sec) Q: 0, Sets: 0/1  (0.0%) CEs: 0 ETA: - (expected 1 stars)   
(0.1 sec) Q: 0, Sets: 19/25  (78.125%) CEs: 0 ETA: 0.0 sec (expected 24 stars)   

Total Stars: 31 (6 exact, 25 approx)
Unfinished Stars: 0
Runtime: 0.2 sec
Completed work frac: 1.0
Num Stars Copied Between Processes: 0
Num Lps During Enumeration: 84
Total Num Lps: 84

Result: network is SAFE

[NNENUM] Result: 
<nnenum.result.Result object at 0x7f94910c15b0>
[NNENUM] Enumeration finished.
safe
[NNENUM] Found counter-example stars: 0
[NNENUM] Filtering result using SMT solver...
[SMT] SMT filtered out 0 stars (out of 0; TO: 0).
[QUERY] Found all non-linear combinations. Count: 1
[QUERY] Found all non-linear combinations. Count: 1
[QUERY] Found all non-linear combinations. Count: 1
[QUERY] Found all non-linear combinations. Count: 1
[QUERY] Found all non-linear combinations. Count: 1
[QUERY] Found all non-linear combinations. Count: 1
[QUERY] Found all non-linear combinations. Count: 2
[QUERY] Found all non-linear combinations. Count: 2
[QUERY] Found all non-linear combinations. Count: 2
[QUERY] Found all non-linear combinations. Count: 2
[QUERY] Found all non-linear combinations. Count: 2
[QUERY] Found all non-linear combinations. Count: 2
[QUERY] Found all non-linear combinations. Count: 2
.[QUERY] Found all non-linear combinations. Count: 1
.[QUERY] Found all non-linear combinations. Count: 1
.[QUERY] Found all non-linear combinations. Count: 1
[QUERY] Found all non-linear combinations. Count: 1
.[QUERY] Found all non-linear combinations. Count: 1
.[QUERY] Found all non-linear combinations. Count: 1
[QUERY] Found all non-linear combinations. Count: 1
.[QUERY] Found all non-linear combinations. Count: 3
[QUERY] Returning nonlinear disjunction
[CTRL] Considering conjunction with 5 input constraints and a disjunction of size 21
[APPROX] Checking cache: SNNT.Approx.ApproxCacheObject[]
[APPROX] Constructing Approximation
[APPROX] Resolving approximation
[CTRL] Initiating iterator over current linear queries
[APPROX] # Conjunctions over output: 21
[CTRL] Processing linear query no. 167
[NNENUM] Running nnenum now...
[NNENUM] lb: [0.07999999999999999, -63.40647284695557, -0.3170323642347779]
[NNENUM] ub: [16.376852110707294, -17.837453728392095, -0.08918726864196047]
[NNENUM] Creating LP Star...
[NNENUM] Checking feasibility
[NNENUM] Generating output Spec...
[NNENUM] Spec list length:  21
[NNENUM] Enumeration in progress... 

[NNENUM] Result: 
<nnenum.result.Result object at 0x7f94954a2a30>
[NNENUM] Enumeration finished.
safe
[NNENUM] Filtering result using SMT solver...
[SMT] SMT filtered out 0 stars (out of 0; TO: 0).
[QUERY] Found all non-linear combinations. Count: 1
[QUERY] Found all non-linear combinations. Count: 1
[QUERY] Returning nonlinear disjunction
[CTRL] Considering conjunction with 5 input constraints and a disjunction of size 2
[APPROX] Checking cache: SNNT.Approx.ApproxCacheObject[]
[APPROX] Constructing Approximation
[APPROX] Resolving approximation
[CTRL] Initiating iterator over current linear queries
[APPROX] # Conjunctions over output: 2
[CTRL] Processing linear query no. 168
[NNENUM] Running nnenum now...
[NNENUM] lb: [0.07999999999999999, 134.4925915571708, -0.3170323642347779]
[NNENUM] ub: [16.376852110707294, 200.0, -0.08918726864196047]
[NNENUM] Creating LP Star...
[NNENUM] Checking feasibility
[NNENUM] Generating output Spec...
[NNENUM] Spec list length:  2
[NNENUM] Enumeration in progress... 

[NNENUM] Result: 
<nnenum.result.Result object at 0x7f9494cdac70>
[NNENUM] Enumeration finished.
safe
[NNENUM] Filtering result using SMT solver...
[SMT] SMT filtered out 0 stars (out of 0; TO: 0).
[QUERY] Found all non-linear combinations. Count: 1
[QUERY] Found all non-linear combinations. Count: 1
[QUERY] Found all non-linear combinations. Count: 1
[QUERY] Returning nonlinear disjunction
[CTRL] Considering conjunction with 5 input constraints and a disjunction of size 3
[APPROX] Checking cache: SNNT.Approx.ApproxCacheObject[]
[APPROX] Constructing Approximation
[APPROX] Resolving approximation
[CTRL] Initiating iterator over current linear queries
[APPROX] # Conjunctions over output: 3
[CTRL] Processing linear query no. 169
[NNENUM] Running nnenum now...
[NNENUM] lb: [0.07999999999999999, 7.4262139003490955, -0.3170323642347779]
[NNENUM] ub: [16.376852110707294, 134.4925915571708, -0.08918726864196047]
[NNENUM] Creating LP Star...
[NNENUM] Checking feasibility
[NNENUM] Generating output Spec...
[NNENUM] Spec list length:  3
[NNENUM] Enumeration in progress... 
(0.2 sec) Q: 0, Sets: 0/1  (0.0%) CEs: 0 ETA: - (expected 1 stars)   

Total Stars: 4 (0 exact, 4 approx)
Unfinished Stars: 0
Runtime: 0.2 sec
Completed work frac: 1.0
Num Stars Copied Between Processes: 0
Num Lps During Enumeration: 0
Total Num Lps: 0

Result: network is SAFE

[NNENUM] Result: 
<nnenum.result.Result object at 0x7f94948e7b80>
[NNENUM] Enumeration finished.
safe
[NNENUM] Found counter-example stars: 0
[NNENUM] Filtering result using SMT solver...
[SMT] SMT filtered out 0 stars (out of 0; TO: 0).
[QUERY] Found all non-linear combinations. Count: 1
[QUERY] Found all non-linear combinations. Count: 1
[QUERY] Found all non-linear combinations. Count: 2
[QUERY] Found all non-linear combinations. Count: 1
[QUERY] Found all non-linear combinations. Count: 1
[QUERY] Found all non-linear combinations. Count: 1
[QUERY] Found all non-linear combinations. Count: 1
[QUERY] Found all non-linear combinations. Count: 1
[QUERY] Found all non-linear combinations. Count: 1
[QUERY] Found all non-linear combinations. Count: 1
[QUERY] Found all non-linear combinations. Count: 1
[QUERY] Found all non-linear combinations. Count: 1
[QUERY] Returning nonlinear disjunction
[CTRL] Considering conjunction with 5 input constraints and a disjunction of size 12
[APPROX] Checking cache: SNNT.Approx.ApproxCacheObject[]
[APPROX] Constructing Approximation
[APPROX] Resolving approximation
[CTRL] Initiating iterator over current linear queries
[APPROX] # Conjunctions over output: 12
[CTRL] Processing linear query no. 170
[NNENUM] Running nnenum now...
[NNENUM] lb: [0.07999999999999999, 0.0, -0.3170323642347779]
[NNENUM] ub: [16.376852110707294, 0.0, -0.08918726864196047]
[NNENUM] Creating LP Star...
[NNENUM] Checking feasibility
[NNENUM] Generating output Spec...
[NNENUM] Spec list length:  12
[NNENUM] Enumeration in progress... 
(0.0 sec) Q: 0, Sets: 0/1  (0.0%) CEs: 0 ETA: - (expected 1 stars)   

Total Stars: 4 (0 exact, 4 approx)
Unfinished Stars: 0
Runtime: 0.1 sec
Completed work frac: 1.0
Num Stars Copied Between Processes: 0
Num Lps During Enumeration: 0
Total Num Lps: 0

Result: network is SAFE

[NNENUM] Result: 
<nnenum.result.Result object at 0x7f9491da7970>
[NNENUM] Enumeration finished.
safe
[NNENUM] Found counter-example stars: 0
[NNENUM] Filtering result using SMT solver...
[SMT] SMT filtered out 0 stars (out of 0; TO: 0).
[QUERY] Found all non-linear combinations. Count: 1
[QUERY] Found all non-linear combinations. Count: 1
[QUERY] Found all non-linear combinations. Count: 1
[QUERY] Returning nonlinear disjunction
[CTRL] Considering conjunction with 5 input constraints and a disjunction of size 3
[APPROX] Checking cache: SNNT.Approx.ApproxCacheObject[]
[APPROX] Constructing Approximation
[APPROX] Resolving approximation
[CTRL] Initiating iterator over current linear queries
[APPROX] # Conjunctions over output: 3
[CTRL] Processing linear query no. 171
[NNENUM] Running nnenum now...
[NNENUM] lb: [0.07999999999999999, 7.4262139003490955, -0.3170323642347779]
[NNENUM] ub: [16.376852110707294, 134.4925915571708, -0.08918726864196047]
[NNENUM] Creating LP Star...
[NNENUM] Checking feasibility
[NNENUM] Generating output Spec...
[NNENUM] Spec list length:  3
[NNENUM] Enumeration in progress... 
(0.1 sec) Q: 0, Sets: 0/1  (0.0%) CEs: 0 ETA: - (expected 1 stars)   
(0.2 sec) Q: 0, Sets: 0/3  (0.0%) CEs: 0 ETA: - (expected 1 stars)   

Total Stars: 7 (0 exact, 7 approx)
Unfinished Stars: 0
Runtime: 0.2 sec
Completed work frac: 1.0
Num Stars Copied Between Processes: 0
Num Lps During Enumeration: 0
Total Num Lps: 0

Result: network is SAFE

[NNENUM] Result: 
<nnenum.result.Result object at 0x7f948ef44490>
[NNENUM] Enumeration finished.
safe
[NNENUM] Found counter-example stars: 0
[NNENUM] Filtering result using SMT solver...
[SMT] SMT filtered out 0 stars (out of 0; TO: 0).
[QUERY] Found all non-linear combinations. Count: 1
[QUERY] Found all non-linear combinations. Count: 1
.[QUERY] Found all non-linear combinations. Count: 1
[QUERY] Found all non-linear combinations. Count: 1
[QUERY] Returning nonlinear disjunction
[CTRL] Considering conjunction with 5 input constraints and a disjunction of size 4
[APPROX] Checking cache: SNNT.Approx.ApproxCacheObject[]
[APPROX] Constructing Approximation
[APPROX] Resolving approximation
[CTRL] Initiating iterator over current linear queries
[APPROX] # Conjunctions over output: 4
[CTRL] Processing linear query no. 172
[NNENUM] Running nnenum now...
[NNENUM] lb: [0.07999999999999999, 7.4262139003490955, -0.3170323642347779]
[NNENUM] ub: [16.376852110707294, 134.4925915571708, -0.08918726864196047]
[NNENUM] Creating LP Star...
[NNENUM] Checking feasibility
[NNENUM] Generating output Spec...
[NNENUM] Spec list length:  4
[NNENUM] Enumeration in progress... 
(0.0 sec) Q: 0, Sets: 0/1  (0.0%) CEs: 0 ETA: - (expected 1 stars)   

Total Stars: 5 (3 exact, 2 approx)
Unfinished Stars: 0
Runtime: 0.1 sec
Completed work frac: 1.0
Num Stars Copied Between Processes: 0
Num Lps During Enumeration: 92
Total Num Lps: 92

Result: network is SAFE

[NNENUM] Result: 
<nnenum.result.Result object at 0x7f94910d37c0>
[NNENUM] Enumeration finished.
safe
[NNENUM] Found counter-example stars: 0
[NNENUM] Filtering result using SMT solver...
[SMT] SMT filtered out 0 stars (out of 0; TO: 0).
[QUERY] Found all non-linear combinations. Count: 1
[QUERY] Found all non-linear combinations. Count: 1
[QUERY] Returning nonlinear disjunction
[CTRL] Considering conjunction with 5 input constraints and a disjunction of size 2
[APPROX] Checking cache: SNNT.Approx.ApproxCacheObject[]
[APPROX] Constructing Approximation
[APPROX] Resolving approximation
[CTRL] Initiating iterator over current linear queries
[APPROX] # Conjunctions over output: 2
[CTRL] Processing linear query no. 173
[NNENUM] Running nnenum now...
[NNENUM] lb: [0.07999999999999999, 7.4262139003490955, -0.3170323642347779]
[NNENUM] ub: [16.376852110707294, 134.4925915571708, -0.08918726864196047]
[NNENUM] Creating LP Star...
[NNENUM] Checking feasibility
[NNENUM] Generating output Spec...
[NNENUM] Spec list length:  2
[NNENUM] Enumeration in progress... 
(0.0 sec) Q: 0, Sets: 0/1  (0.0%) CEs: 0 ETA: - (expected 1 stars)   

Total Stars: 5 (3 exact, 2 approx)
Unfinished Stars: 0
Runtime: 0.1 sec
Completed work frac: 1.0
Num Stars Copied Between Processes: 0
Num Lps During Enumeration: 93
Total Num Lps: 93

Result: network is SAFE

[NNENUM] Result: 
<nnenum.result.Result object at 0x7f94948eb130>
[NNENUM] Enumeration finished.
safe
[NNENUM] Found counter-example stars: 0
[NNENUM] Filtering result using SMT solver...
[SMT] SMT filtered out 0 stars (out of 0; TO: 0).
[QUERY] Found all non-linear combinations. Count: 1
[QUERY] Found all non-linear combinations. Count: 3
[QUERY] Found all non-linear combinations. Count: 2
[QUERY] Returning nonlinear disjunction
[CTRL] Considering conjunction with 5 input constraints and a disjunction of size 3
[APPROX] Checking cache: SNNT.Approx.ApproxCacheObject[]
[APPROX] Constructing Approximation
[APPROX] Resolving approximation
[CTRL] Initiating iterator over current linear queries
[APPROX] # Conjunctions over output: 3
[CTRL] Processing linear query no. 174
[NNENUM] Running nnenum now...
[NNENUM] lb: [0.0, 7.4262139003490955, -0.3170323642347779]
[NNENUM] ub: [0.07999999999999999, 134.4925915571708, -0.08918726864196047]
[NNENUM] Creating LP Star...
[NNENUM] Checking feasibility
[NNENUM] Generating output Spec...
[NNENUM] Spec list length:  3
[NNENUM] Enumeration in progress... 

[NNENUM] Result: 
<nnenum.result.Result object at 0x7f948ef44850>
[NNENUM] Enumeration finished.
safe
[NNENUM] Filtering result using SMT solver...
[SMT] SMT filtered out 0 stars (out of 0; TO: 0).
[QUERY] Found all non-linear combinations. Count: 1
[QUERY] Found all non-linear combinations. Count: 1
[QUERY] Found all non-linear combinations. Count: 1
[QUERY] Found all non-linear combinations. Count: 1
[QUERY] Returning nonlinear disjunction
[CTRL] Considering conjunction with 5 input constraints and a disjunction of size 4
[APPROX] Checking cache: SNNT.Approx.ApproxCacheObject[]
[APPROX] Constructing Approximation
[APPROX] Resolving approximation
[CTRL] Initiating iterator over current linear queries
[APPROX] # Conjunctions over output: 4
[CTRL] Processing linear query no. 175
[NNENUM] Running nnenum now...
[NNENUM] lb: [0.0, 7.4262139003490955, -0.3170323642347779]
[NNENUM] ub: [0.07999999999999999, 134.4925915571708, -0.08918726864196047]
[NNENUM] Creating LP Star...
[NNENUM] Checking feasibility
[NNENUM] Generating output Spec...
[NNENUM] Spec list length:  4
[NNENUM] Enumeration in progress... 

[NNENUM] Result: 
<nnenum.result.Result object at 0x7f94910c12e0>
[NNENUM] Enumeration finished.
safe
[NNENUM] Filtering result using SMT solver...
[SMT] SMT filtered out 0 stars (out of 0; TO: 0).
[QUERY] Found all non-linear combinations. Count: 1
[QUERY] Found all non-linear combinations. Count: 1
[QUERY] Returning nonlinear disjunction
[CTRL] Considering conjunction with 5 input constraints and a disjunction of size 2
[APPROX] Checking cache: SNNT.Approx.ApproxCacheObject[]
[APPROX] Constructing Approximation
[APPROX] Resolving approximation
[CTRL] Initiating iterator over current linear queries
[APPROX] # Conjunctions over output: 2
[CTRL] Processing linear query no. 176
[NNENUM] Running nnenum now...
[NNENUM] lb: [0.0, 134.4925915571708, -0.3170323642347779]
[NNENUM] ub: [0.07999999999999999, 200.0, -0.08918726864196047]
[NNENUM] Creating LP Star...
[NNENUM] Checking feasibility
[NNENUM] Generating output Spec...
[NNENUM] Spec list length:  2
[NNENUM] Enumeration in progress... 

[NNENUM] Result: 
<nnenum.result.Result object at 0x7f94910c19d0>
[NNENUM] Enumeration finished.
safe
[NNENUM] Filtering result using SMT solver...
[SMT] SMT filtered out 0 stars (out of 0; TO: 0).
[QUERY] Found all non-linear combinations. Count: 1
[QUERY] Found all non-linear combinations. Count: 1
[QUERY] Returning nonlinear disjunction
[CTRL] Considering conjunction with 5 input constraints and a disjunction of size 2
[APPROX] Checking cache: SNNT.Approx.ApproxCacheObject[]
[APPROX] Constructing Approximation
[APPROX] Resolving approximation
[CTRL] Initiating iterator over current linear queries
[APPROX] # Conjunctions over output: 2
[CTRL] Processing linear query no. 177
[NNENUM] Running nnenum now...
[NNENUM] lb: [31.703236423477783, -73.18705430608887, -0.3170323642347779]
[NNENUM] ub: [100.0, -63.40647284695557, -0.08918726864196047]
[NNENUM] Creating LP Star...
[NNENUM] Checking feasibility
[NNENUM] Generating output Spec...
[NNENUM] Spec list length:  2
[NNENUM] Enumeration in progress... 

[NNENUM] Result: 
<nnenum.result.Result object at 0x7f948ef442b0>
[NNENUM] Enumeration finished.
safe
[NNENUM] Filtering result using SMT solver...
[SMT] SMT filtered out 0 stars (out of 0; TO: 0).
[QUERY] Found all non-linear combinations. Count: 1
[QUERY] Found all non-linear combinations. Count: 1
[QUERY] Found all non-linear combinations. Count: 1
[QUERY] Found all non-linear combinations. Count: 1
[QUERY] Returning nonlinear disjunction
[CTRL] Considering conjunction with 5 input constraints and a disjunction of size 4
[APPROX] Checking cache: SNNT.Approx.ApproxCacheObject[]
[APPROX] Constructing Approximation
[APPROX] Resolving approximation
[CTRL] Initiating iterator over current linear queries
[APPROX] # Conjunctions over output: 4
[CTRL] Processing linear query no. 178
[NNENUM] Running nnenum now...
[NNENUM] lb: [31.703236423477783, -73.18705430608887, -0.3170323642347779]
[NNENUM] ub: [100.0, -63.40647284695557, -0.08918726864196047]
[NNENUM] Creating LP Star...
[NNENUM] Checking feasibility
[NNENUM] Generating output Spec...
[NNENUM] Spec list length:  4
[NNENUM] Enumeration in progress... 

[NNENUM] Result: 
<nnenum.result.Result object at 0x7f94948e7460>
[NNENUM] Enumeration finished.
safe
[NNENUM] Filtering result using SMT solver...
[SMT] SMT filtered out 0 stars (out of 0; TO: 0).
[QUERY] Found all non-linear combinations. Count: 2
[QUERY] Found all non-linear combinations. Count: 2
[QUERY] Found all non-linear combinations. Count: 2
[QUERY] Found all non-linear combinations. Count: 2
[QUERY] Found all non-linear combinations. Count: 2
[QUERY] Found all non-linear combinations. Count: 2
[QUERY] Found all non-linear combinations. Count: 2
[QUERY] Found all non-linear combinations. Count: 1
[QUERY] Found all non-linear combinations. Count: 1
[QUERY] Found all non-linear combinations. Count: 1
[QUERY] Found all non-linear combinations. Count: 1
[QUERY] Found all non-linear combinations. Count: 1
[QUERY] Found all non-linear combinations. Count: 1
[QUERY] Found all non-linear combinations. Count: 2
[QUERY] Returning nonlinear disjunction
[CTRL] Considering conjunction with 5 input constraints and a disjunction of size 14
[APPROX] Checking cache: SNNT.Approx.ApproxCacheObject[]
[APPROX] Constructing Approximation
[APPROX] Resolving approximation
[CTRL] Initiating iterator over current linear queries
[APPROX] # Conjunctions over output: 14
[CTRL] Processing linear query no. 179
[NNENUM] Running nnenum now...
[NNENUM] lb: [16.376852110707294, -73.18705430608887, -0.3170323642347779]
[NNENUM] ub: [31.703236423477783, -63.40647284695557, -0.08918726864196047]
[NNENUM] Creating LP Star...
[NNENUM] Checking feasibility
[NNENUM] Generating output Spec...
[NNENUM] Spec list length:  14
[NNENUM] Enumeration in progress... 

[NNENUM] Result: 
<nnenum.result.Result object at 0x7f94910c1850>
[NNENUM] Enumeration finished.
safe
[NNENUM] Filtering result using SMT solver...
[SMT] SMT filtered out 0 stars (out of 0; TO: 0).
[QUERY] Found all non-linear combinations. Count: 2
[QUERY] Found all non-linear combinations. Count: 1
[QUERY] Found all non-linear combinations. Count: 1
[QUERY] Found all non-linear combinations. Count: 1
[QUERY] Found all non-linear combinations. Count: 1
[QUERY] Found all non-linear combinations. Count: 1
[QUERY] Found all non-linear combinations. Count: 2
[QUERY] Found all non-linear combinations. Count: 2
[QUERY] Found all non-linear combinations. Count: 2
[QUERY] Found all non-linear combinations. Count: 2
[QUERY] Found all non-linear combinations. Count: 2
..[QUERY] Found all non-linear combinations. Count: 2
[QUERY] Returning nonlinear disjunction
[CTRL] Considering conjunction with 5 input constraints and a disjunction of size 12
[APPROX] Checking cache: SNNT.Approx.ApproxCacheObject[]
[APPROX] Constructing Approximation
[APPROX] Resolving approximation
[CTRL] Initiating iterator over current linear queries
[APPROX] # Conjunctions over output: 12
[CTRL] Processing linear query no. 180
[NNENUM] Running nnenum now...
[NNENUM] lb: [16.376852110707294, -73.18705430608887, -0.08918726864196047]
[NNENUM] ub: [31.703236423477783, -63.40647284695557, 0.0]
[NNENUM] Creating LP Star...
[NNENUM] Checking feasibility
[NNENUM] Generating output Spec...
[NNENUM] Spec list length:  12
[NNENUM] Enumeration in progress... 

[NNENUM] Result: 
<nnenum.result.Result object at 0x7f94910c1a90>
[NNENUM] Enumeration finished.
safe
[NNENUM] Filtering result using SMT solver...
[SMT] SMT filtered out 0 stars (out of 0; TO: 0).
..[QUERY] Found all non-linear combinations. Count: 2
[QUERY] Found all non-linear combinations. Count: 2
[QUERY] Found all non-linear combinations. Count: 2
[QUERY] Found all non-linear combinations. Count: 2
[QUERY] Found all non-linear combinations. Count: 2
[QUERY] Found all non-linear combinations. Count: 2
[QUERY] Found all non-linear combinations. Count: 2
[QUERY] Found all non-linear combinations. Count: 1
[QUERY] Found all non-linear combinations. Count: 1
[QUERY] Found all non-linear combinations. Count: 1
[QUERY] Found all non-linear combinations. Count: 1
[QUERY] Returning nonlinear disjunction
[CTRL] Considering conjunction with 5 input constraints and a disjunction of size 11
[APPROX] Checking cache: SNNT.Approx.ApproxCacheObject[]
[APPROX] Constructing Approximation
[APPROX] Resolving approximation
[CTRL] Initiating iterator over current linear queries
[APPROX] # Conjunctions over output: 11
[CTRL] Processing linear query no. 181
[NNENUM] Running nnenum now...
[NNENUM] lb: [16.376852110707294, -73.18705430608887, -0.36593527153044436]
[NNENUM] ub: [31.703236423477783, -63.40647284695557, -0.3170323642347779]
[NNENUM] Creating LP Star...
[NNENUM] Checking feasibility
[NNENUM] Generating output Spec...
[NNENUM] Spec list length:  11
[NNENUM] Enumeration in progress... 

[NNENUM] Result: 
<nnenum.result.Result object at 0x7f94910d3970>
[NNENUM] Enumeration finished.
safe
[NNENUM] Filtering result using SMT solver...
[SMT] SMT filtered out 0 stars (out of 0; TO: 0).
[QUERY] Found all non-linear combinations. Count: 2
[QUERY] Found all non-linear combinations. Count: 2
[QUERY] Found all non-linear combinations. Count: 2
[QUERY] Found all non-linear combinations. Count: 2
[QUERY] Found all non-linear combinations. Count: 2
[QUERY] Found all non-linear combinations. Count: 2
.[QUERY] Found all non-linear combinations. Count: 2
[QUERY] Found all non-linear combinations. Count: 1
[QUERY] Found all non-linear combinations. Count: 1
[QUERY] Found all non-linear combinations. Count: 1
[QUERY] Found all non-linear combinations. Count: 1
[QUERY] Returning nonlinear disjunction
[CTRL] Considering conjunction with 5 input constraints and a disjunction of size 11
[APPROX] Checking cache: SNNT.Approx.ApproxCacheObject[]
[APPROX] Constructing Approximation
[APPROX] Resolving approximation
[CTRL] Initiating iterator over current linear queries
[APPROX] # Conjunctions over output: 11
[CTRL] Processing linear query no. 182
[NNENUM] Running nnenum now...
[NNENUM] lb: [16.376852110707294, -73.18705430608887, -0.6724629577858541]
[NNENUM] ub: [31.703236423477783, -63.40647284695557, -0.36593527153044436]
[NNENUM] Creating LP Star...
[NNENUM] Checking feasibility
[NNENUM] Generating output Spec...
[NNENUM] Spec list length:  11
[NNENUM] Enumeration in progress... 

[NNENUM] Result: 
<nnenum.result.Result object at 0x7f94948d14c0>
[NNENUM] Enumeration finished.
safe
[NNENUM] Filtering result using SMT solver...
[SMT] SMT filtered out 0 stars (out of 0; TO: 0).
[QUERY] Found all non-linear combinations. Count: 2
[QUERY] Found all non-linear combinations. Count: 2
[QUERY] Found all non-linear combinations. Count: 2
[QUERY] Found all non-linear combinations. Count: 2
[QUERY] Found all non-linear combinations. Count: 1
[QUERY] Found all non-linear combinations. Count: 1
[QUERY] Found all non-linear combinations. Count: 1
[QUERY] Found all non-linear combinations. Count: 2
[QUERY] Found all non-linear combinations. Count: 2
.[QUERY] Found all non-linear combinations. Count: 3
[QUERY] Returning nonlinear disjunction
[CTRL] Considering conjunction with 5 input constraints and a disjunction of size 10
[APPROX] Checking cache: SNNT.Approx.ApproxCacheObject[]
[APPROX] Constructing Approximation
[APPROX] Resolving approximation
[CTRL] Initiating iterator over current linear queries
[APPROX] # Conjunctions over output: 10
[CTRL] Processing linear query no. 183
[NNENUM] Running nnenum now...
[NNENUM] lb: [31.703236423477783, -73.18705430608887, -0.36593527153044436]
[NNENUM] ub: [100.0, -63.40647284695557, -0.3170323642347779]
[NNENUM] Creating LP Star...
[NNENUM] Checking feasibility
[NNENUM] Generating output Spec...
[NNENUM] Spec list length:  10
[NNENUM] Enumeration in progress... 

[NNENUM] Result: 
<nnenum.result.Result object at 0x7f94910c1730>
[NNENUM] Enumeration finished.
safe
[NNENUM] Filtering result using SMT solver...
[SMT] SMT filtered out 0 stars (out of 0; TO: 0).
..[QUERY] Found all non-linear combinations. Count: 1
[QUERY] Returning nonlinear disjunction
[CTRL] Considering conjunction with 5 input constraints and a disjunction of size 1
[APPROX] Checking cache: SNNT.Approx.ApproxCacheObject[]
[APPROX] Constructing Approximation
[APPROX] Resolving approximation
[CTRL] Initiating iterator over current linear queries
[APPROX] # Conjunctions over output: 1
[CTRL] Processing linear query no. 184
[NNENUM] Running nnenum now...
[NNENUM] lb: [31.703236423477783, -73.18705430608887, -0.36593527153044436]
[NNENUM] ub: [100.0, -63.40647284695557, -0.3170323642347779]
[NNENUM] Creating LP Star...
[NNENUM] Checking feasibility
[NNENUM] Generating output Spec...
[NNENUM] Spec list length:  1
[NNENUM] Enumeration in progress... 

[NNENUM] Result: 
<nnenum.result.Result object at 0x7f94948e7b50>
[NNENUM] Enumeration finished.
safe
[NNENUM] Filtering result using SMT solver...
[SMT] SMT filtered out 0 stars (out of 0; TO: 0).
[QUERY] Found all non-linear combinations. Count: 1
[QUERY] Found all non-linear combinations. Count: 1
[QUERY] Returning nonlinear disjunction
[CTRL] Considering conjunction with 5 input constraints and a disjunction of size 2
[APPROX] Checking cache: SNNT.Approx.ApproxCacheObject[]
[APPROX] Constructing Approximation
[APPROX] Resolving approximation
[CTRL] Initiating iterator over current linear queries
[APPROX] # Conjunctions over output: 2
[CTRL] Processing linear query no. 185
[NNENUM] Running nnenum now...
[NNENUM] lb: [31.703236423477783, -73.18705430608887, -0.36593527153044436]
[NNENUM] ub: [100.0, -63.40647284695557, -0.3170323642347779]
[NNENUM] Creating LP Star...
[NNENUM] Checking feasibility
[NNENUM] Generating output Spec...
[NNENUM] Spec list length:  2
[NNENUM] Enumeration in progress... 

[NNENUM] Result: 
<nnenum.result.Result object at 0x7f948ef44070>
[NNENUM] Enumeration finished.
safe
[NNENUM] Filtering result using SMT solver...
[SMT] SMT filtered out 0 stars (out of 0; TO: 0).
..[QUERY] Found all non-linear combinations. Count: 1
[QUERY] Returning nonlinear disjunction
[CTRL] Considering conjunction with 5 input constraints and a disjunction of size 1
[APPROX] Checking cache: SNNT.Approx.ApproxCacheObject[]
[APPROX] Constructing Approximation
[APPROX] Resolving approximation
[CTRL] Initiating iterator over current linear queries
[APPROX] # Conjunctions over output: 1
[CTRL] Processing linear query no. 186
[NNENUM] Running nnenum now...
[NNENUM] lb: [31.703236423477783, -134.49259155717084, -0.36593527153044436]
[NNENUM] ub: [100.0, -73.18705430608887, -0.3170323642347779]
[NNENUM] Creating LP Star...
[NNENUM] Checking feasibility
[NNENUM] Generating output Spec...
[NNENUM] Spec list length:  1
[NNENUM] Enumeration in progress... 

[NNENUM] Result: 
<nnenum.result.Result object at 0x7f94948ebfa0>
[NNENUM] Enumeration finished.
safe
[NNENUM] Filtering result using SMT solver...
[SMT] SMT filtered out 0 stars (out of 0; TO: 0).
[QUERY] Found all non-linear combinations. Count: 4
[QUERY] Returning nonlinear disjunction
[CTRL] Considering conjunction with 5 input constraints and a disjunction of size 1
[APPROX] Checking cache: SNNT.Approx.ApproxCacheObject[]
[APPROX] Constructing Approximation
[APPROX] Resolving approximation
[CTRL] Initiating iterator over current linear queries
[APPROX] # Conjunctions over output: 1
[CTRL] Processing linear query no. 187
[NNENUM] Running nnenum now...
[NNENUM] lb: [31.703236423477783, 7.4262139003490955, -0.36593527153044436]
[NNENUM] ub: [100.0, 134.4925915571708, -0.3170323642347779]
[NNENUM] Creating LP Star...
[NNENUM] Checking feasibility
[NNENUM] Generating output Spec...
[NNENUM] Spec list length:  1
[NNENUM] Enumeration in progress... 
(0.2 sec) Q: 0, Sets: 0/1  (0.0%) CEs: 0 ETA: - (expected 1 stars)   
(0.3 sec) Q: 0, Sets: 15/15  (100.0%) CEs: 0 ETA: 0.0 sec (expected 15 stars)   

Total Stars: 15 (9 exact, 6 approx)
Unfinished Stars: 0
Runtime: 0.3 sec
Completed work frac: 1.0
Num Stars Copied Between Processes: 0
Num Lps During Enumeration: 600
Total Num Lps: 600

Result: network is SAFE

[NNENUM] Result: 
<nnenum.result.Result object at 0x7f94954bd760>
[NNENUM] Enumeration finished.
safe
[NNENUM] Found counter-example stars: 0
[NNENUM] Filtering result using SMT solver...
[SMT] SMT filtered out 0 stars (out of 0; TO: 0).
[QUERY] Found all non-linear combinations. Count: 1
[QUERY] Found all non-linear combinations. Count: 1
[QUERY] Found all non-linear combinations. Count: 1
[QUERY] Found all non-linear combinations. Count: 1
[QUERY] Found all non-linear combinations. Count: 1
[QUERY] Found all non-linear combinations. Count: 1
[QUERY] Found all non-linear combinations. Count: 1
[QUERY] Found all non-linear combinations. Count: 1
.[QUERY] Found all non-linear combinations. Count: 1
[QUERY] Found all non-linear combinations. Count: 1
[QUERY] Found all non-linear combinations. Count: 1
[QUERY] Found all non-linear combinations. Count: 1
[QUERY] Found all non-linear combinations. Count: 1
[QUERY] Found all non-linear combinations. Count: 1
[QUERY] Returning nonlinear disjunction
[CTRL] Considering conjunction with 5 input constraints and a disjunction of size 14
[APPROX] Checking cache: SNNT.Approx.ApproxCacheObject[]
[APPROX] Constructing Approximation
[APPROX] Resolving approximation
[CTRL] Initiating iterator over current linear queries
[APPROX] # Conjunctions over output: 14
[CTRL] Processing linear query no. 188
[NNENUM] Running nnenum now...
[NNENUM] lb: [31.703236423477783, -200.0, -0.36593527153044436]
[NNENUM] ub: [100.0, -134.49259155717084, -0.3170323642347779]
[NNENUM] Creating LP Star...
[NNENUM] Checking feasibility
[NNENUM] Generating output Spec...
[NNENUM] Spec list length:  14
[NNENUM] Enumeration in progress... 

[NNENUM] Result: 
<nnenum.result.Result object at 0x7f94948e7a60>
[NNENUM] Enumeration finished.
safe
[NNENUM] Filtering result using SMT solver...
[SMT] SMT filtered out 0 stars (out of 0; TO: 0).
[QUERY] Found all non-linear combinations. Count: 1
.[QUERY] Found all non-linear combinations. Count: 1
.[QUERY] Found all non-linear combinations. Count: 1
.[QUERY] Found all non-linear combinations. Count: 1
.[QUERY] Found all non-linear combinations. Count: 1
[QUERY] Found all non-linear combinations. Count: 2
[QUERY] Found all non-linear combinations. Count: 2
[QUERY] Found all non-linear combinations. Count: 2
[QUERY] Found all non-linear combinations. Count: 2
[QUERY] Found all non-linear combinations. Count: 2
[QUERY] Found all non-linear combinations. Count: 1
[QUERY] Found all non-linear combinations. Count: 1
[QUERY] Found all non-linear combinations. Count: 1
[QUERY] Found all non-linear combinations. Count: 1
[QUERY] Found all non-linear combinations. Count: 1
[QUERY] Found all non-linear combinations. Count: 2
[QUERY] Returning nonlinear disjunction
[CTRL] Considering conjunction with 5 input constraints and a disjunction of size 16
[APPROX] Checking cache: SNNT.Approx.ApproxCacheObject[]
[APPROX] Constructing Approximation
[APPROX] Resolving approximation
[CTRL] Initiating iterator over current linear queries
[APPROX] # Conjunctions over output: 16
[CTRL] Processing linear query no. 189
[NNENUM] Running nnenum now...
[NNENUM] lb: [0.07999999999999999, -63.40647284695557, 0.0]
[NNENUM] ub: [16.376852110707294, -17.837453728392095, 0.037131069501745474]
[NNENUM] Creating LP Star...
[NNENUM] Checking feasibility
[NNENUM] Generating output Spec...
[NNENUM] Spec list length:  16
[NNENUM] Enumeration in progress... 

[NNENUM] Result: 
<nnenum.result.Result object at 0x7f948ef44130>
[NNENUM] Enumeration finished.
safe
[NNENUM] Filtering result using SMT solver...
[SMT] SMT filtered out 0 stars (out of 0; TO: 0).
[QUERY] Found all non-linear combinations. Count: 5
[QUERY] Found all non-linear combinations. Count: 2
[QUERY] Found all non-linear combinations. Count: 2
[QUERY] Found all non-linear combinations. Count: 2
[QUERY] Found all non-linear combinations. Count: 2
[QUERY] Found all non-linear combinations. Count: 2
[QUERY] Found all non-linear combinations. Count: 2
[QUERY] Found all non-linear combinations. Count: 2
[QUERY] Found all non-linear combinations. Count: 2
[QUERY] Found all non-linear combinations. Count: 2
[QUERY] Found all non-linear combinations. Count: 2
[QUERY] Returning nonlinear disjunction
[CTRL] Considering conjunction with 5 input constraints and a disjunction of size 11
[APPROX] Checking cache: SNNT.Approx.ApproxCacheObject[]
[APPROX] Constructing Approximation
[APPROX] Resolving approximation
[CTRL] Initiating iterator over current linear queries
[APPROX] # Conjunctions over output: 11
[CTRL] Processing linear query no. 190
[NNENUM] Running nnenum now...
[NNENUM] lb: [0.0, 0.09999999999999999, 0.0]
[NNENUM] ub: [0.07999999999999999, 7.4262139003490955, 0.037131069501745474]
[NNENUM] Creating LP Star...
[NNENUM] Checking feasibility
[NNENUM] Generating output Spec...
[NNENUM] Spec list length:  11
[NNENUM] Enumeration in progress... 
(0.2 sec) Q: 0, Sets: 0/1  (0.0%) CEs: 0 ETA: - (expected 1 stars)   

Total Stars: 8 (0 exact, 8 approx)
Unfinished Stars: 0
Runtime: 0.2 sec
Completed work frac: 1.0
Num Stars Copied Between Processes: 0
Num Lps During Enumeration: 0
Total Num Lps: 0

Result: network is SAFE

[NNENUM] Result: 
<nnenum.result.Result object at 0x7f94948f5400>
[NNENUM] Enumeration finished.
safe
[NNENUM] Found counter-example stars: 0
[NNENUM] Filtering result using SMT solver...
[SMT] SMT filtered out 0 stars (out of 0; TO: 0).
.[QUERY] Found all non-linear combinations. Count: 1
[QUERY] Found all non-linear combinations. Count: 1
[QUERY] Found all non-linear combinations. Count: 1
[QUERY] Returning nonlinear disjunction
[CTRL] Considering conjunction with 5 input constraints and a disjunction of size 3
[APPROX] Checking cache: SNNT.Approx.ApproxCacheObject[]
[APPROX] Constructing Approximation
[APPROX] Resolving approximation
[CTRL] Initiating iterator over current linear queries
[APPROX] # Conjunctions over output: 3
[CTRL] Processing linear query no. 191
[NNENUM] Running nnenum now...
[NNENUM] lb: [0.07999999999999999, -17.837453728392095, 0.0]
[NNENUM] ub: [16.376852110707294, -2.1, 0.037131069501745474]
[NNENUM] Creating LP Star...
[NNENUM] Checking feasibility
[NNENUM] Generating output Spec...
[NNENUM] Spec list length:  3
[NNENUM] Enumeration in progress... 
(0.0 sec) Q: 0, Sets: 0/1  (0.0%) CEs: 0 ETA: - (expected 1 stars)   

Total Stars: 7 (4 exact, 3 approx)
Unfinished Stars: 0
Runtime: 0.1 sec
Completed work frac: 1.0
Num Stars Copied Between Processes: 0
Num Lps During Enumeration: 247
Total Num Lps: 247

Result: network is SAFE

[NNENUM] Result: 
<nnenum.result.Result object at 0x7f94910d7400>
[NNENUM] Enumeration finished.
safe
[NNENUM] Found counter-example stars: 0
[NNENUM] Filtering result using SMT solver...
[SMT] SMT filtered out 0 stars (out of 0; TO: 0).
.[QUERY] Found all non-linear combinations. Count: 6
[QUERY] Returning nonlinear disjunction
[CTRL] Considering conjunction with 5 input constraints and a disjunction of size 1
[APPROX] Checking cache: SNNT.Approx.ApproxCacheObject[]
[APPROX] Constructing Approximation
[APPROX] Resolving approximation
[CTRL] Initiating iterator over current linear queries
[APPROX] # Conjunctions over output: 1
[CTRL] Processing linear query no. 192
[NNENUM] Running nnenum now...
[NNENUM] lb: [0.07999999999999999, 7.4262139003490955, 0.0]
[NNENUM] ub: [16.376852110707294, 134.4925915571708, 0.037131069501745474]
[NNENUM] Creating LP Star...
[NNENUM] Checking feasibility
[NNENUM] Generating output Spec...
[NNENUM] Spec list length:  1
[NNENUM] Enumeration in progress... 
(0.0 sec) Q: 0, Sets: 0/1  (0.0%) CEs: 0 ETA: - (expected 1 stars)   
(0.2 sec) Q: 0, Sets: 1/4  (25.0%) CEs: 0 ETA: 0.5 sec (expected 4 stars)   
(0.3 sec) Q: 0, Sets: 14/18  (70.312%) CEs: 0 ETA: 0.1 sec (expected 20 stars)   
Total Stars: 31 (6 exact, 25 approx)
Unfinished Stars: 0
Runtime: 0.3 sec
Completed work frac: 1.0
Num Stars Copied Between Processes: 0
Num Lps During Enumeration: 84
Total Num Lps: 84

Result: network is SAFE

[NNENUM] Result: 
<nnenum.result.Result object at 0x7f94910fcb80>
[NNENUM] Enumeration finished.
safe
[NNENUM] Found counter-example stars: 0
[NNENUM] Filtering result using SMT solver...
[SMT] SMT filtered out 0 stars (out of 0; TO: 0).
.[QUERY] Found all non-linear combinations. Count: 2
[QUERY] Returning nonlinear disjunction
[CTRL] Considering conjunction with 5 input constraints and a disjunction of size 1
[APPROX] Checking cache: SNNT.Approx.ApproxCacheObject[]
[APPROX] Constructing Approximation
[APPROX] Resolving approximation
[CTRL] Initiating iterator over current linear queries
[APPROX] # Conjunctions over output: 1
[CTRL] Processing linear query no. 193
[NNENUM] Running nnenum now...
[NNENUM] lb: [0.0, 7.4262139003490955, 0.0]
[NNENUM] ub: [0.07999999999999999, 134.4925915571708, 0.037131069501745474]
[NNENUM] Creating LP Star...
[NNENUM] Checking feasibility
[NNENUM] Generating output Spec...
[NNENUM] Spec list length:  1
[NNENUM] Enumeration in progress... 

[NNENUM] Result: 
<nnenum.result.Result object at 0x7f94954bd760>
[NNENUM] Enumeration finished.
safe
[NNENUM] Filtering result using SMT solver...
[SMT] SMT filtered out 0 stars (out of 0; TO: 0).
.[QUERY] Found all non-linear combinations. Count: 6
[QUERY] Returning nonlinear disjunction
[CTRL] Considering conjunction with 5 input constraints and a disjunction of size 1
[APPROX] Checking cache: SNNT.Approx.ApproxCacheObject[]
[APPROX] Constructing Approximation
[APPROX] Resolving approximation
[CTRL] Initiating iterator over current linear queries
[APPROX] # Conjunctions over output: 1
[CTRL] Processing linear query no. 194
[NNENUM] Running nnenum now...
[NNENUM] lb: [31.703236423477783, 134.4925915571708, 0.0]
[NNENUM] ub: [100.0, 200.0, 0.037131069501745474]
[NNENUM] Creating LP Star...
[NNENUM] Checking feasibility
[NNENUM] Generating output Spec...
[NNENUM] Spec list length:  1
[NNENUM] Enumeration in progress... 

[NNENUM] Result: 
<nnenum.result.Result object at 0x7f94910d3b50>
[NNENUM] Enumeration finished.
safe
[NNENUM] Filtering result using SMT solver...
[SMT] SMT filtered out 0 stars (out of 0; TO: 0).
.[QUERY] Found all non-linear combinations. Count: 2
[QUERY] Returning nonlinear disjunction
[CTRL] Considering conjunction with 5 input constraints and a disjunction of size 1
[APPROX] Checking cache: SNNT.Approx.ApproxCacheObject[]
[APPROX] Constructing Approximation
[APPROX] Resolving approximation
[CTRL] Initiating iterator over current linear queries
[APPROX] # Conjunctions over output: 1
[CTRL] Processing linear query no. 195
[NNENUM] Running nnenum now...
[NNENUM] lb: [31.703236423477783, 134.4925915571708, 0.0]
[NNENUM] ub: [100.0, 200.0, 0.037131069501745474]
[NNENUM] Creating LP Star...
[NNENUM] Checking feasibility
[NNENUM] Generating output Spec...
[NNENUM] Spec list length:  1
[NNENUM] Enumeration in progress... 

[NNENUM] Result: 
<nnenum.result.Result object at 0x7f9494cef580>
[NNENUM] Enumeration finished.
safe
[NNENUM] Filtering result using SMT solver...
[SMT] SMT filtered out 0 stars (out of 0; TO: 0).
[QUERY] Found all non-linear combinations. Count: 2
[QUERY] Found all non-linear combinations. Count: 2
[QUERY] Found all non-linear combinations. Count: 2
.[QUERY] Found all non-linear combinations. Count: 1
[QUERY] Found all non-linear combinations. Count: 2
[QUERY] Found all non-linear combinations. Count: 2
[QUERY] Found all non-linear combinations. Count: 1
[QUERY] Found all non-linear combinations. Count: 1
[QUERY] Found all non-linear combinations. Count: 1
[QUERY] Found all non-linear combinations. Count: 1
[QUERY] Found all non-linear combinations. Count: 1
[QUERY] Found all non-linear combinations. Count: 2
[QUERY] Returning nonlinear disjunction
[CTRL] Considering conjunction with 5 input constraints and a disjunction of size 12
[APPROX] Checking cache: SNNT.Approx.ApproxCacheObject[]
[APPROX] Constructing Approximation
[APPROX] Resolving approximation
[CTRL] Initiating iterator over current linear queries
[APPROX] # Conjunctions over output: 12
[CTRL] Processing linear query no. 196
[NNENUM] Running nnenum now...
[NNENUM] lb: [31.703236423477783, -134.49259155717084, 0.0]
[NNENUM] ub: [100.0, -73.18705430608887, 0.037131069501745474]
[NNENUM] Creating LP Star...
[NNENUM] Checking feasibility
[NNENUM] Generating output Spec...
[NNENUM] Spec list length:  12
[NNENUM] Enumeration in progress... 

[NNENUM] Result: 
<nnenum.result.Result object at 0x7f94910d2700>
[NNENUM] Enumeration finished.
safe
[NNENUM] Filtering result using SMT solver...
[SMT] SMT filtered out 0 stars (out of 0; TO: 0).
.[QUERY] Found all non-linear combinations. Count: 6
[QUERY] Returning nonlinear disjunction
[CTRL] Considering conjunction with 5 input constraints and a disjunction of size 1
[APPROX] Checking cache: SNNT.Approx.ApproxCacheObject[]
[APPROX] Constructing Approximation
[APPROX] Resolving approximation
[CTRL] Initiating iterator over current linear queries
[APPROX] # Conjunctions over output: 1
[CTRL] Processing linear query no. 197
[NNENUM] Running nnenum now...
[NNENUM] lb: [31.703236423477783, 7.4262139003490955, 0.0]
[NNENUM] ub: [100.0, 134.4925915571708, 0.037131069501745474]
[NNENUM] Creating LP Star...
[NNENUM] Checking feasibility
[NNENUM] Generating output Spec...
[NNENUM] Spec list length:  1
[NNENUM] Enumeration in progress... 
(0.2 sec) Q: 0, Sets: 0/1  (0.0%) CEs: 0 ETA: - (expected 1 stars)   

Total Stars: 15 (9 exact, 6 approx)
Unfinished Stars: 0
Runtime: 0.2 sec
Completed work frac: 1.0
Num Stars Copied Between Processes: 0
Num Lps During Enumeration: 600
Total Num Lps: 600

Result: network is SAFE

[NNENUM] Result: 
<nnenum.result.Result object at 0x7f94948eb580>
[NNENUM] Enumeration finished.
safe
[NNENUM] Found counter-example stars: 0
[NNENUM] Filtering result using SMT solver...
[SMT] SMT filtered out 0 stars (out of 0; TO: 0).
[QUERY] Found all non-linear combinations. Count: 1
.[QUERY] Found all non-linear combinations. Count: 1
[QUERY] Returning nonlinear disjunction
[CTRL] Considering conjunction with 5 input constraints and a disjunction of size 2
[APPROX] Checking cache: SNNT.Approx.ApproxCacheObject[]
[APPROX] Constructing Approximation
[APPROX] Resolving approximation
[CTRL] Initiating iterator over current linear queries
[APPROX] # Conjunctions over output: 2
[CTRL] Processing linear query no. 198
[NNENUM] Running nnenum now...
[NNENUM] lb: [31.703236423477783, 134.4925915571708, 0.0]
[NNENUM] ub: [100.0, 200.0, 0.037131069501745474]
[NNENUM] Creating LP Star...
[NNENUM] Checking feasibility
[NNENUM] Generating output Spec...
[NNENUM] Spec list length:  2
[NNENUM] Enumeration in progress... 

[NNENUM] Result: 
<nnenum.result.Result object at 0x7f9491da7ee0>
[NNENUM] Enumeration finished.
safe
[NNENUM] Filtering result using SMT solver...
[SMT] SMT filtered out 0 stars (out of 0; TO: 0).
[QUERY] Found all non-linear combinations. Count: 1
[QUERY] Returning nonlinear disjunction
[CTRL] Considering conjunction with 5 input constraints and a disjunction of size 1
[APPROX] Checking cache: SNNT.Approx.ApproxCacheObject[]
[APPROX] Constructing Approximation
[APPROX] Resolving approximation
[CTRL] Initiating iterator over current linear queries
[APPROX] # Conjunctions over output: 1
[CTRL] Processing linear query no. 199
[NNENUM] Running nnenum now...
[NNENUM] lb: [31.703236423477783, 7.4262139003490955, 0.0]
[NNENUM] ub: [100.0, 134.4925915571708, 0.037131069501745474]
[NNENUM] Creating LP Star...
[NNENUM] Checking feasibility
[NNENUM] Generating output Spec...
[NNENUM] Spec list length:  1
[NNENUM] Enumeration in progress... 
(0.0 sec) Q: 0, Sets: 0/1  (0.0%) CEs: 0 ETA: - (expected 1 stars)   

Total Stars: 3 (1 exact, 2 approx)
Unfinished Stars: 0
Runtime: 0.1 sec
Completed work frac: 1.0
Num Stars Copied Between Processes: 0
Num Lps During Enumeration: 111
Total Num Lps: 111

Result: network is SAFE

[NNENUM] Result: 
<nnenum.result.Result object at 0x7f94910d5760>
[NNENUM] Enumeration finished.
safe
[NNENUM] Found counter-example stars: 0
[NNENUM] Filtering result using SMT solver...
[SMT] SMT filtered out 0 stars (out of 0; TO: 0).
[QUERY] Found all non-linear combinations. Count: 1
[QUERY] Returning nonlinear disjunction
[CTRL] Considering conjunction with 5 input constraints and a disjunction of size 1
[APPROX] Checking cache: SNNT.Approx.ApproxCacheObject[]
[APPROX] Constructing Approximation
[APPROX] Resolving approximation
[CTRL] Initiating iterator over current linear queries
[APPROX] # Conjunctions over output: 1
[CTRL] Processing linear query no. 200
[NNENUM] Running nnenum now...
[NNENUM] lb: [31.703236423477783, 0.0, 0.0]
[NNENUM] ub: [100.0, 0.09999999999999999, 0.037131069501745474]
[NNENUM] Creating LP Star...
[NNENUM] Checking feasibility
[NNENUM] Generating output Spec...
[NNENUM] Spec list length:  1
[NNENUM] Enumeration in progress... 

[NNENUM] Result: 
<nnenum.result.Result object at 0x7f94910d2e20>
[NNENUM] Enumeration finished.
safe
[NNENUM] Filtering result using SMT solver...
[SMT] SMT filtered out 0 stars (out of 0; TO: 0).
[QUERY] Found all non-linear combinations. Count: 1
[QUERY] Found all non-linear combinations. Count: 1
[QUERY] Found all non-linear combinations. Count: 1
[QUERY] Found all non-linear combinations. Count: 1
[QUERY] Found all non-linear combinations. Count: 1
[QUERY] Found all non-linear combinations. Count: 1
[QUERY] Found all non-linear combinations. Count: 1
[QUERY] Found all non-linear combinations. Count: 1
[QUERY] Found all non-linear combinations. Count: 1
[QUERY] Found all non-linear combinations. Count: 1
[QUERY] Found all non-linear combinations. Count: 1
[QUERY] Found all non-linear combinations. Count: 1
[QUERY] Found all non-linear combinations. Count: 1
[QUERY] Returning nonlinear disjunction
[CTRL] Considering conjunction with 5 input constraints and a disjunction of size 13
[APPROX] Checking cache: SNNT.Approx.ApproxCacheObject[]
[APPROX] Constructing Approximation
[APPROX] Resolving approximation
[CTRL] Initiating iterator over current linear queries
[APPROX] # Conjunctions over output: 13
[CTRL] Processing linear query no. 201
[NNENUM] Running nnenum now...
[NNENUM] lb: [31.703236423477783, -200.0, 0.0]
[NNENUM] ub: [100.0, -134.49259155717084, 0.037131069501745474]
[NNENUM] Creating LP Star...
[NNENUM] Checking feasibility
[NNENUM] Generating output Spec...
[NNENUM] Spec list length:  13
[NNENUM] Enumeration in progress... 

[NNENUM] Result: 
<nnenum.result.Result object at 0x7f94910d3df0>
[NNENUM] Enumeration finished.
safe
[NNENUM] Filtering result using SMT solver...
[SMT] SMT filtered out 0 stars (out of 0; TO: 0).
[QUERY] Found all non-linear combinations. Count: 1
[QUERY] Found all non-linear combinations. Count: 1
[QUERY] Found all non-linear combinations. Count: 1
[QUERY] Found all non-linear combinations. Count: 1
[QUERY] Found all non-linear combinations. Count: 1
[QUERY] Found all non-linear combinations. Count: 1
[QUERY] Returning nonlinear disjunction
[CTRL] Considering conjunction with 5 input constraints and a disjunction of size 6
[APPROX] Checking cache: SNNT.Approx.ApproxCacheObject[]
[APPROX] Constructing Approximation
[APPROX] Resolving approximation
[CTRL] Initiating iterator over current linear queries
[APPROX] # Conjunctions over output: 6
[CTRL] Processing linear query no. 202
[NNENUM] Running nnenum now...
[NNENUM] lb: [31.703236423477783, -17.837453728392095, 0.0]
[NNENUM] ub: [100.0, -2.1, 0.037131069501745474]
[NNENUM] Creating LP Star...
[NNENUM] Checking feasibility
[NNENUM] Generating output Spec...
[NNENUM] Spec list length:  6
[NNENUM] Enumeration in progress... 
(0.2 sec) Q: 0, Sets: 0/1  (0.0%) CEs: 0 ETA: - (expected 1 stars)   
(0.3 sec) Q: 0, Sets: 4/6  (37.5%) CEs: 0 ETA: 0.5 sec (expected 11 stars)   

Total Stars: 16 (1 exact, 15 approx)
Unfinished Stars: 0
Runtime: 0.3 sec
Completed work frac: 1.0
Num Stars Copied Between Processes: 0
Num Lps During Enumeration: 39
Total Num Lps: 39

Result: network is SAFE

[NNENUM] Result: 
<nnenum.result.Result object at 0x7f94948f5a00>
[NNENUM] Enumeration finished.
safe
[NNENUM] Found counter-example stars: 0
[NNENUM] Filtering result using SMT solver...
[SMT] SMT filtered out 0 stars (out of 0; TO: 0).
[QUERY] Found all non-linear combinations. Count: 1
[QUERY] Found all non-linear combinations. Count: 1
[QUERY] Returning nonlinear disjunction
[CTRL] Considering conjunction with 5 input constraints and a disjunction of size 2
[APPROX] Checking cache: SNNT.Approx.ApproxCacheObject[]
[APPROX] Constructing Approximation
[APPROX] Resolving approximation
[CTRL] Initiating iterator over current linear queries
[APPROX] # Conjunctions over output: 2
[CTRL] Processing linear query no. 203
[NNENUM] Running nnenum now...
[NNENUM] lb: [31.703236423477783, -63.40647284695557, 0.0]
[NNENUM] ub: [100.0, -17.837453728392095, 0.037131069501745474]
[NNENUM] Creating LP Star...
[NNENUM] Checking feasibility
[NNENUM] Generating output Spec...
[NNENUM] Spec list length:  2
[NNENUM] Enumeration in progress... 
(0.0 sec) Q: 0, Sets: 0/1  (0.0%) CEs: 0 ETA: - (expected 1 stars)   

Total Stars: 8 (4 exact, 4 approx)
Unfinished Stars: 0
Runtime: 0.1 sec
Completed work frac: 1.0
Num Stars Copied Between Processes: 0
Num Lps During Enumeration: 233
Total Num Lps: 233

Result: network is SAFE

[NNENUM] Result: 
<nnenum.result.Result object at 0x7f94910d75b0>
[NNENUM] Enumeration finished.
safe
[NNENUM] Found counter-example stars: 0
[NNENUM] Filtering result using SMT solver...
[SMT] SMT filtered out 0 stars (out of 0; TO: 0).
[QUERY] Found all non-linear combinations. Count: 1
[QUERY] Returning nonlinear disjunction
[CTRL] Considering conjunction with 5 input constraints and a disjunction of size 1
[APPROX] Checking cache: SNNT.Approx.ApproxCacheObject[]
[APPROX] Constructing Approximation
[APPROX] Resolving approximation
[CTRL] Initiating iterator over current linear queries
[APPROX] # Conjunctions over output: 1
[CTRL] Processing linear query no. 204
[NNENUM] Running nnenum now...
[NNENUM] lb: [31.703236423477783, 7.4262139003490955, 0.0]
[NNENUM] ub: [100.0, 134.4925915571708, 0.037131069501745474]
[NNENUM] Creating LP Star...
[NNENUM] Checking feasibility
[NNENUM] Generating output Spec...
[NNENUM] Spec list length:  1
[NNENUM] Enumeration in progress... 
(0.0 sec) Q: 0, Sets: 0/1  (0.0%) CEs: 0 ETA: - (expected 1 stars)   

Total Stars: 4 (2 exact, 2 approx)
Unfinished Stars: 0
Runtime: 0.0 sec
Completed work frac: 1.0
Num Stars Copied Between Processes: 0
Num Lps During Enumeration: 94
Total Num Lps: 94

Result: network is SAFE

[NNENUM] Result: 
<nnenum.result.Result object at 0x7f94910c3d60>
[NNENUM] Enumeration finished.
safe
[NNENUM] Found counter-example stars: 0
[NNENUM] Filtering result using SMT solver...
[SMT] SMT filtered out 0 stars (out of 0; TO: 0).
[QUERY] Found all non-linear combinations. Count: 1
[QUERY] Returning nonlinear disjunction
[CTRL] Considering conjunction with 5 input constraints and a disjunction of size 1
[APPROX] Checking cache: SNNT.Approx.ApproxCacheObject[]
[APPROX] Constructing Approximation
[APPROX] Resolving approximation
[CTRL] Initiating iterator over current linear queries
[APPROX] # Conjunctions over output: 1
[CTRL] Processing linear query no. 205
[NNENUM] Running nnenum now...
[NNENUM] lb: [31.703236423477783, 7.4262139003490955, 0.0]
[NNENUM] ub: [100.0, 134.4925915571708, 0.037131069501745474]
[NNENUM] Creating LP Star...
[NNENUM] Checking feasibility
[NNENUM] Generating output Spec...
[NNENUM] Spec list length:  1
[NNENUM] Enumeration in progress... 
(0.2 sec) Q: 0, Sets: 0/1  (0.0%) CEs: 0 ETA: - (expected 1 stars)   

Total Stars: 5 (3 exact, 2 approx)
Unfinished Stars: 0
Runtime: 0.2 sec
Completed work frac: 1.0
Num Stars Copied Between Processes: 0
Num Lps During Enumeration: 114
Total Num Lps: 114

Result: network is SAFE

[NNENUM] Result: 
<nnenum.result.Result object at 0x7f94910fc5e0>
[NNENUM] Enumeration finished.
safe
[NNENUM] Found counter-example stars: 0
[NNENUM] Filtering result using SMT solver...
[SMT] SMT filtered out 0 stars (out of 0; TO: 0).
[QUERY] Found all non-linear combinations. Count: 1
[QUERY] Found all non-linear combinations. Count: 1
[QUERY] Returning nonlinear disjunction
[CTRL] Considering conjunction with 5 input constraints and a disjunction of size 2
[APPROX] Checking cache: SNNT.Approx.ApproxCacheObject[]
[APPROX] Constructing Approximation
[APPROX] Resolving approximation
[CTRL] Initiating iterator over current linear queries
[APPROX] # Conjunctions over output: 2
[CTRL] Processing linear query no. 206
[NNENUM] Running nnenum now...
[NNENUM] lb: [31.703236423477783, 7.4262139003490955, 0.0]
[NNENUM] ub: [100.0, 134.4925915571708, 0.037131069501745474]
[NNENUM] Creating LP Star...
[NNENUM] Checking feasibility
[NNENUM] Generating output Spec...
[NNENUM] Spec list length:  2
[NNENUM] Enumeration in progress... 
(0.0 sec) Q: 0, Sets: 0/1  (0.0%) CEs: 0 ETA: - (expected 1 stars)   
(0.1 sec) Q: 0, Sets: 9/12  (25.0%) CEs: 0 ETA: 0.4 sec (expected 36 stars)   

Total Stars: 25 (8 exact, 17 approx)
Unfinished Stars: 0
Runtime: 0.2 sec
Completed work frac: 1.0
Num Stars Copied Between Processes: 0
Num Lps During Enumeration: 384
Total Num Lps: 384

Result: network is SAFE

[NNENUM] Result: 
<nnenum.result.Result object at 0x7f94910d5bb0>
[NNENUM] Enumeration finished.
safe
[NNENUM] Found counter-example stars: 0
[NNENUM] Filtering result using SMT solver...
[SMT] SMT filtered out 0 stars (out of 0; TO: 0).
[QUERY] Found all non-linear combinations. Count: 1
[QUERY] Found all non-linear combinations. Count: 1
[QUERY] Returning nonlinear disjunction
[CTRL] Considering conjunction with 5 input constraints and a disjunction of size 2
[APPROX] Checking cache: SNNT.Approx.ApproxCacheObject[]
[APPROX] Constructing Approximation
[APPROX] Resolving approximation
[CTRL] Initiating iterator over current linear queries
[APPROX] # Conjunctions over output: 2
[CTRL] Processing linear query no. 207
[NNENUM] Running nnenum now...
[NNENUM] lb: [31.703236423477783, 0.09999999999999999, 0.0]
[NNENUM] ub: [100.0, 7.4262139003490955, 0.037131069501745474]
[NNENUM] Creating LP Star...
[NNENUM] Checking feasibility
[NNENUM] Generating output Spec...
[NNENUM] Spec list length:  2
[NNENUM] Enumeration in progress... 

[NNENUM] Result: 
<nnenum.result.Result object at 0x7f94910d3580>
[NNENUM] Enumeration finished.
safe
[NNENUM] Filtering result using SMT solver...
[SMT] SMT filtered out 0 stars (out of 0; TO: 0).
[QUERY] Found all non-linear combinations. Count: 1
[QUERY] Returning nonlinear disjunction
[CTRL] Considering conjunction with 5 input constraints and a disjunction of size 1
[APPROX] Checking cache: SNNT.Approx.ApproxCacheObject[]
[APPROX] Constructing Approximation
[APPROX] Resolving approximation
[CTRL] Initiating iterator over current linear queries
[APPROX] # Conjunctions over output: 1
[CTRL] Processing linear query no. 208
[NNENUM] Running nnenum now...
[NNENUM] lb: [31.703236423477783, 0.0, 0.0]
[NNENUM] ub: [100.0, 0.0, 0.037131069501745474]
[NNENUM] Creating LP Star...
[NNENUM] Checking feasibility
[NNENUM] Generating output Spec...
[NNENUM] Spec list length:  1
[NNENUM] Enumeration in progress... 

[NNENUM] Result: 
<nnenum.result.Result object at 0x7f94910d2520>
[NNENUM] Enumeration finished.
safe
[NNENUM] Filtering result using SMT solver...
[SMT] SMT filtered out 0 stars (out of 0; TO: 0).
[QUERY] Found all non-linear combinations. Count: 1
[QUERY] Returning nonlinear disjunction
[CTRL] Considering conjunction with 5 input constraints and a disjunction of size 1
[APPROX] Checking cache: SNNT.Approx.ApproxCacheObject[]
[APPROX] Constructing Approximation
[APPROX] Resolving approximation
[CTRL] Initiating iterator over current linear queries
[APPROX] # Conjunctions over output: 1
[CTRL] Processing linear query no. 209
[NNENUM] Running nnenum now...
[NNENUM] lb: [31.703236423477783, 0.0, 0.0]
[NNENUM] ub: [100.0, 0.0, 0.037131069501745474]
[NNENUM] Creating LP Star...
[NNENUM] Checking feasibility
[NNENUM] Generating output Spec...
[NNENUM] Spec list length:  1
[NNENUM] Enumeration in progress... 

[NNENUM] Result: 
<nnenum.result.Result object at 0x7f94910c3a60>
[NNENUM] Enumeration finished.
safe
[NNENUM] Filtering result using SMT solver...
[SMT] SMT filtered out 0 stars (out of 0; TO: 0).
[QUERY] Found all non-linear combinations. Count: 1
[QUERY] Returning nonlinear disjunction
[CTRL] Considering conjunction with 5 input constraints and a disjunction of size 1
[APPROX] Checking cache: SNNT.Approx.ApproxCacheObject[]
[APPROX] Constructing Approximation
[APPROX] Resolving approximation
[CTRL] Initiating iterator over current linear queries
[APPROX] # Conjunctions over output: 1
[CTRL] Processing linear query no. 210
[NNENUM] Running nnenum now...
[NNENUM] lb: [31.703236423477783, -2.1, 0.0]
[NNENUM] ub: [100.0, 0.0, 0.037131069501745474]
[NNENUM] Creating LP Star...
[NNENUM] Checking feasibility
[NNENUM] Generating output Spec...
[NNENUM] Spec list length:  1
[NNENUM] Enumeration in progress... 

[NNENUM] Result: 
<nnenum.result.Result object at 0x7f9494cab9a0>
[NNENUM] Enumeration finished.
safe
[NNENUM] Filtering result using SMT solver...
[SMT] SMT filtered out 0 stars (out of 0; TO: 0).
[QUERY] Found all non-linear combinations. Count: 1
[QUERY] Returning nonlinear disjunction
[CTRL] Considering conjunction with 5 input constraints and a disjunction of size 1
[APPROX] Checking cache: SNNT.Approx.ApproxCacheObject[]
[APPROX] Constructing Approximation
[APPROX] Resolving approximation
[CTRL] Initiating iterator over current linear queries
[APPROX] # Conjunctions over output: 1
[CTRL] Processing linear query no. 211
[NNENUM] Running nnenum now...
[NNENUM] lb: [31.703236423477783, -134.49259155717084, 0.0]
[NNENUM] ub: [100.0, -73.18705430608887, 0.037131069501745474]
[NNENUM] Creating LP Star...
[NNENUM] Checking feasibility
[NNENUM] Generating output Spec...
[NNENUM] Spec list length:  1
[NNENUM] Enumeration in progress... 

[NNENUM] Result: 
<nnenum.result.Result object at 0x7f94910d2490>
[NNENUM] Enumeration finished.
safe
[NNENUM] Filtering result using SMT solver...
[SMT] SMT filtered out 0 stars (out of 0; TO: 0).
[QUERY] Found all non-linear combinations. Count: 1
[QUERY] Found all non-linear combinations. Count: 1
[QUERY] Returning nonlinear disjunction
[CTRL] Considering conjunction with 5 input constraints and a disjunction of size 2
[APPROX] Checking cache: SNNT.Approx.ApproxCacheObject[]
[APPROX] Constructing Approximation
[APPROX] Resolving approximation
[CTRL] Initiating iterator over current linear queries
[APPROX] # Conjunctions over output: 2
[CTRL] Processing linear query no. 212
[NNENUM] Running nnenum now...
[NNENUM] lb: [31.703236423477783, -63.40647284695557, 0.0]
[NNENUM] ub: [100.0, -17.837453728392095, 0.037131069501745474]
[NNENUM] Creating LP Star...
[NNENUM] Checking feasibility
[NNENUM] Generating output Spec...
[NNENUM] Spec list length:  2
[NNENUM] Enumeration in progress... 
(0.0 sec) Q: 0, Sets: 0/1  (0.0%) CEs: 0 ETA: - (expected 1 stars)   
(0.2 sec) Q: 0, Sets: 0/5  (0.0%) CEs: 0 ETA: - (expected 1 stars)   
(0.3 sec) Q: 0, Sets: 12/15  (23.438%) CEs: 0 ETA: 1.1 sec (expected 51 stars)   
(0.4 sec) Q: 0, Sets: 16/19  (31.25%) CEs: 0 ETA: 0.9 sec (expected 51 stars)   

Total Stars: 25 (2 exact, 23 approx)
Unfinished Stars: 0
Runtime: 0.5 sec
Completed work frac: 1.0
Num Stars Copied Between Processes: 0
Num Lps During Enumeration: 166
Total Num Lps: 166

Result: network is SAFE

[NNENUM] Result: 
<nnenum.result.Result object at 0x7f9491da7070>
[NNENUM] Enumeration finished.
safe
[NNENUM] Found counter-example stars: 0
[NNENUM] Filtering result using SMT solver...
[SMT] SMT filtered out 0 stars (out of 0; TO: 0).
[QUERY] Found all non-linear combinations. Count: 1
[QUERY] Returning nonlinear disjunction
[CTRL] Considering conjunction with 5 input constraints and a disjunction of size 1
[APPROX] Checking cache: SNNT.Approx.ApproxCacheObject[]
[APPROX] Constructing Approximation
[APPROX] Resolving approximation
[CTRL] Initiating iterator over current linear queries
[APPROX] # Conjunctions over output: 1
[CTRL] Processing linear query no. 213
[NNENUM] Running nnenum now...
[NNENUM] lb: [31.703236423477783, -134.49259155717084, 0.0]
[NNENUM] ub: [100.0, -73.18705430608887, 0.037131069501745474]
[NNENUM] Creating LP Star...
[NNENUM] Checking feasibility
[NNENUM] Generating output Spec...
[NNENUM] Spec list length:  1
[NNENUM] Enumeration in progress... 

[NNENUM] Result: 
<nnenum.result.Result object at 0x7f94910c1d00>
[NNENUM] Enumeration finished.
safe
[NNENUM] Filtering result using SMT solver...
[SMT] SMT filtered out 0 stars (out of 0; TO: 0).
[QUERY] Found all non-linear combinations. Count: 1
[QUERY] Returning nonlinear disjunction
[CTRL] Considering conjunction with 5 input constraints and a disjunction of size 1
[APPROX] Checking cache: SNNT.Approx.ApproxCacheObject[]
[APPROX] Constructing Approximation
[APPROX] Resolving approximation
[CTRL] Initiating iterator over current linear queries
[APPROX] # Conjunctions over output: 1
[CTRL] Processing linear query no. 214
[NNENUM] Running nnenum now...
[NNENUM] lb: [31.703236423477783, -63.40647284695557, 0.0]
[NNENUM] ub: [100.0, -17.837453728392095, 0.037131069501745474]
[NNENUM] Creating LP Star...
[NNENUM] Checking feasibility
[NNENUM] Generating output Spec...
[NNENUM] Spec list length:  1
[NNENUM] Enumeration in progress... 
(0.0 sec) Q: 0, Sets: 0/1  (0.0%) CEs: 0 ETA: - (expected 1 stars)   

Total Stars: 4 (1 exact, 3 approx)
Unfinished Stars: 0
Runtime: 0.1 sec
Completed work frac: 1.0
Num Stars Copied Between Processes: 0
Num Lps During Enumeration: 20
Total Num Lps: 20

Result: network is SAFE

[NNENUM] Result: 
<nnenum.result.Result object at 0x7f94910d2b20>
[NNENUM] Enumeration finished.
safe
[NNENUM] Found counter-example stars: 0
[NNENUM] Filtering result using SMT solver...
[SMT] SMT filtered out 0 stars (out of 0; TO: 0).
.[QUERY] Found all non-linear combinations. Count: 1
[QUERY] Returning nonlinear disjunction
[CTRL] Considering conjunction with 5 input constraints and a disjunction of size 1
[APPROX] Checking cache: SNNT.Approx.ApproxCacheObject[]
[APPROX] Constructing Approximation
[APPROX] Resolving approximation
[CTRL] Initiating iterator over current linear queries
[APPROX] # Conjunctions over output: 1
[CTRL] Processing linear query no. 215
[NNENUM] Running nnenum now...
[NNENUM] lb: [16.376852110707294, -63.40647284695557, 0.0]
[NNENUM] ub: [31.703236423477783, -17.837453728392095, 0.037131069501745474]
[NNENUM] Creating LP Star...
[NNENUM] Checking feasibility
[NNENUM] Generating output Spec...
[NNENUM] Spec list length:  1
[NNENUM] Enumeration in progress... 

[NNENUM] Result: 
<nnenum.result.Result object at 0x7f94910d2d90>
[NNENUM] Enumeration finished.
safe
[NNENUM] Filtering result using SMT solver...
[SMT] SMT filtered out 0 stars (out of 0; TO: 0).
[QUERY] Found all non-linear combinations. Count: 1
[QUERY] Found all non-linear combinations. Count: 1
[QUERY] Returning nonlinear disjunction
[CTRL] Considering conjunction with 5 input constraints and a disjunction of size 2
[APPROX] Checking cache: SNNT.Approx.ApproxCacheObject[]
[APPROX] Constructing Approximation
[APPROX] Resolving approximation
[CTRL] Initiating iterator over current linear queries
[APPROX] # Conjunctions over output: 2
[CTRL] Processing linear query no. 216
[NNENUM] Running nnenum now...
[NNENUM] lb: [16.376852110707294, 134.4925915571708, 0.0]
[NNENUM] ub: [31.703236423477783, 200.0, 0.037131069501745474]
[NNENUM] Creating LP Star...
[NNENUM] Checking feasibility
[NNENUM] Generating output Spec...
[NNENUM] Spec list length:  2
[NNENUM] Enumeration in progress... 

[NNENUM] Result: 
<nnenum.result.Result object at 0x7f9491da7670>
[NNENUM] Enumeration finished.
safe
[NNENUM] Filtering result using SMT solver...
[SMT] SMT filtered out 0 stars (out of 0; TO: 0).
[QUERY] Found all non-linear combinations. Count: 1
[QUERY] Found all non-linear combinations. Count: 1
[QUERY] Returning nonlinear disjunction
[CTRL] Considering conjunction with 5 input constraints and a disjunction of size 2
[APPROX] Checking cache: SNNT.Approx.ApproxCacheObject[]
[APPROX] Constructing Approximation
[APPROX] Resolving approximation
[CTRL] Initiating iterator over current linear queries
[APPROX] # Conjunctions over output: 2
[CTRL] Processing linear query no. 217
[NNENUM] Running nnenum now...
[NNENUM] lb: [16.376852110707294, 7.4262139003490955, 0.0]
[NNENUM] ub: [31.703236423477783, 134.4925915571708, 0.037131069501745474]
[NNENUM] Creating LP Star...
[NNENUM] Checking feasibility
[NNENUM] Generating output Spec...
[NNENUM] Spec list length:  2
[NNENUM] Enumeration in progress... 
(0.2 sec) Q: 0, Sets: 0/1  (0.0%) CEs: 0 ETA: - (expected 1 stars)   

Total Stars: 2 (1 exact, 1 approx)
Unfinished Stars: 0
Runtime: 0.2 sec
Completed work frac: 1.0
Num Stars Copied Between Processes: 0
Num Lps During Enumeration: 78
Total Num Lps: 78

Result: network is SAFE

[NNENUM] Result: 
<nnenum.result.Result object at 0x7f948ef44880>
[NNENUM] Enumeration finished.
safe
[NNENUM] Found counter-example stars: 0
[NNENUM] Filtering result using SMT solver...
[SMT] SMT filtered out 0 stars (out of 0; TO: 0).
[QUERY] Found all non-linear combinations. Count: 1
[QUERY] Found all non-linear combinations. Count: 1
[QUERY] Found all non-linear combinations. Count: 1
[QUERY] Found all non-linear combinations. Count: 1
[QUERY] Found all non-linear combinations. Count: 1
[QUERY] Found all non-linear combinations. Count: 1
[QUERY] Found all non-linear combinations. Count: 1
[QUERY] Found all non-linear combinations. Count: 1
[QUERY] Found all non-linear combinations. Count: 1
[QUERY] Found all non-linear combinations. Count: 1
[QUERY] Found all non-linear combinations. Count: 1
[QUERY] Returning nonlinear disjunction
[CTRL] Considering conjunction with 5 input constraints and a disjunction of size 11
[APPROX] Checking cache: SNNT.Approx.ApproxCacheObject[]
[APPROX] Constructing Approximation
[APPROX] Resolving approximation
[CTRL] Initiating iterator over current linear queries
[APPROX] # Conjunctions over output: 11
[CTRL] Processing linear query no. 218
[NNENUM] Running nnenum now...
[NNENUM] lb: [16.376852110707294, -134.49259155717084, 0.0]
[NNENUM] ub: [31.703236423477783, -73.18705430608887, 0.037131069501745474]
[NNENUM] Creating LP Star...
[NNENUM] Checking feasibility
[NNENUM] Generating output Spec...
[NNENUM] Spec list length:  11
[NNENUM] Enumeration in progress... 

[NNENUM] Result: 
<nnenum.result.Result object at 0x7f94910d3ca0>
[NNENUM] Enumeration finished.
safe
[NNENUM] Filtering result using SMT solver...
[SMT] SMT filtered out 0 stars (out of 0; TO: 0).
[QUERY] Found all non-linear combinations. Count: 6
[QUERY] Returning nonlinear disjunction
[CTRL] Considering conjunction with 5 input constraints and a disjunction of size 1
[APPROX] Checking cache: SNNT.Approx.ApproxCacheObject[]
[APPROX] Constructing Approximation
[APPROX] Resolving approximation
[CTRL] Initiating iterator over current linear queries
[APPROX] # Conjunctions over output: 1
[CTRL] Processing linear query no. 219
[NNENUM] Running nnenum now...
[NNENUM] lb: [16.376852110707294, 7.4262139003490955, 0.0]
[NNENUM] ub: [31.703236423477783, 134.4925915571708, 0.037131069501745474]
[NNENUM] Creating LP Star...
[NNENUM] Checking feasibility
[NNENUM] Generating output Spec...
[NNENUM] Spec list length:  1
[NNENUM] Enumeration in progress... 
(0.0 sec) Q: 0, Sets: 0/1  (0.0%) CEs: 0 ETA: - (expected 1 stars)   
(0.2 sec) Q: 0, Sets: 1/4  (50.0%) CEs: 0 ETA: 0.2 sec (expected 2 stars)   

Total Stars: 11 (3 exact, 8 approx)
Unfinished Stars: 0
Runtime: 0.2 sec
Completed work frac: 1.0
Num Stars Copied Between Processes: 0
Num Lps During Enumeration: 142
Total Num Lps: 142

Result: network is SAFE

[NNENUM] Result: 
<nnenum.result.Result object at 0x7f94948f5a00>
[NNENUM] Enumeration finished.
safe
[NNENUM] Found counter-example stars: 0
[NNENUM] Filtering result using SMT solver...
[SMT] SMT filtered out 0 stars (out of 0; TO: 0).
[QUERY] Found all non-linear combinations. Count: 1
[QUERY] Found all non-linear combinations. Count: 1
[QUERY] Found all non-linear combinations. Count: 1
[QUERY] Found all non-linear combinations. Count: 1
[QUERY] Found all non-linear combinations. Count: 1
[QUERY] Found all non-linear combinations. Count: 2
[QUERY] Found all non-linear combinations. Count: 2
[QUERY] Found all non-linear combinations. Count: 2
[QUERY] Found all non-linear combinations. Count: 2
[QUERY] Found all non-linear combinations. Count: 2
[QUERY] Found all non-linear combinations. Count: 2
[QUERY] Returning nonlinear disjunction
[CTRL] Considering conjunction with 5 input constraints and a disjunction of size 11
[APPROX] Checking cache: SNNT.Approx.ApproxCacheObject[]
[APPROX] Constructing Approximation
[APPROX] Resolving approximation
[CTRL] Initiating iterator over current linear queries
[APPROX] # Conjunctions over output: 11
[CTRL] Processing linear query no. 220
[NNENUM] Running nnenum now...
[NNENUM] lb: [16.376852110707294, -63.40647284695557, 0.0]
[NNENUM] ub: [31.703236423477783, -17.837453728392095, 0.037131069501745474]
[NNENUM] Creating LP Star...
[NNENUM] Checking feasibility
[NNENUM] Generating output Spec...
[NNENUM] Spec list length:  11
[NNENUM] Enumeration in progress... 
(0.0 sec) Q: 0, Sets: 0/1  (0.0%) CEs: 0 ETA: - (expected 1 stars)   

Total Stars: 7 (1 exact, 6 approx)
Unfinished Stars: 0
Runtime: 0.1 sec
Completed work frac: 1.0
Num Stars Copied Between Processes: 0
Num Lps During Enumeration: 61
Total Num Lps: 61

Result: network is SAFE

[NNENUM] Result: 
<nnenum.result.Result object at 0x7f94910d26d0>
[NNENUM] Enumeration finished.
safe
[NNENUM] Found counter-example stars: 0
[NNENUM] Filtering result using SMT solver...
[SMT] SMT filtered out 0 stars (out of 0; TO: 0).
[QUERY] Found all non-linear combinations. Count: 1
[QUERY] Returning nonlinear disjunction
[CTRL] Considering conjunction with 5 input constraints and a disjunction of size 1
[APPROX] Checking cache: SNNT.Approx.ApproxCacheObject[]
[APPROX] Constructing Approximation
[APPROX] Resolving approximation
[CTRL] Initiating iterator over current linear queries
[APPROX] # Conjunctions over output: 1
[CTRL] Processing linear query no. 221
[NNENUM] Running nnenum now...
[NNENUM] lb: [16.376852110707294, -63.40647284695557, 0.0]
[NNENUM] ub: [31.703236423477783, -17.837453728392095, 0.037131069501745474]
[NNENUM] Creating LP Star...
[NNENUM] Checking feasibility
[NNENUM] Generating output Spec...
[NNENUM] Spec list length:  1
[NNENUM] Enumeration in progress... 

[NNENUM] Result: 
<nnenum.result.Result object at 0x7f94952df3d0>
[NNENUM] Enumeration finished.
safe
[NNENUM] Filtering result using SMT solver...
[SMT] SMT filtered out 0 stars (out of 0; TO: 0).
[QUERY] Found all non-linear combinations. Count: 1
[QUERY] Found all non-linear combinations. Count: 1
[QUERY] Found all non-linear combinations. Count: 1
[QUERY] Found all non-linear combinations. Count: 1
[QUERY] Returning nonlinear disjunction
[CTRL] Considering conjunction with 5 input constraints and a disjunction of size 4
[APPROX] Checking cache: SNNT.Approx.ApproxCacheObject[]
[APPROX] Constructing Approximation
[APPROX] Resolving approximation
[CTRL] Initiating iterator over current linear queries
[APPROX] # Conjunctions over output: 4
[CTRL] Processing linear query no. 222
[NNENUM] Running nnenum now...
[NNENUM] lb: [16.376852110707294, -17.837453728392095, 0.0]
[NNENUM] ub: [31.703236423477783, -2.1, 0.037131069501745474]
[NNENUM] Creating LP Star...
[NNENUM] Checking feasibility
[NNENUM] Generating output Spec...
[NNENUM] Spec list length:  4
[NNENUM] Enumeration in progress... 
(0.2 sec) Q: 0, Sets: 0/1  (0.0%) CEs: 0 ETA: - (expected 1 stars)   
(0.3 sec) Q: 0, Sets: 5/9  (18.75%) CEs: 0 ETA: 1.2 sec (expected 27 stars)   

Total Stars: 13 (1 exact, 12 approx)
Unfinished Stars: 0
Runtime: 0.4 sec
Completed work frac: 1.0
Num Stars Copied Between Processes: 0
Num Lps During Enumeration: 87
Total Num Lps: 87

Result: network is SAFE

[NNENUM] Result: 
<nnenum.result.Result object at 0x7f94948f5400>
[NNENUM] Enumeration finished.
safe
[NNENUM] Found counter-example stars: 0
[NNENUM] Filtering result using SMT solver...
[SMT] SMT filtered out 0 stars (out of 0; TO: 0).
[QUERY] Found all non-linear combinations. Count: 1
[QUERY] Returning nonlinear disjunction
[CTRL] Considering conjunction with 5 input constraints and a disjunction of size 1
[APPROX] Checking cache: SNNT.Approx.ApproxCacheObject[]
[APPROX] Constructing Approximation
[APPROX] Resolving approximation
[CTRL] Initiating iterator over current linear queries
[APPROX] # Conjunctions over output: 1
[CTRL] Processing linear query no. 223
[NNENUM] Running nnenum now...
[NNENUM] lb: [16.376852110707294, -17.837453728392095, 0.0]
[NNENUM] ub: [31.703236423477783, -2.1, 0.037131069501745474]
[NNENUM] Creating LP Star...
[NNENUM] Checking feasibility
[NNENUM] Generating output Spec...
[NNENUM] Spec list length:  1
[NNENUM] Enumeration in progress... 
(0.0 sec) Q: 0, Sets: 0/1  (0.0%) CEs: 0 ETA: - (expected 1 stars)   

Total Stars: 3 (1 exact, 2 approx)
Unfinished Stars: 0
Runtime: 0.0 sec
Completed work frac: 1.0
Num Stars Copied Between Processes: 0
Num Lps During Enumeration: 113
Total Num Lps: 113

Result: network is SAFE

[NNENUM] Result: 
<nnenum.result.Result object at 0x7f94948d1a00>
[NNENUM] Enumeration finished.
safe
[NNENUM] Found counter-example stars: 0
[NNENUM] Filtering result using SMT solver...
[SMT] SMT filtered out 0 stars (out of 0; TO: 0).
[QUERY] Found all non-linear combinations. Count: 1
[QUERY] Returning nonlinear disjunction
[CTRL] Considering conjunction with 5 input constraints and a disjunction of size 1
[APPROX] Checking cache: SNNT.Approx.ApproxCacheObject[]
[APPROX] Constructing Approximation
[APPROX] Resolving approximation
[CTRL] Initiating iterator over current linear queries
[APPROX] # Conjunctions over output: 1
[CTRL] Processing linear query no. 224
[NNENUM] Running nnenum now...
[NNENUM] lb: [16.376852110707294, -17.837453728392095, 0.0]
[NNENUM] ub: [31.703236423477783, -2.1, 0.037131069501745474]
[NNENUM] Creating LP Star...
[NNENUM] Checking feasibility
[NNENUM] Generating output Spec...
[NNENUM] Spec list length:  1
[NNENUM] Enumeration in progress... 
(0.0 sec) Q: 0, Sets: 0/1  (0.0%) CEs: 0 ETA: - (expected 1 stars)   

Total Stars: 4 (2 exact, 2 approx)
Unfinished Stars: 0
Runtime: 0.1 sec
Completed work frac: 1.0
Num Stars Copied Between Processes: 0
Num Lps During Enumeration: 140
Total Num Lps: 140

Result: network is SAFE

[NNENUM] Result: 
<nnenum.result.Result object at 0x7f94910c1d30>
[NNENUM] Enumeration finished.
safe
[NNENUM] Found counter-example stars: 0
[NNENUM] Filtering result using SMT solver...
[SMT] SMT filtered out 0 stars (out of 0; TO: 0).
[QUERY] Found all non-linear combinations. Count: 1
[QUERY] Found all non-linear combinations. Count: 1
[QUERY] Returning nonlinear disjunction
[CTRL] Considering conjunction with 5 input constraints and a disjunction of size 2
[APPROX] Checking cache: SNNT.Approx.ApproxCacheObject[]
[APPROX] Constructing Approximation
[APPROX] Resolving approximation
[CTRL] Initiating iterator over current linear queries
[APPROX] # Conjunctions over output: 2
[CTRL] Processing linear query no. 225
[NNENUM] Running nnenum now...
[NNENUM] lb: [16.376852110707294, 0.0, 0.0]
[NNENUM] ub: [31.703236423477783, 0.0, 0.037131069501745474]
[NNENUM] Creating LP Star...
[NNENUM] Checking feasibility
[NNENUM] Generating output Spec...
[NNENUM] Spec list length:  2
[NNENUM] Enumeration in progress... 

[NNENUM] Result: 
<nnenum.result.Result object at 0x7f94910c1640>
[NNENUM] Enumeration finished.
safe
[NNENUM] Filtering result using SMT solver...
[SMT] SMT filtered out 0 stars (out of 0; TO: 0).
.[QUERY] Found all non-linear combinations. Count: 1
[QUERY] Returning nonlinear disjunction
[CTRL] Considering conjunction with 5 input constraints and a disjunction of size 1
[APPROX] Checking cache: SNNT.Approx.ApproxCacheObject[]
[APPROX] Constructing Approximation
[APPROX] Resolving approximation
[CTRL] Initiating iterator over current linear queries
[APPROX] # Conjunctions over output: 1
[CTRL] Processing linear query no. 226
[NNENUM] Running nnenum now...
[NNENUM] lb: [16.376852110707294, 7.4262139003490955, 0.0]
[NNENUM] ub: [31.703236423477783, 134.4925915571708, 0.037131069501745474]
[NNENUM] Creating LP Star...
[NNENUM] Checking feasibility
[NNENUM] Generating output Spec...
[NNENUM] Spec list length:  1
[NNENUM] Enumeration in progress... 
(0.3 sec) Q: 0, Sets: 0/1  (0.0%) CEs: 0 ETA: - (expected 1 stars)   

Total Stars: 7 (1 exact, 6 approx)
Unfinished Stars: 0
Runtime: 0.4 sec
Completed work frac: 1.0
Num Stars Copied Between Processes: 0
Num Lps During Enumeration: 46
Total Num Lps: 46

Result: network is SAFE

[NNENUM] Result: 
<nnenum.result.Result object at 0x7f94948d1c40>
[NNENUM] Enumeration finished.
safe
[NNENUM] Found counter-example stars: 0
[NNENUM] Filtering result using SMT solver...
[SMT] SMT filtered out 0 stars (out of 0; TO: 0).
.[QUERY] Found all non-linear combinations. Count: 1
[QUERY] Returning nonlinear disjunction
[CTRL] Considering conjunction with 5 input constraints and a disjunction of size 1
[APPROX] Checking cache: SNNT.Approx.ApproxCacheObject[]
[APPROX] Constructing Approximation
[APPROX] Resolving approximation
[CTRL] Initiating iterator over current linear queries
[APPROX] # Conjunctions over output: 1
[CTRL] Processing linear query no. 227
[NNENUM] Running nnenum now...
[NNENUM] lb: [16.376852110707294, 7.4262139003490955, 0.0]
[NNENUM] ub: [31.703236423477783, 134.4925915571708, 0.037131069501745474]
[NNENUM] Creating LP Star...
[NNENUM] Checking feasibility
[NNENUM] Generating output Spec...
[NNENUM] Spec list length:  1
[NNENUM] Enumeration in progress... 
(0.0 sec) Q: 0, Sets: 0/1  (0.0%) CEs: 0 ETA: - (expected 1 stars)   

Total Stars: 4 (2 exact, 2 approx)
Unfinished Stars: 0
Runtime: 0.1 sec
Completed work frac: 1.0
Num Stars Copied Between Processes: 0
Num Lps During Enumeration: 104
Total Num Lps: 104

Result: network is SAFE

[NNENUM] Result: 
<nnenum.result.Result object at 0x7f94910d39d0>
[NNENUM] Enumeration finished.
safe
[NNENUM] Found counter-example stars: 0
[NNENUM] Filtering result using SMT solver...
[SMT] SMT filtered out 0 stars (out of 0; TO: 0).
[QUERY] Found all non-linear combinations. Count: 1
[QUERY] Found all non-linear combinations. Count: 1
[QUERY] Returning nonlinear disjunction
[CTRL] Considering conjunction with 5 input constraints and a disjunction of size 2
[APPROX] Checking cache: SNNT.Approx.ApproxCacheObject[]
[APPROX] Constructing Approximation
[APPROX] Resolving approximation
[CTRL] Initiating iterator over current linear queries
[APPROX] # Conjunctions over output: 2
[CTRL] Processing linear query no. 228
[NNENUM] Running nnenum now...
[NNENUM] lb: [16.376852110707294, 0.09999999999999999, 0.0]
[NNENUM] ub: [31.703236423477783, 7.4262139003490955, 0.037131069501745474]
[NNENUM] Creating LP Star...
[NNENUM] Checking feasibility
[NNENUM] Generating output Spec...
[NNENUM] Spec list length:  2
[NNENUM] Enumeration in progress... 

[NNENUM] Result: 
<nnenum.result.Result object at 0x7f94948e7eb0>
[NNENUM] Enumeration finished.
safe
[NNENUM] Filtering result using SMT solver...
[SMT] SMT filtered out 0 stars (out of 0; TO: 0).
[QUERY] Found all non-linear combinations. Count: 1
[QUERY] Found all non-linear combinations. Count: 1
[QUERY] Returning nonlinear disjunction
[CTRL] Considering conjunction with 5 input constraints and a disjunction of size 2
[APPROX] Checking cache: SNNT.Approx.ApproxCacheObject[]
[APPROX] Constructing Approximation
[APPROX] Resolving approximation
[CTRL] Initiating iterator over current linear queries
[APPROX] # Conjunctions over output: 2
[CTRL] Processing linear query no. 229
[NNENUM] Running nnenum now...
[NNENUM] lb: [16.376852110707294, 0.0, 0.0]
[NNENUM] ub: [31.703236423477783, 0.09999999999999999, 0.037131069501745474]
[NNENUM] Creating LP Star...
[NNENUM] Checking feasibility
[NNENUM] Generating output Spec...
[NNENUM] Spec list length:  2
[NNENUM] Enumeration in progress... 

[NNENUM] Result: 
<nnenum.result.Result object at 0x7f94948f5a60>
[NNENUM] Enumeration finished.
safe
[NNENUM] Filtering result using SMT solver...
[SMT] SMT filtered out 0 stars (out of 0; TO: 0).
[QUERY] Found all non-linear combinations. Count: 1
[QUERY] Found all non-linear combinations. Count: 1
[QUERY] Returning nonlinear disjunction
[CTRL] Considering conjunction with 5 input constraints and a disjunction of size 2
[APPROX] Checking cache: SNNT.Approx.ApproxCacheObject[]
[APPROX] Constructing Approximation
[APPROX] Resolving approximation
[CTRL] Initiating iterator over current linear queries
[APPROX] # Conjunctions over output: 2
[CTRL] Processing linear query no. 230
[NNENUM] Running nnenum now...
[NNENUM] lb: [16.376852110707294, 0.0, 0.0]
[NNENUM] ub: [31.703236423477783, 0.0, 0.037131069501745474]
[NNENUM] Creating LP Star...
[NNENUM] Checking feasibility
[NNENUM] Generating output Spec...
[NNENUM] Spec list length:  2
[NNENUM] Enumeration in progress... 

[NNENUM] Result: 
<nnenum.result.Result object at 0x7f94948d14f0>
[NNENUM] Enumeration finished.
safe
[NNENUM] Filtering result using SMT solver...
[SMT] SMT filtered out 0 stars (out of 0; TO: 0).
[QUERY] Found all non-linear combinations. Count: 1
[QUERY] Returning nonlinear disjunction
[CTRL] Considering conjunction with 5 input constraints and a disjunction of size 1
[APPROX] Checking cache: SNNT.Approx.ApproxCacheObject[]
[APPROX] Constructing Approximation
[APPROX] Resolving approximation
[CTRL] Initiating iterator over current linear queries
[APPROX] # Conjunctions over output: 1
[CTRL] Processing linear query no. 231
[NNENUM] Running nnenum now...
[NNENUM] lb: [16.376852110707294, 7.4262139003490955, 0.0]
[NNENUM] ub: [31.703236423477783, 134.4925915571708, 0.037131069501745474]
[NNENUM] Creating LP Star...
[NNENUM] Checking feasibility
[NNENUM] Generating output Spec...
[NNENUM] Spec list length:  1
[NNENUM] Enumeration in progress... 
(0.4 sec) Q: 0, Sets: 0/1  (0.0%) CEs: 0 ETA: - (expected 1 stars)   

Total Stars: 2 (0 exact, 2 approx)
Unfinished Stars: 0
Runtime: 0.4 sec
Completed work frac: 1.0
Num Stars Copied Between Processes: 0
Num Lps During Enumeration: 0
Total Num Lps: 0

Result: network is SAFE

[NNENUM] Result: 
<nnenum.result.Result object at 0x7f94910c1160>
[NNENUM] Enumeration finished.
safe
[NNENUM] Found counter-example stars: 0
[NNENUM] Filtering result using SMT solver...
[SMT] SMT filtered out 0 stars (out of 0; TO: 0).
[QUERY] Found all non-linear combinations. Count: 1
[QUERY] Found all non-linear combinations. Count: 1
[QUERY] Returning nonlinear disjunction
[CTRL] Considering conjunction with 5 input constraints and a disjunction of size 2
[APPROX] Checking cache: SNNT.Approx.ApproxCacheObject[]
[APPROX] Constructing Approximation
[APPROX] Resolving approximation
[CTRL] Initiating iterator over current linear queries
[APPROX] # Conjunctions over output: 2
[CTRL] Processing linear query no. 232
[NNENUM] Running nnenum now...
[NNENUM] lb: [16.376852110707294, -2.1, 0.0]
[NNENUM] ub: [31.703236423477783, 0.0, 0.037131069501745474]
[NNENUM] Creating LP Star...
[NNENUM] Checking feasibility
[NNENUM] Generating output Spec...
[NNENUM] Spec list length:  2
[NNENUM] Enumeration in progress... 

[NNENUM] Result: 
<nnenum.result.Result object at 0x7f94948e7460>
[NNENUM] Enumeration finished.
safe
[NNENUM] Filtering result using SMT solver...
[SMT] SMT filtered out 0 stars (out of 0; TO: 0).
[QUERY] Found all non-linear combinations. Count: 1
[QUERY] Found all non-linear combinations. Count: 1
[QUERY] Returning nonlinear disjunction
[CTRL] Considering conjunction with 5 input constraints and a disjunction of size 2
[APPROX] Checking cache: SNNT.Approx.ApproxCacheObject[]
[APPROX] Constructing Approximation
[APPROX] Resolving approximation
[CTRL] Initiating iterator over current linear queries
[APPROX] # Conjunctions over output: 2
[CTRL] Processing linear query no. 233
[NNENUM] Running nnenum now...
[NNENUM] lb: [0.07999999999999999, 7.4262139003490955, 0.0]
[NNENUM] ub: [16.376852110707294, 134.4925915571708, 0.037131069501745474]
[NNENUM] Creating LP Star...
[NNENUM] Checking feasibility
[NNENUM] Generating output Spec...
[NNENUM] Spec list length:  2
[NNENUM] Enumeration in progress... 
(0.1 sec) Q: 0, Sets: 0/1  (0.0%) CEs: 0 ETA: - (expected 1 stars)   
(0.2 sec) Q: 0, Sets: 2/5  (62.5%) CEs: 0 ETA: 0.1 sec (expected 3 stars)   

Total Stars: 5 (3 exact, 2 approx)
Unfinished Stars: 0
Runtime: 0.2 sec
Completed work frac: 1.0
Num Stars Copied Between Processes: 0
Num Lps During Enumeration: 92
Total Num Lps: 92

Result: network is SAFE

[NNENUM] Result: 
<nnenum.result.Result object at 0x7f94910c3f40>
[NNENUM] Enumeration finished.
safe
[NNENUM] Found counter-example stars: 0
[NNENUM] Filtering result using SMT solver...
[SMT] SMT filtered out 0 stars (out of 0; TO: 0).
[QUERY] Found all non-linear combinations. Count: 2
[QUERY] Found all non-linear combinations. Count: 2
[QUERY] Found all non-linear combinations. Count: 1
[QUERY] Found all non-linear combinations. Count: 1
[QUERY] Found all non-linear combinations. Count: 1
[QUERY] Found all non-linear combinations. Count: 1
[QUERY] Found all non-linear combinations. Count: 1
[QUERY] Found all non-linear combinations. Count: 1
[QUERY] Found all non-linear combinations. Count: 5
[QUERY] Returning nonlinear disjunction
[CTRL] Considering conjunction with 5 input constraints and a disjunction of size 9
[APPROX] Checking cache: SNNT.Approx.ApproxCacheObject[]
[APPROX] Constructing Approximation
[APPROX] Resolving approximation
[CTRL] Initiating iterator over current linear queries
[APPROX] # Conjunctions over output: 9
[CTRL] Processing linear query no. 234
[NNENUM] Running nnenum now...
[NNENUM] lb: [0.07999999999999999, 0.09999999999999999, 0.0]
[NNENUM] ub: [16.376852110707294, 7.4262139003490955, 0.037131069501745474]
[NNENUM] Creating LP Star...
[NNENUM] Checking feasibility
[NNENUM] Generating output Spec...
[NNENUM] Spec list length:  9
[NNENUM] Enumeration in progress... 
(0.1 sec) Q: 0, Sets: 0/1  (0.0%) CEs: 0 ETA: - (expected 1 stars)   
(0.2 sec) Q: 0, Sets: 11/19  (12.793%) CEs: 0 ETA: 1.1 sec (expected 86 stars)   
(0.3 sec) Q: 0, Sets: 30/33  (21.875%) CEs: 0 ETA: 0.9 sec (expected 137 stars)   
(0.4 sec) Q: 0, Sets: 46/54  (23.102%) CEs: 0 ETA: 1.2 sec (expected 199 stars)   
(0.5 sec) Q: 0, Sets: 67/71  (25.0%) CEs: 0 ETA: 1.4 sec (expected 268 stars)   
Total Stars: 72 (6 exact, 66 approx)
Unfinished Stars: 0
Runtime: 0.5 sec
Completed work frac: 1.0
Num Stars Copied Between Processes: 0
Num Lps During Enumeration: 254
Total Num Lps: 254

Result: network is SAFE

[NNENUM] Result: 
<nnenum.result.Result object at 0x7f9494cdadf0>
[NNENUM] Enumeration finished.
safe
[NNENUM] Found counter-example stars: 0
[NNENUM] Filtering result using SMT solver...
[SMT] SMT filtered out 0 stars (out of 0; TO: 0).
[QUERY] Found all non-linear combinations. Count: 1
[QUERY] Returning nonlinear disjunction
[CTRL] Considering conjunction with 5 input constraints and a disjunction of size 1
[APPROX] Checking cache: SNNT.Approx.ApproxCacheObject[]
[APPROX] Constructing Approximation
[APPROX] Resolving approximation
[CTRL] Initiating iterator over current linear queries
[APPROX] # Conjunctions over output: 1
[CTRL] Processing linear query no. 235
[NNENUM] Running nnenum now...
[NNENUM] lb: [0.07999999999999999, 134.4925915571708, 0.0]
[NNENUM] ub: [16.376852110707294, 200.0, 0.037131069501745474]
[NNENUM] Creating LP Star...
[NNENUM] Checking feasibility
[NNENUM] Generating output Spec...
[NNENUM] Spec list length:  1
[NNENUM] Enumeration in progress... 

[NNENUM] Result: 
<nnenum.result.Result object at 0x7f94948f51c0>
[NNENUM] Enumeration finished.
safe
[NNENUM] Filtering result using SMT solver...
[SMT] SMT filtered out 0 stars (out of 0; TO: 0).
[QUERY] Found all non-linear combinations. Count: 1
[QUERY] Returning nonlinear disjunction
[CTRL] Considering conjunction with 5 input constraints and a disjunction of size 1
[APPROX] Checking cache: SNNT.Approx.ApproxCacheObject[]
[APPROX] Constructing Approximation
[APPROX] Resolving approximation
[CTRL] Initiating iterator over current linear queries
[APPROX] # Conjunctions over output: 1
[CTRL] Processing linear query no. 236
[NNENUM] Running nnenum now...
[NNENUM] lb: [0.07999999999999999, 7.4262139003490955, 0.0]
[NNENUM] ub: [16.376852110707294, 134.4925915571708, 0.037131069501745474]
[NNENUM] Creating LP Star...
[NNENUM] Checking feasibility
[NNENUM] Generating output Spec...
[NNENUM] Spec list length:  1
[NNENUM] Enumeration in progress... 
(0.0 sec) Q: 0, Sets: 0/1  (0.0%) CEs: 0 ETA: - (expected 1 stars)   

Total Stars: 5 (3 exact, 2 approx)
Unfinished Stars: 0
Runtime: 0.1 sec
Completed work frac: 1.0
Num Stars Copied Between Processes: 0
Num Lps During Enumeration: 93
Total Num Lps: 93

Result: network is SAFE

[NNENUM] Result: 
<nnenum.result.Result object at 0x7f94910c8610>
[NNENUM] Enumeration finished.
safe
[NNENUM] Found counter-example stars: 0
[NNENUM] Filtering result using SMT solver...
[SMT] SMT filtered out 0 stars (out of 0; TO: 0).
[QUERY] Found all non-linear combinations. Count: 1
[QUERY] Found all non-linear combinations. Count: 1
[QUERY] Found all non-linear combinations. Count: 1
[QUERY] Found all non-linear combinations. Count: 1
[QUERY] Found all non-linear combinations. Count: 1
[QUERY] Found all non-linear combinations. Count: 1
[QUERY] Found all non-linear combinations. Count: 1
[QUERY] Found all non-linear combinations. Count: 1
[QUERY] Found all non-linear combinations. Count: 1
[QUERY] Returning nonlinear disjunction
[CTRL] Considering conjunction with 5 input constraints and a disjunction of size 9
[APPROX] Checking cache: SNNT.Approx.ApproxCacheObject[]
[APPROX] Constructing Approximation
[APPROX] Resolving approximation
[CTRL] Initiating iterator over current linear queries
[APPROX] # Conjunctions over output: 9
[CTRL] Processing linear query no. 237
[NNENUM] Running nnenum now...
[NNENUM] lb: [0.07999999999999999, 0.09999999999999999, 0.0]
[NNENUM] ub: [16.376852110707294, 7.4262139003490955, 0.037131069501745474]
[NNENUM] Creating LP Star...
[NNENUM] Checking feasibility
[NNENUM] Generating output Spec...
[NNENUM] Spec list length:  9
[NNENUM] Enumeration in progress... 
(0.2 sec) Q: 0, Sets: 0/1  (0.0%) CEs: 0 ETA: - (expected 1 stars)   
(0.3 sec) Q: 0, Sets: 19/19  (100.0%) CEs: 0 ETA: 0.0 sec (expected 19 stars)   

Total Stars: 19 (4 exact, 15 approx)
Unfinished Stars: 0
Runtime: 0.3 sec
Completed work frac: 1.0
Num Stars Copied Between Processes: 0
Num Lps During Enumeration: 208
Total Num Lps: 208

Result: network is SAFE

[NNENUM] Result: 
<nnenum.result.Result object at 0x7f94910c0160>
[NNENUM] Enumeration finished.
safe
[NNENUM] Found counter-example stars: 0
[NNENUM] Filtering result using SMT solver...
[SMT] SMT filtered out 0 stars (out of 0; TO: 0).
[QUERY] Found all non-linear combinations. Count: 1
[QUERY] Found all non-linear combinations. Count: 1
[QUERY] Found all non-linear combinations. Count: 1
[QUERY] Found all non-linear combinations. Count: 1
[QUERY] Found all non-linear combinations. Count: 1
[QUERY] Found all non-linear combinations. Count: 1
[QUERY] Found all non-linear combinations. Count: 1
[QUERY] Found all non-linear combinations. Count: 1
[QUERY] Found all non-linear combinations. Count: 1
[QUERY] Returning nonlinear disjunction
[CTRL] Considering conjunction with 5 input constraints and a disjunction of size 9
[APPROX] Checking cache: SNNT.Approx.ApproxCacheObject[]
[APPROX] Constructing Approximation
[APPROX] Resolving approximation
[CTRL] Initiating iterator over current linear queries
[APPROX] # Conjunctions over output: 9
[CTRL] Processing linear query no. 238
[NNENUM] Running nnenum now...
[NNENUM] lb: [0.07999999999999999, 0.09999999999999999, 0.0]
[NNENUM] ub: [16.376852110707294, 7.4262139003490955, 0.037131069501745474]
[NNENUM] Creating LP Star...
[NNENUM] Checking feasibility
[NNENUM] Generating output Spec...
[NNENUM] Spec list length:  9
[NNENUM] Enumeration in progress... 
(0.1 sec) Q: 0, Sets: 0/1  (0.0%) CEs: 0 ETA: - (expected 1 stars)   
(0.2 sec) Q: 0, Sets: 14/18  (10.938%) CEs: 0 ETA: 1.3 sec (expected 128 stars)   
(0.3 sec) Q: 0, Sets: 33/37  (57.812%) CEs: 0 ETA: 0.2 sec (expected 57 stars)   
(0.4 sec) Q: 0, Sets: 52/55  (72.656%) CEs: 0 ETA: 0.1 sec (expected 72 stars)   
(0.5 sec) Q: 0, Sets: 63/65  (87.5%) CEs: 0 ETA: 0.1 sec (expected 72 stars)   
Total Stars: 73 (5 exact, 68 approx)
Unfinished Stars: 0
Runtime: 0.5 sec
Completed work frac: 1.0
Num Stars Copied Between Processes: 0
Num Lps During Enumeration: 138
Total Num Lps: 138

Result: network is SAFE

[NNENUM] Result: 
<nnenum.result.Result object at 0x7f94910c8670>
[NNENUM] Enumeration finished.
safe
[NNENUM] Found counter-example stars: 0
[NNENUM] Filtering result using SMT solver...
[SMT] SMT filtered out 0 stars (out of 0; TO: 0).
.[QUERY] Found all non-linear combinations. Count: 1
[QUERY] Found all non-linear combinations. Count: 1
[QUERY] Found all non-linear combinations. Count: 1
[QUERY] Found all non-linear combinations. Count: 1
[QUERY] Found all non-linear combinations. Count: 1
[QUERY] Found all non-linear combinations. Count: 1
[QUERY] Returning nonlinear disjunction
[CTRL] Considering conjunction with 5 input constraints and a disjunction of size 6
[APPROX] Checking cache: SNNT.Approx.ApproxCacheObject[]
[APPROX] Constructing Approximation
[APPROX] Resolving approximation
[CTRL] Initiating iterator over current linear queries
[APPROX] # Conjunctions over output: 6
[CTRL] Processing linear query no. 239
[NNENUM] Running nnenum now...
[NNENUM] lb: [0.07999999999999999, 0.0, 0.0]
[NNENUM] ub: [16.376852110707294, 0.09999999999999999, 0.037131069501745474]
[NNENUM] Creating LP Star...
[NNENUM] Checking feasibility
[NNENUM] Generating output Spec...
[NNENUM] Spec list length:  6
[NNENUM] Enumeration in progress... 

[NNENUM] Result: 
<nnenum.result.Result object at 0x7f94948f89a0>
[NNENUM] Enumeration finished.
safe
[NNENUM] Filtering result using SMT solver...
[SMT] SMT filtered out 0 stars (out of 0; TO: 0).
[QUERY] Found all non-linear combinations. Count: 1
[QUERY] Found all non-linear combinations. Count: 1
[QUERY] Found all non-linear combinations. Count: 1
[QUERY] Found all non-linear combinations. Count: 1
[QUERY] Found all non-linear combinations. Count: 1
[QUERY] Found all non-linear combinations. Count: 1
[QUERY] Returning nonlinear disjunction
[CTRL] Considering conjunction with 5 input constraints and a disjunction of size 6
[APPROX] Checking cache: SNNT.Approx.ApproxCacheObject[]
[APPROX] Constructing Approximation
[APPROX] Resolving approximation
[CTRL] Initiating iterator over current linear queries
[APPROX] # Conjunctions over output: 6
[CTRL] Processing linear query no. 240
[NNENUM] Running nnenum now...
[NNENUM] lb: [0.07999999999999999, 0.0, 0.0]
[NNENUM] ub: [16.376852110707294, 0.09999999999999999, 0.037131069501745474]
[NNENUM] Creating LP Star...
[NNENUM] Checking feasibility
[NNENUM] Generating output Spec...
[NNENUM] Spec list length:  6
[NNENUM] Enumeration in progress... 

[NNENUM] Result: 
<nnenum.result.Result object at 0x7f94910d2cd0>
[NNENUM] Enumeration finished.
safe
[NNENUM] Filtering result using SMT solver...
[SMT] SMT filtered out 0 stars (out of 0; TO: 0).
[QUERY] Found all non-linear combinations. Count: 1
[QUERY] Found all non-linear combinations. Count: 1
[QUERY] Found all non-linear combinations. Count: 1
[QUERY] Found all non-linear combinations. Count: 1
[QUERY] Found all non-linear combinations. Count: 1
[QUERY] Found all non-linear combinations. Count: 1
[QUERY] Found all non-linear combinations. Count: 1
[QUERY] Found all non-linear combinations. Count: 1
[QUERY] Found all non-linear combinations. Count: 1
[QUERY] Returning nonlinear disjunction
[CTRL] Considering conjunction with 5 input constraints and a disjunction of size 9
[APPROX] Checking cache: SNNT.Approx.ApproxCacheObject[]
[APPROX] Constructing Approximation
[APPROX] Resolving approximation
[CTRL] Initiating iterator over current linear queries
[APPROX] # Conjunctions over output: 9
[CTRL] Processing linear query no. 241
[NNENUM] Running nnenum now...
[NNENUM] lb: [0.07999999999999999, 0.0, 0.0]
[NNENUM] ub: [16.376852110707294, 0.09999999999999999, 0.037131069501745474]
[NNENUM] Creating LP Star...
[NNENUM] Checking feasibility
[NNENUM] Generating output Spec...
[NNENUM] Spec list length:  9
[NNENUM] Enumeration in progress... 
(0.2 sec) Q: 0, Sets: 0/1  (0.0%) CEs: 0 ETA: - (expected 1 stars)   

Total Stars: 5 (0 exact, 5 approx)
Unfinished Stars: 0
Runtime: 0.2 sec
Completed work frac: 1.0
Num Stars Copied Between Processes: 0
Num Lps During Enumeration: 0
Total Num Lps: 0

Result: network is SAFE

[NNENUM] Result: 
<nnenum.result.Result object at 0x7f94948d1f10>
[NNENUM] Enumeration finished.
safe
[NNENUM] Found counter-example stars: 0
[NNENUM] Filtering result using SMT solver...
[SMT] SMT filtered out 0 stars (out of 0; TO: 0).
[QUERY] Found all non-linear combinations. Count: 1
[QUERY] Returning nonlinear disjunction
[CTRL] Considering conjunction with 5 input constraints and a disjunction of size 1
[APPROX] Checking cache: SNNT.Approx.ApproxCacheObject[]
[APPROX] Constructing Approximation
[APPROX] Resolving approximation
[CTRL] Initiating iterator over current linear queries
[APPROX] # Conjunctions over output: 1
[CTRL] Processing linear query no. 242
[NNENUM] Running nnenum now...
[NNENUM] lb: [0.07999999999999999, 7.4262139003490955, 0.0]
[NNENUM] ub: [16.376852110707294, 134.4925915571708, 0.037131069501745474]
[NNENUM] Creating LP Star...
[NNENUM] Checking feasibility
[NNENUM] Generating output Spec...
[NNENUM] Spec list length:  1
[NNENUM] Enumeration in progress... 
(0.0 sec) Q: 0, Sets: 0/1  (0.0%) CEs: 0 ETA: - (expected 1 stars)   

Total Stars: 7 (0 exact, 7 approx)
Unfinished Stars: 0
Runtime: 0.1 sec
Completed work frac: 1.0
Num Stars Copied Between Processes: 0
Num Lps During Enumeration: 0
Total Num Lps: 0

Result: network is SAFE

[NNENUM] Result: 
<nnenum.result.Result object at 0x7f94910d5eb0>
[NNENUM] Enumeration finished.
safe
[NNENUM] Found counter-example stars: 0
[NNENUM] Filtering result using SMT solver...
[SMT] SMT filtered out 0 stars (out of 0; TO: 0).
.[QUERY] Found all non-linear combinations. Count: 1
[QUERY] Returning nonlinear disjunction
[CTRL] Considering conjunction with 5 input constraints and a disjunction of size 1
[APPROX] Checking cache: SNNT.Approx.ApproxCacheObject[]
[APPROX] Constructing Approximation
[APPROX] Resolving approximation
[CTRL] Initiating iterator over current linear queries
[APPROX] # Conjunctions over output: 1
[CTRL] Processing linear query no. 243
[NNENUM] Running nnenum now...
[NNENUM] lb: [0.07999999999999999, 7.4262139003490955, 0.0]
[NNENUM] ub: [16.376852110707294, 134.4925915571708, 0.037131069501745474]
[NNENUM] Creating LP Star...
[NNENUM] Checking feasibility
[NNENUM] Generating output Spec...
[NNENUM] Spec list length:  1
[NNENUM] Enumeration in progress... 
(0.0 sec) Q: 0, Sets: 0/1  (0.0%) CEs: 0 ETA: - (expected 1 stars)   
(0.2 sec) Q: 0, Sets: 2/4  (37.5%) CEs: 0 ETA: 0.3 sec (expected 5 stars)   

Total Stars: 4 (0 exact, 4 approx)
Unfinished Stars: 0
Runtime: 0.2 sec
Completed work frac: 1.0
Num Stars Copied Between Processes: 0
Num Lps During Enumeration: 0
Total Num Lps: 0

Result: network is SAFE

[NNENUM] Result: 
<nnenum.result.Result object at 0x7f94910c8730>
[NNENUM] Enumeration finished.
safe
[NNENUM] Found counter-example stars: 0
[NNENUM] Filtering result using SMT solver...
[SMT] SMT filtered out 0 stars (out of 0; TO: 0).
.[QUERY] Found all non-linear combinations. Count: 1
[QUERY] Found all non-linear combinations. Count: 1
[QUERY] Found all non-linear combinations. Count: 1
[QUERY] Found all non-linear combinations. Count: 1
[QUERY] Found all non-linear combinations. Count: 1
[QUERY] Found all non-linear combinations. Count: 1
[QUERY] Found all non-linear combinations. Count: 1
[QUERY] Found all non-linear combinations. Count: 1
[QUERY] Found all non-linear combinations. Count: 1
[QUERY] Returning nonlinear disjunction
[CTRL] Considering conjunction with 5 input constraints and a disjunction of size 9
[APPROX] Checking cache: SNNT.Approx.ApproxCacheObject[]
[APPROX] Constructing Approximation
[APPROX] Resolving approximation
[CTRL] Initiating iterator over current linear queries
[APPROX] # Conjunctions over output: 9
[CTRL] Processing linear query no. 244
[NNENUM] Running nnenum now...
[NNENUM] lb: [0.07999999999999999, -2.1, 0.0]
[NNENUM] ub: [16.376852110707294, 0.0, 0.037131069501745474]
[NNENUM] Creating LP Star...
[NNENUM] Checking feasibility
[NNENUM] Generating output Spec...
[NNENUM] Spec list length:  9
[NNENUM] Enumeration in progress... 
(0.1 sec) Q: 0, Sets: 0/1  (0.0%) CEs: 0 ETA: - (expected 1 stars)   
(0.2 sec) Q: 0, Sets: 4/11  (1.367%) CEs: 0 ETA: 11.0 sec (expected 293 stars)   

Total Stars: 28 (3 exact, 25 approx)
Unfinished Stars: 0
Runtime: 0.2 sec
Completed work frac: 1.0
Num Stars Copied Between Processes: 0
Num Lps During Enumeration: 93
Total Num Lps: 93

Result: network is SAFE

[NNENUM] Result: 
<nnenum.result.Result object at 0x7f94948f51c0>
[NNENUM] Enumeration finished.
safe
[NNENUM] Found counter-example stars: 0
[NNENUM] Filtering result using SMT solver...
[SMT] SMT filtered out 0 stars (out of 0; TO: 0).
[QUERY] Found all non-linear combinations. Count: 1
[QUERY] Found all non-linear combinations. Count: 1
[QUERY] Found all non-linear combinations. Count: 1
[QUERY] Found all non-linear combinations. Count: 1
[QUERY] Found all non-linear combinations. Count: 1
[QUERY] Found all non-linear combinations. Count: 1
[QUERY] Found all non-linear combinations. Count: 1
[QUERY] Found all non-linear combinations. Count: 1
[QUERY] Found all non-linear combinations. Count: 1
[QUERY] Returning nonlinear disjunction
[CTRL] Considering conjunction with 5 input constraints and a disjunction of size 9
[APPROX] Checking cache: SNNT.Approx.ApproxCacheObject[]
[APPROX] Constructing Approximation
[APPROX] Resolving approximation
[CTRL] Initiating iterator over current linear queries
[APPROX] # Conjunctions over output: 9
[CTRL] Processing linear query no. 245
[NNENUM] Running nnenum now...
[NNENUM] lb: [0.07999999999999999, -2.1, 0.0]
[NNENUM] ub: [16.376852110707294, 0.0, 0.037131069501745474]
[NNENUM] Creating LP Star...
[NNENUM] Checking feasibility
[NNENUM] Generating output Spec...
[NNENUM] Spec list length:  9
[NNENUM] Enumeration in progress... 
(0.1 sec) Q: 0, Sets: 0/1  (0.0%) CEs: 0 ETA: - (expected 1 stars)   
(0.2 sec) Q: 0, Sets: 9/19  (0.854%) CEs: 0 ETA: 18.9 sec (expected 1053 stars)   
(0.3 sec) Q: 0, Sets: 18/26  (3.32%) CEs: 0 ETA: 7.7 sec (expected 542 stars)   
(0.4 sec) Q: 0, Sets: 33/38  (8.594%) CEs: 0 ETA: 3.9 sec (expected 384 stars)   
(0.5 sec) Q: 0, Sets: 49/58  (11.426%) CEs: 0 ETA: 3.6 sec (expected 429 stars)   
(0.6 sec) Q: 0, Sets: 69/71  (43.75%) CEs: 0 ETA: 0.7 sec (expected 158 stars)   
(0.7 sec) Q: 0, Sets: 82/90  (62.891%) CEs: 0 ETA: 0.4 sec (expected 130 stars)   
(0.8 sec) Q: 0, Sets: 98/100  (75.0%) CEs: 0 ETA: 0.3 sec (expected 131 stars)   
(0.9 sec) Q: 0, Sets: 118/123  (88.086%) CEs: 0 ETA: 0.1 sec (expected 134 stars)   
Total Stars: 136 (7 exact, 129 approx)
Unfinished Stars: 0
Runtime: 0.9 sec
Completed work frac: 1.0
Num Stars Copied Between Processes: 0
Num Lps During Enumeration: 126
Total Num Lps: 126

Result: network is SAFE

[NNENUM] Result: 
<nnenum.result.Result object at 0x7f94910c3100>
[NNENUM] Enumeration finished.
safe
[NNENUM] Found counter-example stars: 0
[NNENUM] Filtering result using SMT solver...
[SMT] SMT filtered out 0 stars (out of 0; TO: 0).
[QUERY] Found all non-linear combinations. Count: 2
[QUERY] Found all non-linear combinations. Count: 1
[QUERY] Found all non-linear combinations. Count: 1
[QUERY] Found all non-linear combinations. Count: 1
[QUERY] Found all non-linear combinations. Count: 2
[QUERY] Found all non-linear combinations. Count: 2
[QUERY] Found all non-linear combinations. Count: 2
[QUERY] Found all non-linear combinations. Count: 2
[QUERY] Found all non-linear combinations. Count: 2
[QUERY] Found all non-linear combinations. Count: 2
[QUERY] Found all non-linear combinations. Count: 1
[QUERY] Found all non-linear combinations. Count: 1
[QUERY] Found all non-linear combinations. Count: 1
[QUERY] Found all non-linear combinations. Count: 1
[QUERY] Returning nonlinear disjunction
[CTRL] Considering conjunction with 5 input constraints and a disjunction of size 14
[APPROX] Checking cache: SNNT.Approx.ApproxCacheObject[]
[APPROX] Constructing Approximation
[APPROX] Resolving approximation
[CTRL] Initiating iterator over current linear queries
[APPROX] # Conjunctions over output: 14
[CTRL] Processing linear query no. 246
[NNENUM] Running nnenum now...
[NNENUM] lb: [0.07999999999999999, -2.1, 0.0]
[NNENUM] ub: [16.376852110707294, 0.0, 0.037131069501745474]
[NNENUM] Creating LP Star...
[NNENUM] Checking feasibility
[NNENUM] Generating output Spec...
[NNENUM] Spec list length:  14
[NNENUM] Enumeration in progress... 
(0.1 sec) Q: 0, Sets: 0/1  (0.0%) CEs: 0 ETA: - (expected 1 stars)   
(0.2 sec) Q: 0, Sets: 9/15  (13.281%) CEs: 0 ETA: 1.1 sec (expected 68 stars)   
(0.3 sec) Q: 0, Sets: 19/24  (14.062%) CEs: 0 ETA: 1.7 sec (expected 135 stars)   
(0.4 sec) Q: 0, Sets: 26/32  (14.453%) CEs: 0 ETA: 2.2 sec (expected 180 stars)   
(0.5 sec) Q: 0, Sets: 42/49  (17.578%) CEs: 0 ETA: 2.2 sec (expected 239 stars)   
(0.6 sec) Q: 0, Sets: 58/63  (43.359%) CEs: 0 ETA: 0.8 sec (expected 134 stars)   
(0.7 sec) Q: 0, Sets: 71/74  (47.656%) CEs: 0 ETA: 0.8 sec (expected 149 stars)   
Total Stars: 84 (5 exact, 79 approx)
Unfinished Stars: 0
Runtime: 0.7 sec
Completed work frac: 1.0
Num Stars Copied Between Processes: 0
Num Lps During Enumeration: 126
Total Num Lps: 126

Result: network is SAFE

[NNENUM] Result: 
<nnenum.result.Result object at 0x7f94910d24c0>
[NNENUM] Enumeration finished.
safe
[NNENUM] Found counter-example stars: 0
[NNENUM] Filtering result using SMT solver...
[SMT] SMT filtered out 0 stars (out of 0; TO: 0).
[QUERY] Found all non-linear combinations. Count: 1
[QUERY] Found all non-linear combinations. Count: 1
[QUERY] Found all non-linear combinations. Count: 1
[QUERY] Found all non-linear combinations. Count: 1
[QUERY] Found all non-linear combinations. Count: 1
[QUERY] Found all non-linear combinations. Count: 1
[QUERY] Found all non-linear combinations. Count: 1
[QUERY] Found all non-linear combinations. Count: 1
[QUERY] Found all non-linear combinations. Count: 1
[QUERY] Found all non-linear combinations. Count: 1
[QUERY] Found all non-linear combinations. Count: 1
[QUERY] Found all non-linear combinations. Count: 1
[QUERY] Found all non-linear combinations. Count: 1
[QUERY] Found all non-linear combinations. Count: 1
[QUERY] Returning nonlinear disjunction
[CTRL] Considering conjunction with 5 input constraints and a disjunction of size 14
[APPROX] Checking cache: SNNT.Approx.ApproxCacheObject[]
[APPROX] Constructing Approximation
[APPROX] Resolving approximation
[CTRL] Initiating iterator over current linear queries
[APPROX] # Conjunctions over output: 14
[CTRL] Processing linear query no. 247
[NNENUM] Running nnenum now...
[NNENUM] lb: [0.07999999999999999, -63.40647284695557, 0.0]
[NNENUM] ub: [16.376852110707294, -17.837453728392095, 0.037131069501745474]
[NNENUM] Creating LP Star...
[NNENUM] Checking feasibility
[NNENUM] Generating output Spec...
[NNENUM] Spec list length:  14
[NNENUM] Enumeration in progress... 

[NNENUM] Result: 
<nnenum.result.Result object at 0x7f94910c3100>
[NNENUM] Enumeration finished.
safe
[NNENUM] Filtering result using SMT solver...
[SMT] SMT filtered out 0 stars (out of 0; TO: 0).
[QUERY] Found all non-linear combinations. Count: 1
[QUERY] Found all non-linear combinations. Count: 1
[QUERY] Returning nonlinear disjunction
[CTRL] Considering conjunction with 5 input constraints and a disjunction of size 2
[APPROX] Checking cache: SNNT.Approx.ApproxCacheObject[]
[APPROX] Constructing Approximation
[APPROX] Resolving approximation
[CTRL] Initiating iterator over current linear queries
[APPROX] # Conjunctions over output: 2
[CTRL] Processing linear query no. 248
[NNENUM] Running nnenum now...
[NNENUM] lb: [0.0, 7.4262139003490955, 0.0]
[NNENUM] ub: [0.07999999999999999, 134.4925915571708, 0.037131069501745474]
[NNENUM] Creating LP Star...
[NNENUM] Checking feasibility
[NNENUM] Generating output Spec...
[NNENUM] Spec list length:  2
[NNENUM] Enumeration in progress... 

[NNENUM] Result: 
<nnenum.result.Result object at 0x7f94948d1c40>
[NNENUM] Enumeration finished.
safe
[NNENUM] Filtering result using SMT solver...
[SMT] SMT filtered out 0 stars (out of 0; TO: 0).
[QUERY] Found all non-linear combinations. Count: 1
[QUERY] Found all non-linear combinations. Count: 1
[QUERY] Found all non-linear combinations. Count: 1
[QUERY] Returning nonlinear disjunction
[CTRL] Considering conjunction with 5 input constraints and a disjunction of size 3
[APPROX] Checking cache: SNNT.Approx.ApproxCacheObject[]
[APPROX] Constructing Approximation
[APPROX] Resolving approximation
[CTRL] Initiating iterator over current linear queries
[APPROX] # Conjunctions over output: 3
[CTRL] Processing linear query no. 249
[NNENUM] Running nnenum now...
[NNENUM] lb: [0.07999999999999999, -17.837453728392095, 0.0]
[NNENUM] ub: [16.376852110707294, -2.1, 0.037131069501745474]
[NNENUM] Creating LP Star...
[NNENUM] Checking feasibility
[NNENUM] Generating output Spec...
[NNENUM] Spec list length:  3
[NNENUM] Enumeration in progress... 
(0.3 sec) Q: 0, Sets: 0/1  (0.0%) CEs: 0 ETA: - (expected 1 stars)   
(0.4 sec) Q: 0, Sets: 6/8  (37.5%) CEs: 0 ETA: 0.6 sec (expected 16 stars)   
(0.5 sec) Q: 0, Sets: 20/25  (57.031%) CEs: 0 ETA: 0.4 sec (expected 35 stars)   
(0.6 sec) Q: 0, Sets: 29/32  (89.844%) CEs: 0 ETA: 0.1 sec (expected 32 stars)   
(0.7 sec) Q: 0, Sets: 38/41  (91.406%) CEs: 0 ETA: 0.1 sec (expected 42 stars)   
Total Stars: 52 (7 exact, 45 approx)
Unfinished Stars: 0
Runtime: 0.7 sec
Completed work frac: 1.0
Num Stars Copied Between Processes: 0
Num Lps During Enumeration: 331
Total Num Lps: 331

Result: network is SAFE

[NNENUM] Result: 
<nnenum.result.Result object at 0x7f94948f8ee0>
[NNENUM] Enumeration finished.
safe
[NNENUM] Found counter-example stars: 0
[NNENUM] Filtering result using SMT solver...
[SMT] SMT filtered out 0 stars (out of 0; TO: 0).
[QUERY] Found all non-linear combinations. Count: 1
[QUERY] Found all non-linear combinations. Count: 1
[QUERY] Found all non-linear combinations. Count: 1
[QUERY] Found all non-linear combinations. Count: 1
[QUERY] Found all non-linear combinations. Count: 1
[QUERY] Found all non-linear combinations. Count: 1
[QUERY] Found all non-linear combinations. Count: 1
[QUERY] Found all non-linear combinations. Count: 1
[QUERY] Found all non-linear combinations. Count: 1
[QUERY] Returning nonlinear disjunction
[CTRL] Considering conjunction with 5 input constraints and a disjunction of size 9
[APPROX] Checking cache: SNNT.Approx.ApproxCacheObject[]
[APPROX] Constructing Approximation
[APPROX] Resolving approximation
[CTRL] Initiating iterator over current linear queries
[APPROX] # Conjunctions over output: 9
[CTRL] Processing linear query no. 250
[NNENUM] Running nnenum now...
[NNENUM] lb: [0.07999999999999999, 0.0, 0.0]
[NNENUM] ub: [16.376852110707294, 0.0, 0.037131069501745474]
[NNENUM] Creating LP Star...
[NNENUM] Checking feasibility
[NNENUM] Generating output Spec...
[NNENUM] Spec list length:  9
[NNENUM] Enumeration in progress... 
(0.0 sec) Q: 0, Sets: 0/1  (0.0%) CEs: 0 ETA: - (expected 1 stars)   

Total Stars: 4 (0 exact, 4 approx)
Unfinished Stars: 0
Runtime: 0.1 sec
Completed work frac: 1.0
Num Stars Copied Between Processes: 0
Num Lps During Enumeration: 0
Total Num Lps: 0

Result: network is SAFE

[NNENUM] Result: 
<nnenum.result.Result object at 0x7f9494cefca0>
[NNENUM] Enumeration finished.
safe
[NNENUM] Found counter-example stars: 0
[NNENUM] Filtering result using SMT solver...
[SMT] SMT filtered out 0 stars (out of 0; TO: 0).
[QUERY] Found all non-linear combinations. Count: 1
[QUERY] Found all non-linear combinations. Count: 1
[QUERY] Found all non-linear combinations. Count: 1
[QUERY] Found all non-linear combinations. Count: 1
[QUERY] Found all non-linear combinations. Count: 1
[QUERY] Found all non-linear combinations. Count: 1
[QUERY] Found all non-linear combinations. Count: 1
[QUERY] Found all non-linear combinations. Count: 1
[QUERY] Found all non-linear combinations. Count: 1
[QUERY] Returning nonlinear disjunction
[CTRL] Considering conjunction with 5 input constraints and a disjunction of size 9
[APPROX] Checking cache: SNNT.Approx.ApproxCacheObject[]
[APPROX] Constructing Approximation
[APPROX] Resolving approximation
[CTRL] Initiating iterator over current linear queries
[APPROX] # Conjunctions over output: 9
[CTRL] Processing linear query no. 251
[NNENUM] Running nnenum now...
[NNENUM] lb: [0.07999999999999999, 0.0, 0.0]
[NNENUM] ub: [16.376852110707294, 0.0, 0.037131069501745474]
[NNENUM] Creating LP Star...
[NNENUM] Checking feasibility
[NNENUM] Generating output Spec...
[NNENUM] Spec list length:  9
[NNENUM] Enumeration in progress... 
(0.0 sec) Q: 0, Sets: 0/1  (0.0%) CEs: 0 ETA: - (expected 1 stars)   
(0.2 sec) Q: 0, Sets: 0/2  (0.0%) CEs: 0 ETA: - (expected 1 stars)   

Total Stars: 4 (0 exact, 4 approx)
Unfinished Stars: 0
Runtime: 0.2 sec
Completed work frac: 1.0
Num Stars Copied Between Processes: 0
Num Lps During Enumeration: 0
Total Num Lps: 0

Result: network is SAFE

[NNENUM] Result: 
<nnenum.result.Result object at 0x7f94910c0100>
[NNENUM] Enumeration finished.
safe
[NNENUM] Found counter-example stars: 0
[NNENUM] Filtering result using SMT solver...
[SMT] SMT filtered out 0 stars (out of 0; TO: 0).
[QUERY] Found all non-linear combinations. Count: 1
[QUERY] Returning nonlinear disjunction
[CTRL] Considering conjunction with 5 input constraints and a disjunction of size 1
[APPROX] Checking cache: SNNT.Approx.ApproxCacheObject[]
[APPROX] Constructing Approximation
[APPROX] Resolving approximation
[CTRL] Initiating iterator over current linear queries
[APPROX] # Conjunctions over output: 1
[CTRL] Processing linear query no. 252
[NNENUM] Running nnenum now...
[NNENUM] lb: [0.0, 7.4262139003490955, 0.0]
[NNENUM] ub: [0.07999999999999999, 134.4925915571708, 0.037131069501745474]
[NNENUM] Creating LP Star...
[NNENUM] Checking feasibility
[NNENUM] Generating output Spec...
[NNENUM] Spec list length:  1
[NNENUM] Enumeration in progress... 

[NNENUM] Result: 
<nnenum.result.Result object at 0x7f94910c37f0>
[NNENUM] Enumeration finished.
safe
[NNENUM] Filtering result using SMT solver...
[SMT] SMT filtered out 0 stars (out of 0; TO: 0).
[QUERY] Found all non-linear combinations. Count: 1
[QUERY] Returning nonlinear disjunction
[CTRL] Considering conjunction with 5 input constraints and a disjunction of size 1
[APPROX] Checking cache: SNNT.Approx.ApproxCacheObject[]
[APPROX] Constructing Approximation
[APPROX] Resolving approximation
[CTRL] Initiating iterator over current linear queries
[APPROX] # Conjunctions over output: 1
[CTRL] Processing linear query no. 253
[NNENUM] Running nnenum now...
[NNENUM] lb: [0.0, 134.4925915571708, 0.0]
[NNENUM] ub: [0.07999999999999999, 200.0, 0.037131069501745474]
[NNENUM] Creating LP Star...
[NNENUM] Checking feasibility
[NNENUM] Generating output Spec...
[NNENUM] Spec list length:  1
[NNENUM] Enumeration in progress... 

[NNENUM] Result: 
<nnenum.result.Result object at 0x7f94910d2700>
[NNENUM] Enumeration finished.
safe
[NNENUM] Filtering result using SMT solver...
[SMT] SMT filtered out 0 stars (out of 0; TO: 0).
[QUERY] Found all non-linear combinations. Count: 1
[QUERY] Found all non-linear combinations. Count: 1
[QUERY] Returning nonlinear disjunction
[CTRL] Considering conjunction with 5 input constraints and a disjunction of size 2
[APPROX] Checking cache: SNNT.Approx.ApproxCacheObject[]
[APPROX] Constructing Approximation
[APPROX] Resolving approximation
[CTRL] Initiating iterator over current linear queries
[APPROX] # Conjunctions over output: 2
[CTRL] Processing linear query no. 254
[NNENUM] Running nnenum now...
[NNENUM] lb: [0.0, 134.4925915571708, -0.08918726864196047]
[NNENUM] ub: [0.07999999999999999, 200.0, 0.0]
[NNENUM] Creating LP Star...
[NNENUM] Checking feasibility
[NNENUM] Generating output Spec...
[NNENUM] Spec list length:  2
[NNENUM] Enumeration in progress... 

[NNENUM] Result: 
<nnenum.result.Result object at 0x7f9491da7ee0>
[NNENUM] Enumeration finished.
safe
[NNENUM] Filtering result using SMT solver...
[SMT] SMT filtered out 0 stars (out of 0; TO: 0).
[QUERY] Found all non-linear combinations. Count: 1
[QUERY] Returning nonlinear disjunction
[CTRL] Considering conjunction with 5 input constraints and a disjunction of size 1
[APPROX] Checking cache: SNNT.Approx.ApproxCacheObject[]
[APPROX] Constructing Approximation
[APPROX] Resolving approximation
[CTRL] Initiating iterator over current linear queries
[APPROX] # Conjunctions over output: 1
[CTRL] Processing linear query no. 255
[NNENUM] Running nnenum now...
[NNENUM] lb: [0.0, 134.4925915571708, -0.6724629577858541]
[NNENUM] ub: [0.07999999999999999, 200.0, -0.36593527153044436]
[NNENUM] Creating LP Star...
[NNENUM] Checking feasibility
[NNENUM] Generating output Spec...
[NNENUM] Spec list length:  1
[NNENUM] Enumeration in progress... 

[NNENUM] Result: 
<nnenum.result.Result object at 0x7f94910c1850>
[NNENUM] Enumeration finished.
safe
[NNENUM] Filtering result using SMT solver...
[SMT] SMT filtered out 0 stars (out of 0; TO: 0).
[QUERY] Found all non-linear combinations. Count: 1
[QUERY] Returning nonlinear disjunction
[CTRL] Considering conjunction with 5 input constraints and a disjunction of size 1
[APPROX] Checking cache: SNNT.Approx.ApproxCacheObject[]
[APPROX] Constructing Approximation
[APPROX] Resolving approximation
[CTRL] Initiating iterator over current linear queries
[APPROX] # Conjunctions over output: 1
[CTRL] Processing linear query no. 256
[NNENUM] Running nnenum now...
[NNENUM] lb: [0.07999999999999999, 134.4925915571708, -0.6724629577858541]
[NNENUM] ub: [16.376852110707294, 200.0, -0.36593527153044436]
[NNENUM] Creating LP Star...
[NNENUM] Checking feasibility
[NNENUM] Generating output Spec...
[NNENUM] Spec list length:  1
[NNENUM] Enumeration in progress... 

[NNENUM] Result: 
<nnenum.result.Result object at 0x7f94910c1280>
[NNENUM] Enumeration finished.
safe
[NNENUM] Filtering result using SMT solver...
[SMT] SMT filtered out 0 stars (out of 0; TO: 0).
[QUERY] Found all non-linear combinations. Count: 1
[QUERY] Found all non-linear combinations. Count: 2
[QUERY] Returning nonlinear disjunction
[CTRL] Considering conjunction with 5 input constraints and a disjunction of size 2
[APPROX] Checking cache: SNNT.Approx.ApproxCacheObject[]
[APPROX] Constructing Approximation
[APPROX] Resolving approximation
[CTRL] Initiating iterator over current linear queries
[APPROX] # Conjunctions over output: 2
[CTRL] Processing linear query no. 257
[NNENUM] Running nnenum now...
[NNENUM] lb: [31.703236423477783, 134.4925915571708, -0.6724629577858541]
[NNENUM] ub: [100.0, 200.0, -0.36593527153044436]
[NNENUM] Creating LP Star...
[NNENUM] Checking feasibility
[NNENUM] Generating output Spec...
[NNENUM] Spec list length:  2
[NNENUM] Enumeration in progress... 

[NNENUM] Result: 
<nnenum.result.Result object at 0x7f94910d2580>
[NNENUM] Enumeration finished.
safe
[NNENUM] Filtering result using SMT solver...
[SMT] SMT filtered out 0 stars (out of 0; TO: 0).
.[QUERY] Found all non-linear combinations. Count: 3
[QUERY] Returning nonlinear disjunction
[CTRL] Considering conjunction with 5 input constraints and a disjunction of size 1
[APPROX] Checking cache: SNNT.Approx.ApproxCacheObject[]
[APPROX] Constructing Approximation
[APPROX] Resolving approximation
[CTRL] Initiating iterator over current linear queries
[APPROX] # Conjunctions over output: 1
[CTRL] Processing linear query no. 258
[NNENUM] Running nnenum now...
[NNENUM] lb: [31.703236423477783, 134.4925915571708, -0.6724629577858541]
[NNENUM] ub: [100.0, 200.0, -0.36593527153044436]
[NNENUM] Creating LP Star...
[NNENUM] Checking feasibility
[NNENUM] Generating output Spec...
[NNENUM] Spec list length:  1
[NNENUM] Enumeration in progress... 

[NNENUM] Result: 
<nnenum.result.Result object at 0x7f94910d2820>
[NNENUM] Enumeration finished.
safe
[NNENUM] Filtering result using SMT solver...
[SMT] SMT filtered out 0 stars (out of 0; TO: 0).
[QUERY] Found all non-linear combinations. Count: 1
[QUERY] Returning nonlinear disjunction
[CTRL] Considering conjunction with 5 input constraints and a disjunction of size 1
[APPROX] Checking cache: SNNT.Approx.ApproxCacheObject[]
[APPROX] Constructing Approximation
[APPROX] Resolving approximation
[CTRL] Initiating iterator over current linear queries
[APPROX] # Conjunctions over output: 1
[CTRL] Processing linear query no. 259
[NNENUM] Running nnenum now...
[NNENUM] lb: [16.376852110707294, 134.4925915571708, -0.6724629577858541]
[NNENUM] ub: [31.703236423477783, 200.0, -0.36593527153044436]
[NNENUM] Creating LP Star...
[NNENUM] Checking feasibility
[NNENUM] Generating output Spec...
[NNENUM] Spec list length:  1
[NNENUM] Enumeration in progress... 

[NNENUM] Result: 
<nnenum.result.Result object at 0x7f9494cefca0>
[NNENUM] Enumeration finished.
safe
[NNENUM] Filtering result using SMT solver...
[SMT] SMT filtered out 0 stars (out of 0; TO: 0).
[QUERY] Found all non-linear combinations. Count: 3
[QUERY] Returning nonlinear disjunction
[CTRL] Considering conjunction with 5 input constraints and a disjunction of size 1
[APPROX] Checking cache: SNNT.Approx.ApproxCacheObject[]
[APPROX] Constructing Approximation
[APPROX] Resolving approximation
[CTRL] Initiating iterator over current linear queries
[APPROX] # Conjunctions over output: 1
[CTRL] Processing linear query no. 260
[NNENUM] Running nnenum now...
[NNENUM] lb: [31.703236423477783, 134.4925915571708, -0.6724629577858541]
[NNENUM] ub: [100.0, 200.0, -0.36593527153044436]
[NNENUM] Creating LP Star...
[NNENUM] Checking feasibility
[NNENUM] Generating output Spec...
[NNENUM] Spec list length:  1
[NNENUM] Enumeration in progress... 

[NNENUM] Result: 
<nnenum.result.Result object at 0x7f94948d13d0>
[NNENUM] Enumeration finished.
safe
[NNENUM] Filtering result using SMT solver...
[SMT] SMT filtered out 0 stars (out of 0; TO: 0).
.[QUERY] Found all non-linear combinations. Count: 3
[QUERY] Found all non-linear combinations. Count: 6
[QUERY] Returning nonlinear disjunction
[CTRL] Considering conjunction with 5 input constraints and a disjunction of size 2
[APPROX] Checking cache: SNNT.Approx.ApproxCacheObject[]
[APPROX] Constructing Approximation
[APPROX] Resolving approximation
[CTRL] Initiating iterator over current linear queries
[APPROX] # Conjunctions over output: 2
[CTRL] Processing linear query no. 261
[NNENUM] Running nnenum now...
[NNENUM] lb: [31.703236423477783, 134.4925915571708, -0.08918726864196047]
[NNENUM] ub: [100.0, 200.0, 0.0]
[NNENUM] Creating LP Star...
[NNENUM] Checking feasibility
[NNENUM] Generating output Spec...
[NNENUM] Spec list length:  2
[NNENUM] Enumeration in progress... 

[NNENUM] Result: 
<nnenum.result.Result object at 0x7f94948d1310>
[NNENUM] Enumeration finished.
safe
[NNENUM] Filtering result using SMT solver...
[SMT] SMT filtered out 0 stars (out of 0; TO: 0).
.[QUERY] Found all non-linear combinations. Count: 6
[QUERY] Returning nonlinear disjunction
[CTRL] Considering conjunction with 5 input constraints and a disjunction of size 1
[APPROX] Checking cache: SNNT.Approx.ApproxCacheObject[]
[APPROX] Constructing Approximation
[APPROX] Resolving approximation
[CTRL] Initiating iterator over current linear queries
[APPROX] # Conjunctions over output: 1
[CTRL] Processing linear query no. 262
[NNENUM] Running nnenum now...
[NNENUM] lb: [31.703236423477783, 134.4925915571708, 0.037131069501745474]
[NNENUM] ub: [100.0, 200.0, 0.672462957785854]
[NNENUM] Creating LP Star...
[NNENUM] Checking feasibility
[NNENUM] Generating output Spec...
[NNENUM] Spec list length:  1
[NNENUM] Enumeration in progress... 

[NNENUM] Result: 
<nnenum.result.Result object at 0x7f94910d23a0>
[NNENUM] Enumeration finished.
safe
[NNENUM] Filtering result using SMT solver...
[SMT] SMT filtered out 0 stars (out of 0; TO: 0).
.[QUERY] Found all non-linear combinations. Count: 6
[QUERY] Found all non-linear combinations. Count: 3
[QUERY] Returning nonlinear disjunction
[CTRL] Considering conjunction with 5 input constraints and a disjunction of size 2
[APPROX] Checking cache: SNNT.Approx.ApproxCacheObject[]
[APPROX] Constructing Approximation
[APPROX] Resolving approximation
[CTRL] Initiating iterator over current linear queries
[APPROX] # Conjunctions over output: 2
[CTRL] Processing linear query no. 263
[NNENUM] Running nnenum now...
[NNENUM] lb: [31.703236423477783, 134.4925915571708, -0.3170323642347779]
[NNENUM] ub: [100.0, 200.0, -0.08918726864196047]
[NNENUM] Creating LP Star...
[NNENUM] Checking feasibility
[NNENUM] Generating output Spec...
[NNENUM] Spec list length:  2
[NNENUM] Enumeration in progress... 

[NNENUM] Result: 
<nnenum.result.Result object at 0x7f94910d2400>
[NNENUM] Enumeration finished.
safe
[NNENUM] Filtering result using SMT solver...
[SMT] SMT filtered out 0 stars (out of 0; TO: 0).
[QUERY] Found all non-linear combinations. Count: 2
[QUERY] Found all non-linear combinations. Count: 3
[QUERY] Returning nonlinear disjunction
[CTRL] Considering conjunction with 5 input constraints and a disjunction of size 2
[APPROX] Checking cache: SNNT.Approx.ApproxCacheObject[]
[APPROX] Constructing Approximation
[APPROX] Resolving approximation
[CTRL] Initiating iterator over current linear queries
[APPROX] # Conjunctions over output: 2
[CTRL] Processing linear query no. 264
[NNENUM] Running nnenum now...
[NNENUM] lb: [31.703236423477783, 134.4925915571708, -0.3170323642347779]
[NNENUM] ub: [100.0, 200.0, -0.08918726864196047]
[NNENUM] Creating LP Star...
[NNENUM] Checking feasibility
[NNENUM] Generating output Spec...
[NNENUM] Spec list length:  2
[NNENUM] Enumeration in progress... 

[NNENUM] Result: 
<nnenum.result.Result object at 0x7f94910c1610>
[NNENUM] Enumeration finished.
safe
[NNENUM] Filtering result using SMT solver...
[SMT] SMT filtered out 0 stars (out of 0; TO: 0).
[QUERY] Found all non-linear combinations. Count: 2
[QUERY] Found all non-linear combinations. Count: 1
[QUERY] Found all non-linear combinations. Count: 1
[QUERY] Found all non-linear combinations. Count: 1
[QUERY] Returning nonlinear disjunction
[CTRL] Considering conjunction with 5 input constraints and a disjunction of size 4
[APPROX] Checking cache: SNNT.Approx.ApproxCacheObject[]
[APPROX] Constructing Approximation
[APPROX] Resolving approximation
[CTRL] Initiating iterator over current linear queries
[APPROX] # Conjunctions over output: 4
[CTRL] Processing linear query no. 265
[NNENUM] Running nnenum now...
[NNENUM] lb: [31.703236423477783, 134.4925915571708, -0.3170323642347779]
[NNENUM] ub: [100.0, 200.0, -0.08918726864196047]
[NNENUM] Creating LP Star...
[NNENUM] Checking feasibility
[NNENUM] Generating output Spec...
[NNENUM] Spec list length:  4
[NNENUM] Enumeration in progress... 

[NNENUM] Result: 
<nnenum.result.Result object at 0x7f94910de3d0>
[NNENUM] Enumeration finished.
safe
[NNENUM] Filtering result using SMT solver...
[SMT] SMT filtered out 0 stars (out of 0; TO: 0).
.[QUERY] Found all non-linear combinations. Count: 2
[QUERY] Returning nonlinear disjunction
[CTRL] Considering conjunction with 5 input constraints and a disjunction of size 1
[APPROX] Checking cache: SNNT.Approx.ApproxCacheObject[]
[APPROX] Constructing Approximation
[APPROX] Resolving approximation
[CTRL] Initiating iterator over current linear queries
[APPROX] # Conjunctions over output: 1
[CTRL] Processing linear query no. 266
[NNENUM] Running nnenum now...
[NNENUM] lb: [31.703236423477783, 134.4925915571708, 0.037131069501745474]
[NNENUM] ub: [100.0, 200.0, 0.672462957785854]
[NNENUM] Creating LP Star...
[NNENUM] Checking feasibility
[NNENUM] Generating output Spec...
[NNENUM] Spec list length:  1
[NNENUM] Enumeration in progress... 

[NNENUM] Result: 
<nnenum.result.Result object at 0x7f94910deaf0>
[NNENUM] Enumeration finished.
safe
[NNENUM] Filtering result using SMT solver...
[SMT] SMT filtered out 0 stars (out of 0; TO: 0).
.[QUERY] Found all non-linear combinations. Count: 2
.[QUERY] Found all non-linear combinations. Count: 3
[QUERY] Returning nonlinear disjunction
[CTRL] Considering conjunction with 5 input constraints and a disjunction of size 2
[APPROX] Checking cache: SNNT.Approx.ApproxCacheObject[]
[APPROX] Constructing Approximation
[APPROX] Resolving approximation
[CTRL] Initiating iterator over current linear queries
[APPROX] # Conjunctions over output: 2
[CTRL] Processing linear query no. 267
[NNENUM] Running nnenum now...
[NNENUM] lb: [31.703236423477783, 134.4925915571708, -0.08918726864196047]
[NNENUM] ub: [100.0, 200.0, 0.0]
[NNENUM] Creating LP Star...
[NNENUM] Checking feasibility
[NNENUM] Generating output Spec...
[NNENUM] Spec list length:  2
[NNENUM] Enumeration in progress... 

[NNENUM] Result: 
<nnenum.result.Result object at 0x7f94948f8ee0>
[NNENUM] Enumeration finished.
safe
[NNENUM] Filtering result using SMT solver...
[SMT] SMT filtered out 0 stars (out of 0; TO: 0).
[QUERY] Found all non-linear combinations. Count: 2
[QUERY] Found all non-linear combinations. Count: 1
[QUERY] Returning nonlinear disjunction
[CTRL] Considering conjunction with 5 input constraints and a disjunction of size 2
[APPROX] Checking cache: SNNT.Approx.ApproxCacheObject[]
[APPROX] Constructing Approximation
[APPROX] Resolving approximation
[CTRL] Initiating iterator over current linear queries
[APPROX] # Conjunctions over output: 2
[CTRL] Processing linear query no. 268
[NNENUM] Running nnenum now...
[NNENUM] lb: [31.703236423477783, 134.4925915571708, -0.36593527153044436]
[NNENUM] ub: [100.0, 200.0, -0.3170323642347779]
[NNENUM] Creating LP Star...
[NNENUM] Checking feasibility
[NNENUM] Generating output Spec...
[NNENUM] Spec list length:  2
[NNENUM] Enumeration in progress... 

[NNENUM] Result: 
<nnenum.result.Result object at 0x7f94910d2160>
[NNENUM] Enumeration finished.
safe
[NNENUM] Filtering result using SMT solver...
[SMT] SMT filtered out 0 stars (out of 0; TO: 0).
.[QUERY] Found all non-linear combinations. Count: 3
[QUERY] Returning nonlinear disjunction
[CTRL] Considering conjunction with 5 input constraints and a disjunction of size 1
[APPROX] Checking cache: SNNT.Approx.ApproxCacheObject[]
[APPROX] Constructing Approximation
[APPROX] Resolving approximation
[CTRL] Initiating iterator over current linear queries
[APPROX] # Conjunctions over output: 1
[CTRL] Processing linear query no. 269
[NNENUM] Running nnenum now...
[NNENUM] lb: [31.703236423477783, 134.4925915571708, -0.36593527153044436]
[NNENUM] ub: [100.0, 200.0, -0.3170323642347779]
[NNENUM] Creating LP Star...
[NNENUM] Checking feasibility
[NNENUM] Generating output Spec...
[NNENUM] Spec list length:  1
[NNENUM] Enumeration in progress... 

[NNENUM] Result: 
<nnenum.result.Result object at 0x7f94910c3850>
[NNENUM] Enumeration finished.
safe
[NNENUM] Filtering result using SMT solver...
[SMT] SMT filtered out 0 stars (out of 0; TO: 0).
[QUERY] Found all non-linear combinations. Count: 3
[QUERY] Returning nonlinear disjunction
[CTRL] Considering conjunction with 5 input constraints and a disjunction of size 1
[APPROX] Checking cache: SNNT.Approx.ApproxCacheObject[]
[APPROX] Constructing Approximation
[APPROX] Resolving approximation
[CTRL] Initiating iterator over current linear queries
[APPROX] # Conjunctions over output: 1
[CTRL] Processing linear query no. 270
[NNENUM] Running nnenum now...
[NNENUM] lb: [31.703236423477783, 134.4925915571708, -0.36593527153044436]
[NNENUM] ub: [100.0, 200.0, -0.3170323642347779]
[NNENUM] Creating LP Star...
[NNENUM] Checking feasibility
[NNENUM] Generating output Spec...
[NNENUM] Spec list length:  1
[NNENUM] Enumeration in progress... 

[NNENUM] Result: 
<nnenum.result.Result object at 0x7f94910de700>
[NNENUM] Enumeration finished.
safe
[NNENUM] Filtering result using SMT solver...
[SMT] SMT filtered out 0 stars (out of 0; TO: 0).
[QUERY] Found all non-linear combinations. Count: 1
[QUERY] Found all non-linear combinations. Count: 1
[QUERY] Returning nonlinear disjunction
[CTRL] Considering conjunction with 5 input constraints and a disjunction of size 2
[APPROX] Checking cache: SNNT.Approx.ApproxCacheObject[]
[APPROX] Constructing Approximation
[APPROX] Resolving approximation
[CTRL] Initiating iterator over current linear queries
[APPROX] # Conjunctions over output: 2
[CTRL] Processing linear query no. 271
[NNENUM] Running nnenum now...
[NNENUM] lb: [31.703236423477783, 134.4925915571708, 0.037131069501745474]
[NNENUM] ub: [100.0, 200.0, 0.672462957785854]
[NNENUM] Creating LP Star...
[NNENUM] Checking feasibility
[NNENUM] Generating output Spec...
[NNENUM] Spec list length:  2
[NNENUM] Enumeration in progress... 

[NNENUM] Result: 
<nnenum.result.Result object at 0x7f94910dec70>
[NNENUM] Enumeration finished.
safe
[NNENUM] Filtering result using SMT solver...
[SMT] SMT filtered out 0 stars (out of 0; TO: 0).
[QUERY] Found all non-linear combinations. Count: 1
[QUERY] Returning nonlinear disjunction
[CTRL] Considering conjunction with 5 input constraints and a disjunction of size 1
[APPROX] Checking cache: SNNT.Approx.ApproxCacheObject[]
[APPROX] Constructing Approximation
[APPROX] Resolving approximation
[CTRL] Initiating iterator over current linear queries
[APPROX] # Conjunctions over output: 1
[CTRL] Processing linear query no. 272
[NNENUM] Running nnenum now...
[NNENUM] lb: [16.376852110707294, 134.4925915571708, -0.36593527153044436]
[NNENUM] ub: [31.703236423477783, 200.0, -0.3170323642347779]
[NNENUM] Creating LP Star...
[NNENUM] Checking feasibility
[NNENUM] Generating output Spec...
[NNENUM] Spec list length:  1
[NNENUM] Enumeration in progress... 

[NNENUM] Result: 
<nnenum.result.Result object at 0x7f94910de7c0>
[NNENUM] Enumeration finished.
safe
[NNENUM] Filtering result using SMT solver...
[SMT] SMT filtered out 0 stars (out of 0; TO: 0).
[QUERY] Found all non-linear combinations. Count: 1
[QUERY] Returning nonlinear disjunction
[CTRL] Considering conjunction with 5 input constraints and a disjunction of size 1
[APPROX] Checking cache: SNNT.Approx.ApproxCacheObject[]
[APPROX] Constructing Approximation
[APPROX] Resolving approximation
[CTRL] Initiating iterator over current linear queries
[APPROX] # Conjunctions over output: 1
[CTRL] Processing linear query no. 273
[NNENUM] Running nnenum now...
[NNENUM] lb: [0.07999999999999999, 134.4925915571708, -0.36593527153044436]
[NNENUM] ub: [16.376852110707294, 200.0, -0.3170323642347779]
[NNENUM] Creating LP Star...
[NNENUM] Checking feasibility
[NNENUM] Generating output Spec...
[NNENUM] Spec list length:  1
[NNENUM] Enumeration in progress... 

[NNENUM] Result: 
<nnenum.result.Result object at 0x7f94910c3460>
[NNENUM] Enumeration finished.
safe
[NNENUM] Filtering result using SMT solver...
[SMT] SMT filtered out 0 stars (out of 0; TO: 0).
[QUERY] Found all non-linear combinations. Count: 1
[QUERY] Returning nonlinear disjunction
[CTRL] Considering conjunction with 5 input constraints and a disjunction of size 1
[APPROX] Checking cache: SNNT.Approx.ApproxCacheObject[]
[APPROX] Constructing Approximation
[APPROX] Resolving approximation
[CTRL] Initiating iterator over current linear queries
[APPROX] # Conjunctions over output: 1
[CTRL] Processing linear query no. 274
[NNENUM] Running nnenum now...
[NNENUM] lb: [0.0, 134.4925915571708, -0.36593527153044436]
[NNENUM] ub: [0.07999999999999999, 200.0, -0.3170323642347779]
[NNENUM] Creating LP Star...
[NNENUM] Checking feasibility
[NNENUM] Generating output Spec...
[NNENUM] Spec list length:  1
[NNENUM] Enumeration in progress... 

[NNENUM] Result: 
<nnenum.result.Result object at 0x7f94910d2df0>
[NNENUM] Enumeration finished.
safe
[NNENUM] Filtering result using SMT solver...
[SMT] SMT filtered out 0 stars (out of 0; TO: 0).
[QUERY] Found all non-linear combinations. Count: 1
[QUERY] Found all non-linear combinations. Count: 1
[QUERY] Found all non-linear combinations. Count: 1
[QUERY] Returning nonlinear disjunction
[CTRL] Considering conjunction with 5 input constraints and a disjunction of size 3
[APPROX] Checking cache: SNNT.Approx.ApproxCacheObject[]
[APPROX] Constructing Approximation
[APPROX] Resolving approximation
[CTRL] Initiating iterator over current linear queries
[APPROX] # Conjunctions over output: 3
[CTRL] Processing linear query no. 275
[NNENUM] Running nnenum now...
[NNENUM] lb: [16.376852110707294, 134.4925915571708, -0.08918726864196047]
[NNENUM] ub: [31.703236423477783, 200.0, 0.0]
[NNENUM] Creating LP Star...
[NNENUM] Checking feasibility
[NNENUM] Generating output Spec...
[NNENUM] Spec list length:  3
[NNENUM] Enumeration in progress... 

[NNENUM] Result: 
<nnenum.result.Result object at 0x7f94910d2760>
[NNENUM] Enumeration finished.
safe
[NNENUM] Filtering result using SMT solver...
[SMT] SMT filtered out 0 stars (out of 0; TO: 0).
[QUERY] Found all non-linear combinations. Count: 1
[QUERY] Found all non-linear combinations. Count: 1
[QUERY] Found all non-linear combinations. Count: 1
[QUERY] Returning nonlinear disjunction
[CTRL] Considering conjunction with 5 input constraints and a disjunction of size 3
[APPROX] Checking cache: SNNT.Approx.ApproxCacheObject[]
[APPROX] Constructing Approximation
[APPROX] Resolving approximation
[CTRL] Initiating iterator over current linear queries
[APPROX] # Conjunctions over output: 3
[CTRL] Processing linear query no. 276
[NNENUM] Running nnenum now...
[NNENUM] lb: [16.376852110707294, 134.4925915571708, -0.3170323642347779]
[NNENUM] ub: [31.703236423477783, 200.0, -0.08918726864196047]
[NNENUM] Creating LP Star...
[NNENUM] Checking feasibility
[NNENUM] Generating output Spec...
[NNENUM] Spec list length:  3
[NNENUM] Enumeration in progress... 

[NNENUM] Result: 
<nnenum.result.Result object at 0x7f94910c04c0>
[NNENUM] Enumeration finished.
safe
[NNENUM] Filtering result using SMT solver...
[SMT] SMT filtered out 0 stars (out of 0; TO: 0).
[QUERY] Found all non-linear combinations. Count: 1
[QUERY] Found all non-linear combinations. Count: 1
[QUERY] Returning nonlinear disjunction
[CTRL] Considering conjunction with 5 input constraints and a disjunction of size 2
[APPROX] Checking cache: SNNT.Approx.ApproxCacheObject[]
[APPROX] Constructing Approximation
[APPROX] Resolving approximation
[CTRL] Initiating iterator over current linear queries
[APPROX] # Conjunctions over output: 2
[CTRL] Processing linear query no. 277
[NNENUM] Running nnenum now...
[NNENUM] lb: [0.07999999999999999, 134.4925915571708, -0.08918726864196047]
[NNENUM] ub: [16.376852110707294, 200.0, 0.0]
[NNENUM] Creating LP Star...
[NNENUM] Checking feasibility
[NNENUM] Generating output Spec...
[NNENUM] Spec list length:  2
[NNENUM] Enumeration in progress... 

[NNENUM] Result: 
<nnenum.result.Result object at 0x7f94910d2c40>
[NNENUM] Enumeration finished.
safe
[NNENUM] Filtering result using SMT solver...
[SMT] SMT filtered out 0 stars (out of 0; TO: 0).
[QUERY] Found all non-linear combinations. Count: 1
[QUERY] Returning nonlinear disjunction
[CTRL] Considering conjunction with 5 input constraints and a disjunction of size 1
[APPROX] Checking cache: SNNT.Approx.ApproxCacheObject[]
[APPROX] Constructing Approximation
[APPROX] Resolving approximation
[CTRL] Initiating iterator over current linear queries
[APPROX] # Conjunctions over output: 1
[CTRL] Processing linear query no. 278
[NNENUM] Running nnenum now...
[NNENUM] lb: [0.07999999999999999, 134.4925915571708, 0.037131069501745474]
[NNENUM] ub: [16.376852110707294, 200.0, 0.672462957785854]
[NNENUM] Creating LP Star...
[NNENUM] Checking feasibility
[NNENUM] Generating output Spec...
[NNENUM] Spec list length:  1
[NNENUM] Enumeration in progress... 

[NNENUM] Result: 
<nnenum.result.Result object at 0x7f94954bd760>
[NNENUM] Enumeration finished.
safe
[NNENUM] Filtering result using SMT solver...
[SMT] SMT filtered out 0 stars (out of 0; TO: 0).
[QUERY] Found all non-linear combinations. Count: 1
[QUERY] Returning nonlinear disjunction
[CTRL] Considering conjunction with 5 input constraints and a disjunction of size 1
[APPROX] Checking cache: SNNT.Approx.ApproxCacheObject[]
[APPROX] Constructing Approximation
[APPROX] Resolving approximation
[CTRL] Initiating iterator over current linear queries
[APPROX] # Conjunctions over output: 1
[CTRL] Processing linear query no. 279
[NNENUM] Running nnenum now...
[NNENUM] lb: [0.0, 134.4925915571708, 0.037131069501745474]
[NNENUM] ub: [0.07999999999999999, 200.0, 0.672462957785854]
[NNENUM] Creating LP Star...
[NNENUM] Checking feasibility
[NNENUM] Generating output Spec...
[NNENUM] Spec list length:  1
[NNENUM] Enumeration in progress... 

[NNENUM] Result: 
<nnenum.result.Result object at 0x7f94948e7be0>
[NNENUM] Enumeration finished.
safe
[NNENUM] Filtering result using SMT solver...
[SMT] SMT filtered out 0 stars (out of 0; TO: 0).
[QUERY] Found all non-linear combinations. Count: 1
[QUERY] Found all non-linear combinations. Count: 1
[QUERY] Returning nonlinear disjunction
[CTRL] Considering conjunction with 5 input constraints and a disjunction of size 2
[APPROX] Checking cache: SNNT.Approx.ApproxCacheObject[]
[APPROX] Constructing Approximation
[APPROX] Resolving approximation
[CTRL] Initiating iterator over current linear queries
[APPROX] # Conjunctions over output: 2
[CTRL] Processing linear query no. 280
[NNENUM] Running nnenum now...
[NNENUM] lb: [16.376852110707294, 134.4925915571708, 0.037131069501745474]
[NNENUM] ub: [31.703236423477783, 200.0, 0.672462957785854]
[NNENUM] Creating LP Star...
[NNENUM] Checking feasibility
[NNENUM] Generating output Spec...
[NNENUM] Spec list length:  2
[NNENUM] Enumeration in progress... 

[NNENUM] Result: 
<nnenum.result.Result object at 0x7f94910de6a0>
[NNENUM] Enumeration finished.
safe
[NNENUM] Filtering result using SMT solver...
[SMT] SMT filtered out 0 stars (out of 0; TO: 0).
..[QUERY] Found all non-linear combinations. Count: 1
[QUERY] Found all non-linear combinations. Count: 1
[QUERY] Returning nonlinear disjunction
[CTRL] Considering conjunction with 5 input constraints and a disjunction of size 2
[APPROX] Checking cache: SNNT.Approx.ApproxCacheObject[]
[APPROX] Constructing Approximation
[APPROX] Resolving approximation
[CTRL] Initiating iterator over current linear queries
[APPROX] # Conjunctions over output: 2
[CTRL] Processing linear query no. 281
[NNENUM] Running nnenum now...
[NNENUM] lb: [0.07999999999999999, 7.4262139003490955, -0.08918726864196047]
[NNENUM] ub: [16.376852110707294, 134.4925915571708, 0.0]
[NNENUM] Creating LP Star...
[NNENUM] Checking feasibility
[NNENUM] Generating output Spec...
[NNENUM] Spec list length:  2
[NNENUM] Enumeration in progress... 
(0.2 sec) Q: 0, Sets: 0/1  (0.0%) CEs: 0 ETA: - (expected 1 stars)   

Total Stars: 5 (3 exact, 2 approx)
Unfinished Stars: 0
Runtime: 0.2 sec
Completed work frac: 1.0
Num Stars Copied Between Processes: 0
Num Lps During Enumeration: 93
Total Num Lps: 93

Result: network is SAFE

[NNENUM] Result: 
<nnenum.result.Result object at 0x7f94910de7f0>
[NNENUM] Enumeration finished.
safe
[NNENUM] Found counter-example stars: 0
[NNENUM] Filtering result using SMT solver...
[SMT] SMT filtered out 0 stars (out of 0; TO: 0).
.[QUERY] Found all non-linear combinations. Count: 1
[QUERY] Found all non-linear combinations. Count: 1
[QUERY] Returning nonlinear disjunction
[CTRL] Considering conjunction with 5 input constraints and a disjunction of size 2
[APPROX] Checking cache: SNNT.Approx.ApproxCacheObject[]
[APPROX] Constructing Approximation
[APPROX] Resolving approximation
[CTRL] Initiating iterator over current linear queries
[APPROX] # Conjunctions over output: 2
[CTRL] Processing linear query no. 282
[NNENUM] Running nnenum now...
[NNENUM] lb: [0.0, 7.4262139003490955, -0.08918726864196047]
[NNENUM] ub: [0.07999999999999999, 134.4925915571708, 0.0]
[NNENUM] Creating LP Star...
[NNENUM] Checking feasibility
[NNENUM] Generating output Spec...
[NNENUM] Spec list length:  2
[NNENUM] Enumeration in progress... 

[NNENUM] Result: 
<nnenum.result.Result object at 0x7f94910c0ee0>
[NNENUM] Enumeration finished.
safe
[NNENUM] Filtering result using SMT solver...
[SMT] SMT filtered out 0 stars (out of 0; TO: 0).
[QUERY] Found all non-linear combinations. Count: 1
[QUERY] Found all non-linear combinations. Count: 1
[QUERY] Found all non-linear combinations. Count: 1
[QUERY] Found all non-linear combinations. Count: 1
[QUERY] Returning nonlinear disjunction
[CTRL] Considering conjunction with 5 input constraints and a disjunction of size 4
[APPROX] Checking cache: SNNT.Approx.ApproxCacheObject[]
[APPROX] Constructing Approximation
[APPROX] Resolving approximation
[CTRL] Initiating iterator over current linear queries
[APPROX] # Conjunctions over output: 4
[CTRL] Processing linear query no. 283
[NNENUM] Running nnenum now...
[NNENUM] lb: [0.07999999999999999, 7.4262139003490955, -0.08918726864196047]
[NNENUM] ub: [16.376852110707294, 134.4925915571708, 0.0]
[NNENUM] Creating LP Star...
[NNENUM] Checking feasibility
[NNENUM] Generating output Spec...
[NNENUM] Spec list length:  4
[NNENUM] Enumeration in progress... 
(0.0 sec) Q: 0, Sets: 0/1  (0.0%) CEs: 0 ETA: - (expected 1 stars)   
(0.2 sec) Q: 0, Sets: 1/4  (50.0%) CEs: 0 ETA: 0.2 sec (expected 2 stars)   

Total Stars: 5 (3 exact, 2 approx)
Unfinished Stars: 0
Runtime: 0.2 sec
Completed work frac: 1.0
Num Stars Copied Between Processes: 0
Num Lps During Enumeration: 92
Total Num Lps: 92

Result: network is SAFE

[NNENUM] Result: 
<nnenum.result.Result object at 0x7f94910d6eb0>
[NNENUM] Enumeration finished.
safe
[NNENUM] Found counter-example stars: 0
[NNENUM] Filtering result using SMT solver...
[SMT] SMT filtered out 0 stars (out of 0; TO: 0).
[QUERY] Found all non-linear combinations. Count: 1
[QUERY] Found all non-linear combinations. Count: 1
[QUERY] Found all non-linear combinations. Count: 1
[QUERY] Found all non-linear combinations. Count: 1
[QUERY] Returning nonlinear disjunction
[CTRL] Considering conjunction with 5 input constraints and a disjunction of size 4
[APPROX] Checking cache: SNNT.Approx.ApproxCacheObject[]
[APPROX] Constructing Approximation
[APPROX] Resolving approximation
[CTRL] Initiating iterator over current linear queries
[APPROX] # Conjunctions over output: 4
[CTRL] Processing linear query no. 284
[NNENUM] Running nnenum now...
[NNENUM] lb: [0.0, 7.4262139003490955, -0.08918726864196047]
[NNENUM] ub: [0.07999999999999999, 134.4925915571708, 0.0]
[NNENUM] Creating LP Star...
[NNENUM] Checking feasibility
[NNENUM] Generating output Spec...
[NNENUM] Spec list length:  4
[NNENUM] Enumeration in progress... 

[NNENUM] Result: 
<nnenum.result.Result object at 0x7f94910c0460>
[NNENUM] Enumeration finished.
safe
[NNENUM] Filtering result using SMT solver...
[SMT] SMT filtered out 0 stars (out of 0; TO: 0).
.[QUERY] Found all non-linear combinations. Count: 2
.[QUERY] Found all non-linear combinations. Count: 1
[QUERY] Returning nonlinear disjunction
[CTRL] Considering conjunction with 5 input constraints and a disjunction of size 2
[APPROX] Checking cache: SNNT.Approx.ApproxCacheObject[]
[APPROX] Constructing Approximation
[APPROX] Resolving approximation
[CTRL] Initiating iterator over current linear queries
[APPROX] # Conjunctions over output: 2
[CTRL] Processing linear query no. 285
[NNENUM] Running nnenum now...
[NNENUM] lb: [31.703236423477783, 7.4262139003490955, -0.08918726864196047]
[NNENUM] ub: [100.0, 134.4925915571708, 0.0]
[NNENUM] Creating LP Star...
[NNENUM] Checking feasibility
[NNENUM] Generating output Spec...
[NNENUM] Spec list length:  2
[NNENUM] Enumeration in progress... 
(0.0 sec) Q: 0, Sets: 0/1  (0.0%) CEs: 0 ETA: - (expected 1 stars)   

Total Stars: 3 (1 exact, 2 approx)
Unfinished Stars: 0
Runtime: 0.1 sec
Completed work frac: 1.0
Num Stars Copied Between Processes: 0
Num Lps During Enumeration: 111
Total Num Lps: 111

Result: network is SAFE

[NNENUM] Result: 
<nnenum.result.Result object at 0x7f94910c15e0>
[NNENUM] Enumeration finished.
safe
[NNENUM] Found counter-example stars: 0
[NNENUM] Filtering result using SMT solver...
[SMT] SMT filtered out 0 stars (out of 0; TO: 0).
.[QUERY] Found all non-linear combinations. Count: 1
..[QUERY] Found all non-linear combinations. Count: 1
[QUERY] Returning nonlinear disjunction
[CTRL] Considering conjunction with 5 input constraints and a disjunction of size 2
[APPROX] Checking cache: SNNT.Approx.ApproxCacheObject[]
[APPROX] Constructing Approximation
[APPROX] Resolving approximation
[CTRL] Initiating iterator over current linear queries
[APPROX] # Conjunctions over output: 2
[CTRL] Processing linear query no. 286
[NNENUM] Running nnenum now...
[NNENUM] lb: [16.376852110707294, 7.4262139003490955, -0.08918726864196047]
[NNENUM] ub: [31.703236423477783, 134.4925915571708, 0.0]
[NNENUM] Creating LP Star...
[NNENUM] Checking feasibility
[NNENUM] Generating output Spec...
[NNENUM] Spec list length:  2
[NNENUM] Enumeration in progress... 
(0.2 sec) Q: 0, Sets: 0/1  (0.0%) CEs: 0 ETA: - (expected 1 stars)   

Total Stars: 2 (0 exact, 2 approx)
Unfinished Stars: 0
Runtime: 0.2 sec
Completed work frac: 1.0
Num Stars Copied Between Processes: 0
Num Lps During Enumeration: 0
Total Num Lps: 0

Result: network is SAFE

[NNENUM] Result: 
<nnenum.result.Result object at 0x7f9491da7b20>
[NNENUM] Enumeration finished.
safe
[NNENUM] Found counter-example stars: 0
[NNENUM] Filtering result using SMT solver...
[SMT] SMT filtered out 0 stars (out of 0; TO: 0).
[QUERY] Found all non-linear combinations. Count: 1
[QUERY] Found all non-linear combinations. Count: 3
.[QUERY] Found all non-linear combinations. Count: 2
[QUERY] Returning nonlinear disjunction
[CTRL] Considering conjunction with 5 input constraints and a disjunction of size 3
[APPROX] Checking cache: SNNT.Approx.ApproxCacheObject[]
[APPROX] Constructing Approximation
[APPROX] Resolving approximation
[CTRL] Initiating iterator over current linear queries
[APPROX] # Conjunctions over output: 3
[CTRL] Processing linear query no. 287
[NNENUM] Running nnenum now...
[NNENUM] lb: [0.0, 7.4262139003490955, -0.08918726864196047]
[NNENUM] ub: [0.07999999999999999, 134.4925915571708, 0.0]
[NNENUM] Creating LP Star...
[NNENUM] Checking feasibility
[NNENUM] Generating output Spec...
[NNENUM] Spec list length:  3
[NNENUM] Enumeration in progress... 

[NNENUM] Result: 
<nnenum.result.Result object at 0x7f94910d2e20>
[NNENUM] Enumeration finished.
safe
[NNENUM] Filtering result using SMT solver...
[SMT] SMT filtered out 0 stars (out of 0; TO: 0).
[QUERY] Found all non-linear combinations. Count: 6
[QUERY] Found all non-linear combinations. Count: 4
[QUERY] Found all non-linear combinations. Count: 2
[QUERY] Returning nonlinear disjunction
[CTRL] Considering conjunction with 5 input constraints and a disjunction of size 3
[APPROX] Checking cache: SNNT.Approx.ApproxCacheObject[]
[APPROX] Constructing Approximation
[APPROX] Resolving approximation
[CTRL] Initiating iterator over current linear queries
[APPROX] # Conjunctions over output: 3
[CTRL] Processing linear query no. 288
[NNENUM] Running nnenum now...
[NNENUM] lb: [0.07999999999999999, 7.4262139003490955, -0.08918726864196047]
[NNENUM] ub: [16.376852110707294, 134.4925915571708, 0.0]
[NNENUM] Creating LP Star...
[NNENUM] Checking feasibility
[NNENUM] Generating output Spec...
[NNENUM] Spec list length:  3
[NNENUM] Enumeration in progress... 
(0.1 sec) Q: 0, Sets: 0/1  (0.0%) CEs: 0 ETA: - (expected 1 stars)   
(0.2 sec) Q: 0, Sets: 10/14  (53.125%) CEs: 0 ETA: 0.1 sec (expected 19 stars)   

Total Stars: 31 (6 exact, 25 approx)
Unfinished Stars: 0
Runtime: 0.3 sec
Completed work frac: 1.0
Num Stars Copied Between Processes: 0
Num Lps During Enumeration: 84
Total Num Lps: 84

Result: network is SAFE

[NNENUM] Result: 
<nnenum.result.Result object at 0x7f94910c05e0>
[NNENUM] Enumeration finished.
safe
[NNENUM] Found counter-example stars: 0
[NNENUM] Filtering result using SMT solver...
[SMT] SMT filtered out 0 stars (out of 0; TO: 0).
.[QUERY] Found all non-linear combinations. Count: 1
.[QUERY] Found all non-linear combinations. Count: 1
[QUERY] Found all non-linear combinations. Count: 1
[QUERY] Returning nonlinear disjunction
[CTRL] Considering conjunction with 5 input constraints and a disjunction of size 3
[APPROX] Checking cache: SNNT.Approx.ApproxCacheObject[]
[APPROX] Constructing Approximation
[APPROX] Resolving approximation
[CTRL] Initiating iterator over current linear queries
[APPROX] # Conjunctions over output: 3
[CTRL] Processing linear query no. 289
[NNENUM] Running nnenum now...
[NNENUM] lb: [0.07999999999999999, 7.4262139003490955, -0.08918726864196047]
[NNENUM] ub: [16.376852110707294, 134.4925915571708, 0.0]
[NNENUM] Creating LP Star...
[NNENUM] Checking feasibility
[NNENUM] Generating output Spec...
[NNENUM] Spec list length:  3
[NNENUM] Enumeration in progress... 
(0.0 sec) Q: 0, Sets: 0/1  (0.0%) CEs: 0 ETA: - (expected 1 stars)   

Total Stars: 4 (0 exact, 4 approx)
Unfinished Stars: 0
Runtime: 0.1 sec
Completed work frac: 1.0
Num Stars Copied Between Processes: 0
Num Lps During Enumeration: 0
Total Num Lps: 0

Result: network is SAFE

[NNENUM] Result: 
<nnenum.result.Result object at 0x7f9491da7670>
[NNENUM] Enumeration finished.
safe
[NNENUM] Found counter-example stars: 0
[NNENUM] Filtering result using SMT solver...
[SMT] SMT filtered out 0 stars (out of 0; TO: 0).
[QUERY] Found all non-linear combinations. Count: 1
[QUERY] Found all non-linear combinations. Count: 1
[QUERY] Found all non-linear combinations. Count: 1
[QUERY] Returning nonlinear disjunction
[CTRL] Considering conjunction with 5 input constraints and a disjunction of size 3
[APPROX] Checking cache: SNNT.Approx.ApproxCacheObject[]
[APPROX] Constructing Approximation
[APPROX] Resolving approximation
[CTRL] Initiating iterator over current linear queries
[APPROX] # Conjunctions over output: 3
[CTRL] Processing linear query no. 290
[NNENUM] Running nnenum now...
[NNENUM] lb: [0.07999999999999999, 7.4262139003490955, -0.08918726864196047]
[NNENUM] ub: [16.376852110707294, 134.4925915571708, 0.0]
[NNENUM] Creating LP Star...
[NNENUM] Checking feasibility
[NNENUM] Generating output Spec...
[NNENUM] Spec list length:  3
[NNENUM] Enumeration in progress... 
(0.0 sec) Q: 0, Sets: 0/1  (0.0%) CEs: 0 ETA: - (expected 1 stars)   
(0.2 sec) Q: 0, Sets: 1/3  (25.0%) CEs: 0 ETA: 0.5 sec (expected 4 stars)   

Total Stars: 7 (0 exact, 7 approx)
Unfinished Stars: 0
Runtime: 0.2 sec
Completed work frac: 1.0
Num Stars Copied Between Processes: 0
Num Lps During Enumeration: 0
Total Num Lps: 0

Result: network is SAFE

[NNENUM] Result: 
<nnenum.result.Result object at 0x7f948ef44400>
[NNENUM] Enumeration finished.
safe
[NNENUM] Found counter-example stars: 0
[NNENUM] Filtering result using SMT solver...
[SMT] SMT filtered out 0 stars (out of 0; TO: 0).
[QUERY] Found all non-linear combinations. Count: 6
[QUERY] Found all non-linear combinations. Count: 4
[QUERY] Returning nonlinear disjunction
[CTRL] Considering conjunction with 5 input constraints and a disjunction of size 2
[APPROX] Checking cache: SNNT.Approx.ApproxCacheObject[]
[APPROX] Constructing Approximation
[APPROX] Resolving approximation
[CTRL] Initiating iterator over current linear queries
[APPROX] # Conjunctions over output: 2
[CTRL] Processing linear query no. 291
[NNENUM] Running nnenum now...
[NNENUM] lb: [31.703236423477783, 7.4262139003490955, -0.08918726864196047]
[NNENUM] ub: [100.0, 134.4925915571708, 0.0]
[NNENUM] Creating LP Star...
[NNENUM] Checking feasibility
[NNENUM] Generating output Spec...
[NNENUM] Spec list length:  2
[NNENUM] Enumeration in progress... 
(0.0 sec) Q: 0, Sets: 0/1  (0.0%) CEs: 0 ETA: - (expected 1 stars)   
(0.1 sec) Q: 0, Sets: 6/9  (40.625%) CEs: 0 ETA: 0.2 sec (expected 15 stars)   

Total Stars: 15 (9 exact, 6 approx)
Unfinished Stars: 0
Runtime: 0.2 sec
Completed work frac: 1.0
Num Stars Copied Between Processes: 0
Num Lps During Enumeration: 600
Total Num Lps: 600

Result: network is SAFE

[NNENUM] Result: 
<nnenum.result.Result object at 0x7f94948d1be0>
[NNENUM] Enumeration finished.
safe
[NNENUM] Found counter-example stars: 0
[NNENUM] Filtering result using SMT solver...
[SMT] SMT filtered out 0 stars (out of 0; TO: 0).
[QUERY] Found all non-linear combinations. Count: 1
[QUERY] Found all non-linear combinations. Count: 1
[QUERY] Found all non-linear combinations. Count: 1
[QUERY] Found all non-linear combinations. Count: 1
.[QUERY] Found all non-linear combinations. Count: 1
[QUERY] Returning nonlinear disjunction
[CTRL] Considering conjunction with 5 input constraints and a disjunction of size 5
[APPROX] Checking cache: SNNT.Approx.ApproxCacheObject[]
[APPROX] Constructing Approximation
[APPROX] Resolving approximation
[CTRL] Initiating iterator over current linear queries
[APPROX] # Conjunctions over output: 5
[CTRL] Processing linear query no. 292
[NNENUM] Running nnenum now...
[NNENUM] lb: [16.376852110707294, 7.4262139003490955, -0.08918726864196047]
[NNENUM] ub: [31.703236423477783, 134.4925915571708, 0.0]
[NNENUM] Creating LP Star...
[NNENUM] Checking feasibility
[NNENUM] Generating output Spec...
[NNENUM] Spec list length:  5
[NNENUM] Enumeration in progress... 
(0.1 sec) Q: 0, Sets: 0/1  (0.0%) CEs: 0 ETA: - (expected 1 stars)   
(0.2 sec) Q: 0, Sets: 4/7  (31.25%) CEs: 0 ETA: 0.4 sec (expected 13 stars)   

Total Stars: 7 (1 exact, 6 approx)
Unfinished Stars: 0
Runtime: 0.2 sec
Completed work frac: 1.0
Num Stars Copied Between Processes: 0
Num Lps During Enumeration: 46
Total Num Lps: 46

Result: network is SAFE

[NNENUM] Result: 
<nnenum.result.Result object at 0x7f94910c0130>
[NNENUM] Enumeration finished.
safe
[NNENUM] Found counter-example stars: 0
[NNENUM] Filtering result using SMT solver...
[SMT] SMT filtered out 0 stars (out of 0; TO: 0).
.[QUERY] Found all non-linear combinations. Count: 1
[QUERY] Found all non-linear combinations. Count: 1
[QUERY] Found all non-linear combinations. Count: 1
[QUERY] Returning nonlinear disjunction
[CTRL] Considering conjunction with 5 input constraints and a disjunction of size 3
[APPROX] Checking cache: SNNT.Approx.ApproxCacheObject[]
[APPROX] Constructing Approximation
[APPROX] Resolving approximation
[CTRL] Initiating iterator over current linear queries
[APPROX] # Conjunctions over output: 3
[CTRL] Processing linear query no. 293
[NNENUM] Running nnenum now...
[NNENUM] lb: [31.703236423477783, 7.4262139003490955, -0.08918726864196047]
[NNENUM] ub: [100.0, 134.4925915571708, 0.0]
[NNENUM] Creating LP Star...
[NNENUM] Checking feasibility
[NNENUM] Generating output Spec...
[NNENUM] Spec list length:  3
[NNENUM] Enumeration in progress... 
(0.0 sec) Q: 0, Sets: 0/1  (0.0%) CEs: 0 ETA: - (expected 1 stars)   

Total Stars: 4 (2 exact, 2 approx)
Unfinished Stars: 0
Runtime: 0.1 sec
Completed work frac: 1.0
Num Stars Copied Between Processes: 0
Num Lps During Enumeration: 94
Total Num Lps: 94

Result: network is SAFE

[NNENUM] Result: 
<nnenum.result.Result object at 0x7f94910dedc0>
[NNENUM] Enumeration finished.
safe
[NNENUM] Found counter-example stars: 0
[NNENUM] Filtering result using SMT solver...
[SMT] SMT filtered out 0 stars (out of 0; TO: 0).
[QUERY] Found all non-linear combinations. Count: 4
[QUERY] Found all non-linear combinations. Count: 6
[QUERY] Returning nonlinear disjunction
[CTRL] Considering conjunction with 5 input constraints and a disjunction of size 2
[APPROX] Checking cache: SNNT.Approx.ApproxCacheObject[]
[APPROX] Constructing Approximation
[APPROX] Resolving approximation
[CTRL] Initiating iterator over current linear queries
[APPROX] # Conjunctions over output: 2
[CTRL] Processing linear query no. 294
[NNENUM] Running nnenum now...
[NNENUM] lb: [16.376852110707294, 7.4262139003490955, -0.08918726864196047]
[NNENUM] ub: [31.703236423477783, 134.4925915571708, 0.0]
[NNENUM] Creating LP Star...
[NNENUM] Checking feasibility
[NNENUM] Generating output Spec...
[NNENUM] Spec list length:  2
[NNENUM] Enumeration in progress... 
(0.1 sec) Q: 0, Sets: 0/1  (0.0%) CEs: 0 ETA: - (expected 1 stars)   
(0.2 sec) Q: 0, Sets: 1/4  (50.0%) CEs: 0 ETA: 0.2 sec (expected 2 stars)   

Total Stars: 11 (3 exact, 8 approx)
Unfinished Stars: 0
Runtime: 0.2 sec
Completed work frac: 1.0
Num Stars Copied Between Processes: 0
Num Lps During Enumeration: 142
Total Num Lps: 142

Result: network is SAFE

[NNENUM] Result: 
<nnenum.result.Result object at 0x7f94910dec40>
[NNENUM] Enumeration finished.
safe
[NNENUM] Found counter-example stars: 0
[NNENUM] Filtering result using SMT solver...
[SMT] SMT filtered out 0 stars (out of 0; TO: 0).
[QUERY] Found all non-linear combinations. Count: 1
[QUERY] Found all non-linear combinations. Count: 1
.[QUERY] Found all non-linear combinations. Count: 1
[QUERY] Found all non-linear combinations. Count: 1
[QUERY] Returning nonlinear disjunction
[CTRL] Considering conjunction with 5 input constraints and a disjunction of size 4
[APPROX] Checking cache: SNNT.Approx.ApproxCacheObject[]
[APPROX] Constructing Approximation
[APPROX] Resolving approximation
[CTRL] Initiating iterator over current linear queries
[APPROX] # Conjunctions over output: 4
[CTRL] Processing linear query no. 295
[NNENUM] Running nnenum now...
[NNENUM] lb: [16.376852110707294, 7.4262139003490955, -0.08918726864196047]
[NNENUM] ub: [31.703236423477783, 134.4925915571708, 0.0]
[NNENUM] Creating LP Star...
[NNENUM] Checking feasibility
[NNENUM] Generating output Spec...
[NNENUM] Spec list length:  4
[NNENUM] Enumeration in progress... 
(0.1 sec) Q: 0, Sets: 0/1  (0.0%) CEs: 0 ETA: - (expected 1 stars)   

Total Stars: 2 (1 exact, 1 approx)
Unfinished Stars: 0
Runtime: 0.1 sec
Completed work frac: 1.0
Num Stars Copied Between Processes: 0
Num Lps During Enumeration: 78
Total Num Lps: 78

Result: network is SAFE

[NNENUM] Result: 
<nnenum.result.Result object at 0x7f948ef44a30>
[NNENUM] Enumeration finished.
safe
[NNENUM] Found counter-example stars: 0
[NNENUM] Filtering result using SMT solver...
[SMT] SMT filtered out 0 stars (out of 0; TO: 0).
[QUERY] Found all non-linear combinations. Count: 1
[QUERY] Found all non-linear combinations. Count: 1
.[QUERY] Found all non-linear combinations. Count: 1
[QUERY] Returning nonlinear disjunction
[CTRL] Considering conjunction with 5 input constraints and a disjunction of size 3
[APPROX] Checking cache: SNNT.Approx.ApproxCacheObject[]
[APPROX] Constructing Approximation
[APPROX] Resolving approximation
[CTRL] Initiating iterator over current linear queries
[APPROX] # Conjunctions over output: 3
[CTRL] Processing linear query no. 296
[NNENUM] Running nnenum now...
[NNENUM] lb: [31.703236423477783, 7.4262139003490955, -0.08918726864196047]
[NNENUM] ub: [100.0, 134.4925915571708, 0.0]
[NNENUM] Creating LP Star...
[NNENUM] Checking feasibility
[NNENUM] Generating output Spec...
[NNENUM] Spec list length:  3
[NNENUM] Enumeration in progress... 
(0.0 sec) Q: 0, Sets: 0/1  (0.0%) CEs: 0 ETA: - (expected 1 stars)   
(0.2 sec) Q: 0, Sets: 0/4  (0.0%) CEs: 0 ETA: - (expected 1 stars)   

Total Stars: 5 (3 exact, 2 approx)
Unfinished Stars: 0
Runtime: 0.2 sec
Completed work frac: 1.0
Num Stars Copied Between Processes: 0
Num Lps During Enumeration: 114
Total Num Lps: 114

Result: network is SAFE

[NNENUM] Result: 
<nnenum.result.Result object at 0x7f9494cdadf0>
[NNENUM] Enumeration finished.
safe
[NNENUM] Found counter-example stars: 0
[NNENUM] Filtering result using SMT solver...
[SMT] SMT filtered out 0 stars (out of 0; TO: 0).
.[QUERY] Found all non-linear combinations. Count: 1
.[QUERY] Found all non-linear combinations. Count: 1
[QUERY] Returning nonlinear disjunction
[CTRL] Considering conjunction with 5 input constraints and a disjunction of size 2
[APPROX] Checking cache: SNNT.Approx.ApproxCacheObject[]
[APPROX] Constructing Approximation
[APPROX] Resolving approximation
[CTRL] Initiating iterator over current linear queries
[APPROX] # Conjunctions over output: 2
[CTRL] Processing linear query no. 297
[NNENUM] Running nnenum now...
[NNENUM] lb: [16.376852110707294, 7.4262139003490955, -0.08918726864196047]
[NNENUM] ub: [31.703236423477783, 134.4925915571708, 0.0]
[NNENUM] Creating LP Star...
[NNENUM] Checking feasibility
[NNENUM] Generating output Spec...
[NNENUM] Spec list length:  2
[NNENUM] Enumeration in progress... 
(0.0 sec) Q: 0, Sets: 0/1  (0.0%) CEs: 0 ETA: - (expected 1 stars)   

Total Stars: 4 (2 exact, 2 approx)
Unfinished Stars: 0
Runtime: 0.1 sec
Completed work frac: 1.0
Num Stars Copied Between Processes: 0
Num Lps During Enumeration: 104
Total Num Lps: 104

Result: network is SAFE

[NNENUM] Result: 
<nnenum.result.Result object at 0x7f94910c0e80>
[NNENUM] Enumeration finished.
safe
[NNENUM] Found counter-example stars: 0
[NNENUM] Filtering result using SMT solver...
[SMT] SMT filtered out 0 stars (out of 0; TO: 0).
[QUERY] Found all non-linear combinations. Count: 1
[QUERY] Found all non-linear combinations. Count: 1
[QUERY] Found all non-linear combinations. Count: 1
.[QUERY] Found all non-linear combinations. Count: 1
[QUERY] Found all non-linear combinations. Count: 1
[QUERY] Returning nonlinear disjunction
[CTRL] Considering conjunction with 5 input constraints and a disjunction of size 5
[APPROX] Checking cache: SNNT.Approx.ApproxCacheObject[]
[APPROX] Constructing Approximation
[APPROX] Resolving approximation
[CTRL] Initiating iterator over current linear queries
[APPROX] # Conjunctions over output: 5
[CTRL] Processing linear query no. 298
[NNENUM] Running nnenum now...
[NNENUM] lb: [31.703236423477783, 7.4262139003490955, -0.08918726864196047]
[NNENUM] ub: [100.0, 134.4925915571708, 0.0]
[NNENUM] Creating LP Star...
[NNENUM] Checking feasibility
[NNENUM] Generating output Spec...
[NNENUM] Spec list length:  5
[NNENUM] Enumeration in progress... 
(0.1 sec) Q: 0, Sets: 0/1  (0.0%) CEs: 0 ETA: - (expected 1 stars)   
(0.2 sec) Q: 0, Sets: 3/7  (15.625%) CEs: 0 ETA: 0.9 sec (expected 19 stars)   
(0.3 sec) Q: 0, Sets: 9/12  (25.0%) CEs: 0 ETA: 0.8 sec (expected 36 stars)   
Total Stars: 25 (8 exact, 17 approx)
Unfinished Stars: 0
Runtime: 0.3 sec
Completed work frac: 1.0
Num Stars Copied Between Processes: 0
Num Lps During Enumeration: 384
Total Num Lps: 384

Result: network is SAFE

[NNENUM] Result: 
<nnenum.result.Result object at 0x7f94910c0550>
[NNENUM] Enumeration finished.
safe
[NNENUM] Found counter-example stars: 0
[NNENUM] Filtering result using SMT solver...
[SMT] SMT filtered out 0 stars (out of 0; TO: 0).
.[QUERY] Found all non-linear combinations. Count: 1
[QUERY] Found all non-linear combinations. Count: 1
[QUERY] Returning nonlinear disjunction
[CTRL] Considering conjunction with 5 input constraints and a disjunction of size 2
[APPROX] Checking cache: SNNT.Approx.ApproxCacheObject[]
[APPROX] Constructing Approximation
[APPROX] Resolving approximation
[CTRL] Initiating iterator over current linear queries
[APPROX] # Conjunctions over output: 2
[CTRL] Processing linear query no. 299
[NNENUM] Running nnenum now...
[NNENUM] lb: [16.376852110707294, 7.4262139003490955, -0.6724629577858541]
[NNENUM] ub: [31.703236423477783, 134.4925915571708, -0.36593527153044436]
[NNENUM] Creating LP Star...
[NNENUM] Checking feasibility
[NNENUM] Generating output Spec...
[NNENUM] Spec list length:  2
[NNENUM] Enumeration in progress... 
(0.0 sec) Q: 0, Sets: 0/1  (0.0%) CEs: 0 ETA: - (expected 1 stars)   

Total Stars: 2 (1 exact, 1 approx)
Unfinished Stars: 0
Runtime: 0.1 sec
Completed work frac: 1.0
Num Stars Copied Between Processes: 0
Num Lps During Enumeration: 78
Total Num Lps: 78

Result: network is SAFE

[NNENUM] Result: 
<nnenum.result.Result object at 0x7f94910de280>
[NNENUM] Enumeration finished.
safe
[NNENUM] Found counter-example stars: 0
[NNENUM] Filtering result using SMT solver...
[SMT] SMT filtered out 0 stars (out of 0; TO: 0).
[QUERY] Found all non-linear combinations. Count: 1
[QUERY] Found all non-linear combinations. Count: 1
[QUERY] Returning nonlinear disjunction
[CTRL] Considering conjunction with 5 input constraints and a disjunction of size 2
[APPROX] Checking cache: SNNT.Approx.ApproxCacheObject[]
[APPROX] Constructing Approximation
[APPROX] Resolving approximation
[CTRL] Initiating iterator over current linear queries
[APPROX] # Conjunctions over output: 2
[CTRL] Processing linear query no. 300
[NNENUM] Running nnenum now...
[NNENUM] lb: [16.376852110707294, 7.4262139003490955, 0.037131069501745474]
[NNENUM] ub: [31.703236423477783, 134.4925915571708, 0.672462957785854]
[NNENUM] Creating LP Star...
[NNENUM] Checking feasibility
[NNENUM] Generating output Spec...
[NNENUM] Spec list length:  2
[NNENUM] Enumeration in progress... 
(0.0 sec) Q: 0, Sets: 0/1  (0.0%) CEs: 0 ETA: - (expected 1 stars)   

Total Stars: 2 (1 exact, 1 approx)
Unfinished Stars: 0
Runtime: 0.0 sec
Completed work frac: 1.0
Num Stars Copied Between Processes: 0
Num Lps During Enumeration: 78
Total Num Lps: 78

Result: network is SAFE

[NNENUM] Result: 
<nnenum.result.Result object at 0x7f94910ce3d0>
[NNENUM] Enumeration finished.
safe
[NNENUM] Found counter-example stars: 0
[NNENUM] Filtering result using SMT solver...
[SMT] SMT filtered out 0 stars (out of 0; TO: 0).
..[QUERY] Found all non-linear combinations. Count: 1
[QUERY] Returning nonlinear disjunction
[CTRL] Considering conjunction with 5 input constraints and a disjunction of size 1
[APPROX] Checking cache: SNNT.Approx.ApproxCacheObject[]
[APPROX] Constructing Approximation
[APPROX] Resolving approximation
[CTRL] Initiating iterator over current linear queries
[APPROX] # Conjunctions over output: 1
[CTRL] Processing linear query no. 301
[NNENUM] Running nnenum now...
[NNENUM] lb: [16.376852110707294, 7.4262139003490955, -0.6724629577858541]
[NNENUM] ub: [31.703236423477783, 134.4925915571708, -0.36593527153044436]
[NNENUM] Creating LP Star...
[NNENUM] Checking feasibility
[NNENUM] Generating output Spec...
[NNENUM] Spec list length:  1
[NNENUM] Enumeration in progress... 
(0.2 sec) Q: 0, Sets: 0/1  (0.0%) CEs: 0 ETA: - (expected 1 stars)   

Total Stars: 2 (0 exact, 2 approx)
Unfinished Stars: 0
Runtime: 0.2 sec
Completed work frac: 1.0
Num Stars Copied Between Processes: 0
Num Lps During Enumeration: 0
Total Num Lps: 0

Result: network is SAFE

[NNENUM] Result: 
<nnenum.result.Result object at 0x7f94910d7bb0>
[NNENUM] Enumeration finished.
safe
[NNENUM] Found counter-example stars: 0
[NNENUM] Filtering result using SMT solver...
[SMT] SMT filtered out 0 stars (out of 0; TO: 0).
[QUERY] Found all non-linear combinations. Count: 1
[QUERY] Returning nonlinear disjunction
[CTRL] Considering conjunction with 5 input constraints and a disjunction of size 1
[APPROX] Checking cache: SNNT.Approx.ApproxCacheObject[]
[APPROX] Constructing Approximation
[APPROX] Resolving approximation
[CTRL] Initiating iterator over current linear queries
[APPROX] # Conjunctions over output: 1
[CTRL] Processing linear query no. 302
[NNENUM] Running nnenum now...
[NNENUM] lb: [0.07999999999999999, 7.4262139003490955, 0.037131069501745474]
[NNENUM] ub: [16.376852110707294, 134.4925915571708, 0.672462957785854]
[NNENUM] Creating LP Star...
[NNENUM] Checking feasibility
[NNENUM] Generating output Spec...
[NNENUM] Spec list length:  1
[NNENUM] Enumeration in progress... 
(0.0 sec) Q: 0, Sets: 0/1  (0.0%) CEs: 0 ETA: - (expected 1 stars)   

Total Stars: 7 (0 exact, 7 approx)
Unfinished Stars: 0
Runtime: 0.1 sec
Completed work frac: 1.0
Num Stars Copied Between Processes: 0
Num Lps During Enumeration: 0
Total Num Lps: 0

Result: network is SAFE

[NNENUM] Result: 
<nnenum.result.Result object at 0x7f94910ce160>
[NNENUM] Enumeration finished.
safe
[NNENUM] Found counter-example stars: 0
[NNENUM] Filtering result using SMT solver...
[SMT] SMT filtered out 0 stars (out of 0; TO: 0).
[QUERY] Found all non-linear combinations. Count: 1
[QUERY] Found all non-linear combinations. Count: 1
[QUERY] Found all non-linear combinations. Count: 1
[QUERY] Found all non-linear combinations. Count: 1
[QUERY] Found all non-linear combinations. Count: 1
[QUERY] Returning nonlinear disjunction
[CTRL] Considering conjunction with 5 input constraints and a disjunction of size 5
[APPROX] Checking cache: SNNT.Approx.ApproxCacheObject[]
[APPROX] Constructing Approximation
[APPROX] Resolving approximation
[CTRL] Initiating iterator over current linear queries
[APPROX] # Conjunctions over output: 5
[CTRL] Processing linear query no. 303
[NNENUM] Running nnenum now...
[NNENUM] lb: [31.703236423477783, 7.4262139003490955, -0.3170323642347779]
[NNENUM] ub: [100.0, 134.4925915571708, -0.08918726864196047]
[NNENUM] Creating LP Star...
[NNENUM] Checking feasibility
[NNENUM] Generating output Spec...
[NNENUM] Spec list length:  5
[NNENUM] Enumeration in progress... 
(0.0 sec) Q: 0, Sets: 0/1  (0.0%) CEs: 0 ETA: - (expected 1 stars)   
(0.2 sec) Q: 0, Sets: 1/5  (6.25%) CEs: 0 ETA: 2.4 sec (expected 16 stars)   
(0.3 sec) Q: 0, Sets: 14/17  (43.75%) CEs: 0 ETA: 0.3 sec (expected 32 stars)   
Total Stars: 25 (8 exact, 17 approx)
Unfinished Stars: 0
Runtime: 0.3 sec
Completed work frac: 1.0
Num Stars Copied Between Processes: 0
Num Lps During Enumeration: 384
Total Num Lps: 384

Result: network is SAFE

[NNENUM] Result: 
<nnenum.result.Result object at 0x7f94910d8a60>
[NNENUM] Enumeration finished.
safe
[NNENUM] Found counter-example stars: 0
[NNENUM] Filtering result using SMT solver...
[SMT] SMT filtered out 0 stars (out of 0; TO: 0).
.[QUERY] Found all non-linear combinations. Count: 1
[QUERY] Found all non-linear combinations. Count: 1
[QUERY] Found all non-linear combinations. Count: 1
[QUERY] Found all non-linear combinations. Count: 1
[QUERY] Found all non-linear combinations. Count: 1
[QUERY] Returning nonlinear disjunction
[CTRL] Considering conjunction with 5 input constraints and a disjunction of size 5
[APPROX] Checking cache: SNNT.Approx.ApproxCacheObject[]
[APPROX] Constructing Approximation
[APPROX] Resolving approximation
[CTRL] Initiating iterator over current linear queries
[APPROX] # Conjunctions over output: 5
[CTRL] Processing linear query no. 304
[NNENUM] Running nnenum now...
[NNENUM] lb: [16.376852110707294, 7.4262139003490955, -0.3170323642347779]
[NNENUM] ub: [31.703236423477783, 134.4925915571708, -0.08918726864196047]
[NNENUM] Creating LP Star...
[NNENUM] Checking feasibility
[NNENUM] Generating output Spec...
[NNENUM] Spec list length:  5
[NNENUM] Enumeration in progress... 
(0.0 sec) Q: 0, Sets: 0/1  (0.0%) CEs: 0 ETA: - (expected 1 stars)   

Total Stars: 7 (1 exact, 6 approx)
Unfinished Stars: 0
Runtime: 0.1 sec
Completed work frac: 1.0
Num Stars Copied Between Processes: 0
Num Lps During Enumeration: 46
Total Num Lps: 46

Result: network is SAFE

[NNENUM] Result: 
<nnenum.result.Result object at 0x7f94910fc7f0>
[NNENUM] Enumeration finished.
safe
[NNENUM] Found counter-example stars: 0
[NNENUM] Filtering result using SMT solver...
[SMT] SMT filtered out 0 stars (out of 0; TO: 0).
.[QUERY] Found all non-linear combinations. Count: 1
[QUERY] Found all non-linear combinations. Count: 1
.[QUERY] Found all non-linear combinations. Count: 1
[QUERY] Returning nonlinear disjunction
[CTRL] Considering conjunction with 5 input constraints and a disjunction of size 3
[APPROX] Checking cache: SNNT.Approx.ApproxCacheObject[]
[APPROX] Constructing Approximation
[APPROX] Resolving approximation
[CTRL] Initiating iterator over current linear queries
[APPROX] # Conjunctions over output: 3
[CTRL] Processing linear query no. 305
[NNENUM] Running nnenum now...
[NNENUM] lb: [31.703236423477783, 7.4262139003490955, -0.3170323642347779]
[NNENUM] ub: [100.0, 134.4925915571708, -0.08918726864196047]
[NNENUM] Creating LP Star...
[NNENUM] Checking feasibility
[NNENUM] Generating output Spec...
[NNENUM] Spec list length:  3
[NNENUM] Enumeration in progress... 
(0.0 sec) Q: 0, Sets: 0/1  (0.0%) CEs: 0 ETA: - (expected 1 stars)   
(0.2 sec) Q: 0, Sets: 0/4  (0.0%) CEs: 0 ETA: - (expected 1 stars)   

Total Stars: 5 (3 exact, 2 approx)
Unfinished Stars: 0
Runtime: 0.2 sec
Completed work frac: 1.0
Num Stars Copied Between Processes: 0
Num Lps During Enumeration: 114
Total Num Lps: 114

Result: network is SAFE

[NNENUM] Result: 
<nnenum.result.Result object at 0x7f94910d6f40>
[NNENUM] Enumeration finished.
safe
[NNENUM] Found counter-example stars: 0
[NNENUM] Filtering result using SMT solver...
[SMT] SMT filtered out 0 stars (out of 0; TO: 0).
[QUERY] Found all non-linear combinations. Count: 6
[QUERY] Found all non-linear combinations. Count: 4
[QUERY] Returning nonlinear disjunction
[CTRL] Considering conjunction with 5 input constraints and a disjunction of size 2
[APPROX] Checking cache: SNNT.Approx.ApproxCacheObject[]
[APPROX] Constructing Approximation
[APPROX] Resolving approximation
[CTRL] Initiating iterator over current linear queries
[APPROX] # Conjunctions over output: 2
[CTRL] Processing linear query no. 306
[NNENUM] Running nnenum now...
[NNENUM] lb: [31.703236423477783, 7.4262139003490955, -0.3170323642347779]
[NNENUM] ub: [100.0, 134.4925915571708, -0.08918726864196047]
[NNENUM] Creating LP Star...
[NNENUM] Checking feasibility
[NNENUM] Generating output Spec...
[NNENUM] Spec list length:  2
[NNENUM] Enumeration in progress... 
(0.1 sec) Q: 0, Sets: 0/1  (0.0%) CEs: 0 ETA: - (expected 1 stars)   
(0.2 sec) Q: 0, Sets: 6/9  (40.625%) CEs: 0 ETA: 0.2 sec (expected 15 stars)   

Total Stars: 15 (9 exact, 6 approx)
Unfinished Stars: 0
Runtime: 0.2 sec
Completed work frac: 1.0
Num Stars Copied Between Processes: 0
Num Lps During Enumeration: 600
Total Num Lps: 600

Result: network is SAFE

[NNENUM] Result: 
<nnenum.result.Result object at 0x7f94910cec40>
[NNENUM] Enumeration finished.
safe
[NNENUM] Found counter-example stars: 0
[NNENUM] Filtering result using SMT solver...
[SMT] SMT filtered out 0 stars (out of 0; TO: 0).
.[QUERY] Found all non-linear combinations. Count: 2
[QUERY] Found all non-linear combinations. Count: 1
[QUERY] Returning nonlinear disjunction
[CTRL] Considering conjunction with 5 input constraints and a disjunction of size 2
[APPROX] Checking cache: SNNT.Approx.ApproxCacheObject[]
[APPROX] Constructing Approximation
[APPROX] Resolving approximation
[CTRL] Initiating iterator over current linear queries
[APPROX] # Conjunctions over output: 2
[CTRL] Processing linear query no. 307
[NNENUM] Running nnenum now...
[NNENUM] lb: [31.703236423477783, 7.4262139003490955, -0.3170323642347779]
[NNENUM] ub: [100.0, 134.4925915571708, -0.08918726864196047]
[NNENUM] Creating LP Star...
[NNENUM] Checking feasibility
[NNENUM] Generating output Spec...
[NNENUM] Spec list length:  2
[NNENUM] Enumeration in progress... 
(0.0 sec) Q: 0, Sets: 0/1  (0.0%) CEs: 0 ETA: - (expected 1 stars)   
(0.2 sec) Q: 0, Sets: 0/3  (0.0%) CEs: 0 ETA: - (expected 1 stars)   

Total Stars: 3 (1 exact, 2 approx)
Unfinished Stars: 0
Runtime: 0.2 sec
Completed work frac: 1.0
Num Stars Copied Between Processes: 0
Num Lps During Enumeration: 111
Total Num Lps: 111

Result: network is SAFE

[NNENUM] Result: 
<nnenum.result.Result object at 0x7f94910d84c0>
[NNENUM] Enumeration finished.
safe
[NNENUM] Found counter-example stars: 0
[NNENUM] Filtering result using SMT solver...
[SMT] SMT filtered out 0 stars (out of 0; TO: 0).
[QUERY] Found all non-linear combinations. Count: 1
.[QUERY] Found all non-linear combinations. Count: 1
[QUERY] Found all non-linear combinations. Count: 1
[QUERY] Returning nonlinear disjunction
[CTRL] Considering conjunction with 5 input constraints and a disjunction of size 3
[APPROX] Checking cache: SNNT.Approx.ApproxCacheObject[]
[APPROX] Constructing Approximation
[APPROX] Resolving approximation
[CTRL] Initiating iterator over current linear queries
[APPROX] # Conjunctions over output: 3
[CTRL] Processing linear query no. 308
[NNENUM] Running nnenum now...
[NNENUM] lb: [31.703236423477783, 7.4262139003490955, -0.3170323642347779]
[NNENUM] ub: [100.0, 134.4925915571708, -0.08918726864196047]
[NNENUM] Creating LP Star...
[NNENUM] Checking feasibility
[NNENUM] Generating output Spec...
[NNENUM] Spec list length:  3
[NNENUM] Enumeration in progress... 
(0.0 sec) Q: 0, Sets: 0/1  (0.0%) CEs: 0 ETA: - (expected 1 stars)   

Total Stars: 4 (2 exact, 2 approx)
Unfinished Stars: 0
Runtime: 0.1 sec
Completed work frac: 1.0
Num Stars Copied Between Processes: 0
Num Lps During Enumeration: 94
Total Num Lps: 94

Result: network is SAFE

[NNENUM] Result: 
<nnenum.result.Result object at 0x7f94910fc130>
[NNENUM] Enumeration finished.
safe
[NNENUM] Found counter-example stars: 0
[NNENUM] Filtering result using SMT solver...
[SMT] SMT filtered out 0 stars (out of 0; TO: 0).
[QUERY] Found all non-linear combinations. Count: 4
[QUERY] Found all non-linear combinations. Count: 6
[QUERY] Returning nonlinear disjunction
[CTRL] Considering conjunction with 5 input constraints and a disjunction of size 2
[APPROX] Checking cache: SNNT.Approx.ApproxCacheObject[]
[APPROX] Constructing Approximation
[APPROX] Resolving approximation
[CTRL] Initiating iterator over current linear queries
[APPROX] # Conjunctions over output: 2
[CTRL] Processing linear query no. 309
[NNENUM] Running nnenum now...
[NNENUM] lb: [16.376852110707294, 7.4262139003490955, -0.3170323642347779]
[NNENUM] ub: [31.703236423477783, 134.4925915571708, -0.08918726864196047]
[NNENUM] Creating LP Star...
[NNENUM] Checking feasibility
[NNENUM] Generating output Spec...
[NNENUM] Spec list length:  2
[NNENUM] Enumeration in progress... 
(0.0 sec) Q: 0, Sets: 0/1  (0.0%) CEs: 0 ETA: - (expected 1 stars)   
(0.2 sec) Q: 0, Sets: 1/4  (50.0%) CEs: 0 ETA: 0.2 sec (expected 2 stars)   

Total Stars: 11 (3 exact, 8 approx)
Unfinished Stars: 0
Runtime: 0.2 sec
Completed work frac: 1.0
Num Stars Copied Between Processes: 0
Num Lps During Enumeration: 142
Total Num Lps: 142

Result: network is SAFE

[NNENUM] Result: 
<nnenum.result.Result object at 0x7f94910ce910>
[NNENUM] Enumeration finished.
safe
[NNENUM] Found counter-example stars: 0
[NNENUM] Filtering result using SMT solver...
[SMT] SMT filtered out 0 stars (out of 0; TO: 0).
[QUERY] Found all non-linear combinations. Count: 1
..[QUERY] Found all non-linear combinations. Count: 1
[QUERY] Returning nonlinear disjunction
[CTRL] Considering conjunction with 5 input constraints and a disjunction of size 2
[APPROX] Checking cache: SNNT.Approx.ApproxCacheObject[]
[APPROX] Constructing Approximation
[APPROX] Resolving approximation
[CTRL] Initiating iterator over current linear queries
[APPROX] # Conjunctions over output: 2
[CTRL] Processing linear query no. 310
[NNENUM] Running nnenum now...
[NNENUM] lb: [16.376852110707294, 7.4262139003490955, -0.3170323642347779]
[NNENUM] ub: [31.703236423477783, 134.4925915571708, -0.08918726864196047]
[NNENUM] Creating LP Star...
[NNENUM] Checking feasibility
[NNENUM] Generating output Spec...
[NNENUM] Spec list length:  2
[NNENUM] Enumeration in progress... 
(0.0 sec) Q: 0, Sets: 0/1  (0.0%) CEs: 0 ETA: - (expected 1 stars)   

Total Stars: 2 (0 exact, 2 approx)
Unfinished Stars: 0
Runtime: 0.0 sec
Completed work frac: 1.0
Num Stars Copied Between Processes: 0
Num Lps During Enumeration: 0
Total Num Lps: 0

Result: network is SAFE

[NNENUM] Result: 
<nnenum.result.Result object at 0x7f948ef44400>
[NNENUM] Enumeration finished.
safe
[NNENUM] Found counter-example stars: 0
[NNENUM] Filtering result using SMT solver...
[SMT] SMT filtered out 0 stars (out of 0; TO: 0).
[QUERY] Found all non-linear combinations. Count: 1
[QUERY] Found all non-linear combinations. Count: 1
.[QUERY] Found all non-linear combinations. Count: 1
[QUERY] Found all non-linear combinations. Count: 1
[QUERY] Returning nonlinear disjunction
[CTRL] Considering conjunction with 5 input constraints and a disjunction of size 4
[APPROX] Checking cache: SNNT.Approx.ApproxCacheObject[]
[APPROX] Constructing Approximation
[APPROX] Resolving approximation
[CTRL] Initiating iterator over current linear queries
[APPROX] # Conjunctions over output: 4
[CTRL] Processing linear query no. 311
[NNENUM] Running nnenum now...
[NNENUM] lb: [16.376852110707294, 7.4262139003490955, -0.3170323642347779]
[NNENUM] ub: [31.703236423477783, 134.4925915571708, -0.08918726864196047]
[NNENUM] Creating LP Star...
[NNENUM] Checking feasibility
[NNENUM] Generating output Spec...
[NNENUM] Spec list length:  4
[NNENUM] Enumeration in progress... 
(0.0 sec) Q: 0, Sets: 0/1  (0.0%) CEs: 0 ETA: - (expected 1 stars)   

Total Stars: 2 (1 exact, 1 approx)
Unfinished Stars: 0
Runtime: 0.0 sec
Completed work frac: 1.0
Num Stars Copied Between Processes: 0
Num Lps During Enumeration: 78
Total Num Lps: 78

Result: network is SAFE

[NNENUM] Result: 
<nnenum.result.Result object at 0x7f94948f52e0>
[NNENUM] Enumeration finished.
safe
[NNENUM] Found counter-example stars: 0
[NNENUM] Filtering result using SMT solver...
[SMT] SMT filtered out 0 stars (out of 0; TO: 0).
[QUERY] Found all non-linear combinations. Count: 1
[QUERY] Found all non-linear combinations. Count: 1
[QUERY] Returning nonlinear disjunction
[CTRL] Considering conjunction with 5 input constraints and a disjunction of size 2
[APPROX] Checking cache: SNNT.Approx.ApproxCacheObject[]
[APPROX] Constructing Approximation
[APPROX] Resolving approximation
[CTRL] Initiating iterator over current linear queries
[APPROX] # Conjunctions over output: 2
[CTRL] Processing linear query no. 312
[NNENUM] Running nnenum now...
[NNENUM] lb: [16.376852110707294, 7.4262139003490955, -0.3170323642347779]
[NNENUM] ub: [31.703236423477783, 134.4925915571708, -0.08918726864196047]
[NNENUM] Creating LP Star...
[NNENUM] Checking feasibility
[NNENUM] Generating output Spec...
[NNENUM] Spec list length:  2
[NNENUM] Enumeration in progress... 
(0.2 sec) Q: 0, Sets: 0/1  (0.0%) CEs: 0 ETA: - (expected 1 stars)   

Total Stars: 4 (2 exact, 2 approx)
Unfinished Stars: 0
Runtime: 0.2 sec
Completed work frac: 1.0
Num Stars Copied Between Processes: 0
Num Lps During Enumeration: 104
Total Num Lps: 104

Result: network is SAFE

[NNENUM] Result: 
<nnenum.result.Result object at 0x7f9491da7ee0>
[NNENUM] Enumeration finished.
safe
[NNENUM] Found counter-example stars: 0
[NNENUM] Filtering result using SMT solver...
[SMT] SMT filtered out 0 stars (out of 0; TO: 0).
.[QUERY] Found all non-linear combinations. Count: 1
[QUERY] Found all non-linear combinations. Count: 1
[QUERY] Found all non-linear combinations. Count: 1
[QUERY] Found all non-linear combinations. Count: 1
[QUERY] Returning nonlinear disjunction
[CTRL] Considering conjunction with 5 input constraints and a disjunction of size 4
[APPROX] Checking cache: SNNT.Approx.ApproxCacheObject[]
[APPROX] Constructing Approximation
[APPROX] Resolving approximation
[CTRL] Initiating iterator over current linear queries
[APPROX] # Conjunctions over output: 4
[CTRL] Processing linear query no. 313
[NNENUM] Running nnenum now...
[NNENUM] lb: [16.376852110707294, 0.09999999999999999, -0.3170323642347779]
[NNENUM] ub: [31.703236423477783, 7.4262139003490955, -0.08918726864196047]
[NNENUM] Creating LP Star...
[NNENUM] Checking feasibility
[NNENUM] Generating output Spec...
[NNENUM] Spec list length:  4
[NNENUM] Enumeration in progress... 

[NNENUM] Result: 
<nnenum.result.Result object at 0x7f94910c0c10>
[NNENUM] Enumeration finished.
safe
[NNENUM] Filtering result using SMT solver...
[SMT] SMT filtered out 0 stars (out of 0; TO: 0).
[QUERY] Found all non-linear combinations. Count: 1
[QUERY] Found all non-linear combinations. Count: 1
[QUERY] Found all non-linear combinations. Count: 1
[QUERY] Returning nonlinear disjunction
[CTRL] Considering conjunction with 5 input constraints and a disjunction of size 3
[APPROX] Checking cache: SNNT.Approx.ApproxCacheObject[]
[APPROX] Constructing Approximation
[APPROX] Resolving approximation
[CTRL] Initiating iterator over current linear queries
[APPROX] # Conjunctions over output: 3
[CTRL] Processing linear query no. 314
[NNENUM] Running nnenum now...
[NNENUM] lb: [31.703236423477783, 0.09999999999999999, -0.3170323642347779]
[NNENUM] ub: [100.0, 7.4262139003490955, -0.08918726864196047]
[NNENUM] Creating LP Star...
[NNENUM] Checking feasibility
[NNENUM] Generating output Spec...
[NNENUM] Spec list length:  3
[NNENUM] Enumeration in progress... 

[NNENUM] Result: 
<nnenum.result.Result object at 0x7f94948d1dc0>
[NNENUM] Enumeration finished.
safe
[NNENUM] Filtering result using SMT solver...
[SMT] SMT filtered out 0 stars (out of 0; TO: 0).
[QUERY] Found all non-linear combinations. Count: 1
[QUERY] Found all non-linear combinations. Count: 1
.[QUERY] Found all non-linear combinations. Count: 1
[QUERY] Found all non-linear combinations. Count: 1
[QUERY] Returning nonlinear disjunction
[CTRL] Considering conjunction with 5 input constraints and a disjunction of size 4
[APPROX] Checking cache: SNNT.Approx.ApproxCacheObject[]
[APPROX] Constructing Approximation
[APPROX] Resolving approximation
[CTRL] Initiating iterator over current linear queries
[APPROX] # Conjunctions over output: 4
[CTRL] Processing linear query no. 315
[NNENUM] Running nnenum now...
[NNENUM] lb: [16.376852110707294, 0.0, -0.3170323642347779]
[NNENUM] ub: [31.703236423477783, 0.0, -0.08918726864196047]
[NNENUM] Creating LP Star...
[NNENUM] Checking feasibility
[NNENUM] Generating output Spec...
[NNENUM] Spec list length:  4
[NNENUM] Enumeration in progress... 

[NNENUM] Result: 
<nnenum.result.Result object at 0x7f9494cda820>
[NNENUM] Enumeration finished.
safe
[NNENUM] Filtering result using SMT solver...
[SMT] SMT filtered out 0 stars (out of 0; TO: 0).
[QUERY] Found all non-linear combinations. Count: 1
[QUERY] Found all non-linear combinations. Count: 1
[QUERY] Found all non-linear combinations. Count: 1
[QUERY] Found all non-linear combinations. Count: 1
[QUERY] Found all non-linear combinations. Count: 1
[QUERY] Found all non-linear combinations. Count: 1
[QUERY] Found all non-linear combinations. Count: 2
[QUERY] Found all non-linear combinations. Count: 2
[QUERY] Found all non-linear combinations. Count: 2
[QUERY] Found all non-linear combinations. Count: 2
[QUERY] Found all non-linear combinations. Count: 2
[QUERY] Found all non-linear combinations. Count: 2
.[QUERY] Found all non-linear combinations. Count: 1
[QUERY] Found all non-linear combinations. Count: 3
[QUERY] Found all non-linear combinations. Count: 1
[QUERY] Found all non-linear combinations. Count: 2
[QUERY] Returning nonlinear disjunction
[CTRL] Considering conjunction with 5 input constraints and a disjunction of size 16
[APPROX] Checking cache: SNNT.Approx.ApproxCacheObject[]
[APPROX] Constructing Approximation
[APPROX] Resolving approximation
[CTRL] Initiating iterator over current linear queries
[APPROX] # Conjunctions over output: 16
[CTRL] Processing linear query no. 316
[NNENUM] Running nnenum now...
[NNENUM] lb: [31.703236423477783, -134.49259155717084, -0.3170323642347779]
[NNENUM] ub: [100.0, -73.18705430608887, -0.08918726864196047]
[NNENUM] Creating LP Star...
[NNENUM] Checking feasibility
[NNENUM] Generating output Spec...
[NNENUM] Spec list length:  16
[NNENUM] Enumeration in progress... 

[NNENUM] Result: 
<nnenum.result.Result object at 0x7f94910de400>
[NNENUM] Enumeration finished.
safe
[NNENUM] Filtering result using SMT solver...
[SMT] SMT filtered out 0 stars (out of 0; TO: 0).
[QUERY] Found all non-linear combinations. Count: 1
[QUERY] Found all non-linear combinations. Count: 1
[QUERY] Found all non-linear combinations. Count: 1
[QUERY] Found all non-linear combinations. Count: 1
[QUERY] Returning nonlinear disjunction
[CTRL] Considering conjunction with 5 input constraints and a disjunction of size 4
[APPROX] Checking cache: SNNT.Approx.ApproxCacheObject[]
[APPROX] Constructing Approximation
[APPROX] Resolving approximation
[CTRL] Initiating iterator over current linear queries
[APPROX] # Conjunctions over output: 4
[CTRL] Processing linear query no. 317
[NNENUM] Running nnenum now...
[NNENUM] lb: [16.376852110707294, -2.1, -0.3170323642347779]
[NNENUM] ub: [31.703236423477783, 0.0, -0.08918726864196047]
[NNENUM] Creating LP Star...
[NNENUM] Checking feasibility
[NNENUM] Generating output Spec...
[NNENUM] Spec list length:  4
[NNENUM] Enumeration in progress... 

[NNENUM] Result: 
<nnenum.result.Result object at 0x7f9494cefca0>
[NNENUM] Enumeration finished.
safe
[NNENUM] Filtering result using SMT solver...
[SMT] SMT filtered out 0 stars (out of 0; TO: 0).
[QUERY] Found all non-linear combinations. Count: 1
[QUERY] Found all non-linear combinations. Count: 1
[QUERY] Returning nonlinear disjunction
[CTRL] Considering conjunction with 5 input constraints and a disjunction of size 2
[APPROX] Checking cache: SNNT.Approx.ApproxCacheObject[]
[APPROX] Constructing Approximation
[APPROX] Resolving approximation
[CTRL] Initiating iterator over current linear queries
[APPROX] # Conjunctions over output: 2
[CTRL] Processing linear query no. 318
[NNENUM] Running nnenum now...
[NNENUM] lb: [31.703236423477783, -2.1, -0.3170323642347779]
[NNENUM] ub: [100.0, 0.0, -0.08918726864196047]
[NNENUM] Creating LP Star...
[NNENUM] Checking feasibility
[NNENUM] Generating output Spec...
[NNENUM] Spec list length:  2
[NNENUM] Enumeration in progress... 

[NNENUM] Result: 
<nnenum.result.Result object at 0x7f94910c0160>
[NNENUM] Enumeration finished.
safe
[NNENUM] Filtering result using SMT solver...
[SMT] SMT filtered out 0 stars (out of 0; TO: 0).
[QUERY] Found all non-linear combinations. Count: 1
.[QUERY] Found all non-linear combinations. Count: 1
[QUERY] Found all non-linear combinations. Count: 1
[QUERY] Found all non-linear combinations. Count: 1
[QUERY] Found all non-linear combinations. Count: 1
[QUERY] Found all non-linear combinations. Count: 1
[QUERY] Found all non-linear combinations. Count: 1
[QUERY] Found all non-linear combinations. Count: 1
[QUERY] Returning nonlinear disjunction
[CTRL] Considering conjunction with 5 input constraints and a disjunction of size 8
[APPROX] Checking cache: SNNT.Approx.ApproxCacheObject[]
[APPROX] Constructing Approximation
[APPROX] Resolving approximation
[CTRL] Initiating iterator over current linear queries
[APPROX] # Conjunctions over output: 8
[CTRL] Processing linear query no. 319
[NNENUM] Running nnenum now...
[NNENUM] lb: [31.703236423477783, -17.837453728392095, -0.3170323642347779]
[NNENUM] ub: [100.0, -2.1, -0.08918726864196047]
[NNENUM] Creating LP Star...
[NNENUM] Checking feasibility
[NNENUM] Generating output Spec...
[NNENUM] Spec list length:  8
[NNENUM] Enumeration in progress... 
(0.0 sec) Q: 0, Sets: 0/1  (0.0%) CEs: 0 ETA: - (expected 1 stars)   
(0.2 sec) Q: 0, Sets: 2/5  (31.25%) CEs: 0 ETA: 0.4 sec (expected 6 stars)   
(0.3 sec) Q: 0, Sets: 6/9  (62.5%) CEs: 0 ETA: 0.2 sec (expected 10 stars)   
Total Stars: 16 (1 exact, 15 approx)
Unfinished Stars: 0
Runtime: 0.3 sec
Completed work frac: 1.0
Num Stars Copied Between Processes: 0
Num Lps During Enumeration: 39
Total Num Lps: 39

Result: network is SAFE

[NNENUM] Result: 
<nnenum.result.Result object at 0x7f94910c1670>
[NNENUM] Enumeration finished.
safe
[NNENUM] Found counter-example stars: 0
[NNENUM] Filtering result using SMT solver...
[SMT] SMT filtered out 0 stars (out of 0; TO: 0).
[QUERY] Found all non-linear combinations. Count: 1
[QUERY] Found all non-linear combinations. Count: 1
[QUERY] Returning nonlinear disjunction
[CTRL] Considering conjunction with 5 input constraints and a disjunction of size 2
[APPROX] Checking cache: SNNT.Approx.ApproxCacheObject[]
[APPROX] Constructing Approximation
[APPROX] Resolving approximation
[CTRL] Initiating iterator over current linear queries
[APPROX] # Conjunctions over output: 2
[CTRL] Processing linear query no. 320
[NNENUM] Running nnenum now...
[NNENUM] lb: [31.703236423477783, 0.0, -0.3170323642347779]
[NNENUM] ub: [100.0, 0.0, -0.08918726864196047]
[NNENUM] Creating LP Star...
[NNENUM] Checking feasibility
[NNENUM] Generating output Spec...
[NNENUM] Spec list length:  2
[NNENUM] Enumeration in progress... 

[NNENUM] Result: 
<nnenum.result.Result object at 0x7f94910d25b0>
[NNENUM] Enumeration finished.
safe
[NNENUM] Filtering result using SMT solver...
[SMT] SMT filtered out 0 stars (out of 0; TO: 0).
[QUERY] Found all non-linear combinations. Count: 1
[QUERY] Found all non-linear combinations. Count: 1
[QUERY] Found all non-linear combinations. Count: 1
[QUERY] Found all non-linear combinations. Count: 1
[QUERY] Found all non-linear combinations. Count: 1
[QUERY] Found all non-linear combinations. Count: 1
[QUERY] Found all non-linear combinations. Count: 1
[QUERY] Found all non-linear combinations. Count: 1
[QUERY] Found all non-linear combinations. Count: 1
[QUERY] Found all non-linear combinations. Count: 1
[QUERY] Found all non-linear combinations. Count: 1
[QUERY] Found all non-linear combinations. Count: 1
[QUERY] Found all non-linear combinations. Count: 1
[QUERY] Found all non-linear combinations. Count: 1
[QUERY] Returning nonlinear disjunction
[CTRL] Considering conjunction with 5 input constraints and a disjunction of size 14
[APPROX] Checking cache: SNNT.Approx.ApproxCacheObject[]
[APPROX] Constructing Approximation
[APPROX] Resolving approximation
[CTRL] Initiating iterator over current linear queries
[APPROX] # Conjunctions over output: 14
[CTRL] Processing linear query no. 321
[NNENUM] Running nnenum now...
[NNENUM] lb: [16.376852110707294, -134.49259155717084, -0.3170323642347779]
[NNENUM] ub: [31.703236423477783, -73.18705430608887, -0.08918726864196047]
[NNENUM] Creating LP Star...
[NNENUM] Checking feasibility
[NNENUM] Generating output Spec...
[NNENUM] Spec list length:  14
[NNENUM] Enumeration in progress... 

[NNENUM] Result: 
<nnenum.result.Result object at 0x7f94910dec40>
[NNENUM] Enumeration finished.
safe
[NNENUM] Filtering result using SMT solver...
[SMT] SMT filtered out 0 stars (out of 0; TO: 0).
[QUERY] Found all non-linear combinations. Count: 1
[QUERY] Found all non-linear combinations. Count: 1
[QUERY] Returning nonlinear disjunction
[CTRL] Considering conjunction with 5 input constraints and a disjunction of size 2
[APPROX] Checking cache: SNNT.Approx.ApproxCacheObject[]
[APPROX] Constructing Approximation
[APPROX] Resolving approximation
[CTRL] Initiating iterator over current linear queries
[APPROX] # Conjunctions over output: 2
[CTRL] Processing linear query no. 322
[NNENUM] Running nnenum now...
[NNENUM] lb: [31.703236423477783, -134.49259155717084, -0.3170323642347779]
[NNENUM] ub: [100.0, -73.18705430608887, -0.08918726864196047]
[NNENUM] Creating LP Star...
[NNENUM] Checking feasibility
[NNENUM] Generating output Spec...
[NNENUM] Spec list length:  2
[NNENUM] Enumeration in progress... 

[NNENUM] Result: 
<nnenum.result.Result object at 0x7f94910c34f0>
[NNENUM] Enumeration finished.
safe
[NNENUM] Filtering result using SMT solver...
[SMT] SMT filtered out 0 stars (out of 0; TO: 0).
[QUERY] Found all non-linear combinations. Count: 1
[QUERY] Found all non-linear combinations. Count: 1
[QUERY] Found all non-linear combinations. Count: 1
[QUERY] Returning nonlinear disjunction
[CTRL] Considering conjunction with 5 input constraints and a disjunction of size 3
[APPROX] Checking cache: SNNT.Approx.ApproxCacheObject[]
[APPROX] Constructing Approximation
[APPROX] Resolving approximation
[CTRL] Initiating iterator over current linear queries
[APPROX] # Conjunctions over output: 3
[CTRL] Processing linear query no. 323
[NNENUM] Running nnenum now...
[NNENUM] lb: [31.703236423477783, -134.49259155717084, -0.3170323642347779]
[NNENUM] ub: [100.0, -73.18705430608887, -0.08918726864196047]
[NNENUM] Creating LP Star...
[NNENUM] Checking feasibility
[NNENUM] Generating output Spec...
[NNENUM] Spec list length:  3
[NNENUM] Enumeration in progress... 

[NNENUM] Result: 
<nnenum.result.Result object at 0x7f94910c05e0>
[NNENUM] Enumeration finished.
safe
[NNENUM] Filtering result using SMT solver...
[SMT] SMT filtered out 0 stars (out of 0; TO: 0).
[QUERY] Found all non-linear combinations. Count: 2
[QUERY] Found all non-linear combinations. Count: 1
[QUERY] Found all non-linear combinations. Count: 1
[QUERY] Returning nonlinear disjunction
[CTRL] Considering conjunction with 5 input constraints and a disjunction of size 3
[APPROX] Checking cache: SNNT.Approx.ApproxCacheObject[]
[APPROX] Constructing Approximation
[APPROX] Resolving approximation
[CTRL] Initiating iterator over current linear queries
[APPROX] # Conjunctions over output: 3
[CTRL] Processing linear query no. 324
[NNENUM] Running nnenum now...
[NNENUM] lb: [31.703236423477783, -63.40647284695557, -0.3170323642347779]
[NNENUM] ub: [100.0, -17.837453728392095, -0.08918726864196047]
[NNENUM] Creating LP Star...
[NNENUM] Checking feasibility
[NNENUM] Generating output Spec...
[NNENUM] Spec list length:  3
[NNENUM] Enumeration in progress... 
(0.2 sec) Q: 0, Sets: 0/1  (0.0%) CEs: 0 ETA: - (expected 1 stars)   

Total Stars: 8 (4 exact, 4 approx)
Unfinished Stars: 0
Runtime: 0.2 sec
Completed work frac: 1.0
Num Stars Copied Between Processes: 0
Num Lps During Enumeration: 233
Total Num Lps: 233

Result: network is SAFE

[NNENUM] Result: 
<nnenum.result.Result object at 0x7f94910c1130>
[NNENUM] Enumeration finished.
safe
[NNENUM] Found counter-example stars: 0
[NNENUM] Filtering result using SMT solver...
[SMT] SMT filtered out 0 stars (out of 0; TO: 0).
[QUERY] Found all non-linear combinations. Count: 1
[QUERY] Found all non-linear combinations. Count: 1
[QUERY] Found all non-linear combinations. Count: 1
[QUERY] Found all non-linear combinations. Count: 1
[QUERY] Found all non-linear combinations. Count: 1
[QUERY] Found all non-linear combinations. Count: 1
[QUERY] Found all non-linear combinations. Count: 1
[QUERY] Found all non-linear combinations. Count: 1
.[QUERY] Found all non-linear combinations. Count: 1
[QUERY] Found all non-linear combinations. Count: 1
[QUERY] Found all non-linear combinations. Count: 1
[QUERY] Found all non-linear combinations. Count: 1
[QUERY] Found all non-linear combinations. Count: 1
[QUERY] Found all non-linear combinations. Count: 1
[QUERY] Found all non-linear combinations. Count: 1
[QUERY] Found all non-linear combinations. Count: 1
[QUERY] Found all non-linear combinations. Count: 1
[QUERY] Returning nonlinear disjunction
[CTRL] Considering conjunction with 5 input constraints and a disjunction of size 17
[APPROX] Checking cache: SNNT.Approx.ApproxCacheObject[]
[APPROX] Constructing Approximation
[APPROX] Resolving approximation
[CTRL] Initiating iterator over current linear queries
[APPROX] # Conjunctions over output: 17
[CTRL] Processing linear query no. 325
[NNENUM] Running nnenum now...
[NNENUM] lb: [31.703236423477783, -200.0, -0.3170323642347779]
[NNENUM] ub: [100.0, -134.49259155717084, -0.08918726864196047]
[NNENUM] Creating LP Star...
[NNENUM] Checking feasibility
[NNENUM] Generating output Spec...
[NNENUM] Spec list length:  17
[NNENUM] Enumeration in progress... 

[NNENUM] Result: 
<nnenum.result.Result object at 0x7f94b33186a0>
[NNENUM] Enumeration finished.
safe
[NNENUM] Filtering result using SMT solver...
[SMT] SMT filtered out 0 stars (out of 0; TO: 0).
[QUERY] Found all non-linear combinations. Count: 1
[QUERY] Found all non-linear combinations. Count: 1
[QUERY] Returning nonlinear disjunction
[CTRL] Considering conjunction with 5 input constraints and a disjunction of size 2
[APPROX] Checking cache: SNNT.Approx.ApproxCacheObject[]
[APPROX] Constructing Approximation
[APPROX] Resolving approximation
[CTRL] Initiating iterator over current linear queries
[APPROX] # Conjunctions over output: 2
[CTRL] Processing linear query no. 326
[NNENUM] Running nnenum now...
[NNENUM] lb: [31.703236423477783, 0.0, -0.3170323642347779]
[NNENUM] ub: [100.0, 0.09999999999999999, -0.08918726864196047]
[NNENUM] Creating LP Star...
[NNENUM] Checking feasibility
[NNENUM] Generating output Spec...
[NNENUM] Spec list length:  2
[NNENUM] Enumeration in progress... 

[NNENUM] Result: 
<nnenum.result.Result object at 0x7f94910c34c0>
[NNENUM] Enumeration finished.
safe
[NNENUM] Filtering result using SMT solver...
[SMT] SMT filtered out 0 stars (out of 0; TO: 0).
[QUERY] Found all non-linear combinations. Count: 1
[QUERY] Found all non-linear combinations. Count: 1
[QUERY] Returning nonlinear disjunction
[CTRL] Considering conjunction with 5 input constraints and a disjunction of size 2
[APPROX] Checking cache: SNNT.Approx.ApproxCacheObject[]
[APPROX] Constructing Approximation
[APPROX] Resolving approximation
[CTRL] Initiating iterator over current linear queries
[APPROX] # Conjunctions over output: 2
[CTRL] Processing linear query no. 327
[NNENUM] Running nnenum now...
[NNENUM] lb: [31.703236423477783, 0.0, -0.3170323642347779]
[NNENUM] ub: [100.0, 0.0, -0.08918726864196047]
[NNENUM] Creating LP Star...
[NNENUM] Checking feasibility
[NNENUM] Generating output Spec...
[NNENUM] Spec list length:  2
[NNENUM] Enumeration in progress... 

[NNENUM] Result: 
<nnenum.result.Result object at 0x7f94910c0fd0>
[NNENUM] Enumeration finished.
safe
[NNENUM] Filtering result using SMT solver...
[SMT] SMT filtered out 0 stars (out of 0; TO: 0).
[QUERY] Found all non-linear combinations. Count: 1
[QUERY] Found all non-linear combinations. Count: 1
[QUERY] Found all non-linear combinations. Count: 1
[QUERY] Found all non-linear combinations. Count: 1
[QUERY] Returning nonlinear disjunction
[CTRL] Considering conjunction with 5 input constraints and a disjunction of size 4
[APPROX] Checking cache: SNNT.Approx.ApproxCacheObject[]
[APPROX] Constructing Approximation
[APPROX] Resolving approximation
[CTRL] Initiating iterator over current linear queries
[APPROX] # Conjunctions over output: 4
[CTRL] Processing linear query no. 328
[NNENUM] Running nnenum now...
[NNENUM] lb: [16.376852110707294, 0.0, -0.3170323642347779]
[NNENUM] ub: [31.703236423477783, 0.09999999999999999, -0.08918726864196047]
[NNENUM] Creating LP Star...
[NNENUM] Checking feasibility
[NNENUM] Generating output Spec...
[NNENUM] Spec list length:  4
[NNENUM] Enumeration in progress... 

[NNENUM] Result: 
<nnenum.result.Result object at 0x7f94910c1d00>
[NNENUM] Enumeration finished.
safe
[NNENUM] Filtering result using SMT solver...
[SMT] SMT filtered out 0 stars (out of 0; TO: 0).
[QUERY] Found all non-linear combinations. Count: 1
[QUERY] Found all non-linear combinations. Count: 1
[QUERY] Returning nonlinear disjunction
[CTRL] Considering conjunction with 5 input constraints and a disjunction of size 2
[APPROX] Checking cache: SNNT.Approx.ApproxCacheObject[]
[APPROX] Constructing Approximation
[APPROX] Resolving approximation
[CTRL] Initiating iterator over current linear queries
[APPROX] # Conjunctions over output: 2
[CTRL] Processing linear query no. 329
[NNENUM] Running nnenum now...
[NNENUM] lb: [31.703236423477783, -63.40647284695557, -0.3170323642347779]
[NNENUM] ub: [100.0, -17.837453728392095, -0.08918726864196047]
[NNENUM] Creating LP Star...
[NNENUM] Checking feasibility
[NNENUM] Generating output Spec...
[NNENUM] Spec list length:  2
[NNENUM] Enumeration in progress... 
(0.2 sec) Q: 0, Sets: 0/1  (0.0%) CEs: 0 ETA: - (expected 1 stars)   

Total Stars: 4 (1 exact, 3 approx)
Unfinished Stars: 0
Runtime: 0.2 sec
Completed work frac: 1.0
Num Stars Copied Between Processes: 0
Num Lps During Enumeration: 20
Total Num Lps: 20

Result: network is SAFE

[NNENUM] Result: 
<nnenum.result.Result object at 0x7f94910d26d0>
[NNENUM] Enumeration finished.
safe
[NNENUM] Found counter-example stars: 0
[NNENUM] Filtering result using SMT solver...
[SMT] SMT filtered out 0 stars (out of 0; TO: 0).
[QUERY] Found all non-linear combinations. Count: 1
[QUERY] Found all non-linear combinations. Count: 1
[QUERY] Returning nonlinear disjunction
[CTRL] Considering conjunction with 5 input constraints and a disjunction of size 2
[APPROX] Checking cache: SNNT.Approx.ApproxCacheObject[]
[APPROX] Constructing Approximation
[APPROX] Resolving approximation
[CTRL] Initiating iterator over current linear queries
[APPROX] # Conjunctions over output: 2
[CTRL] Processing linear query no. 330
[NNENUM] Running nnenum now...
[NNENUM] lb: [16.376852110707294, -63.40647284695557, -0.3170323642347779]
[NNENUM] ub: [31.703236423477783, -17.837453728392095, -0.08918726864196047]
[NNENUM] Creating LP Star...
[NNENUM] Checking feasibility
[NNENUM] Generating output Spec...
[NNENUM] Spec list length:  2
[NNENUM] Enumeration in progress... 

[NNENUM] Result: 
<nnenum.result.Result object at 0x7f94910dec10>
[NNENUM] Enumeration finished.
safe
[NNENUM] Filtering result using SMT solver...
[SMT] SMT filtered out 0 stars (out of 0; TO: 0).
[QUERY] Found all non-linear combinations. Count: 1
[QUERY] Found all non-linear combinations. Count: 1
[QUERY] Returning nonlinear disjunction
[CTRL] Considering conjunction with 5 input constraints and a disjunction of size 2
[APPROX] Checking cache: SNNT.Approx.ApproxCacheObject[]
[APPROX] Constructing Approximation
[APPROX] Resolving approximation
[CTRL] Initiating iterator over current linear queries
[APPROX] # Conjunctions over output: 2
[CTRL] Processing linear query no. 331
[NNENUM] Running nnenum now...
[NNENUM] lb: [16.376852110707294, -63.40647284695557, -0.3170323642347779]
[NNENUM] ub: [31.703236423477783, -17.837453728392095, -0.08918726864196047]
[NNENUM] Creating LP Star...
[NNENUM] Checking feasibility
[NNENUM] Generating output Spec...
[NNENUM] Spec list length:  2
[NNENUM] Enumeration in progress... 

[NNENUM] Result: 
<nnenum.result.Result object at 0x7f94948f8b20>
[NNENUM] Enumeration finished.
safe
[NNENUM] Filtering result using SMT solver...
[SMT] SMT filtered out 0 stars (out of 0; TO: 0).
[QUERY] Found all non-linear combinations. Count: 1
[QUERY] Found all non-linear combinations. Count: 1
[QUERY] Found all non-linear combinations. Count: 1
[QUERY] Found all non-linear combinations. Count: 1
[QUERY] Returning nonlinear disjunction
[CTRL] Considering conjunction with 5 input constraints and a disjunction of size 4
[APPROX] Checking cache: SNNT.Approx.ApproxCacheObject[]
[APPROX] Constructing Approximation
[APPROX] Resolving approximation
[CTRL] Initiating iterator over current linear queries
[APPROX] # Conjunctions over output: 4
[CTRL] Processing linear query no. 332
[NNENUM] Running nnenum now...
[NNENUM] lb: [31.703236423477783, -63.40647284695557, -0.3170323642347779]
[NNENUM] ub: [100.0, -17.837453728392095, -0.08918726864196047]
[NNENUM] Creating LP Star...
[NNENUM] Checking feasibility
[NNENUM] Generating output Spec...
[NNENUM] Spec list length:  4
[NNENUM] Enumeration in progress... 
(0.3 sec) Q: 0, Sets: 0/1  (0.0%) CEs: 0 ETA: - (expected 1 stars)   
(0.4 sec) Q: 0, Sets: 3/9  (6.25%) CEs: 0 ETA: 6.0 sec (expected 48 stars)   
(0.5 sec) Q: 0, Sets: 14/20  (25.0%) CEs: 0 ETA: 1.5 sec (expected 56 stars)   
Total Stars: 26 (2 exact, 24 approx)
Unfinished Stars: 0
Runtime: 0.6 sec
Completed work frac: 1.0
Num Stars Copied Between Processes: 0
Num Lps During Enumeration: 166
Total Num Lps: 166

Result: network is SAFE

[NNENUM] Result: 
<nnenum.result.Result object at 0x7f9494cefe20>
[NNENUM] Enumeration finished.
safe
[NNENUM] Found counter-example stars: 0
[NNENUM] Filtering result using SMT solver...
[SMT] SMT filtered out 0 stars (out of 0; TO: 0).
[QUERY] Found all non-linear combinations. Count: 1
[QUERY] Found all non-linear combinations. Count: 1
[QUERY] Found all non-linear combinations. Count: 1
[QUERY] Found all non-linear combinations. Count: 1
[QUERY] Returning nonlinear disjunction
[CTRL] Considering conjunction with 5 input constraints and a disjunction of size 4
[APPROX] Checking cache: SNNT.Approx.ApproxCacheObject[]
[APPROX] Constructing Approximation
[APPROX] Resolving approximation
[CTRL] Initiating iterator over current linear queries
[APPROX] # Conjunctions over output: 4
[CTRL] Processing linear query no. 333
[NNENUM] Running nnenum now...
[NNENUM] lb: [16.376852110707294, 0.0, -0.3170323642347779]
[NNENUM] ub: [31.703236423477783, 0.0, -0.08918726864196047]
[NNENUM] Creating LP Star...
[NNENUM] Checking feasibility
[NNENUM] Generating output Spec...
[NNENUM] Spec list length:  4
[NNENUM] Enumeration in progress... 

[NNENUM] Result: 
<nnenum.result.Result object at 0x7f94910c06d0>
[NNENUM] Enumeration finished.
safe
[NNENUM] Filtering result using SMT solver...
[SMT] SMT filtered out 0 stars (out of 0; TO: 0).
.[QUERY] Found all non-linear combinations. Count: 1
[QUERY] Found all non-linear combinations. Count: 1
[QUERY] Found all non-linear combinations. Count: 1
[QUERY] Returning nonlinear disjunction
[CTRL] Considering conjunction with 5 input constraints and a disjunction of size 3
[APPROX] Checking cache: SNNT.Approx.ApproxCacheObject[]
[APPROX] Constructing Approximation
[APPROX] Resolving approximation
[CTRL] Initiating iterator over current linear queries
[APPROX] # Conjunctions over output: 3
[CTRL] Processing linear query no. 334
[NNENUM] Running nnenum now...
[NNENUM] lb: [16.376852110707294, 0.0, -0.08918726864196047]
[NNENUM] ub: [31.703236423477783, 0.09999999999999999, 0.0]
[NNENUM] Creating LP Star...
[NNENUM] Checking feasibility
[NNENUM] Generating output Spec...
[NNENUM] Spec list length:  3
[NNENUM] Enumeration in progress... 

[NNENUM] Result: 
<nnenum.result.Result object at 0x7f94910dea90>
[NNENUM] Enumeration finished.
safe
[NNENUM] Filtering result using SMT solver...
[SMT] SMT filtered out 0 stars (out of 0; TO: 0).
[QUERY] Found all non-linear combinations. Count: 1
.[QUERY] Found all non-linear combinations. Count: 1
[QUERY] Returning nonlinear disjunction
[CTRL] Considering conjunction with 5 input constraints and a disjunction of size 2
[APPROX] Checking cache: SNNT.Approx.ApproxCacheObject[]
[APPROX] Constructing Approximation
[APPROX] Resolving approximation
[CTRL] Initiating iterator over current linear queries
[APPROX] # Conjunctions over output: 2
[CTRL] Processing linear query no. 335
[NNENUM] Running nnenum now...
[NNENUM] lb: [16.376852110707294, 0.0, -0.36593527153044436]
[NNENUM] ub: [31.703236423477783, 0.09999999999999999, -0.3170323642347779]
[NNENUM] Creating LP Star...
[NNENUM] Checking feasibility
[NNENUM] Generating output Spec...
[NNENUM] Spec list length:  2
[NNENUM] Enumeration in progress... 

[NNENUM] Result: 
<nnenum.result.Result object at 0x7f94910d2340>
[NNENUM] Enumeration finished.
safe
[NNENUM] Filtering result using SMT solver...
[SMT] SMT filtered out 0 stars (out of 0; TO: 0).
[QUERY] Found all non-linear combinations. Count: 1
[QUERY] Found all non-linear combinations. Count: 1
[QUERY] Returning nonlinear disjunction
[CTRL] Considering conjunction with 5 input constraints and a disjunction of size 2
[APPROX] Checking cache: SNNT.Approx.ApproxCacheObject[]
[APPROX] Constructing Approximation
[APPROX] Resolving approximation
[CTRL] Initiating iterator over current linear queries
[APPROX] # Conjunctions over output: 2
[CTRL] Processing linear query no. 336
[NNENUM] Running nnenum now...
[NNENUM] lb: [16.376852110707294, 0.0, 0.037131069501745474]
[NNENUM] ub: [31.703236423477783, 0.09999999999999999, 0.672462957785854]
[NNENUM] Creating LP Star...
[NNENUM] Checking feasibility
[NNENUM] Generating output Spec...
[NNENUM] Spec list length:  2
[NNENUM] Enumeration in progress... 

[NNENUM] Result: 
<nnenum.result.Result object at 0x7f94910fc5b0>
[NNENUM] Enumeration finished.
safe
[NNENUM] Filtering result using SMT solver...
[SMT] SMT filtered out 0 stars (out of 0; TO: 0).
[QUERY] Found all non-linear combinations. Count: 4
[QUERY] Returning nonlinear disjunction
[CTRL] Considering conjunction with 5 input constraints and a disjunction of size 1
[APPROX] Checking cache: SNNT.Approx.ApproxCacheObject[]
[APPROX] Constructing Approximation
[APPROX] Resolving approximation
[CTRL] Initiating iterator over current linear queries
[APPROX] # Conjunctions over output: 1
[CTRL] Processing linear query no. 337
[NNENUM] Running nnenum now...
[NNENUM] lb: [16.376852110707294, 7.4262139003490955, -0.6724629577858541]
[NNENUM] ub: [31.703236423477783, 134.4925915571708, -0.36593527153044436]
[NNENUM] Creating LP Star...
[NNENUM] Checking feasibility
[NNENUM] Generating output Spec...
[NNENUM] Spec list length:  1
[NNENUM] Enumeration in progress... 
(0.2 sec) Q: 0, Sets: 0/1  (0.0%) CEs: 0 ETA: - (expected 1 stars)   

Total Stars: 11 (3 exact, 8 approx)
Unfinished Stars: 0
Runtime: 0.2 sec
Completed work frac: 1.0
Num Stars Copied Between Processes: 0
Num Lps During Enumeration: 142
Total Num Lps: 142

Result: network is SAFE

[NNENUM] Result: 
<nnenum.result.Result object at 0x7f94948d18e0>
[NNENUM] Enumeration finished.
safe
[NNENUM] Found counter-example stars: 0
[NNENUM] Filtering result using SMT solver...
[SMT] SMT filtered out 0 stars (out of 0; TO: 0).
.[QUERY] Found all non-linear combinations. Count: 1
[QUERY] Returning nonlinear disjunction
[CTRL] Considering conjunction with 5 input constraints and a disjunction of size 1
[APPROX] Checking cache: SNNT.Approx.ApproxCacheObject[]
[APPROX] Constructing Approximation
[APPROX] Resolving approximation
[CTRL] Initiating iterator over current linear queries
[APPROX] # Conjunctions over output: 1
[CTRL] Processing linear query no. 338
[NNENUM] Running nnenum now...
[NNENUM] lb: [16.376852110707294, 7.4262139003490955, 0.037131069501745474]
[NNENUM] ub: [31.703236423477783, 134.4925915571708, 0.672462957785854]
[NNENUM] Creating LP Star...
[NNENUM] Checking feasibility
[NNENUM] Generating output Spec...
[NNENUM] Spec list length:  1
[NNENUM] Enumeration in progress... 
(0.0 sec) Q: 0, Sets: 0/1  (0.0%) CEs: 0 ETA: - (expected 1 stars)   

Total Stars: 2 (0 exact, 2 approx)
Unfinished Stars: 0
Runtime: 0.0 sec
Completed work frac: 1.0
Num Stars Copied Between Processes: 0
Num Lps During Enumeration: 0
Total Num Lps: 0

Result: network is SAFE

[NNENUM] Result: 
<nnenum.result.Result object at 0x7f94910c4160>
[NNENUM] Enumeration finished.
safe
[NNENUM] Found counter-example stars: 0
[NNENUM] Filtering result using SMT solver...
[SMT] SMT filtered out 0 stars (out of 0; TO: 0).
.[QUERY] Found all non-linear combinations. Count: 4
[QUERY] Returning nonlinear disjunction
[CTRL] Considering conjunction with 5 input constraints and a disjunction of size 1
[APPROX] Checking cache: SNNT.Approx.ApproxCacheObject[]
[APPROX] Constructing Approximation
[APPROX] Resolving approximation
[CTRL] Initiating iterator over current linear queries
[APPROX] # Conjunctions over output: 1
[CTRL] Processing linear query no. 339
[NNENUM] Running nnenum now...
[NNENUM] lb: [16.376852110707294, 7.4262139003490955, -0.36593527153044436]
[NNENUM] ub: [31.703236423477783, 134.4925915571708, -0.3170323642347779]
[NNENUM] Creating LP Star...
[NNENUM] Checking feasibility
[NNENUM] Generating output Spec...
[NNENUM] Spec list length:  1
[NNENUM] Enumeration in progress... 
(0.0 sec) Q: 0, Sets: 0/1  (0.0%) CEs: 0 ETA: - (expected 1 stars)   
(0.2 sec) Q: 0, Sets: 3/5  (68.75%) CEs: 0 ETA: 0.1 sec (expected 4 stars)   

Total Stars: 11 (3 exact, 8 approx)
Unfinished Stars: 0
Runtime: 0.2 sec
Completed work frac: 1.0
Num Stars Copied Between Processes: 0
Num Lps During Enumeration: 142
Total Num Lps: 142

Result: network is SAFE

[NNENUM] Result: 
<nnenum.result.Result object at 0x7f94910c49a0>
[NNENUM] Enumeration finished.
safe
[NNENUM] Found counter-example stars: 0
[NNENUM] Filtering result using SMT solver...
[SMT] SMT filtered out 0 stars (out of 0; TO: 0).
.[QUERY] Found all non-linear combinations. Count: 1
[QUERY] Returning nonlinear disjunction
[CTRL] Considering conjunction with 5 input constraints and a disjunction of size 1
[APPROX] Checking cache: SNNT.Approx.ApproxCacheObject[]
[APPROX] Constructing Approximation
[APPROX] Resolving approximation
[CTRL] Initiating iterator over current linear queries
[APPROX] # Conjunctions over output: 1
[CTRL] Processing linear query no. 340
[NNENUM] Running nnenum now...
[NNENUM] lb: [16.376852110707294, 7.4262139003490955, -0.36593527153044436]
[NNENUM] ub: [31.703236423477783, 134.4925915571708, -0.3170323642347779]
[NNENUM] Creating LP Star...
[NNENUM] Checking feasibility
[NNENUM] Generating output Spec...
[NNENUM] Spec list length:  1
[NNENUM] Enumeration in progress... 
(0.0 sec) Q: 0, Sets: 0/1  (0.0%) CEs: 0 ETA: - (expected 1 stars)   

Total Stars: 4 (2 exact, 2 approx)
Unfinished Stars: 0
Runtime: 0.1 sec
Completed work frac: 1.0
Num Stars Copied Between Processes: 0
Num Lps During Enumeration: 104
Total Num Lps: 104

Result: network is SAFE

[NNENUM] Result: 
<nnenum.result.Result object at 0x7f94910c4700>
[NNENUM] Enumeration finished.
safe
[NNENUM] Found counter-example stars: 0
[NNENUM] Filtering result using SMT solver...
[SMT] SMT filtered out 0 stars (out of 0; TO: 0).
[QUERY] Found all non-linear combinations. Count: 1
[QUERY] Found all non-linear combinations. Count: 1
[QUERY] Found all non-linear combinations. Count: 1
[QUERY] Found all non-linear combinations. Count: 1
[QUERY] Returning nonlinear disjunction
[CTRL] Considering conjunction with 5 input constraints and a disjunction of size 4
[APPROX] Checking cache: SNNT.Approx.ApproxCacheObject[]
[APPROX] Constructing Approximation
[APPROX] Resolving approximation
[CTRL] Initiating iterator over current linear queries
[APPROX] # Conjunctions over output: 4
[CTRL] Processing linear query no. 341
[NNENUM] Running nnenum now...
[NNENUM] lb: [16.376852110707294, 7.4262139003490955, -0.36593527153044436]
[NNENUM] ub: [31.703236423477783, 134.4925915571708, -0.3170323642347779]
[NNENUM] Creating LP Star...
[NNENUM] Checking feasibility
[NNENUM] Generating output Spec...
[NNENUM] Spec list length:  4
[NNENUM] Enumeration in progress... 
(0.0 sec) Q: 0, Sets: 0/1  (0.0%) CEs: 0 ETA: - (expected 1 stars)   
(0.2 sec) Q: 0, Sets: 0/4  (0.0%) CEs: 0 ETA: - (expected 1 stars)   

Total Stars: 7 (1 exact, 6 approx)
Unfinished Stars: 0
Runtime: 0.2 sec
Completed work frac: 1.0
Num Stars Copied Between Processes: 0
Num Lps During Enumeration: 46
Total Num Lps: 46

Result: network is SAFE

[NNENUM] Result: 
<nnenum.result.Result object at 0x7f94910c40a0>
[NNENUM] Enumeration finished.
safe
[NNENUM] Found counter-example stars: 0
[NNENUM] Filtering result using SMT solver...
[SMT] SMT filtered out 0 stars (out of 0; TO: 0).
[QUERY] Found all non-linear combinations. Count: 1
[QUERY] Returning nonlinear disjunction
[CTRL] Considering conjunction with 5 input constraints and a disjunction of size 1
[APPROX] Checking cache: SNNT.Approx.ApproxCacheObject[]
[APPROX] Constructing Approximation
[APPROX] Resolving approximation
[CTRL] Initiating iterator over current linear queries
[APPROX] # Conjunctions over output: 1
[CTRL] Processing linear query no. 342
[NNENUM] Running nnenum now...
[NNENUM] lb: [16.376852110707294, 7.4262139003490955, -0.36593527153044436]
[NNENUM] ub: [31.703236423477783, 134.4925915571708, -0.3170323642347779]
[NNENUM] Creating LP Star...
[NNENUM] Checking feasibility
[NNENUM] Generating output Spec...
[NNENUM] Spec list length:  1
[NNENUM] Enumeration in progress... 
(0.0 sec) Q: 0, Sets: 0/1  (0.0%) CEs: 0 ETA: - (expected 1 stars)   

Total Stars: 2 (0 exact, 2 approx)
Unfinished Stars: 0
Runtime: 0.0 sec
Completed work frac: 1.0
Num Stars Copied Between Processes: 0
Num Lps During Enumeration: 0
Total Num Lps: 0

Result: network is SAFE

[NNENUM] Result: 
<nnenum.result.Result object at 0x7f94910c4ca0>
[NNENUM] Enumeration finished.
safe
[NNENUM] Found counter-example stars: 0
[NNENUM] Filtering result using SMT solver...
[SMT] SMT filtered out 0 stars (out of 0; TO: 0).
[QUERY] Found all non-linear combinations. Count: 1
[QUERY] Found all non-linear combinations. Count: 1
[QUERY] Returning nonlinear disjunction
[CTRL] Considering conjunction with 5 input constraints and a disjunction of size 2
[APPROX] Checking cache: SNNT.Approx.ApproxCacheObject[]
[APPROX] Constructing Approximation
[APPROX] Resolving approximation
[CTRL] Initiating iterator over current linear queries
[APPROX] # Conjunctions over output: 2
[CTRL] Processing linear query no. 343
[NNENUM] Running nnenum now...
[NNENUM] lb: [16.376852110707294, 7.4262139003490955, -0.36593527153044436]
[NNENUM] ub: [31.703236423477783, 134.4925915571708, -0.3170323642347779]
[NNENUM] Creating LP Star...
[NNENUM] Checking feasibility
[NNENUM] Generating output Spec...
[NNENUM] Spec list length:  2
[NNENUM] Enumeration in progress... 
(0.0 sec) Q: 0, Sets: 0/1  (0.0%) CEs: 0 ETA: - (expected 1 stars)   

Total Stars: 2 (1 exact, 1 approx)
Unfinished Stars: 0
Runtime: 0.0 sec
Completed work frac: 1.0
Num Stars Copied Between Processes: 0
Num Lps During Enumeration: 78
Total Num Lps: 78

Result: network is SAFE

[NNENUM] Result: 
<nnenum.result.Result object at 0x7f94910c44f0>
[NNENUM] Enumeration finished.
safe
[NNENUM] Found counter-example stars: 0
[NNENUM] Filtering result using SMT solver...
[SMT] SMT filtered out 0 stars (out of 0; TO: 0).
.[QUERY] Found all non-linear combinations. Count: 1
[QUERY] Returning nonlinear disjunction
[CTRL] Considering conjunction with 5 input constraints and a disjunction of size 1
[APPROX] Checking cache: SNNT.Approx.ApproxCacheObject[]
[APPROX] Constructing Approximation
[APPROX] Resolving approximation
[CTRL] Initiating iterator over current linear queries
[APPROX] # Conjunctions over output: 1
[CTRL] Processing linear query no. 344
[NNENUM] Running nnenum now...
[NNENUM] lb: [16.376852110707294, 7.4262139003490955, -0.6724629577858541]
[NNENUM] ub: [31.703236423477783, 134.4925915571708, -0.36593527153044436]
[NNENUM] Creating LP Star...
[NNENUM] Checking feasibility
[NNENUM] Generating output Spec...
[NNENUM] Spec list length:  1
[NNENUM] Enumeration in progress... 
(0.2 sec) Q: 0, Sets: 0/1  (0.0%) CEs: 0 ETA: - (expected 1 stars)   

Total Stars: 4 (2 exact, 2 approx)
Unfinished Stars: 0
Runtime: 0.2 sec
Completed work frac: 1.0
Num Stars Copied Between Processes: 0
Num Lps During Enumeration: 104
Total Num Lps: 104

Result: network is SAFE

[NNENUM] Result: 
<nnenum.result.Result object at 0x7f94910d6cd0>
[NNENUM] Enumeration finished.
safe
[NNENUM] Found counter-example stars: 0
[NNENUM] Filtering result using SMT solver...
[SMT] SMT filtered out 0 stars (out of 0; TO: 0).
[QUERY] Found all non-linear combinations. Count: 1
[QUERY] Found all non-linear combinations. Count: 1
[QUERY] Found all non-linear combinations. Count: 1
[QUERY] Found all non-linear combinations. Count: 1
[QUERY] Returning nonlinear disjunction
[CTRL] Considering conjunction with 5 input constraints and a disjunction of size 4
[APPROX] Checking cache: SNNT.Approx.ApproxCacheObject[]
[APPROX] Constructing Approximation
[APPROX] Resolving approximation
[CTRL] Initiating iterator over current linear queries
[APPROX] # Conjunctions over output: 4
[CTRL] Processing linear query no. 345
[NNENUM] Running nnenum now...
[NNENUM] lb: [16.376852110707294, 7.4262139003490955, -0.6724629577858541]
[NNENUM] ub: [31.703236423477783, 134.4925915571708, -0.36593527153044436]
[NNENUM] Creating LP Star...
[NNENUM] Checking feasibility
[NNENUM] Generating output Spec...
[NNENUM] Spec list length:  4
[NNENUM] Enumeration in progress... 
(0.0 sec) Q: 0, Sets: 0/1  (0.0%) CEs: 0 ETA: - (expected 1 stars)   

Total Stars: 7 (1 exact, 6 approx)
Unfinished Stars: 0
Runtime: 0.1 sec
Completed work frac: 1.0
Num Stars Copied Between Processes: 0
Num Lps During Enumeration: 46
Total Num Lps: 46

Result: network is SAFE

[NNENUM] Result: 
<nnenum.result.Result object at 0x7f94910d63a0>
[NNENUM] Enumeration finished.
safe
[NNENUM] Found counter-example stars: 0
[NNENUM] Filtering result using SMT solver...
[SMT] SMT filtered out 0 stars (out of 0; TO: 0).
.[QUERY] Found all non-linear combinations. Count: 1
[QUERY] Returning nonlinear disjunction
[CTRL] Considering conjunction with 5 input constraints and a disjunction of size 1
[APPROX] Checking cache: SNNT.Approx.ApproxCacheObject[]
[APPROX] Constructing Approximation
[APPROX] Resolving approximation
[CTRL] Initiating iterator over current linear queries
[APPROX] # Conjunctions over output: 1
[CTRL] Processing linear query no. 346
[NNENUM] Running nnenum now...
[NNENUM] lb: [16.376852110707294, 7.4262139003490955, 0.037131069501745474]
[NNENUM] ub: [31.703236423477783, 134.4925915571708, 0.672462957785854]
[NNENUM] Creating LP Star...
[NNENUM] Checking feasibility
[NNENUM] Generating output Spec...
[NNENUM] Spec list length:  1
[NNENUM] Enumeration in progress... 
(0.1 sec) Q: 0, Sets: 0/1  (0.0%) CEs: 0 ETA: - (expected 1 stars)   
(0.2 sec) Q: 0, Sets: 0/4  (0.0%) CEs: 0 ETA: - (expected 1 stars)   

Total Stars: 7 (1 exact, 6 approx)
Unfinished Stars: 0
Runtime: 0.2 sec
Completed work frac: 1.0
Num Stars Copied Between Processes: 0
Num Lps During Enumeration: 46
Total Num Lps: 46

Result: network is SAFE

[NNENUM] Result: 
<nnenum.result.Result object at 0x7f94910ceac0>
[NNENUM] Enumeration finished.
safe
[NNENUM] Found counter-example stars: 0
[NNENUM] Filtering result using SMT solver...
[SMT] SMT filtered out 0 stars (out of 0; TO: 0).
.[QUERY] Found all non-linear combinations. Count: 1
[QUERY] Returning nonlinear disjunction
[CTRL] Considering conjunction with 5 input constraints and a disjunction of size 1
[APPROX] Checking cache: SNNT.Approx.ApproxCacheObject[]
[APPROX] Constructing Approximation
[APPROX] Resolving approximation
[CTRL] Initiating iterator over current linear queries
[APPROX] # Conjunctions over output: 1
[CTRL] Processing linear query no. 347
[NNENUM] Running nnenum now...
[NNENUM] lb: [16.376852110707294, 7.4262139003490955, 0.037131069501745474]
[NNENUM] ub: [31.703236423477783, 134.4925915571708, 0.672462957785854]
[NNENUM] Creating LP Star...
[NNENUM] Checking feasibility
[NNENUM] Generating output Spec...
[NNENUM] Spec list length:  1
[NNENUM] Enumeration in progress... 
(0.0 sec) Q: 0, Sets: 0/1  (0.0%) CEs: 0 ETA: - (expected 1 stars)   

Total Stars: 4 (2 exact, 2 approx)
Unfinished Stars: 0
Runtime: 0.0 sec
Completed work frac: 1.0
Num Stars Copied Between Processes: 0
Num Lps During Enumeration: 104
Total Num Lps: 104

Result: network is SAFE

[NNENUM] Result: 
<nnenum.result.Result object at 0x7f94910ee820>
[NNENUM] Enumeration finished.
safe
[NNENUM] Found counter-example stars: 0
[NNENUM] Filtering result using SMT solver...
[SMT] SMT filtered out 0 stars (out of 0; TO: 0).
[QUERY] Found all non-linear combinations. Count: 6
[QUERY] Returning nonlinear disjunction
[CTRL] Considering conjunction with 5 input constraints and a disjunction of size 1
[APPROX] Checking cache: SNNT.Approx.ApproxCacheObject[]
[APPROX] Constructing Approximation
[APPROX] Resolving approximation
[CTRL] Initiating iterator over current linear queries
[APPROX] # Conjunctions over output: 1
[CTRL] Processing linear query no. 348
[NNENUM] Running nnenum now...
[NNENUM] lb: [16.376852110707294, 7.4262139003490955, 0.037131069501745474]
[NNENUM] ub: [31.703236423477783, 134.4925915571708, 0.672462957785854]
[NNENUM] Creating LP Star...
[NNENUM] Checking feasibility
[NNENUM] Generating output Spec...
[NNENUM] Spec list length:  1
[NNENUM] Enumeration in progress... 
(0.0 sec) Q: 0, Sets: 0/1  (0.0%) CEs: 0 ETA: - (expected 1 stars)   
(0.2 sec) Q: 0, Sets: 3/5  (68.75%) CEs: 0 ETA: 0.1 sec (expected 4 stars)   

Total Stars: 11 (3 exact, 8 approx)
Unfinished Stars: 0
Runtime: 0.2 sec
Completed work frac: 1.0
Num Stars Copied Between Processes: 0
Num Lps During Enumeration: 142
Total Num Lps: 142

Result: network is SAFE

[NNENUM] Result: 
<nnenum.result.Result object at 0x7f94910d60a0>
[NNENUM] Enumeration finished.
safe
[NNENUM] Found counter-example stars: 0
[NNENUM] Filtering result using SMT solver...
[SMT] SMT filtered out 0 stars (out of 0; TO: 0).
[QUERY] Found all non-linear combinations. Count: 1
[QUERY] Found all non-linear combinations. Count: 1
[QUERY] Returning nonlinear disjunction
[CTRL] Considering conjunction with 5 input constraints and a disjunction of size 2
[APPROX] Checking cache: SNNT.Approx.ApproxCacheObject[]
[APPROX] Constructing Approximation
[APPROX] Resolving approximation
[CTRL] Initiating iterator over current linear queries
[APPROX] # Conjunctions over output: 2
[CTRL] Processing linear query no. 349
[NNENUM] Running nnenum now...
[NNENUM] lb: [0.07999999999999999, 7.4262139003490955, -0.6724629577858541]
[NNENUM] ub: [16.376852110707294, 134.4925915571708, -0.36593527153044436]
[NNENUM] Creating LP Star...
[NNENUM] Checking feasibility
[NNENUM] Generating output Spec...
[NNENUM] Spec list length:  2
[NNENUM] Enumeration in progress... 
(0.0 sec) Q: 0, Sets: 0/1  (0.0%) CEs: 0 ETA: - (expected 1 stars)   

Total Stars: 7 (0 exact, 7 approx)
Unfinished Stars: 0
Runtime: 0.1 sec
Completed work frac: 1.0
Num Stars Copied Between Processes: 0
Num Lps During Enumeration: 0
Total Num Lps: 0

Result: network is SAFE

[NNENUM] Result: 
<nnenum.result.Result object at 0x7f94910c0c10>
[NNENUM] Enumeration finished.
safe
[NNENUM] Found counter-example stars: 0
[NNENUM] Filtering result using SMT solver...
[SMT] SMT filtered out 0 stars (out of 0; TO: 0).
[QUERY] Found all non-linear combinations. Count: 1
[QUERY] Found all non-linear combinations. Count: 1
[QUERY] Found all non-linear combinations. Count: 1
[QUERY] Returning nonlinear disjunction
[CTRL] Considering conjunction with 5 input constraints and a disjunction of size 3
[APPROX] Checking cache: SNNT.Approx.ApproxCacheObject[]
[APPROX] Constructing Approximation
[APPROX] Resolving approximation
[CTRL] Initiating iterator over current linear queries
[APPROX] # Conjunctions over output: 3
[CTRL] Processing linear query no. 350
[NNENUM] Running nnenum now...
[NNENUM] lb: [31.703236423477783, 7.4262139003490955, -0.6724629577858541]
[NNENUM] ub: [100.0, 134.4925915571708, -0.36593527153044436]
[NNENUM] Creating LP Star...
[NNENUM] Checking feasibility
[NNENUM] Generating output Spec...
[NNENUM] Spec list length:  3
[NNENUM] Enumeration in progress... 
(0.0 sec) Q: 0, Sets: 0/1  (0.0%) CEs: 0 ETA: - (expected 1 stars)   
(0.2 sec) Q: 0, Sets: 0/4  (0.0%) CEs: 0 ETA: - (expected 1 stars)   
(0.3 sec) Q: 0, Sets: 12/16  (40.625%) CEs: 0 ETA: 0.4 sec (expected 30 stars)   
Total Stars: 25 (8 exact, 17 approx)
Unfinished Stars: 0
Runtime: 0.3 sec
Completed work frac: 1.0
Num Stars Copied Between Processes: 0
Num Lps During Enumeration: 384
Total Num Lps: 384

Result: network is SAFE

[NNENUM] Result: 
<nnenum.result.Result object at 0x7f94910de520>
[NNENUM] Enumeration finished.
safe
[NNENUM] Found counter-example stars: 0
[NNENUM] Filtering result using SMT solver...
[SMT] SMT filtered out 0 stars (out of 0; TO: 0).
..[QUERY] Found all non-linear combinations. Count: 2
.[QUERY] Found all non-linear combinations. Count: 4
[QUERY] Returning nonlinear disjunction
[CTRL] Considering conjunction with 5 input constraints and a disjunction of size 2
[APPROX] Checking cache: SNNT.Approx.ApproxCacheObject[]
[APPROX] Constructing Approximation
[APPROX] Resolving approximation
[CTRL] Initiating iterator over current linear queries
[APPROX] # Conjunctions over output: 2
[CTRL] Processing linear query no. 351
[NNENUM] Running nnenum now...
[NNENUM] lb: [0.07999999999999999, 7.4262139003490955, -0.6724629577858541]
[NNENUM] ub: [16.376852110707294, 134.4925915571708, -0.36593527153044436]
[NNENUM] Creating LP Star...
[NNENUM] Checking feasibility
[NNENUM] Generating output Spec...
[NNENUM] Spec list length:  2
[NNENUM] Enumeration in progress... 
(0.0 sec) Q: 0, Sets: 0/1  (0.0%) CEs: 0 ETA: - (expected 1 stars)   
(0.1 sec) Q: 0, Sets: 9/13  (50.0%) CEs: 0 ETA: 0.1 sec (expected 18 stars)   

Total Stars: 31 (6 exact, 25 approx)
Unfinished Stars: 0
Runtime: 0.2 sec
Completed work frac: 1.0
Num Stars Copied Between Processes: 0
Num Lps During Enumeration: 84
Total Num Lps: 84

Result: network is SAFE

[NNENUM] Result: 
<nnenum.result.Result object at 0x7f94910fc8b0>
[NNENUM] Enumeration finished.
safe
[NNENUM] Found counter-example stars: 0
[NNENUM] Filtering result using SMT solver...
[SMT] SMT filtered out 0 stars (out of 0; TO: 0).
[QUERY] Found all non-linear combinations. Count: 6
[QUERY] Returning nonlinear disjunction
[CTRL] Considering conjunction with 5 input constraints and a disjunction of size 1
[APPROX] Checking cache: SNNT.Approx.ApproxCacheObject[]
[APPROX] Constructing Approximation
[APPROX] Resolving approximation
[CTRL] Initiating iterator over current linear queries
[APPROX] # Conjunctions over output: 1
[CTRL] Processing linear query no. 352
[NNENUM] Running nnenum now...
[NNENUM] lb: [0.07999999999999999, 7.4262139003490955, 0.037131069501745474]
[NNENUM] ub: [16.376852110707294, 134.4925915571708, 0.672462957785854]
[NNENUM] Creating LP Star...
[NNENUM] Checking feasibility
[NNENUM] Generating output Spec...
[NNENUM] Spec list length:  1
[NNENUM] Enumeration in progress... 
(0.0 sec) Q: 0, Sets: 0/1  (0.0%) CEs: 0 ETA: - (expected 1 stars)   
(0.2 sec) Q: 0, Sets: 1/3  (25.0%) CEs: 0 ETA: 0.5 sec (expected 4 stars)   
(0.3 sec) Q: 0, Sets: 24/29  (79.297%) CEs: 0 ETA: 0.1 sec (expected 30 stars)   
Total Stars: 31 (6 exact, 25 approx)
Unfinished Stars: 0
Runtime: 0.3 sec
Completed work frac: 1.0
Num Stars Copied Between Processes: 0
Num Lps During Enumeration: 84
Total Num Lps: 84

Result: network is SAFE

[NNENUM] Result: 
<nnenum.result.Result object at 0x7f94910fc250>
[NNENUM] Enumeration finished.
safe
[NNENUM] Found counter-example stars: 0
[NNENUM] Filtering result using SMT solver...
[SMT] SMT filtered out 0 stars (out of 0; TO: 0).
[QUERY] Found all non-linear combinations. Count: 6
[QUERY] Returning nonlinear disjunction
[CTRL] Considering conjunction with 5 input constraints and a disjunction of size 1
[APPROX] Checking cache: SNNT.Approx.ApproxCacheObject[]
[APPROX] Constructing Approximation
[APPROX] Resolving approximation
[CTRL] Initiating iterator over current linear queries
[APPROX] # Conjunctions over output: 1
[CTRL] Processing linear query no. 353
[NNENUM] Running nnenum now...
[NNENUM] lb: [31.703236423477783, 7.4262139003490955, 0.037131069501745474]
[NNENUM] ub: [100.0, 134.4925915571708, 0.672462957785854]
[NNENUM] Creating LP Star...
[NNENUM] Checking feasibility
[NNENUM] Generating output Spec...
[NNENUM] Spec list length:  1
[NNENUM] Enumeration in progress... 
(0.0 sec) Q: 0, Sets: 0/1  (0.0%) CEs: 0 ETA: - (expected 1 stars)   

Total Stars: 15 (9 exact, 6 approx)
Unfinished Stars: 0
Runtime: 0.1 sec
Completed work frac: 1.0
Num Stars Copied Between Processes: 0
Num Lps During Enumeration: 600
Total Num Lps: 600

Result: network is SAFE

[NNENUM] Result: 
<nnenum.result.Result object at 0x7f94910fc0a0>
[NNENUM] Enumeration finished.
safe
[NNENUM] Found counter-example stars: 0
[NNENUM] Filtering result using SMT solver...
[SMT] SMT filtered out 0 stars (out of 0; TO: 0).
.[QUERY] Found all non-linear combinations. Count: 2
[QUERY] Returning nonlinear disjunction
[CTRL] Considering conjunction with 5 input constraints and a disjunction of size 1
[APPROX] Checking cache: SNNT.Approx.ApproxCacheObject[]
[APPROX] Constructing Approximation
[APPROX] Resolving approximation
[CTRL] Initiating iterator over current linear queries
[APPROX] # Conjunctions over output: 1
[CTRL] Processing linear query no. 354
[NNENUM] Running nnenum now...
[NNENUM] lb: [0.0, 7.4262139003490955, 0.037131069501745474]
[NNENUM] ub: [0.07999999999999999, 134.4925915571708, 0.672462957785854]
[NNENUM] Creating LP Star...
[NNENUM] Checking feasibility
[NNENUM] Generating output Spec...
[NNENUM] Spec list length:  1
[NNENUM] Enumeration in progress... 

[NNENUM] Result: 
<nnenum.result.Result object at 0x7f94948ebfa0>
[NNENUM] Enumeration finished.
safe
[NNENUM] Filtering result using SMT solver...
[SMT] SMT filtered out 0 stars (out of 0; TO: 0).
.[QUERY] Found all non-linear combinations. Count: 1
[QUERY] Returning nonlinear disjunction
[CTRL] Considering conjunction with 5 input constraints and a disjunction of size 1
[APPROX] Checking cache: SNNT.Approx.ApproxCacheObject[]
[APPROX] Constructing Approximation
[APPROX] Resolving approximation
[CTRL] Initiating iterator over current linear queries
[APPROX] # Conjunctions over output: 1
[CTRL] Processing linear query no. 355
[NNENUM] Running nnenum now...
[NNENUM] lb: [0.07999999999999999, 7.4262139003490955, 0.037131069501745474]
[NNENUM] ub: [16.376852110707294, 134.4925915571708, 0.672462957785854]
[NNENUM] Creating LP Star...
[NNENUM] Checking feasibility
[NNENUM] Generating output Spec...
[NNENUM] Spec list length:  1
[NNENUM] Enumeration in progress... 
(0.3 sec) Q: 0, Sets: 0/1  (0.0%) CEs: 0 ETA: - (expected 1 stars)   

Total Stars: 4 (0 exact, 4 approx)
Unfinished Stars: 0
Runtime: 0.3 sec
Completed work frac: 1.0
Num Stars Copied Between Processes: 0
Num Lps During Enumeration: 0
Total Num Lps: 0

Result: network is SAFE

[NNENUM] Result: 
<nnenum.result.Result object at 0x7f94910d7310>
[NNENUM] Enumeration finished.
safe
[NNENUM] Found counter-example stars: 0
[NNENUM] Filtering result using SMT solver...
[SMT] SMT filtered out 0 stars (out of 0; TO: 0).
[QUERY] Found all non-linear combinations. Count: 1
[QUERY] Returning nonlinear disjunction
[CTRL] Considering conjunction with 5 input constraints and a disjunction of size 1
[APPROX] Checking cache: SNNT.Approx.ApproxCacheObject[]
[APPROX] Constructing Approximation
[APPROX] Resolving approximation
[CTRL] Initiating iterator over current linear queries
[APPROX] # Conjunctions over output: 1
[CTRL] Processing linear query no. 356
[NNENUM] Running nnenum now...
[NNENUM] lb: [31.703236423477783, 7.4262139003490955, 0.037131069501745474]
[NNENUM] ub: [100.0, 134.4925915571708, 0.672462957785854]
[NNENUM] Creating LP Star...
[NNENUM] Checking feasibility
[NNENUM] Generating output Spec...
[NNENUM] Spec list length:  1
[NNENUM] Enumeration in progress... 
(0.0 sec) Q: 0, Sets: 0/1  (0.0%) CEs: 0 ETA: - (expected 1 stars)   

Total Stars: 3 (1 exact, 2 approx)
Unfinished Stars: 0
Runtime: 0.0 sec
Completed work frac: 1.0
Num Stars Copied Between Processes: 0
Num Lps During Enumeration: 111
Total Num Lps: 111

Result: network is SAFE

[NNENUM] Result: 
<nnenum.result.Result object at 0x7f94910c1be0>
[NNENUM] Enumeration finished.
safe
[NNENUM] Found counter-example stars: 0
[NNENUM] Filtering result using SMT solver...
[SMT] SMT filtered out 0 stars (out of 0; TO: 0).
.[QUERY] Found all non-linear combinations. Count: 1
[QUERY] Returning nonlinear disjunction
[CTRL] Considering conjunction with 5 input constraints and a disjunction of size 1
[APPROX] Checking cache: SNNT.Approx.ApproxCacheObject[]
[APPROX] Constructing Approximation
[APPROX] Resolving approximation
[CTRL] Initiating iterator over current linear queries
[APPROX] # Conjunctions over output: 1
[CTRL] Processing linear query no. 357
[NNENUM] Running nnenum now...
[NNENUM] lb: [31.703236423477783, 7.4262139003490955, 0.037131069501745474]
[NNENUM] ub: [100.0, 134.4925915571708, 0.672462957785854]
[NNENUM] Creating LP Star...
[NNENUM] Checking feasibility
[NNENUM] Generating output Spec...
[NNENUM] Spec list length:  1
[NNENUM] Enumeration in progress... 
(0.0 sec) Q: 0, Sets: 0/1  (0.0%) CEs: 0 ETA: - (expected 1 stars)   
(0.2 sec) Q: 0, Sets: 1/4  (12.5%) CEs: 0 ETA: 1.4 sec (expected 8 stars)   

Total Stars: 5 (3 exact, 2 approx)
Unfinished Stars: 0
Runtime: 0.2 sec
Completed work frac: 1.0
Num Stars Copied Between Processes: 0
Num Lps During Enumeration: 114
Total Num Lps: 114

Result: network is SAFE

[NNENUM] Result: 
<nnenum.result.Result object at 0x7f94910d6100>
[NNENUM] Enumeration finished.
safe
[NNENUM] Found counter-example stars: 0
[NNENUM] Filtering result using SMT solver...
[SMT] SMT filtered out 0 stars (out of 0; TO: 0).
[QUERY] Found all non-linear combinations. Count: 1
[QUERY] Found all non-linear combinations. Count: 1
[QUERY] Returning nonlinear disjunction
[CTRL] Considering conjunction with 5 input constraints and a disjunction of size 2
[APPROX] Checking cache: SNNT.Approx.ApproxCacheObject[]
[APPROX] Constructing Approximation
[APPROX] Resolving approximation
[CTRL] Initiating iterator over current linear queries
[APPROX] # Conjunctions over output: 2
[CTRL] Processing linear query no. 358
[NNENUM] Running nnenum now...
[NNENUM] lb: [31.703236423477783, 7.4262139003490955, 0.037131069501745474]
[NNENUM] ub: [100.0, 134.4925915571708, 0.672462957785854]
[NNENUM] Creating LP Star...
[NNENUM] Checking feasibility
[NNENUM] Generating output Spec...
[NNENUM] Spec list length:  2
[NNENUM] Enumeration in progress... 
(0.0 sec) Q: 0, Sets: 0/1  (0.0%) CEs: 0 ETA: - (expected 1 stars)   
(0.2 sec) Q: 0, Sets: 17/19  (75.0%) CEs: 0 ETA: 0.1 sec (expected 23 stars)   

Total Stars: 25 (8 exact, 17 approx)
Unfinished Stars: 0
Runtime: 0.2 sec
Completed work frac: 1.0
Num Stars Copied Between Processes: 0
Num Lps During Enumeration: 384
Total Num Lps: 384

Result: network is SAFE

[NNENUM] Result: 
<nnenum.result.Result object at 0x7f94910fca00>
[NNENUM] Enumeration finished.
safe
[NNENUM] Found counter-example stars: 0
[NNENUM] Filtering result using SMT solver...
[SMT] SMT filtered out 0 stars (out of 0; TO: 0).
[QUERY] Found all non-linear combinations. Count: 1
[QUERY] Returning nonlinear disjunction
[CTRL] Considering conjunction with 5 input constraints and a disjunction of size 1
[APPROX] Checking cache: SNNT.Approx.ApproxCacheObject[]
[APPROX] Constructing Approximation
[APPROX] Resolving approximation
[CTRL] Initiating iterator over current linear queries
[APPROX] # Conjunctions over output: 1
[CTRL] Processing linear query no. 359
[NNENUM] Running nnenum now...
[NNENUM] lb: [0.07999999999999999, 7.4262139003490955, 0.037131069501745474]
[NNENUM] ub: [16.376852110707294, 134.4925915571708, 0.672462957785854]
[NNENUM] Creating LP Star...
[NNENUM] Checking feasibility
[NNENUM] Generating output Spec...
[NNENUM] Spec list length:  1
[NNENUM] Enumeration in progress... 
(0.0 sec) Q: 0, Sets: 0/1  (0.0%) CEs: 0 ETA: - (expected 1 stars)   
(0.2 sec) Q: 0, Sets: 1/4  (50.0%) CEs: 0 ETA: 0.2 sec (expected 2 stars)   

Total Stars: 5 (3 exact, 2 approx)
Unfinished Stars: 0
Runtime: 0.2 sec
Completed work frac: 1.0
Num Stars Copied Between Processes: 0
Num Lps During Enumeration: 93
Total Num Lps: 93

Result: network is SAFE

[NNENUM] Result: 
<nnenum.result.Result object at 0x7f94910d0550>
[NNENUM] Enumeration finished.
safe
[NNENUM] Found counter-example stars: 0
[NNENUM] Filtering result using SMT solver...
[SMT] SMT filtered out 0 stars (out of 0; TO: 0).
[QUERY] Found all non-linear combinations. Count: 1
[QUERY] Found all non-linear combinations. Count: 1
[QUERY] Returning nonlinear disjunction
[CTRL] Considering conjunction with 5 input constraints and a disjunction of size 2
[APPROX] Checking cache: SNNT.Approx.ApproxCacheObject[]
[APPROX] Constructing Approximation
[APPROX] Resolving approximation
[CTRL] Initiating iterator over current linear queries
[APPROX] # Conjunctions over output: 2
[CTRL] Processing linear query no. 360
[NNENUM] Running nnenum now...
[NNENUM] lb: [0.07999999999999999, 7.4262139003490955, 0.037131069501745474]
[NNENUM] ub: [16.376852110707294, 134.4925915571708, 0.672462957785854]
[NNENUM] Creating LP Star...
[NNENUM] Checking feasibility
[NNENUM] Generating output Spec...
[NNENUM] Spec list length:  2
[NNENUM] Enumeration in progress... 
(0.0 sec) Q: 0, Sets: 0/1  (0.0%) CEs: 0 ETA: - (expected 1 stars)   

Total Stars: 5 (3 exact, 2 approx)
Unfinished Stars: 0
Runtime: 0.1 sec
Completed work frac: 1.0
Num Stars Copied Between Processes: 0
Num Lps During Enumeration: 92
Total Num Lps: 92

Result: network is SAFE

[NNENUM] Result: 
<nnenum.result.Result object at 0x7f94910d7310>
[NNENUM] Enumeration finished.
safe
[NNENUM] Found counter-example stars: 0
[NNENUM] Filtering result using SMT solver...
[SMT] SMT filtered out 0 stars (out of 0; TO: 0).
[QUERY] Found all non-linear combinations. Count: 1
[QUERY] Returning nonlinear disjunction
[CTRL] Considering conjunction with 5 input constraints and a disjunction of size 1
[APPROX] Checking cache: SNNT.Approx.ApproxCacheObject[]
[APPROX] Constructing Approximation
[APPROX] Resolving approximation
[CTRL] Initiating iterator over current linear queries
[APPROX] # Conjunctions over output: 1
[CTRL] Processing linear query no. 361
[NNENUM] Running nnenum now...
[NNENUM] lb: [31.703236423477783, 7.4262139003490955, 0.037131069501745474]
[NNENUM] ub: [100.0, 134.4925915571708, 0.672462957785854]
[NNENUM] Creating LP Star...
[NNENUM] Checking feasibility
[NNENUM] Generating output Spec...
[NNENUM] Spec list length:  1
[NNENUM] Enumeration in progress... 
(0.0 sec) Q: 0, Sets: 0/1  (0.0%) CEs: 0 ETA: - (expected 1 stars)   
(0.2 sec) Q: 0, Sets: 2/4  (62.5%) CEs: 0 ETA: 0.1 sec (expected 3 stars)   

Total Stars: 4 (2 exact, 2 approx)
Unfinished Stars: 0
Runtime: 0.2 sec
Completed work frac: 1.0
Num Stars Copied Between Processes: 0
Num Lps During Enumeration: 94
Total Num Lps: 94

Result: network is SAFE

[NNENUM] Result: 
<nnenum.result.Result object at 0x7f94910c4af0>
[NNENUM] Enumeration finished.
safe
[NNENUM] Found counter-example stars: 0
[NNENUM] Filtering result using SMT solver...
[SMT] SMT filtered out 0 stars (out of 0; TO: 0).
[QUERY] Found all non-linear combinations. Count: 1
[QUERY] Returning nonlinear disjunction
[CTRL] Considering conjunction with 5 input constraints and a disjunction of size 1
[APPROX] Checking cache: SNNT.Approx.ApproxCacheObject[]
[APPROX] Constructing Approximation
[APPROX] Resolving approximation
[CTRL] Initiating iterator over current linear queries
[APPROX] # Conjunctions over output: 1
[CTRL] Processing linear query no. 362
[NNENUM] Running nnenum now...
[NNENUM] lb: [0.0, 7.4262139003490955, 0.037131069501745474]
[NNENUM] ub: [0.07999999999999999, 134.4925915571708, 0.672462957785854]
[NNENUM] Creating LP Star...
[NNENUM] Checking feasibility
[NNENUM] Generating output Spec...
[NNENUM] Spec list length:  1
[NNENUM] Enumeration in progress... 

[NNENUM] Result: 
<nnenum.result.Result object at 0x7f94910fc310>
[NNENUM] Enumeration finished.
safe
[NNENUM] Filtering result using SMT solver...
[SMT] SMT filtered out 0 stars (out of 0; TO: 0).
[QUERY] Found all non-linear combinations. Count: 1
[QUERY] Found all non-linear combinations. Count: 1
[QUERY] Returning nonlinear disjunction
[CTRL] Considering conjunction with 5 input constraints and a disjunction of size 2
[APPROX] Checking cache: SNNT.Approx.ApproxCacheObject[]
[APPROX] Constructing Approximation
[APPROX] Resolving approximation
[CTRL] Initiating iterator over current linear queries
[APPROX] # Conjunctions over output: 2
[CTRL] Processing linear query no. 363
[NNENUM] Running nnenum now...
[NNENUM] lb: [0.0, 7.4262139003490955, 0.037131069501745474]
[NNENUM] ub: [0.07999999999999999, 134.4925915571708, 0.672462957785854]
[NNENUM] Creating LP Star...
[NNENUM] Checking feasibility
[NNENUM] Generating output Spec...
[NNENUM] Spec list length:  2
[NNENUM] Enumeration in progress... 

[NNENUM] Result: 
<nnenum.result.Result object at 0x7f94910deb50>
[NNENUM] Enumeration finished.
safe
[NNENUM] Filtering result using SMT solver...
[SMT] SMT filtered out 0 stars (out of 0; TO: 0).
.[QUERY] Found all non-linear combinations. Count: 1
[QUERY] Found all non-linear combinations. Count: 1
[QUERY] Returning nonlinear disjunction
[CTRL] Considering conjunction with 5 input constraints and a disjunction of size 2
[APPROX] Checking cache: SNNT.Approx.ApproxCacheObject[]
[APPROX] Constructing Approximation
[APPROX] Resolving approximation
[CTRL] Initiating iterator over current linear queries
[APPROX] # Conjunctions over output: 2
[CTRL] Processing linear query no. 364
[NNENUM] Running nnenum now...
[NNENUM] lb: [31.703236423477783, 7.4262139003490955, -0.36593527153044436]
[NNENUM] ub: [100.0, 134.4925915571708, -0.3170323642347779]
[NNENUM] Creating LP Star...
[NNENUM] Checking feasibility
[NNENUM] Generating output Spec...
[NNENUM] Spec list length:  2
[NNENUM] Enumeration in progress... 
(0.3 sec) Q: 0, Sets: 0/1  (0.0%) CEs: 0 ETA: - (expected 1 stars)   

Total Stars: 4 (2 exact, 2 approx)
Unfinished Stars: 0
Runtime: 0.3 sec
Completed work frac: 1.0
Num Stars Copied Between Processes: 0
Num Lps During Enumeration: 94
Total Num Lps: 94

Result: network is SAFE

[NNENUM] Result: 
<nnenum.result.Result object at 0x7f94910d0970>
[NNENUM] Enumeration finished.
safe
[NNENUM] Found counter-example stars: 0
[NNENUM] Filtering result using SMT solver...
[SMT] SMT filtered out 0 stars (out of 0; TO: 0).
.[QUERY] Found all non-linear combinations. Count: 1
[QUERY] Found all non-linear combinations. Count: 1
[QUERY] Returning nonlinear disjunction
[CTRL] Considering conjunction with 5 input constraints and a disjunction of size 2
[APPROX] Checking cache: SNNT.Approx.ApproxCacheObject[]
[APPROX] Constructing Approximation
[APPROX] Resolving approximation
[CTRL] Initiating iterator over current linear queries
[APPROX] # Conjunctions over output: 2
[CTRL] Processing linear query no. 365
[NNENUM] Running nnenum now...
[NNENUM] lb: [31.703236423477783, 7.4262139003490955, -0.6724629577858541]
[NNENUM] ub: [100.0, 134.4925915571708, -0.36593527153044436]
[NNENUM] Creating LP Star...
[NNENUM] Checking feasibility
[NNENUM] Generating output Spec...
[NNENUM] Spec list length:  2
[NNENUM] Enumeration in progress... 
(0.0 sec) Q: 0, Sets: 0/1  (0.0%) CEs: 0 ETA: - (expected 1 stars)   

Total Stars: 4 (2 exact, 2 approx)
Unfinished Stars: 0
Runtime: 0.1 sec
Completed work frac: 1.0
Num Stars Copied Between Processes: 0
Num Lps During Enumeration: 94
Total Num Lps: 94

Result: network is SAFE

[NNENUM] Result: 
<nnenum.result.Result object at 0x7f94910d7ee0>
[NNENUM] Enumeration finished.
safe
[NNENUM] Found counter-example stars: 0
[NNENUM] Filtering result using SMT solver...
[SMT] SMT filtered out 0 stars (out of 0; TO: 0).
.[QUERY] Found all non-linear combinations. Count: 1
[QUERY] Found all non-linear combinations. Count: 1
[QUERY] Returning nonlinear disjunction
[CTRL] Considering conjunction with 5 input constraints and a disjunction of size 2
[APPROX] Checking cache: SNNT.Approx.ApproxCacheObject[]
[APPROX] Constructing Approximation
[APPROX] Resolving approximation
[CTRL] Initiating iterator over current linear queries
[APPROX] # Conjunctions over output: 2
[CTRL] Processing linear query no. 366
[NNENUM] Running nnenum now...
[NNENUM] lb: [0.07999999999999999, 7.4262139003490955, -0.36593527153044436]
[NNENUM] ub: [16.376852110707294, 134.4925915571708, -0.3170323642347779]
[NNENUM] Creating LP Star...
[NNENUM] Checking feasibility
[NNENUM] Generating output Spec...
[NNENUM] Spec list length:  2
[NNENUM] Enumeration in progress... 
(0.0 sec) Q: 0, Sets: 0/1  (0.0%) CEs: 0 ETA: - (expected 1 stars)   
(0.2 sec) Q: 0, Sets: 2/5  (62.5%) CEs: 0 ETA: 0.1 sec (expected 3 stars)   

Total Stars: 5 (3 exact, 2 approx)
Unfinished Stars: 0
Runtime: 0.2 sec
Completed work frac: 1.0
Num Stars Copied Between Processes: 0
Num Lps During Enumeration: 92
Total Num Lps: 92

Result: network is SAFE

[NNENUM] Result: 
<nnenum.result.Result object at 0x7f94910eeb20>
[NNENUM] Enumeration finished.
safe
[NNENUM] Found counter-example stars: 0
[NNENUM] Filtering result using SMT solver...
[SMT] SMT filtered out 0 stars (out of 0; TO: 0).
.[QUERY] Found all non-linear combinations. Count: 1
[QUERY] Found all non-linear combinations. Count: 1
[QUERY] Returning nonlinear disjunction
[CTRL] Considering conjunction with 5 input constraints and a disjunction of size 2
[APPROX] Checking cache: SNNT.Approx.ApproxCacheObject[]
[APPROX] Constructing Approximation
[APPROX] Resolving approximation
[CTRL] Initiating iterator over current linear queries
[APPROX] # Conjunctions over output: 2
[CTRL] Processing linear query no. 367
[NNENUM] Running nnenum now...
[NNENUM] lb: [0.07999999999999999, 7.4262139003490955, -0.6724629577858541]
[NNENUM] ub: [16.376852110707294, 134.4925915571708, -0.36593527153044436]
[NNENUM] Creating LP Star...
[NNENUM] Checking feasibility
[NNENUM] Generating output Spec...
[NNENUM] Spec list length:  2
[NNENUM] Enumeration in progress... 
(0.0 sec) Q: 0, Sets: 0/1  (0.0%) CEs: 0 ETA: - (expected 1 stars)   

Total Stars: 5 (3 exact, 2 approx)
Unfinished Stars: 0
Runtime: 0.1 sec
Completed work frac: 1.0
Num Stars Copied Between Processes: 0
Num Lps During Enumeration: 92
Total Num Lps: 92

Result: network is SAFE

[NNENUM] Result: 
<nnenum.result.Result object at 0x7f94910d74c0>
[NNENUM] Enumeration finished.
safe
[NNENUM] Found counter-example stars: 0
[NNENUM] Filtering result using SMT solver...
[SMT] SMT filtered out 0 stars (out of 0; TO: 0).
.[QUERY] Found all non-linear combinations. Count: 1
[QUERY] Found all non-linear combinations. Count: 1
[QUERY] Returning nonlinear disjunction
[CTRL] Considering conjunction with 5 input constraints and a disjunction of size 2
[APPROX] Checking cache: SNNT.Approx.ApproxCacheObject[]
[APPROX] Constructing Approximation
[APPROX] Resolving approximation
[CTRL] Initiating iterator over current linear queries
[APPROX] # Conjunctions over output: 2
[CTRL] Processing linear query no. 368
[NNENUM] Running nnenum now...
[NNENUM] lb: [0.0, 7.4262139003490955, -0.36593527153044436]
[NNENUM] ub: [0.07999999999999999, 134.4925915571708, -0.3170323642347779]
[NNENUM] Creating LP Star...
[NNENUM] Checking feasibility
[NNENUM] Generating output Spec...
[NNENUM] Spec list length:  2
[NNENUM] Enumeration in progress... 

[NNENUM] Result: 
<nnenum.result.Result object at 0x7f94910dec70>
[NNENUM] Enumeration finished.
safe
[NNENUM] Filtering result using SMT solver...
[SMT] SMT filtered out 0 stars (out of 0; TO: 0).
.[QUERY] Found all non-linear combinations. Count: 1
[QUERY] Found all non-linear combinations. Count: 1
[QUERY] Returning nonlinear disjunction
[CTRL] Considering conjunction with 5 input constraints and a disjunction of size 2
[APPROX] Checking cache: SNNT.Approx.ApproxCacheObject[]
[APPROX] Constructing Approximation
[APPROX] Resolving approximation
[CTRL] Initiating iterator over current linear queries
[APPROX] # Conjunctions over output: 2
[CTRL] Processing linear query no. 369
[NNENUM] Running nnenum now...
[NNENUM] lb: [0.0, 7.4262139003490955, -0.6724629577858541]
[NNENUM] ub: [0.07999999999999999, 134.4925915571708, -0.36593527153044436]
[NNENUM] Creating LP Star...
[NNENUM] Checking feasibility
[NNENUM] Generating output Spec...
[NNENUM] Spec list length:  2
[NNENUM] Enumeration in progress... 

[NNENUM] Result: 
<nnenum.result.Result object at 0x7f94910d7460>
[NNENUM] Enumeration finished.
safe
[NNENUM] Filtering result using SMT solver...
[SMT] SMT filtered out 0 stars (out of 0; TO: 0).
..[QUERY] Found all non-linear combinations. Count: 1
[QUERY] Returning nonlinear disjunction
[CTRL] Considering conjunction with 5 input constraints and a disjunction of size 1
[APPROX] Checking cache: SNNT.Approx.ApproxCacheObject[]
[APPROX] Constructing Approximation
[APPROX] Resolving approximation
[CTRL] Initiating iterator over current linear queries
[APPROX] # Conjunctions over output: 1
[CTRL] Processing linear query no. 370
[NNENUM] Running nnenum now...
[NNENUM] lb: [0.0, 7.4262139003490955, -0.36593527153044436]
[NNENUM] ub: [0.07999999999999999, 134.4925915571708, -0.3170323642347779]
[NNENUM] Creating LP Star...
[NNENUM] Checking feasibility
[NNENUM] Generating output Spec...
[NNENUM] Spec list length:  1
[NNENUM] Enumeration in progress... 

[NNENUM] Result: 
<nnenum.result.Result object at 0x7f94910d7c10>
[NNENUM] Enumeration finished.
safe
[NNENUM] Filtering result using SMT solver...
[SMT] SMT filtered out 0 stars (out of 0; TO: 0).
.[QUERY] Found all non-linear combinations. Count: 3
.[QUERY] Found all non-linear combinations. Count: 1
[QUERY] Returning nonlinear disjunction
[CTRL] Considering conjunction with 5 input constraints and a disjunction of size 2
[APPROX] Checking cache: SNNT.Approx.ApproxCacheObject[]
[APPROX] Constructing Approximation
[APPROX] Resolving approximation
[CTRL] Initiating iterator over current linear queries
[APPROX] # Conjunctions over output: 2
[CTRL] Processing linear query no. 371
[NNENUM] Running nnenum now...
[NNENUM] lb: [0.0, 7.4262139003490955, -0.36593527153044436]
[NNENUM] ub: [0.07999999999999999, 134.4925915571708, -0.3170323642347779]
[NNENUM] Creating LP Star...
[NNENUM] Checking feasibility
[NNENUM] Generating output Spec...
[NNENUM] Spec list length:  2
[NNENUM] Enumeration in progress... 

[NNENUM] Result: 
<nnenum.result.Result object at 0x7f94910d0640>
[NNENUM] Enumeration finished.
safe
[NNENUM] Filtering result using SMT solver...
[SMT] SMT filtered out 0 stars (out of 0; TO: 0).
..[QUERY] Found all non-linear combinations. Count: 1
[QUERY] Returning nonlinear disjunction
[CTRL] Considering conjunction with 5 input constraints and a disjunction of size 1
[APPROX] Checking cache: SNNT.Approx.ApproxCacheObject[]
[APPROX] Constructing Approximation
[APPROX] Resolving approximation
[CTRL] Initiating iterator over current linear queries
[APPROX] # Conjunctions over output: 1
[CTRL] Processing linear query no. 372
[NNENUM] Running nnenum now...
[NNENUM] lb: [0.07999999999999999, 7.4262139003490955, -0.36593527153044436]
[NNENUM] ub: [16.376852110707294, 134.4925915571708, -0.3170323642347779]
[NNENUM] Creating LP Star...
[NNENUM] Checking feasibility
[NNENUM] Generating output Spec...
[NNENUM] Spec list length:  1
[NNENUM] Enumeration in progress... 
(0.0 sec) Q: 0, Sets: 0/1  (0.0%) CEs: 0 ETA: - (expected 1 stars)   

Total Stars: 5 (3 exact, 2 approx)
Unfinished Stars: 0
Runtime: 0.0 sec
Completed work frac: 1.0
Num Stars Copied Between Processes: 0
Num Lps During Enumeration: 93
Total Num Lps: 93

Result: network is SAFE

[NNENUM] Result: 
<nnenum.result.Result object at 0x7f94910fc070>
[NNENUM] Enumeration finished.
safe
[NNENUM] Found counter-example stars: 0
[NNENUM] Filtering result using SMT solver...
[SMT] SMT filtered out 0 stars (out of 0; TO: 0).
.[QUERY] Found all non-linear combinations. Count: 4
[QUERY] Found all non-linear combinations. Count: 2
[QUERY] Returning nonlinear disjunction
[CTRL] Considering conjunction with 5 input constraints and a disjunction of size 2
[APPROX] Checking cache: SNNT.Approx.ApproxCacheObject[]
[APPROX] Constructing Approximation
[APPROX] Resolving approximation
[CTRL] Initiating iterator over current linear queries
[APPROX] # Conjunctions over output: 2
[CTRL] Processing linear query no. 373
[NNENUM] Running nnenum now...
[NNENUM] lb: [0.07999999999999999, 7.4262139003490955, -0.36593527153044436]
[NNENUM] ub: [16.376852110707294, 134.4925915571708, -0.3170323642347779]
[NNENUM] Creating LP Star...
[NNENUM] Checking feasibility
[NNENUM] Generating output Spec...
[NNENUM] Spec list length:  2
[NNENUM] Enumeration in progress... 
(0.0 sec) Q: 0, Sets: 0/1  (0.0%) CEs: 0 ETA: - (expected 1 stars)   
(0.1 sec) Q: 0, Sets: 10/14  (53.125%) CEs: 0 ETA: 0.1 sec (expected 19 stars)   

Total Stars: 31 (6 exact, 25 approx)
Unfinished Stars: 0
Runtime: 0.2 sec
Completed work frac: 1.0
Num Stars Copied Between Processes: 0
Num Lps During Enumeration: 84
Total Num Lps: 84

Result: network is SAFE

[NNENUM] Result: 
<nnenum.result.Result object at 0x7f94910d0fd0>
[NNENUM] Enumeration finished.
safe
[NNENUM] Found counter-example stars: 0
[NNENUM] Filtering result using SMT solver...
[SMT] SMT filtered out 0 stars (out of 0; TO: 0).
.[QUERY] Found all non-linear combinations. Count: 2
[QUERY] Returning nonlinear disjunction
[CTRL] Considering conjunction with 5 input constraints and a disjunction of size 1
[APPROX] Checking cache: SNNT.Approx.ApproxCacheObject[]
[APPROX] Constructing Approximation
[APPROX] Resolving approximation
[CTRL] Initiating iterator over current linear queries
[APPROX] # Conjunctions over output: 1
[CTRL] Processing linear query no. 374
[NNENUM] Running nnenum now...
[NNENUM] lb: [31.703236423477783, 7.4262139003490955, -0.36593527153044436]
[NNENUM] ub: [100.0, 134.4925915571708, -0.3170323642347779]
[NNENUM] Creating LP Star...
[NNENUM] Checking feasibility
[NNENUM] Generating output Spec...
[NNENUM] Spec list length:  1
[NNENUM] Enumeration in progress... 
(0.0 sec) Q: 0, Sets: 0/1  (0.0%) CEs: 0 ETA: - (expected 1 stars)   
(0.2 sec) Q: 0, Sets: 0/2  (0.0%) CEs: 0 ETA: - (expected 1 stars)   

Total Stars: 3 (1 exact, 2 approx)
Unfinished Stars: 0
Runtime: 0.2 sec
Completed work frac: 1.0
Num Stars Copied Between Processes: 0
Num Lps During Enumeration: 111
Total Num Lps: 111

Result: network is SAFE

[NNENUM] Result: 
<nnenum.result.Result object at 0x7f94910ce610>
[NNENUM] Enumeration finished.
safe
[NNENUM] Found counter-example stars: 0
[NNENUM] Filtering result using SMT solver...
[SMT] SMT filtered out 0 stars (out of 0; TO: 0).
[QUERY] Found all non-linear combinations. Count: 1
[QUERY] Found all non-linear combinations. Count: 1
[QUERY] Returning nonlinear disjunction
[CTRL] Considering conjunction with 5 input constraints and a disjunction of size 2
[APPROX] Checking cache: SNNT.Approx.ApproxCacheObject[]
[APPROX] Constructing Approximation
[APPROX] Resolving approximation
[CTRL] Initiating iterator over current linear queries
[APPROX] # Conjunctions over output: 2
[CTRL] Processing linear query no. 375
[NNENUM] Running nnenum now...
[NNENUM] lb: [0.07999999999999999, 7.4262139003490955, -0.36593527153044436]
[NNENUM] ub: [16.376852110707294, 134.4925915571708, -0.3170323642347779]
[NNENUM] Creating LP Star...
[NNENUM] Checking feasibility
[NNENUM] Generating output Spec...
[NNENUM] Spec list length:  2
[NNENUM] Enumeration in progress... 
(0.0 sec) Q: 0, Sets: 0/1  (0.0%) CEs: 0 ETA: - (expected 1 stars)   

Total Stars: 4 (0 exact, 4 approx)
Unfinished Stars: 0
Runtime: 0.1 sec
Completed work frac: 1.0
Num Stars Copied Between Processes: 0
Num Lps During Enumeration: 0
Total Num Lps: 0

Result: network is SAFE

[NNENUM] Result: 
<nnenum.result.Result object at 0x7f94910d7070>
[NNENUM] Enumeration finished.
safe
[NNENUM] Found counter-example stars: 0
[NNENUM] Filtering result using SMT solver...
[SMT] SMT filtered out 0 stars (out of 0; TO: 0).
[QUERY] Found all non-linear combinations. Count: 1
[QUERY] Found all non-linear combinations. Count: 1
[QUERY] Returning nonlinear disjunction
[CTRL] Considering conjunction with 5 input constraints and a disjunction of size 2
[APPROX] Checking cache: SNNT.Approx.ApproxCacheObject[]
[APPROX] Constructing Approximation
[APPROX] Resolving approximation
[CTRL] Initiating iterator over current linear queries
[APPROX] # Conjunctions over output: 2
[CTRL] Processing linear query no. 376
[NNENUM] Running nnenum now...
[NNENUM] lb: [0.07999999999999999, 7.4262139003490955, -0.36593527153044436]
[NNENUM] ub: [16.376852110707294, 134.4925915571708, -0.3170323642347779]
[NNENUM] Creating LP Star...
[NNENUM] Checking feasibility
[NNENUM] Generating output Spec...
[NNENUM] Spec list length:  2
[NNENUM] Enumeration in progress... 
(0.1 sec) Q: 0, Sets: 0/1  (0.0%) CEs: 0 ETA: - (expected 1 stars)   
(0.2 sec) Q: 0, Sets: 1/4  (25.0%) CEs: 0 ETA: 0.5 sec (expected 4 stars)   

Total Stars: 7 (0 exact, 7 approx)
Unfinished Stars: 0
Runtime: 0.2 sec
Completed work frac: 1.0
Num Stars Copied Between Processes: 0
Num Lps During Enumeration: 0
Total Num Lps: 0

Result: network is SAFE

[NNENUM] Result: 
<nnenum.result.Result object at 0x7f94910ce880>
[NNENUM] Enumeration finished.
safe
[NNENUM] Found counter-example stars: 0
[NNENUM] Filtering result using SMT solver...
[SMT] SMT filtered out 0 stars (out of 0; TO: 0).
[QUERY] Found all non-linear combinations. Count: 1
[QUERY] Found all non-linear combinations. Count: 1
[QUERY] Found all non-linear combinations. Count: 1
[QUERY] Returning nonlinear disjunction
[CTRL] Considering conjunction with 5 input constraints and a disjunction of size 3
[APPROX] Checking cache: SNNT.Approx.ApproxCacheObject[]
[APPROX] Constructing Approximation
[APPROX] Resolving approximation
[CTRL] Initiating iterator over current linear queries
[APPROX] # Conjunctions over output: 3
[CTRL] Processing linear query no. 377
[NNENUM] Running nnenum now...
[NNENUM] lb: [31.703236423477783, 7.4262139003490955, -0.36593527153044436]
[NNENUM] ub: [100.0, 134.4925915571708, -0.3170323642347779]
[NNENUM] Creating LP Star...
[NNENUM] Checking feasibility
[NNENUM] Generating output Spec...
[NNENUM] Spec list length:  3
[NNENUM] Enumeration in progress... 
(0.1 sec) Q: 0, Sets: 0/1  (0.0%) CEs: 0 ETA: - (expected 1 stars)   
(0.2 sec) Q: 0, Sets: 9/11  (25.0%) CEs: 0 ETA: 0.5 sec (expected 36 stars)   

Total Stars: 25 (8 exact, 17 approx)
Unfinished Stars: 0
Runtime: 0.2 sec
Completed work frac: 1.0
Num Stars Copied Between Processes: 0
Num Lps During Enumeration: 384
Total Num Lps: 384

Result: network is SAFE

[NNENUM] Result: 
<nnenum.result.Result object at 0x7f94910ce640>
[NNENUM] Enumeration finished.
safe
[NNENUM] Found counter-example stars: 0
[NNENUM] Filtering result using SMT solver...
[SMT] SMT filtered out 0 stars (out of 0; TO: 0).
.[QUERY] Found all non-linear combinations. Count: 1
[QUERY] Found all non-linear combinations. Count: 1
[QUERY] Returning nonlinear disjunction
[CTRL] Considering conjunction with 5 input constraints and a disjunction of size 2
[APPROX] Checking cache: SNNT.Approx.ApproxCacheObject[]
[APPROX] Constructing Approximation
[APPROX] Resolving approximation
[CTRL] Initiating iterator over current linear queries
[APPROX] # Conjunctions over output: 2
[CTRL] Processing linear query no. 378
[NNENUM] Running nnenum now...
[NNENUM] lb: [31.703236423477783, 7.4262139003490955, -0.36593527153044436]
[NNENUM] ub: [100.0, 134.4925915571708, -0.3170323642347779]
[NNENUM] Creating LP Star...
[NNENUM] Checking feasibility
[NNENUM] Generating output Spec...
[NNENUM] Spec list length:  2
[NNENUM] Enumeration in progress... 
(0.0 sec) Q: 0, Sets: 0/1  (0.0%) CEs: 0 ETA: - (expected 1 stars)   
(0.2 sec) Q: 0, Sets: 0/3  (0.0%) CEs: 0 ETA: - (expected 1 stars)   

Total Stars: 5 (3 exact, 2 approx)
Unfinished Stars: 0
Runtime: 0.2 sec
Completed work frac: 1.0
Num Stars Copied Between Processes: 0
Num Lps During Enumeration: 114
Total Num Lps: 114

Result: network is SAFE

[NNENUM] Result: 
<nnenum.result.Result object at 0x7f94910cee20>
[NNENUM] Enumeration finished.
safe
[NNENUM] Found counter-example stars: 0
[NNENUM] Filtering result using SMT solver...
[SMT] SMT filtered out 0 stars (out of 0; TO: 0).
.[QUERY] Found all non-linear combinations. Count: 3
[QUERY] Found all non-linear combinations. Count: 1
[QUERY] Returning nonlinear disjunction
[CTRL] Considering conjunction with 5 input constraints and a disjunction of size 2
[APPROX] Checking cache: SNNT.Approx.ApproxCacheObject[]
[APPROX] Constructing Approximation
[APPROX] Resolving approximation
[CTRL] Initiating iterator over current linear queries
[APPROX] # Conjunctions over output: 2
[CTRL] Processing linear query no. 379
[NNENUM] Running nnenum now...
[NNENUM] lb: [0.0, 7.4262139003490955, -0.6724629577858541]
[NNENUM] ub: [0.07999999999999999, 134.4925915571708, -0.36593527153044436]
[NNENUM] Creating LP Star...
[NNENUM] Checking feasibility
[NNENUM] Generating output Spec...
[NNENUM] Spec list length:  2
[NNENUM] Enumeration in progress... 

[NNENUM] Result: 
<nnenum.result.Result object at 0x7f94910d7fa0>
[NNENUM] Enumeration finished.
safe
[NNENUM] Filtering result using SMT solver...
[SMT] SMT filtered out 0 stars (out of 0; TO: 0).
.[QUERY] Found all non-linear combinations. Count: 1
[QUERY] Returning nonlinear disjunction
[CTRL] Considering conjunction with 5 input constraints and a disjunction of size 1
[APPROX] Checking cache: SNNT.Approx.ApproxCacheObject[]
[APPROX] Constructing Approximation
[APPROX] Resolving approximation
[CTRL] Initiating iterator over current linear queries
[APPROX] # Conjunctions over output: 1
[CTRL] Processing linear query no. 380
[NNENUM] Running nnenum now...
[NNENUM] lb: [0.0, 7.4262139003490955, -0.6724629577858541]
[NNENUM] ub: [0.07999999999999999, 134.4925915571708, -0.36593527153044436]
[NNENUM] Creating LP Star...
[NNENUM] Checking feasibility
[NNENUM] Generating output Spec...
[NNENUM] Spec list length:  1
[NNENUM] Enumeration in progress... 

[NNENUM] Result: 
<nnenum.result.Result object at 0x7f94910d0370>
[NNENUM] Enumeration finished.
safe
[NNENUM] Filtering result using SMT solver...
[SMT] SMT filtered out 0 stars (out of 0; TO: 0).
..[QUERY] Found all non-linear combinations. Count: 1
[QUERY] Returning nonlinear disjunction
[CTRL] Considering conjunction with 5 input constraints and a disjunction of size 1
[APPROX] Checking cache: SNNT.Approx.ApproxCacheObject[]
[APPROX] Constructing Approximation
[APPROX] Resolving approximation
[CTRL] Initiating iterator over current linear queries
[APPROX] # Conjunctions over output: 1
[CTRL] Processing linear query no. 381
[NNENUM] Running nnenum now...
[NNENUM] lb: [0.07999999999999999, 7.4262139003490955, -0.6724629577858541]
[NNENUM] ub: [16.376852110707294, 134.4925915571708, -0.36593527153044436]
[NNENUM] Creating LP Star...
[NNENUM] Checking feasibility
[NNENUM] Generating output Spec...
[NNENUM] Spec list length:  1
[NNENUM] Enumeration in progress... 
(0.3 sec) Q: 0, Sets: 0/1  (0.0%) CEs: 0 ETA: - (expected 1 stars)   

Total Stars: 5 (3 exact, 2 approx)
Unfinished Stars: 0
Runtime: 0.3 sec
Completed work frac: 1.0
Num Stars Copied Between Processes: 0
Num Lps During Enumeration: 93
Total Num Lps: 93

Result: network is SAFE

[NNENUM] Result: 
<nnenum.result.Result object at 0x7f94910dea30>
[NNENUM] Enumeration finished.
safe
[NNENUM] Found counter-example stars: 0
[NNENUM] Filtering result using SMT solver...
[SMT] SMT filtered out 0 stars (out of 0; TO: 0).
.[QUERY] Found all non-linear combinations. Count: 4
[QUERY] Returning nonlinear disjunction
[CTRL] Considering conjunction with 5 input constraints and a disjunction of size 1
[APPROX] Checking cache: SNNT.Approx.ApproxCacheObject[]
[APPROX] Constructing Approximation
[APPROX] Resolving approximation
[CTRL] Initiating iterator over current linear queries
[APPROX] # Conjunctions over output: 1
[CTRL] Processing linear query no. 382
[NNENUM] Running nnenum now...
[NNENUM] lb: [31.703236423477783, 7.4262139003490955, -0.6724629577858541]
[NNENUM] ub: [100.0, 134.4925915571708, -0.36593527153044436]
[NNENUM] Creating LP Star...
[NNENUM] Checking feasibility
[NNENUM] Generating output Spec...
[NNENUM] Spec list length:  1
[NNENUM] Enumeration in progress... 
(0.0 sec) Q: 0, Sets: 0/1  (0.0%) CEs: 0 ETA: - (expected 1 stars)   
(0.1 sec) Q: 0, Sets: 6/9  (40.625%) CEs: 0 ETA: 0.2 sec (expected 15 stars)   

Total Stars: 15 (9 exact, 6 approx)
Unfinished Stars: 0
Runtime: 0.2 sec
Completed work frac: 1.0
Num Stars Copied Between Processes: 0
Num Lps During Enumeration: 600
Total Num Lps: 600

Result: network is SAFE

[NNENUM] Result: 
<nnenum.result.Result object at 0x7f94910d7400>
[NNENUM] Enumeration finished.
safe
[NNENUM] Found counter-example stars: 0
[NNENUM] Filtering result using SMT solver...
[SMT] SMT filtered out 0 stars (out of 0; TO: 0).
.[QUERY] Found all non-linear combinations. Count: 2
[QUERY] Returning nonlinear disjunction
[CTRL] Considering conjunction with 5 input constraints and a disjunction of size 1
[APPROX] Checking cache: SNNT.Approx.ApproxCacheObject[]
[APPROX] Constructing Approximation
[APPROX] Resolving approximation
[CTRL] Initiating iterator over current linear queries
[APPROX] # Conjunctions over output: 1
[CTRL] Processing linear query no. 383
[NNENUM] Running nnenum now...
[NNENUM] lb: [31.703236423477783, 7.4262139003490955, -0.6724629577858541]
[NNENUM] ub: [100.0, 134.4925915571708, -0.36593527153044436]
[NNENUM] Creating LP Star...
[NNENUM] Checking feasibility
[NNENUM] Generating output Spec...
[NNENUM] Spec list length:  1
[NNENUM] Enumeration in progress... 
(0.0 sec) Q: 0, Sets: 0/1  (0.0%) CEs: 0 ETA: - (expected 1 stars)   
(0.2 sec) Q: 0, Sets: 0/1  (0.0%) CEs: 0 ETA: - (expected 1 stars)   

Total Stars: 3 (1 exact, 2 approx)
Unfinished Stars: 0
Runtime: 0.2 sec
Completed work frac: 1.0
Num Stars Copied Between Processes: 0
Num Lps During Enumeration: 111
Total Num Lps: 111

Result: network is SAFE

[NNENUM] Result: 
<nnenum.result.Result object at 0x7f94910de820>
[NNENUM] Enumeration finished.
safe
[NNENUM] Found counter-example stars: 0
[NNENUM] Filtering result using SMT solver...
[SMT] SMT filtered out 0 stars (out of 0; TO: 0).
[QUERY] Found all non-linear combinations. Count: 1
[QUERY] Found all non-linear combinations. Count: 1
[QUERY] Returning nonlinear disjunction
[CTRL] Considering conjunction with 5 input constraints and a disjunction of size 2
[APPROX] Checking cache: SNNT.Approx.ApproxCacheObject[]
[APPROX] Constructing Approximation
[APPROX] Resolving approximation
[CTRL] Initiating iterator over current linear queries
[APPROX] # Conjunctions over output: 2
[CTRL] Processing linear query no. 384
[NNENUM] Running nnenum now...
[NNENUM] lb: [31.703236423477783, 7.4262139003490955, -0.6724629577858541]
[NNENUM] ub: [100.0, 134.4925915571708, -0.36593527153044436]
[NNENUM] Creating LP Star...
[NNENUM] Checking feasibility
[NNENUM] Generating output Spec...
[NNENUM] Spec list length:  2
[NNENUM] Enumeration in progress... 
(0.0 sec) Q: 0, Sets: 0/1  (0.0%) CEs: 0 ETA: - (expected 1 stars)   

Total Stars: 5 (3 exact, 2 approx)
Unfinished Stars: 0
Runtime: 0.1 sec
Completed work frac: 1.0
Num Stars Copied Between Processes: 0
Num Lps During Enumeration: 114
Total Num Lps: 114

Result: network is SAFE

[NNENUM] Result: 
<nnenum.result.Result object at 0x7f94910d0f10>
[NNENUM] Enumeration finished.
safe
[NNENUM] Found counter-example stars: 0
[NNENUM] Filtering result using SMT solver...
[SMT] SMT filtered out 0 stars (out of 0; TO: 0).
[QUERY] Found all non-linear combinations. Count: 1
[QUERY] Found all non-linear combinations. Count: 1
[QUERY] Returning nonlinear disjunction
[CTRL] Considering conjunction with 5 input constraints and a disjunction of size 2
[APPROX] Checking cache: SNNT.Approx.ApproxCacheObject[]
[APPROX] Constructing Approximation
[APPROX] Resolving approximation
[CTRL] Initiating iterator over current linear queries
[APPROX] # Conjunctions over output: 2
[CTRL] Processing linear query no. 385
[NNENUM] Running nnenum now...
[NNENUM] lb: [0.07999999999999999, 7.4262139003490955, -0.6724629577858541]
[NNENUM] ub: [16.376852110707294, 134.4925915571708, -0.36593527153044436]
[NNENUM] Creating LP Star...
[NNENUM] Checking feasibility
[NNENUM] Generating output Spec...
[NNENUM] Spec list length:  2
[NNENUM] Enumeration in progress... 
(0.0 sec) Q: 0, Sets: 0/1  (0.0%) CEs: 0 ETA: - (expected 1 stars)   
(0.2 sec) Q: 0, Sets: 1/4  (25.0%) CEs: 0 ETA: 0.5 sec (expected 4 stars)   

Total Stars: 4 (0 exact, 4 approx)
Unfinished Stars: 0
Runtime: 0.2 sec
Completed work frac: 1.0
Num Stars Copied Between Processes: 0
Num Lps During Enumeration: 0
Total Num Lps: 0

Result: network is SAFE

[NNENUM] Result: 
<nnenum.result.Result object at 0x7f94910fc430>
[NNENUM] Enumeration finished.
safe
[NNENUM] Found counter-example stars: 0
[NNENUM] Filtering result using SMT solver...
[SMT] SMT filtered out 0 stars (out of 0; TO: 0).
[QUERY] Found all non-linear combinations. Count: 2
[QUERY] Found all non-linear combinations. Count: 2
[QUERY] Found all non-linear combinations. Count: 2
[QUERY] Found all non-linear combinations. Count: 2
[QUERY] Found all non-linear combinations. Count: 2
[QUERY] Found all non-linear combinations. Count: 2
[QUERY] Found all non-linear combinations. Count: 2
[QUERY] Found all non-linear combinations. Count: 2
[QUERY] Found all non-linear combinations. Count: 2
[QUERY] Found all non-linear combinations. Count: 2
[QUERY] Found all non-linear combinations. Count: 2
[QUERY] Found all non-linear combinations. Count: 2
[QUERY] Returning nonlinear disjunction
[CTRL] Considering conjunction with 5 input constraints and a disjunction of size 12
[APPROX] Checking cache: SNNT.Approx.ApproxCacheObject[]
[APPROX] Constructing Approximation
[APPROX] Resolving approximation
[CTRL] Initiating iterator over current linear queries
[APPROX] # Conjunctions over output: 12
[CTRL] Processing linear query no. 386
[NNENUM] Running nnenum now...
[NNENUM] lb: [0.0, 0.09999999999999999, -0.6724629577858541]
[NNENUM] ub: [0.07999999999999999, 7.4262139003490955, -0.36593527153044436]
[NNENUM] Creating LP Star...
[NNENUM] Checking feasibility
[NNENUM] Generating output Spec...
[NNENUM] Spec list length:  12
[NNENUM] Enumeration in progress... 
(0.1 sec) Q: 0, Sets: 0/1  (0.0%) CEs: 0 ETA: - (expected 1 stars)   

Total Stars: 8 (0 exact, 8 approx)
Unfinished Stars: 0
Runtime: 0.1 sec
Completed work frac: 1.0
Num Stars Copied Between Processes: 0
Num Lps During Enumeration: 0
Total Num Lps: 0

Result: network is SAFE

[NNENUM] Result: 
<nnenum.result.Result object at 0x7f94910d79d0>
[NNENUM] Enumeration finished.
safe
[NNENUM] Found counter-example stars: 0
[NNENUM] Filtering result using SMT solver...
[SMT] SMT filtered out 0 stars (out of 0; TO: 0).
[QUERY] Found all non-linear combinations. Count: 3
[QUERY] Found all non-linear combinations. Count: 3
[QUERY] Found all non-linear combinations. Count: 1
[QUERY] Found all non-linear combinations. Count: 1
[QUERY] Found all non-linear combinations. Count: 1
[QUERY] Found all non-linear combinations. Count: 1
[QUERY] Found all non-linear combinations. Count: 1
[QUERY] Found all non-linear combinations. Count: 1
[QUERY] Found all non-linear combinations. Count: 1
[QUERY] Found all non-linear combinations. Count: 1
[QUERY] Found all non-linear combinations. Count: 1
[QUERY] Found all non-linear combinations. Count: 1
[QUERY] Found all non-linear combinations. Count: 1
[QUERY] Found all non-linear combinations. Count: 1
[QUERY] Returning nonlinear disjunction
[CTRL] Considering conjunction with 5 input constraints and a disjunction of size 14
[APPROX] Checking cache: SNNT.Approx.ApproxCacheObject[]
[APPROX] Constructing Approximation
[APPROX] Resolving approximation
[CTRL] Initiating iterator over current linear queries
[APPROX] # Conjunctions over output: 14
[CTRL] Processing linear query no. 387
[NNENUM] Running nnenum now...
[NNENUM] lb: [0.0, -17.837453728392095, -0.6724629577858541]
[NNENUM] ub: [0.07999999999999999, -2.1, -0.36593527153044436]
[NNENUM] Creating LP Star...
[NNENUM] Checking feasibility
[NNENUM] Generating output Spec...
[NNENUM] Spec list length:  14
[NNENUM] Enumeration in progress... 

[NNENUM] Result: 
<nnenum.result.Result object at 0x7f94948f8970>
[NNENUM] Enumeration finished.
safe
[NNENUM] Filtering result using SMT solver...
[SMT] SMT filtered out 0 stars (out of 0; TO: 0).
[QUERY] Found all non-linear combinations. Count: 1
[QUERY] Found all non-linear combinations. Count: 1
[QUERY] Found all non-linear combinations. Count: 1
[QUERY] Found all non-linear combinations. Count: 1
[QUERY] Found all non-linear combinations. Count: 1
[QUERY] Found all non-linear combinations. Count: 1
[QUERY] Found all non-linear combinations. Count: 1
[QUERY] Found all non-linear combinations. Count: 1
[QUERY] Found all non-linear combinations. Count: 1
[QUERY] Found all non-linear combinations. Count: 1
[QUERY] Found all non-linear combinations. Count: 1
[QUERY] Found all non-linear combinations. Count: 1
[QUERY] Found all non-linear combinations. Count: 1
[QUERY] Found all non-linear combinations. Count: 1
[QUERY] Found all non-linear combinations. Count: 3
[QUERY] Found all non-linear combinations. Count: 3
[QUERY] Found all non-linear combinations. Count: 2
[QUERY] Found all non-linear combinations. Count: 2
[QUERY] Found all non-linear combinations. Count: 1
[QUERY] Found all non-linear combinations. Count: 1
[QUERY] Returning nonlinear disjunction
[CTRL] Considering conjunction with 5 input constraints and a disjunction of size 20
[APPROX] Checking cache: SNNT.Approx.ApproxCacheObject[]
[APPROX] Constructing Approximation
[APPROX] Resolving approximation
[CTRL] Initiating iterator over current linear queries
[APPROX] # Conjunctions over output: 20
[CTRL] Processing linear query no. 388
[NNENUM] Running nnenum now...
[NNENUM] lb: [0.07999999999999999, -17.837453728392095, -0.6724629577858541]
[NNENUM] ub: [16.376852110707294, -2.1, -0.36593527153044436]
[NNENUM] Creating LP Star...
[NNENUM] Checking feasibility
[NNENUM] Generating output Spec...
[NNENUM] Spec list length:  20
[NNENUM] Enumeration in progress... 
(0.2 sec) Q: 0, Sets: 0/1  (0.0%) CEs: 0 ETA: - (expected 1 stars)   

Total Stars: 3 (0 exact, 3 approx)
Unfinished Stars: 0
Runtime: 0.2 sec
Completed work frac: 1.0
Num Stars Copied Between Processes: 0
Num Lps During Enumeration: 0
Total Num Lps: 0

Result: network is SAFE

[NNENUM] Result: 
<nnenum.result.Result object at 0x7f94910c1f40>
[NNENUM] Enumeration finished.
safe
[NNENUM] Found counter-example stars: 0
[NNENUM] Filtering result using SMT solver...
[SMT] SMT filtered out 0 stars (out of 0; TO: 0).
[QUERY] Found all non-linear combinations. Count: 1
[QUERY] Found all non-linear combinations. Count: 2
[QUERY] Found all non-linear combinations. Count: 1
[QUERY] Found all non-linear combinations. Count: 1
[QUERY] Found all non-linear combinations. Count: 1
[QUERY] Found all non-linear combinations. Count: 1
[QUERY] Found all non-linear combinations. Count: 3
[QUERY] Found all non-linear combinations. Count: 1
[QUERY] Found all non-linear combinations. Count: 1
[QUERY] Found all non-linear combinations. Count: 1
[QUERY] Found all non-linear combinations. Count: 1
[QUERY] Found all non-linear combinations. Count: 1
[QUERY] Found all non-linear combinations. Count: 1
[QUERY] Found all non-linear combinations. Count: 1
[QUERY] Found all non-linear combinations. Count: 1
[QUERY] Returning nonlinear disjunction
[CTRL] Considering conjunction with 5 input constraints and a disjunction of size 15
[APPROX] Checking cache: SNNT.Approx.ApproxCacheObject[]
[APPROX] Constructing Approximation
[APPROX] Resolving approximation
[CTRL] Initiating iterator over current linear queries
[APPROX] # Conjunctions over output: 15
[CTRL] Processing linear query no. 389
[NNENUM] Running nnenum now...
[NNENUM] lb: [0.07999999999999999, -2.1, -0.6724629577858541]
[NNENUM] ub: [16.376852110707294, 0.0, -0.36593527153044436]
[NNENUM] Creating LP Star...
[NNENUM] Checking feasibility
[NNENUM] Generating output Spec...
[NNENUM] Spec list length:  15
[NNENUM] Enumeration in progress... 
(0.0 sec) Q: 0, Sets: 0/1  (0.0%) CEs: 0 ETA: - (expected 1 stars)   
(0.1 sec) Q: 0, Sets: 3/5  (37.5%) CEs: 5 ETA: 0.2 sec (expected 8 stars)   
(0.3 sec) Q: 0, Sets: 15/19  (83.203%) CEs: 10 ETA: 0.1 sec (expected 18 stars)   
(0.4 sec) Q: 0, Sets: 21/24  (85.156%) CEs: 16 ETA: 0.1 sec (expected 25 stars)   
(0.5 sec) Q: 0, Sets: 25/27  (87.109%) CEs: 23 ETA: 0.1 sec (expected 29 stars)   
Total Stars: 32 (30 exact, 2 approx)
Unfinished Stars: 0
Runtime: 0.5 sec
Completed work frac: 1.0
Num Stars Copied Between Processes: 0
Num Lps During Enumeration: 572
Total Num Lps: 572

Result: network is UNSAFE with confirmed counterexample in result.cinput and result.coutput
Input: [0.07999999821186066, -0.800000011920929, -0.3659352660179138]
Output: [38.1334114074707]

[NNENUM] Result: 
<nnenum.result.Result object at 0x7f94910fc760>
[NNENUM] Enumeration finished.
unsafe
[NNENUM] Found counter-example stars: 27
[NNENUM] Filtering result using SMT solver...
[SMT] SMT filtered out 27 stars (out of 27; TO: 0).
[QUERY] Found all non-linear combinations. Count: 2
[QUERY] Found all non-linear combinations. Count: 2
[QUERY] Found all non-linear combinations. Count: 2
[QUERY] Found all non-linear combinations. Count: 2
[QUERY] Found all non-linear combinations. Count: 2
.[QUERY] Found all non-linear combinations. Count: 1
[QUERY] Found all non-linear combinations. Count: 2
[QUERY] Found all non-linear combinations. Count: 2
[QUERY] Found all non-linear combinations. Count: 2
[QUERY] Found all non-linear combinations. Count: 1
[QUERY] Found all non-linear combinations. Count: 1
[QUERY] Found all non-linear combinations. Count: 1
[QUERY] Found all non-linear combinations. Count: 1
[QUERY] Found all non-linear combinations. Count: 2
[QUERY] Found all non-linear combinations. Count: 1
[QUERY] Found all non-linear combinations. Count: 1
[QUERY] Found all non-linear combinations. Count: 1
[QUERY] Returning nonlinear disjunction
[CTRL] Considering conjunction with 5 input constraints and a disjunction of size 17
[APPROX] Checking cache: SNNT.Approx.ApproxCacheObject[]
[APPROX] Constructing Approximation
[APPROX] Resolving approximation
[CTRL] Initiating iterator over current linear queries
[APPROX] # Conjunctions over output: 17
[CTRL] Processing linear query no. 390
[NNENUM] Running nnenum now...
[NNENUM] lb: [0.07999999999999999, -2.1, -0.6724629577858541]
[NNENUM] ub: [16.376852110707294, 0.0, -0.36593527153044436]
[NNENUM] Creating LP Star...
[NNENUM] Checking feasibility
[NNENUM] Generating output Spec...
[NNENUM] Spec list length:  17
[NNENUM] Enumeration in progress... 
(0.1 sec) Q: 0, Sets: 0/1  (0.0%) CEs: 0 ETA: - (expected 1 stars)   
(0.2 sec) Q: 0, Sets: 7/15  (13.037%) CEs: 0 ETA: 1.1 sec (expected 54 stars)   
(0.3 sec) Q: 0, Sets: 14/24  (13.306%) CEs: 0 ETA: 1.8 sec (expected 105 stars)   
(0.4 sec) Q: 0, Sets: 28/36  (14.526%) CEs: 0 ETA: 2.2 sec (expected 193 stars)   
(0.5 sec) Q: 0, Sets: 44/50  (17.725%) CEs: 0 ETA: 2.2 sec (expected 248 stars)   
(0.6 sec) Q: 0, Sets: 52/55  (25.0%) CEs: 0 ETA: 1.8 sec (expected 208 stars)   
(0.7 sec) Q: 0, Sets: 69/71  (46.875%) CEs: 0 ETA: 0.8 sec (expected 147 stars)   
Total Stars: 84 (5 exact, 79 approx)
Unfinished Stars: 0
Runtime: 0.8 sec
Completed work frac: 1.0
Num Stars Copied Between Processes: 0
Num Lps During Enumeration: 126
Total Num Lps: 126

Result: network is SAFE

[NNENUM] Result: 
<nnenum.result.Result object at 0x7f94910fc6a0>
[NNENUM] Enumeration finished.
safe
[NNENUM] Found counter-example stars: 0
[NNENUM] Filtering result using SMT solver...
[SMT] SMT filtered out 0 stars (out of 0; TO: 0).
[QUERY] Found all non-linear combinations. Count: 1
[QUERY] Found all non-linear combinations. Count: 1
[QUERY] Found all non-linear combinations. Count: 1
[QUERY] Found all non-linear combinations. Count: 1
[QUERY] Found all non-linear combinations. Count: 1
[QUERY] Found all non-linear combinations. Count: 1
[QUERY] Found all non-linear combinations. Count: 1
[QUERY] Found all non-linear combinations. Count: 1
[QUERY] Found all non-linear combinations. Count: 1
[QUERY] Found all non-linear combinations. Count: 1
[QUERY] Found all non-linear combinations. Count: 1
[QUERY] Found all non-linear combinations. Count: 1
[QUERY] Found all non-linear combinations. Count: 1
[QUERY] Returning nonlinear disjunction
[CTRL] Considering conjunction with 5 input constraints and a disjunction of size 13
[APPROX] Checking cache: SNNT.Approx.ApproxCacheObject[]
[APPROX] Constructing Approximation
[APPROX] Resolving approximation
[CTRL] Initiating iterator over current linear queries
[APPROX] # Conjunctions over output: 13
[CTRL] Processing linear query no. 391
[NNENUM] Running nnenum now...
[NNENUM] lb: [0.07999999999999999, -63.40647284695557, -0.6724629577858541]
[NNENUM] ub: [16.376852110707294, -17.837453728392095, -0.36593527153044436]
[NNENUM] Creating LP Star...
[NNENUM] Checking feasibility
[NNENUM] Generating output Spec...
[NNENUM] Spec list length:  13
[NNENUM] Enumeration in progress... 

[NNENUM] Result: 
<nnenum.result.Result object at 0x7f94910d7e20>
[NNENUM] Enumeration finished.
safe
[NNENUM] Filtering result using SMT solver...
[SMT] SMT filtered out 0 stars (out of 0; TO: 0).
[QUERY] Found all non-linear combinations. Count: 1
[QUERY] Found all non-linear combinations. Count: 1
[QUERY] Found all non-linear combinations. Count: 1
[QUERY] Found all non-linear combinations. Count: 1
[QUERY] Found all non-linear combinations. Count: 1
[QUERY] Found all non-linear combinations. Count: 1
[QUERY] Found all non-linear combinations. Count: 1
[QUERY] Found all non-linear combinations. Count: 1
[QUERY] Found all non-linear combinations. Count: 1
[QUERY] Found all non-linear combinations. Count: 1
.[QUERY] Found all non-linear combinations. Count: 1
[QUERY] Returning nonlinear disjunction
[CTRL] Considering conjunction with 5 input constraints and a disjunction of size 11
[APPROX] Checking cache: SNNT.Approx.ApproxCacheObject[]
[APPROX] Constructing Approximation
[APPROX] Resolving approximation
[CTRL] Initiating iterator over current linear queries
[APPROX] # Conjunctions over output: 11
[CTRL] Processing linear query no. 392
[NNENUM] Running nnenum now...
[NNENUM] lb: [16.376852110707294, -134.49259155717084, -0.6724629577858541]
[NNENUM] ub: [31.703236423477783, -73.18705430608887, -0.36593527153044436]
[NNENUM] Creating LP Star...
[NNENUM] Checking feasibility
[NNENUM] Generating output Spec...
[NNENUM] Spec list length:  11
[NNENUM] Enumeration in progress... 

[NNENUM] Result: 
<nnenum.result.Result object at 0x7f94910d7c70>
[NNENUM] Enumeration finished.
safe
[NNENUM] Filtering result using SMT solver...
[SMT] SMT filtered out 0 stars (out of 0; TO: 0).
.[QUERY] Found all non-linear combinations. Count: 1
.[QUERY] Found all non-linear combinations. Count: 1
.[QUERY] Found all non-linear combinations. Count: 1
.[QUERY] Found all non-linear combinations. Count: 1
.[QUERY] Found all non-linear combinations. Count: 1
.[QUERY] Found all non-linear combinations. Count: 1
[QUERY] Found all non-linear combinations. Count: 1
.[QUERY] Found all non-linear combinations. Count: 3
[QUERY] Found all non-linear combinations. Count: 2
[QUERY] Found all non-linear combinations. Count: 2
[QUERY] Found all non-linear combinations. Count: 2
[QUERY] Found all non-linear combinations. Count: 2
[QUERY] Found all non-linear combinations. Count: 2
[QUERY] Found all non-linear combinations. Count: 2
[QUERY] Found all non-linear combinations. Count: 1
[QUERY] Found all non-linear combinations. Count: 1
[QUERY] Found all non-linear combinations. Count: 1
[QUERY] Found all non-linear combinations. Count: 1
[QUERY] Returning nonlinear disjunction
[CTRL] Considering conjunction with 5 input constraints and a disjunction of size 18
[APPROX] Checking cache: SNNT.Approx.ApproxCacheObject[]
[APPROX] Constructing Approximation
[APPROX] Resolving approximation
[CTRL] Initiating iterator over current linear queries
[APPROX] # Conjunctions over output: 18
[CTRL] Processing linear query no. 393
[NNENUM] Running nnenum now...
[NNENUM] lb: [0.07999999999999999, -63.40647284695557, -0.6724629577858541]
[NNENUM] ub: [16.376852110707294, -17.837453728392095, -0.36593527153044436]
[NNENUM] Creating LP Star...
[NNENUM] Checking feasibility
[NNENUM] Generating output Spec...
[NNENUM] Spec list length:  18
[NNENUM] Enumeration in progress... 

[NNENUM] Result: 
<nnenum.result.Result object at 0x7f94910fca30>
[NNENUM] Enumeration finished.
safe
[NNENUM] Filtering result using SMT solver...
[SMT] SMT filtered out 0 stars (out of 0; TO: 0).
[QUERY] Found all non-linear combinations. Count: 1
[QUERY] Found all non-linear combinations. Count: 1
[QUERY] Found all non-linear combinations. Count: 1
[QUERY] Found all non-linear combinations. Count: 1
[QUERY] Found all non-linear combinations. Count: 2
[QUERY] Found all non-linear combinations. Count: 2
[QUERY] Found all non-linear combinations. Count: 2
[QUERY] Found all non-linear combinations. Count: 2
[QUERY] Found all non-linear combinations. Count: 2
[QUERY] Found all non-linear combinations. Count: 2
[QUERY] Found all non-linear combinations. Count: 1
[QUERY] Found all non-linear combinations. Count: 2
[QUERY] Found all non-linear combinations. Count: 2
[QUERY] Found all non-linear combinations. Count: 2
[QUERY] Found all non-linear combinations. Count: 2
[QUERY] Found all non-linear combinations. Count: 2
[QUERY] Found all non-linear combinations. Count: 2
.[QUERY] Found all non-linear combinations. Count: 3
[QUERY] Returning nonlinear disjunction
[CTRL] Considering conjunction with 5 input constraints and a disjunction of size 18
[APPROX] Checking cache: SNNT.Approx.ApproxCacheObject[]
[APPROX] Constructing Approximation
[APPROX] Resolving approximation
[CTRL] Initiating iterator over current linear queries
[APPROX] # Conjunctions over output: 18
[CTRL] Processing linear query no. 394
[NNENUM] Running nnenum now...
[NNENUM] lb: [0.07999999999999999, -17.837453728392095, -0.6724629577858541]
[NNENUM] ub: [16.376852110707294, -2.1, -0.36593527153044436]
[NNENUM] Creating LP Star...
[NNENUM] Checking feasibility
[NNENUM] Generating output Spec...
[NNENUM] Spec list length:  18
[NNENUM] Enumeration in progress... 
(0.2 sec) Q: 0, Sets: 0/1  (0.0%) CEs: 0 ETA: - (expected 1 stars)   
(0.3 sec) Q: 0, Sets: 8/11  (31.25%) CEs: 0 ETA: 0.6 sec (expected 26 stars)   
(0.4 sec) Q: 0, Sets: 19/23  (53.125%) CEs: 0 ETA: 0.3 sec (expected 36 stars)   
(0.5 sec) Q: 0, Sets: 29/35  (58.203%) CEs: 0 ETA: 0.3 sec (expected 50 stars)   
(0.6 sec) Q: 0, Sets: 48/52  (88.672%) CEs: 0 ETA: 0.1 sec (expected 54 stars)   
(0.7 sec) Q: 0, Sets: 62/64  (99.414%) CEs: 0 ETA: 0.0 sec (expected 62 stars)   
Total Stars: 64 (10 exact, 54 approx)
Unfinished Stars: 0
Runtime: 0.7 sec
Completed work frac: 1.0
Num Stars Copied Between Processes: 0
Num Lps During Enumeration: 328
Total Num Lps: 328

Result: network is SAFE

[NNENUM] Result: 
<nnenum.result.Result object at 0x7f94910c0610>
[NNENUM] Enumeration finished.
safe
[NNENUM] Found counter-example stars: 0
[NNENUM] Filtering result using SMT solver...
[SMT] SMT filtered out 0 stars (out of 0; TO: 0).
[QUERY] Found all non-linear combinations. Count: 2
[QUERY] Found all non-linear combinations. Count: 1
[QUERY] Found all non-linear combinations. Count: 1
[QUERY] Found all non-linear combinations. Count: 1
[QUERY] Found all non-linear combinations. Count: 1
[QUERY] Found all non-linear combinations. Count: 1
[QUERY] Found all non-linear combinations. Count: 1
[QUERY] Found all non-linear combinations. Count: 1
[QUERY] Found all non-linear combinations. Count: 1
[QUERY] Found all non-linear combinations. Count: 1
[QUERY] Found all non-linear combinations. Count: 1
[QUERY] Returning nonlinear disjunction
[CTRL] Considering conjunction with 5 input constraints and a disjunction of size 11
[APPROX] Checking cache: SNNT.Approx.ApproxCacheObject[]
[APPROX] Constructing Approximation
[APPROX] Resolving approximation
[CTRL] Initiating iterator over current linear queries
[APPROX] # Conjunctions over output: 11
[CTRL] Processing linear query no. 395
[NNENUM] Running nnenum now...
[NNENUM] lb: [0.07999999999999999, -2.1, -0.6724629577858541]
[NNENUM] ub: [16.376852110707294, 0.0, -0.36593527153044436]
[NNENUM] Creating LP Star...
[NNENUM] Checking feasibility
[NNENUM] Generating output Spec...
[NNENUM] Spec list length:  11
[NNENUM] Enumeration in progress... 
(0.1 sec) Q: 0, Sets: 0/1  (0.0%) CEs: 0 ETA: - (expected 1 stars)   
(0.2 sec) Q: 0, Sets: 9/19  (0.854%) CEs: 0 ETA: 22.0 sec (expected 1053 stars)   
(0.3 sec) Q: 0, Sets: 16/26  (3.125%) CEs: 0 ETA: 9.0 sec (expected 512 stars)   
(0.4 sec) Q: 0, Sets: 29/37  (7.812%) CEs: 0 ETA: 4.6 sec (expected 371 stars)   
(0.5 sec) Q: 0, Sets: 46/53  (11.377%) CEs: 0 ETA: 3.8 sec (expected 404 stars)   
(0.6 sec) Q: 0, Sets: 65/68  (25.0%) CEs: 0 ETA: 1.8 sec (expected 260 stars)   
(0.7 sec) Q: 0, Sets: 79/84  (62.5%) CEs: 0 ETA: 0.4 sec (expected 126 stars)   
(0.8 sec) Q: 0, Sets: 94/99  (69.727%) CEs: 0 ETA: 0.3 sec (expected 135 stars)   
(0.9 sec) Q: 0, Sets: 108/115  (87.695%) CEs: 0 ETA: 0.1 sec (expected 123 stars)   
(1.0 sec) Q: 0, Sets: 130/132  (92.969%) CEs: 0 ETA: 0.1 sec (expected 140 stars)   
Total Stars: 136 (7 exact, 129 approx)
Unfinished Stars: 0
Runtime: 1.0 sec
Completed work frac: 1.0
Num Stars Copied Between Processes: 0
Num Lps During Enumeration: 126
Total Num Lps: 126

Result: network is SAFE

[NNENUM] Result: 
<nnenum.result.Result object at 0x7f94910ee130>
[NNENUM] Enumeration finished.
safe
[NNENUM] Found counter-example stars: 0
[NNENUM] Filtering result using SMT solver...
[SMT] SMT filtered out 0 stars (out of 0; TO: 0).
.[QUERY] Found all non-linear combinations. Count: 1
.[QUERY] Found all non-linear combinations. Count: 1
.[QUERY] Found all non-linear combinations. Count: 1
.[QUERY] Found all non-linear combinations. Count: 1
[QUERY] Found all non-linear combinations. Count: 1
[QUERY] Found all non-linear combinations. Count: 1
[QUERY] Found all non-linear combinations. Count: 1
[QUERY] Found all non-linear combinations. Count: 1
[QUERY] Found all non-linear combinations. Count: 1
[QUERY] Found all non-linear combinations. Count: 2
[QUERY] Returning nonlinear disjunction
[CTRL] Considering conjunction with 5 input constraints and a disjunction of size 10
[APPROX] Checking cache: SNNT.Approx.ApproxCacheObject[]
[APPROX] Constructing Approximation
[APPROX] Resolving approximation
[CTRL] Initiating iterator over current linear queries
[APPROX] # Conjunctions over output: 10
[CTRL] Processing linear query no. 396
[NNENUM] Running nnenum now...
[NNENUM] lb: [0.07999999999999999, -2.1, -0.6724629577858541]
[NNENUM] ub: [16.376852110707294, 0.0, -0.36593527153044436]
[NNENUM] Creating LP Star...
[NNENUM] Checking feasibility
[NNENUM] Generating output Spec...
[NNENUM] Spec list length:  10
[NNENUM] Enumeration in progress... 
(0.1 sec) Q: 0, Sets: 0/1  (0.0%) CEs: 0 ETA: - (expected 1 stars)   
(0.2 sec) Q: 0, Sets: 6/13  (2.344%) CEs: 0 ETA: 6.6 sec (expected 256 stars)   

Total Stars: 28 (3 exact, 25 approx)
Unfinished Stars: 0
Runtime: 0.2 sec
Completed work frac: 1.0
Num Stars Copied Between Processes: 0
Num Lps During Enumeration: 93
Total Num Lps: 93

Result: network is SAFE

[NNENUM] Result: 
<nnenum.result.Result object at 0x7f94910ea5e0>
[NNENUM] Enumeration finished.
safe
[NNENUM] Found counter-example stars: 0
[NNENUM] Filtering result using SMT solver...
[SMT] SMT filtered out 0 stars (out of 0; TO: 0).
[QUERY] Found all non-linear combinations. Count: 1
[QUERY] Returning nonlinear disjunction
[CTRL] Considering conjunction with 5 input constraints and a disjunction of size 1
[APPROX] Checking cache: SNNT.Approx.ApproxCacheObject[]
[APPROX] Constructing Approximation
[APPROX] Resolving approximation
[CTRL] Initiating iterator over current linear queries
[APPROX] # Conjunctions over output: 1
[CTRL] Processing linear query no. 397
[NNENUM] Running nnenum now...
[NNENUM] lb: [0.07999999999999999, -17.837453728392095, -0.6724629577858541]
[NNENUM] ub: [16.376852110707294, -2.1, -0.36593527153044436]
[NNENUM] Creating LP Star...
[NNENUM] Checking feasibility
[NNENUM] Generating output Spec...
[NNENUM] Spec list length:  1
[NNENUM] Enumeration in progress... 
(0.0 sec) Q: 0, Sets: 0/1  (0.0%) CEs: 0 ETA: - (expected 1 stars)   

Total Stars: 8 (5 exact, 3 approx)
Unfinished Stars: 0
Runtime: 0.1 sec
Completed work frac: 1.0
Num Stars Copied Between Processes: 0
Num Lps During Enumeration: 343
Total Num Lps: 343

Result: network is SAFE

[NNENUM] Result: 
<nnenum.result.Result object at 0x7f94910ea730>
[NNENUM] Enumeration finished.
safe
[NNENUM] Found counter-example stars: 0
[NNENUM] Filtering result using SMT solver...
[SMT] SMT filtered out 0 stars (out of 0; TO: 0).
[QUERY] Found all non-linear combinations. Count: 1
[QUERY] Returning nonlinear disjunction
[CTRL] Considering conjunction with 5 input constraints and a disjunction of size 1
[APPROX] Checking cache: SNNT.Approx.ApproxCacheObject[]
[APPROX] Constructing Approximation
[APPROX] Resolving approximation
[CTRL] Initiating iterator over current linear queries
[APPROX] # Conjunctions over output: 1
[CTRL] Processing linear query no. 398
[NNENUM] Running nnenum now...
[NNENUM] lb: [0.07999999999999999, -17.837453728392095, -0.6724629577858541]
[NNENUM] ub: [16.376852110707294, -2.1, -0.36593527153044436]
[NNENUM] Creating LP Star...
[NNENUM] Checking feasibility
[NNENUM] Generating output Spec...
[NNENUM] Spec list length:  1
[NNENUM] Enumeration in progress... 
(0.1 sec) Q: 0, Sets: 0/1  (0.0%) CEs: 0 ETA: - (expected 1 stars)   
(0.2 sec) Q: 0, Sets: 1/4  (12.5%) CEs: 0 ETA: 1.3 sec (expected 8 stars)   
(0.3 sec) Q: 0, Sets: 6/11  (37.5%) CEs: 0 ETA: 0.5 sec (expected 16 stars)   
(0.4 sec) Q: 0, Sets: 24/26  (62.5%) CEs: 0 ETA: 0.2 sec (expected 38 stars)   
(0.5 sec) Q: 0, Sets: 35/41  (90.625%) CEs: 0 ETA: 0.1 sec (expected 39 stars)   
Total Stars: 53 (7 exact, 46 approx)
Unfinished Stars: 0
Runtime: 0.5 sec
Completed work frac: 1.0
Num Stars Copied Between Processes: 0
Num Lps During Enumeration: 331
Total Num Lps: 331

Result: network is SAFE

[NNENUM] Result: 
<nnenum.result.Result object at 0x7f94910eaf70>
[NNENUM] Enumeration finished.
safe
[NNENUM] Found counter-example stars: 0
[NNENUM] Filtering result using SMT solver...
[SMT] SMT filtered out 0 stars (out of 0; TO: 0).
[QUERY] Found all non-linear combinations. Count: 2
[QUERY] Found all non-linear combinations. Count: 1
[QUERY] Found all non-linear combinations. Count: 1
[QUERY] Found all non-linear combinations. Count: 1
[QUERY] Found all non-linear combinations. Count: 1
[QUERY] Found all non-linear combinations. Count: 1
[QUERY] Found all non-linear combinations. Count: 1
[QUERY] Found all non-linear combinations. Count: 1
[QUERY] Found all non-linear combinations. Count: 1
[QUERY] Found all non-linear combinations. Count: 1
[QUERY] Found all non-linear combinations. Count: 1
[QUERY] Returning nonlinear disjunction
[CTRL] Considering conjunction with 5 input constraints and a disjunction of size 11
[APPROX] Checking cache: SNNT.Approx.ApproxCacheObject[]
[APPROX] Constructing Approximation
[APPROX] Resolving approximation
[CTRL] Initiating iterator over current linear queries
[APPROX] # Conjunctions over output: 11
[CTRL] Processing linear query no. 399
[NNENUM] Running nnenum now...
[NNENUM] lb: [0.07999999999999999, 0.0, -0.6724629577858541]
[NNENUM] ub: [16.376852110707294, 0.0, -0.36593527153044436]
[NNENUM] Creating LP Star...
[NNENUM] Checking feasibility
[NNENUM] Generating output Spec...
[NNENUM] Spec list length:  11
[NNENUM] Enumeration in progress... 
(0.1 sec) Q: 0, Sets: 0/1  (0.0%) CEs: 0 ETA: - (expected 1 stars)   

Total Stars: 4 (0 exact, 4 approx)
Unfinished Stars: 0
Runtime: 0.1 sec
Completed work frac: 1.0
Num Stars Copied Between Processes: 0
Num Lps During Enumeration: 0
Total Num Lps: 0

Result: network is SAFE

[NNENUM] Result: 
<nnenum.result.Result object at 0x7f94910c80d0>
[NNENUM] Enumeration finished.
safe
[NNENUM] Found counter-example stars: 0
[NNENUM] Filtering result using SMT solver...
[SMT] SMT filtered out 0 stars (out of 0; TO: 0).
[QUERY] Found all non-linear combinations. Count: 1
[QUERY] Returning nonlinear disjunction
[CTRL] Considering conjunction with 5 input constraints and a disjunction of size 1
[APPROX] Checking cache: SNNT.Approx.ApproxCacheObject[]
[APPROX] Constructing Approximation
[APPROX] Resolving approximation
[CTRL] Initiating iterator over current linear queries
[APPROX] # Conjunctions over output: 1
[CTRL] Processing linear query no. 400
[NNENUM] Running nnenum now...
[NNENUM] lb: [31.703236423477783, -2.1, -0.6724629577858541]
[NNENUM] ub: [100.0, 0.0, -0.36593527153044436]
[NNENUM] Creating LP Star...
[NNENUM] Checking feasibility
[NNENUM] Generating output Spec...
[NNENUM] Spec list length:  1
[NNENUM] Enumeration in progress... 

[NNENUM] Result: 
<nnenum.result.Result object at 0x7f94910d7790>
[NNENUM] Enumeration finished.
safe
[NNENUM] Filtering result using SMT solver...
[SMT] SMT filtered out 0 stars (out of 0; TO: 0).
[QUERY] Found all non-linear combinations. Count: 1
[QUERY] Found all non-linear combinations. Count: 1
[QUERY] Found all non-linear combinations. Count: 1
[QUERY] Found all non-linear combinations. Count: 1
[QUERY] Found all non-linear combinations. Count: 1
[QUERY] Found all non-linear combinations. Count: 1
[QUERY] Found all non-linear combinations. Count: 1
[QUERY] Found all non-linear combinations. Count: 1
[QUERY] Found all non-linear combinations. Count: 1
[QUERY] Found all non-linear combinations. Count: 1
.[QUERY] Found all non-linear combinations. Count: 1
[QUERY] Found all non-linear combinations. Count: 1
[QUERY] Found all non-linear combinations. Count: 1
[QUERY] Found all non-linear combinations. Count: 1
[QUERY] Returning nonlinear disjunction
[CTRL] Considering conjunction with 5 input constraints and a disjunction of size 14
[APPROX] Checking cache: SNNT.Approx.ApproxCacheObject[]
[APPROX] Constructing Approximation
[APPROX] Resolving approximation
[CTRL] Initiating iterator over current linear queries
[APPROX] # Conjunctions over output: 14
[CTRL] Processing linear query no. 401
[NNENUM] Running nnenum now...
[NNENUM] lb: [31.703236423477783, -200.0, -0.6724629577858541]
[NNENUM] ub: [100.0, -134.49259155717084, -0.36593527153044436]
[NNENUM] Creating LP Star...
[NNENUM] Checking feasibility
[NNENUM] Generating output Spec...
[NNENUM] Spec list length:  14
[NNENUM] Enumeration in progress... 

[NNENUM] Result: 
<nnenum.result.Result object at 0x7f94910cd3d0>
[NNENUM] Enumeration finished.
safe
[NNENUM] Filtering result using SMT solver...
[SMT] SMT filtered out 0 stars (out of 0; TO: 0).
[QUERY] Found all non-linear combinations. Count: 1
[QUERY] Found all non-linear combinations. Count: 1
[QUERY] Found all non-linear combinations. Count: 1
[QUERY] Found all non-linear combinations. Count: 1
[QUERY] Found all non-linear combinations. Count: 2
[QUERY] Found all non-linear combinations. Count: 2
[QUERY] Found all non-linear combinations. Count: 2
[QUERY] Found all non-linear combinations. Count: 2
[QUERY] Found all non-linear combinations. Count: 2
.[QUERY] Found all non-linear combinations. Count: 1
[QUERY] Found all non-linear combinations. Count: 2
.[QUERY] Found all non-linear combinations. Count: 1
.[QUERY] Found all non-linear combinations. Count: 3
[QUERY] Returning nonlinear disjunction
[CTRL] Considering conjunction with 5 input constraints and a disjunction of size 13
[APPROX] Checking cache: SNNT.Approx.ApproxCacheObject[]
[APPROX] Constructing Approximation
[APPROX] Resolving approximation
[CTRL] Initiating iterator over current linear queries
[APPROX] # Conjunctions over output: 13
[CTRL] Processing linear query no. 402
[NNENUM] Running nnenum now...
[NNENUM] lb: [31.703236423477783, -134.49259155717084, -0.6724629577858541]
[NNENUM] ub: [100.0, -73.18705430608887, -0.36593527153044436]
[NNENUM] Creating LP Star...
[NNENUM] Checking feasibility
[NNENUM] Generating output Spec...
[NNENUM] Spec list length:  13
[NNENUM] Enumeration in progress... 

[NNENUM] Result: 
<nnenum.result.Result object at 0x7f94910cdb80>
[NNENUM] Enumeration finished.
safe
[NNENUM] Filtering result using SMT solver...
[SMT] SMT filtered out 0 stars (out of 0; TO: 0).
[QUERY] Found all non-linear combinations. Count: 1
[QUERY] Found all non-linear combinations. Count: 1
[QUERY] Found all non-linear combinations. Count: 1
[QUERY] Found all non-linear combinations. Count: 2
[QUERY] Found all non-linear combinations. Count: 2
[QUERY] Found all non-linear combinations. Count: 2
[QUERY] Found all non-linear combinations. Count: 2
[QUERY] Found all non-linear combinations. Count: 2
[QUERY] Found all non-linear combinations. Count: 2
.[QUERY] Found all non-linear combinations. Count: 3
[QUERY] Returning nonlinear disjunction
[CTRL] Considering conjunction with 5 input constraints and a disjunction of size 10
[APPROX] Checking cache: SNNT.Approx.ApproxCacheObject[]
[APPROX] Constructing Approximation
[APPROX] Resolving approximation
[CTRL] Initiating iterator over current linear queries
[APPROX] # Conjunctions over output: 10
[CTRL] Processing linear query no. 403
[NNENUM] Running nnenum now...
[NNENUM] lb: [31.703236423477783, -73.18705430608887, -0.6724629577858541]
[NNENUM] ub: [100.0, -63.40647284695557, -0.36593527153044436]
[NNENUM] Creating LP Star...
[NNENUM] Checking feasibility
[NNENUM] Generating output Spec...
[NNENUM] Spec list length:  10
[NNENUM] Enumeration in progress... 

[NNENUM] Result: 
<nnenum.result.Result object at 0x7f94910cdfa0>
[NNENUM] Enumeration finished.
safe
[NNENUM] Filtering result using SMT solver...
[SMT] SMT filtered out 0 stars (out of 0; TO: 0).
..[QUERY] Found all non-linear combinations. Count: 1
[QUERY] Returning nonlinear disjunction
[CTRL] Considering conjunction with 5 input constraints and a disjunction of size 1
[APPROX] Checking cache: SNNT.Approx.ApproxCacheObject[]
[APPROX] Constructing Approximation
[APPROX] Resolving approximation
[CTRL] Initiating iterator over current linear queries
[APPROX] # Conjunctions over output: 1
[CTRL] Processing linear query no. 404
[NNENUM] Running nnenum now...
[NNENUM] lb: [31.703236423477783, -73.18705430608887, -0.6724629577858541]
[NNENUM] ub: [100.0, -63.40647284695557, -0.36593527153044436]
[NNENUM] Creating LP Star...
[NNENUM] Checking feasibility
[NNENUM] Generating output Spec...
[NNENUM] Spec list length:  1
[NNENUM] Enumeration in progress... 

[NNENUM] Result: 
<nnenum.result.Result object at 0x7f94910cd1f0>
[NNENUM] Enumeration finished.
safe
[NNENUM] Filtering result using SMT solver...
[SMT] SMT filtered out 0 stars (out of 0; TO: 0).
[QUERY] Found all non-linear combinations. Count: 1
[QUERY] Found all non-linear combinations. Count: 1
[QUERY] Returning nonlinear disjunction
[CTRL] Considering conjunction with 5 input constraints and a disjunction of size 2
[APPROX] Checking cache: SNNT.Approx.ApproxCacheObject[]
[APPROX] Constructing Approximation
[APPROX] Resolving approximation
[CTRL] Initiating iterator over current linear queries
[APPROX] # Conjunctions over output: 2
[CTRL] Processing linear query no. 405
[NNENUM] Running nnenum now...
[NNENUM] lb: [31.703236423477783, -73.18705430608887, -0.6724629577858541]
[NNENUM] ub: [100.0, -63.40647284695557, -0.36593527153044436]
[NNENUM] Creating LP Star...
[NNENUM] Checking feasibility
[NNENUM] Generating output Spec...
[NNENUM] Spec list length:  2
[NNENUM] Enumeration in progress... 

[NNENUM] Result: 
<nnenum.result.Result object at 0x7f94910d76d0>
[NNENUM] Enumeration finished.
safe
[NNENUM] Filtering result using SMT solver...
[SMT] SMT filtered out 0 stars (out of 0; TO: 0).
.[QUERY] Found all non-linear combinations. Count: 1
[QUERY] Found all non-linear combinations. Count: 1
[QUERY] Returning nonlinear disjunction
[CTRL] Considering conjunction with 5 input constraints and a disjunction of size 2
[APPROX] Checking cache: SNNT.Approx.ApproxCacheObject[]
[APPROX] Constructing Approximation
[APPROX] Resolving approximation
[CTRL] Initiating iterator over current linear queries
[APPROX] # Conjunctions over output: 2
[CTRL] Processing linear query no. 406
[NNENUM] Running nnenum now...
[NNENUM] lb: [31.703236423477783, -63.40647284695557, -0.6724629577858541]
[NNENUM] ub: [100.0, -17.837453728392095, -0.36593527153044436]
[NNENUM] Creating LP Star...
[NNENUM] Checking feasibility
[NNENUM] Generating output Spec...
[NNENUM] Spec list length:  2
[NNENUM] Enumeration in progress... 
(0.2 sec) Q: 0, Sets: 0/1  (0.0%) CEs: 0 ETA: - (expected 1 stars)   
(0.3 sec) Q: 0, Sets: 11/15  (21.875%) CEs: 0 ETA: 1.1 sec (expected 50 stars)   
(0.4 sec) Q: 0, Sets: 19/21  (37.5%) CEs: 0 ETA: 0.7 sec (expected 51 stars)   
Total Stars: 26 (2 exact, 24 approx)
Unfinished Stars: 0
Runtime: 0.5 sec
Completed work frac: 1.0
Num Stars Copied Between Processes: 0
Num Lps During Enumeration: 166
Total Num Lps: 166

Result: network is SAFE

[NNENUM] Result: 
<nnenum.result.Result object at 0x7f94910c9400>
[NNENUM] Enumeration finished.
safe
[NNENUM] Found counter-example stars: 0
[NNENUM] Filtering result using SMT solver...
[SMT] SMT filtered out 0 stars (out of 0; TO: 0).
[QUERY] Found all non-linear combinations. Count: 1
[QUERY] Found all non-linear combinations. Count: 2
[QUERY] Returning nonlinear disjunction
[CTRL] Considering conjunction with 5 input constraints and a disjunction of size 2
[APPROX] Checking cache: SNNT.Approx.ApproxCacheObject[]
[APPROX] Constructing Approximation
[APPROX] Resolving approximation
[CTRL] Initiating iterator over current linear queries
[APPROX] # Conjunctions over output: 2
[CTRL] Processing linear query no. 407
[NNENUM] Running nnenum now...
[NNENUM] lb: [31.703236423477783, -63.40647284695557, -0.6724629577858541]
[NNENUM] ub: [100.0, -17.837453728392095, -0.36593527153044436]
[NNENUM] Creating LP Star...
[NNENUM] Checking feasibility
[NNENUM] Generating output Spec...
[NNENUM] Spec list length:  2
[NNENUM] Enumeration in progress... 
(0.0 sec) Q: 0, Sets: 0/1  (0.0%) CEs: 0 ETA: - (expected 1 stars)   

Total Stars: 8 (4 exact, 4 approx)
Unfinished Stars: 0
Runtime: 0.1 sec
Completed work frac: 1.0
Num Stars Copied Between Processes: 0
Num Lps During Enumeration: 233
Total Num Lps: 233

Result: network is SAFE

[NNENUM] Result: 
<nnenum.result.Result object at 0x7f94910c0670>
[NNENUM] Enumeration finished.
safe
[NNENUM] Found counter-example stars: 0
[NNENUM] Filtering result using SMT solver...
[SMT] SMT filtered out 0 stars (out of 0; TO: 0).
[QUERY] Found all non-linear combinations. Count: 1
[QUERY] Returning nonlinear disjunction
[CTRL] Considering conjunction with 5 input constraints and a disjunction of size 1
[APPROX] Checking cache: SNNT.Approx.ApproxCacheObject[]
[APPROX] Constructing Approximation
[APPROX] Resolving approximation
[CTRL] Initiating iterator over current linear queries
[APPROX] # Conjunctions over output: 1
[CTRL] Processing linear query no. 408
[NNENUM] Running nnenum now...
[NNENUM] lb: [31.703236423477783, 0.0, -0.6724629577858541]
[NNENUM] ub: [100.0, 0.09999999999999999, -0.36593527153044436]
[NNENUM] Creating LP Star...
[NNENUM] Checking feasibility
[NNENUM] Generating output Spec...
[NNENUM] Spec list length:  1
[NNENUM] Enumeration in progress... 

[NNENUM] Result: 
<nnenum.result.Result object at 0x7f94910de4c0>
[NNENUM] Enumeration finished.
safe
[NNENUM] Filtering result using SMT solver...
[SMT] SMT filtered out 0 stars (out of 0; TO: 0).
[QUERY] Found all non-linear combinations. Count: 1
[QUERY] Returning nonlinear disjunction
[CTRL] Considering conjunction with 5 input constraints and a disjunction of size 1
[APPROX] Checking cache: SNNT.Approx.ApproxCacheObject[]
[APPROX] Constructing Approximation
[APPROX] Resolving approximation
[CTRL] Initiating iterator over current linear queries
[APPROX] # Conjunctions over output: 1
[CTRL] Processing linear query no. 409
[NNENUM] Running nnenum now...
[NNENUM] lb: [31.703236423477783, 0.0, -0.6724629577858541]
[NNENUM] ub: [100.0, 0.0, -0.36593527153044436]
[NNENUM] Creating LP Star...
[NNENUM] Checking feasibility
[NNENUM] Generating output Spec...
[NNENUM] Spec list length:  1
[NNENUM] Enumeration in progress... 

[NNENUM] Result: 
<nnenum.result.Result object at 0x7f94910fcfd0>
[NNENUM] Enumeration finished.
safe
[NNENUM] Filtering result using SMT solver...
[SMT] SMT filtered out 0 stars (out of 0; TO: 0).
[QUERY] Found all non-linear combinations. Count: 1
[QUERY] Returning nonlinear disjunction
[CTRL] Considering conjunction with 5 input constraints and a disjunction of size 1
[APPROX] Checking cache: SNNT.Approx.ApproxCacheObject[]
[APPROX] Constructing Approximation
[APPROX] Resolving approximation
[CTRL] Initiating iterator over current linear queries
[APPROX] # Conjunctions over output: 1
[CTRL] Processing linear query no. 410
[NNENUM] Running nnenum now...
[NNENUM] lb: [31.703236423477783, -134.49259155717084, -0.6724629577858541]
[NNENUM] ub: [100.0, -73.18705430608887, -0.36593527153044436]
[NNENUM] Creating LP Star...
[NNENUM] Checking feasibility
[NNENUM] Generating output Spec...
[NNENUM] Spec list length:  1
[NNENUM] Enumeration in progress... 

[NNENUM] Result: 
<nnenum.result.Result object at 0x7f94910cda60>
[NNENUM] Enumeration finished.
safe
[NNENUM] Filtering result using SMT solver...
[SMT] SMT filtered out 0 stars (out of 0; TO: 0).
[QUERY] Found all non-linear combinations. Count: 1
[QUERY] Found all non-linear combinations. Count: 1
[QUERY] Returning nonlinear disjunction
[CTRL] Considering conjunction with 5 input constraints and a disjunction of size 2
[APPROX] Checking cache: SNNT.Approx.ApproxCacheObject[]
[APPROX] Constructing Approximation
[APPROX] Resolving approximation
[CTRL] Initiating iterator over current linear queries
[APPROX] # Conjunctions over output: 2
[CTRL] Processing linear query no. 411
[NNENUM] Running nnenum now...
[NNENUM] lb: [31.703236423477783, -134.49259155717084, -0.6724629577858541]
[NNENUM] ub: [100.0, -73.18705430608887, -0.36593527153044436]
[NNENUM] Creating LP Star...
[NNENUM] Checking feasibility
[NNENUM] Generating output Spec...
[NNENUM] Spec list length:  2
[NNENUM] Enumeration in progress... 

[NNENUM] Result: 
<nnenum.result.Result object at 0x7f94910cdeb0>
[NNENUM] Enumeration finished.
safe
[NNENUM] Filtering result using SMT solver...
[SMT] SMT filtered out 0 stars (out of 0; TO: 0).
[QUERY] Found all non-linear combinations. Count: 1
[QUERY] Found all non-linear combinations. Count: 1
[QUERY] Returning nonlinear disjunction
[CTRL] Considering conjunction with 5 input constraints and a disjunction of size 2
[APPROX] Checking cache: SNNT.Approx.ApproxCacheObject[]
[APPROX] Constructing Approximation
[APPROX] Resolving approximation
[CTRL] Initiating iterator over current linear queries
[APPROX] # Conjunctions over output: 2
[CTRL] Processing linear query no. 412
[NNENUM] Running nnenum now...
[NNENUM] lb: [31.703236423477783, -17.837453728392095, -0.6724629577858541]
[NNENUM] ub: [100.0, -2.1, -0.36593527153044436]
[NNENUM] Creating LP Star...
[NNENUM] Checking feasibility
[NNENUM] Generating output Spec...
[NNENUM] Spec list length:  2
[NNENUM] Enumeration in progress... 
(0.0 sec) Q: 0, Sets: 0/1  (0.0%) CEs: 0 ETA: - (expected 1 stars)   
(0.1 sec) Q: 0, Sets: 16/16  (100.0%) CEs: 0 ETA: 0.0 sec (expected 16 stars)   

Total Stars: 16 (1 exact, 15 approx)
Unfinished Stars: 0
Runtime: 0.1 sec
Completed work frac: 1.0
Num Stars Copied Between Processes: 0
Num Lps During Enumeration: 39
Total Num Lps: 39

Result: network is SAFE

[NNENUM] Result: 
<nnenum.result.Result object at 0x7f94910cdc40>
[NNENUM] Enumeration finished.
safe
[NNENUM] Found counter-example stars: 0
[NNENUM] Filtering result using SMT solver...
[SMT] SMT filtered out 0 stars (out of 0; TO: 0).
[QUERY] Found all non-linear combinations. Count: 1
[QUERY] Returning nonlinear disjunction
[CTRL] Considering conjunction with 5 input constraints and a disjunction of size 1
[APPROX] Checking cache: SNNT.Approx.ApproxCacheObject[]
[APPROX] Constructing Approximation
[APPROX] Resolving approximation
[CTRL] Initiating iterator over current linear queries
[APPROX] # Conjunctions over output: 1
[CTRL] Processing linear query no. 413
[NNENUM] Running nnenum now...
[NNENUM] lb: [31.703236423477783, -63.40647284695557, -0.6724629577858541]
[NNENUM] ub: [100.0, -17.837453728392095, -0.36593527153044436]
[NNENUM] Creating LP Star...
[NNENUM] Checking feasibility
[NNENUM] Generating output Spec...
[NNENUM] Spec list length:  1
[NNENUM] Enumeration in progress... 
(0.0 sec) Q: 0, Sets: 0/1  (0.0%) CEs: 0 ETA: - (expected 1 stars)   
(0.2 sec) Q: 0, Sets: 1/3  (25.0%) CEs: 0 ETA: 0.5 sec (expected 4 stars)   

Total Stars: 4 (1 exact, 3 approx)
Unfinished Stars: 0
Runtime: 0.2 sec
Completed work frac: 1.0
Num Stars Copied Between Processes: 0
Num Lps During Enumeration: 20
Total Num Lps: 20

Result: network is SAFE

[NNENUM] Result: 
<nnenum.result.Result object at 0x7f94910c1940>
[NNENUM] Enumeration finished.
safe
[NNENUM] Found counter-example stars: 0
[NNENUM] Filtering result using SMT solver...
[SMT] SMT filtered out 0 stars (out of 0; TO: 0).
[QUERY] Found all non-linear combinations. Count: 1
[QUERY] Returning nonlinear disjunction
[CTRL] Considering conjunction with 5 input constraints and a disjunction of size 1
[APPROX] Checking cache: SNNT.Approx.ApproxCacheObject[]
[APPROX] Constructing Approximation
[APPROX] Resolving approximation
[CTRL] Initiating iterator over current linear queries
[APPROX] # Conjunctions over output: 1
[CTRL] Processing linear query no. 414
[NNENUM] Running nnenum now...
[NNENUM] lb: [31.703236423477783, 0.0, -0.6724629577858541]
[NNENUM] ub: [100.0, 0.0, -0.36593527153044436]
[NNENUM] Creating LP Star...
[NNENUM] Checking feasibility
[NNENUM] Generating output Spec...
[NNENUM] Spec list length:  1
[NNENUM] Enumeration in progress... 

[NNENUM] Result: 
<nnenum.result.Result object at 0x7f9494cef310>
[NNENUM] Enumeration finished.
safe
[NNENUM] Filtering result using SMT solver...
[SMT] SMT filtered out 0 stars (out of 0; TO: 0).
[QUERY] Found all non-linear combinations. Count: 1
[QUERY] Returning nonlinear disjunction
[CTRL] Considering conjunction with 5 input constraints and a disjunction of size 1
[APPROX] Checking cache: SNNT.Approx.ApproxCacheObject[]
[APPROX] Constructing Approximation
[APPROX] Resolving approximation
[CTRL] Initiating iterator over current linear queries
[APPROX] # Conjunctions over output: 1
[CTRL] Processing linear query no. 415
[NNENUM] Running nnenum now...
[NNENUM] lb: [31.703236423477783, 0.09999999999999999, -0.6724629577858541]
[NNENUM] ub: [100.0, 7.4262139003490955, -0.36593527153044436]
[NNENUM] Creating LP Star...
[NNENUM] Checking feasibility
[NNENUM] Generating output Spec...
[NNENUM] Spec list length:  1
[NNENUM] Enumeration in progress... 

[NNENUM] Result: 
<nnenum.result.Result object at 0x7f94948f5910>
[NNENUM] Enumeration finished.
safe
[NNENUM] Filtering result using SMT solver...
[SMT] SMT filtered out 0 stars (out of 0; TO: 0).
[QUERY] Found all non-linear combinations. Count: 1
[QUERY] Found all non-linear combinations. Count: 1
[QUERY] Found all non-linear combinations. Count: 1
[QUERY] Found all non-linear combinations. Count: 1
[QUERY] Found all non-linear combinations. Count: 1
[QUERY] Found all non-linear combinations. Count: 1
[QUERY] Returning nonlinear disjunction
[CTRL] Considering conjunction with 5 input constraints and a disjunction of size 6
[APPROX] Checking cache: SNNT.Approx.ApproxCacheObject[]
[APPROX] Constructing Approximation
[APPROX] Resolving approximation
[CTRL] Initiating iterator over current linear queries
[APPROX] # Conjunctions over output: 6
[CTRL] Processing linear query no. 416
[NNENUM] Running nnenum now...
[NNENUM] lb: [0.07999999999999999, 0.0, -0.6724629577858541]
[NNENUM] ub: [16.376852110707294, 0.09999999999999999, -0.36593527153044436]
[NNENUM] Creating LP Star...
[NNENUM] Checking feasibility
[NNENUM] Generating output Spec...
[NNENUM] Spec list length:  6
[NNENUM] Enumeration in progress... 

[NNENUM] Result: 
<nnenum.result.Result object at 0x7f94910cd910>
[NNENUM] Enumeration finished.
safe
[NNENUM] Filtering result using SMT solver...
[SMT] SMT filtered out 0 stars (out of 0; TO: 0).
[QUERY] Found all non-linear combinations. Count: 1
[QUERY] Found all non-linear combinations. Count: 1
[QUERY] Found all non-linear combinations. Count: 1
[QUERY] Found all non-linear combinations. Count: 1
[QUERY] Found all non-linear combinations. Count: 1
[QUERY] Found all non-linear combinations. Count: 1
[QUERY] Returning nonlinear disjunction
[CTRL] Considering conjunction with 5 input constraints and a disjunction of size 6
[APPROX] Checking cache: SNNT.Approx.ApproxCacheObject[]
[APPROX] Constructing Approximation
[APPROX] Resolving approximation
[CTRL] Initiating iterator over current linear queries
[APPROX] # Conjunctions over output: 6
[CTRL] Processing linear query no. 417
[NNENUM] Running nnenum now...
[NNENUM] lb: [0.07999999999999999, 0.0, -0.6724629577858541]
[NNENUM] ub: [16.376852110707294, 0.09999999999999999, -0.36593527153044436]
[NNENUM] Creating LP Star...
[NNENUM] Checking feasibility
[NNENUM] Generating output Spec...
[NNENUM] Spec list length:  6
[NNENUM] Enumeration in progress... 

[NNENUM] Result: 
<nnenum.result.Result object at 0x7f94910fc490>
[NNENUM] Enumeration finished.
safe
[NNENUM] Filtering result using SMT solver...
[SMT] SMT filtered out 0 stars (out of 0; TO: 0).
[QUERY] Found all non-linear combinations. Count: 1
[QUERY] Found all non-linear combinations. Count: 1
[QUERY] Found all non-linear combinations. Count: 1
[QUERY] Found all non-linear combinations. Count: 2
[QUERY] Found all non-linear combinations. Count: 1
[QUERY] Found all non-linear combinations. Count: 1
[QUERY] Found all non-linear combinations. Count: 1
[QUERY] Found all non-linear combinations. Count: 1
[QUERY] Found all non-linear combinations. Count: 1
[QUERY] Found all non-linear combinations. Count: 1
[QUERY] Found all non-linear combinations. Count: 1
[QUERY] Returning nonlinear disjunction
[CTRL] Considering conjunction with 5 input constraints and a disjunction of size 11
[APPROX] Checking cache: SNNT.Approx.ApproxCacheObject[]
[APPROX] Constructing Approximation
[APPROX] Resolving approximation
[CTRL] Initiating iterator over current linear queries
[APPROX] # Conjunctions over output: 11
[CTRL] Processing linear query no. 418
[NNENUM] Running nnenum now...
[NNENUM] lb: [0.07999999999999999, 0.0, -0.6724629577858541]
[NNENUM] ub: [16.376852110707294, 0.09999999999999999, -0.36593527153044436]
[NNENUM] Creating LP Star...
[NNENUM] Checking feasibility
[NNENUM] Generating output Spec...
[NNENUM] Spec list length:  11
[NNENUM] Enumeration in progress... 
(0.2 sec) Q: 0, Sets: 0/1  (0.0%) CEs: 0 ETA: - (expected 1 stars)   

Total Stars: 5 (0 exact, 5 approx)
Unfinished Stars: 0
Runtime: 0.2 sec
Completed work frac: 1.0
Num Stars Copied Between Processes: 0
Num Lps During Enumeration: 0
Total Num Lps: 0

Result: network is SAFE

[NNENUM] Result: 
<nnenum.result.Result object at 0x7f94910de910>
[NNENUM] Enumeration finished.
safe
[NNENUM] Found counter-example stars: 0
[NNENUM] Filtering result using SMT solver...
[SMT] SMT filtered out 0 stars (out of 0; TO: 0).
[QUERY] Found all non-linear combinations. Count: 1
[QUERY] Found all non-linear combinations. Count: 1
[QUERY] Found all non-linear combinations. Count: 2
[QUERY] Found all non-linear combinations. Count: 1
[QUERY] Found all non-linear combinations. Count: 1
[QUERY] Found all non-linear combinations. Count: 1
[QUERY] Found all non-linear combinations. Count: 1
[QUERY] Found all non-linear combinations. Count: 1
[QUERY] Found all non-linear combinations. Count: 1
[QUERY] Found all non-linear combinations. Count: 1
[QUERY] Found all non-linear combinations. Count: 1
[QUERY] Returning nonlinear disjunction
[CTRL] Considering conjunction with 5 input constraints and a disjunction of size 11
[APPROX] Checking cache: SNNT.Approx.ApproxCacheObject[]
[APPROX] Constructing Approximation
[APPROX] Resolving approximation
[CTRL] Initiating iterator over current linear queries
[APPROX] # Conjunctions over output: 11
[CTRL] Processing linear query no. 419
[NNENUM] Running nnenum now...
[NNENUM] lb: [0.07999999999999999, 0.0, -0.6724629577858541]
[NNENUM] ub: [16.376852110707294, 0.0, -0.36593527153044436]
[NNENUM] Creating LP Star...
[NNENUM] Checking feasibility
[NNENUM] Generating output Spec...
[NNENUM] Spec list length:  11
[NNENUM] Enumeration in progress... 
(0.1 sec) Q: 0, Sets: 0/1  (0.0%) CEs: 0 ETA: - (expected 1 stars)   

Total Stars: 4 (0 exact, 4 approx)
Unfinished Stars: 0
Runtime: 0.1 sec
Completed work frac: 1.0
Num Stars Copied Between Processes: 0
Num Lps During Enumeration: 0
Total Num Lps: 0

Result: network is SAFE

[NNENUM] Result: 
<nnenum.result.Result object at 0x7f94910d7250>
[NNENUM] Enumeration finished.
safe
[NNENUM] Found counter-example stars: 0
[NNENUM] Filtering result using SMT solver...
[SMT] SMT filtered out 0 stars (out of 0; TO: 0).
[QUERY] Found all non-linear combinations. Count: 1
[QUERY] Found all non-linear combinations. Count: 2
[QUERY] Found all non-linear combinations. Count: 1
[QUERY] Found all non-linear combinations. Count: 1
[QUERY] Found all non-linear combinations. Count: 1
[QUERY] Found all non-linear combinations. Count: 1
[QUERY] Found all non-linear combinations. Count: 1
[QUERY] Found all non-linear combinations. Count: 1
[QUERY] Found all non-linear combinations. Count: 1
[QUERY] Found all non-linear combinations. Count: 1
[QUERY] Found all non-linear combinations. Count: 1
[QUERY] Returning nonlinear disjunction
[CTRL] Considering conjunction with 5 input constraints and a disjunction of size 11
[APPROX] Checking cache: SNNT.Approx.ApproxCacheObject[]
[APPROX] Constructing Approximation
[APPROX] Resolving approximation
[CTRL] Initiating iterator over current linear queries
[APPROX] # Conjunctions over output: 11
[CTRL] Processing linear query no. 420
[NNENUM] Running nnenum now...
[NNENUM] lb: [0.07999999999999999, 0.09999999999999999, -0.6724629577858541]
[NNENUM] ub: [16.376852110707294, 7.4262139003490955, -0.36593527153044436]
[NNENUM] Creating LP Star...
[NNENUM] Checking feasibility
[NNENUM] Generating output Spec...
[NNENUM] Spec list length:  11
[NNENUM] Enumeration in progress... 
(0.0 sec) Q: 0, Sets: 0/1  (0.0%) CEs: 0 ETA: - (expected 1 stars)   
(0.2 sec) Q: 0, Sets: 0/6  (0.0%) CEs: 0 ETA: - (expected 1 stars)   
(0.3 sec) Q: 0, Sets: 9/16  (2.344%) CEs: 0 ETA: 10.7 sec (expected 384 stars)   
(0.4 sec) Q: 0, Sets: 32/35  (56.25%) CEs: 0 ETA: 0.3 sec (expected 57 stars)   
(0.5 sec) Q: 0, Sets: 51/54  (71.875%) CEs: 0 ETA: 0.2 sec (expected 71 stars)   
Total Stars: 73 (5 exact, 68 approx)
Unfinished Stars: 0
Runtime: 0.5 sec
Completed work frac: 1.0
Num Stars Copied Between Processes: 0
Num Lps During Enumeration: 138
Total Num Lps: 138

Result: network is SAFE

[NNENUM] Result: 
<nnenum.result.Result object at 0x7f94910d7b80>
[NNENUM] Enumeration finished.
safe
[NNENUM] Found counter-example stars: 0
[NNENUM] Filtering result using SMT solver...
[SMT] SMT filtered out 0 stars (out of 0; TO: 0).
.[QUERY] Found all non-linear combinations. Count: 1
.[QUERY] Found all non-linear combinations. Count: 1
[QUERY] Found all non-linear combinations. Count: 1
[QUERY] Found all non-linear combinations. Count: 1
[QUERY] Found all non-linear combinations. Count: 1
[QUERY] Found all non-linear combinations. Count: 1
[QUERY] Found all non-linear combinations. Count: 1
[QUERY] Found all non-linear combinations. Count: 1
.[QUERY] Found all non-linear combinations. Count: 1
[QUERY] Found all non-linear combinations. Count: 2
[QUERY] Returning nonlinear disjunction
[CTRL] Considering conjunction with 5 input constraints and a disjunction of size 10
[APPROX] Checking cache: SNNT.Approx.ApproxCacheObject[]
[APPROX] Constructing Approximation
[APPROX] Resolving approximation
[CTRL] Initiating iterator over current linear queries
[APPROX] # Conjunctions over output: 10
[CTRL] Processing linear query no. 421
[NNENUM] Running nnenum now...
[NNENUM] lb: [0.07999999999999999, 0.09999999999999999, -0.6724629577858541]
[NNENUM] ub: [16.376852110707294, 7.4262139003490955, -0.36593527153044436]
[NNENUM] Creating LP Star...
[NNENUM] Checking feasibility
[NNENUM] Generating output Spec...
[NNENUM] Spec list length:  10
[NNENUM] Enumeration in progress... 
(0.0 sec) Q: 0, Sets: 0/1  (0.0%) CEs: 0 ETA: - (expected 1 stars)   
(0.2 sec) Q: 0, Sets: 6/14  (1.953%) CEs: 0 ETA: 7.6 sec (expected 307 stars)   

Total Stars: 19 (4 exact, 15 approx)
Unfinished Stars: 0
Runtime: 0.2 sec
Completed work frac: 1.0
Num Stars Copied Between Processes: 0
Num Lps During Enumeration: 208
Total Num Lps: 208

Result: network is SAFE

[NNENUM] Result: 
<nnenum.result.Result object at 0x7f94910d0370>
[NNENUM] Enumeration finished.
safe
[NNENUM] Found counter-example stars: 0
[NNENUM] Filtering result using SMT solver...
[SMT] SMT filtered out 0 stars (out of 0; TO: 0).
[QUERY] Found all non-linear combinations. Count: 4
[QUERY] Found all non-linear combinations. Count: 2
[QUERY] Found all non-linear combinations. Count: 1
[QUERY] Found all non-linear combinations. Count: 1
[QUERY] Found all non-linear combinations. Count: 1
[QUERY] Found all non-linear combinations. Count: 1
[QUERY] Found all non-linear combinations. Count: 1
[QUERY] Found all non-linear combinations. Count: 1
[QUERY] Found all non-linear combinations. Count: 2
[QUERY] Found all non-linear combinations. Count: 2
[QUERY] Returning nonlinear disjunction
[CTRL] Considering conjunction with 5 input constraints and a disjunction of size 10
[APPROX] Checking cache: SNNT.Approx.ApproxCacheObject[]
[APPROX] Constructing Approximation
[APPROX] Resolving approximation
[CTRL] Initiating iterator over current linear queries
[APPROX] # Conjunctions over output: 10
[CTRL] Processing linear query no. 422
[NNENUM] Running nnenum now...
[NNENUM] lb: [0.07999999999999999, 0.09999999999999999, -0.6724629577858541]
[NNENUM] ub: [16.376852110707294, 7.4262139003490955, -0.36593527153044436]
[NNENUM] Creating LP Star...
[NNENUM] Checking feasibility
[NNENUM] Generating output Spec...
[NNENUM] Spec list length:  10
[NNENUM] Enumeration in progress... 
(0.0 sec) Q: 0, Sets: 0/1  (0.0%) CEs: 0 ETA: - (expected 1 stars)   
(0.2 sec) Q: 0, Sets: 0/4  (0.0%) CEs: 0 ETA: - (expected 1 stars)   
(0.3 sec) Q: 0, Sets: 16/23  (13.281%) CEs: 0 ETA: 1.7 sec (expected 120 stars)   
(0.4 sec) Q: 0, Sets: 34/41  (22.705%) CEs: 0 ETA: 1.2 sec (expected 150 stars)   
(0.5 sec) Q: 0, Sets: 53/59  (23.633%) CEs: 0 ETA: 1.5 sec (expected 224 stars)   
Total Stars: 72 (6 exact, 66 approx)
Unfinished Stars: 0
Runtime: 0.5 sec
Completed work frac: 1.0
Num Stars Copied Between Processes: 0
Num Lps During Enumeration: 254
Total Num Lps: 254

Result: network is SAFE

[NNENUM] Result: 
<nnenum.result.Result object at 0x7f94910fc100>
[NNENUM] Enumeration finished.
safe
[NNENUM] Found counter-example stars: 0
[NNENUM] Filtering result using SMT solver...
[SMT] SMT filtered out 0 stars (out of 0; TO: 0).
[QUERY] Found all non-linear combinations. Count: 1
[QUERY] Found all non-linear combinations. Count: 1
[QUERY] Returning nonlinear disjunction
[CTRL] Considering conjunction with 5 input constraints and a disjunction of size 2
[APPROX] Checking cache: SNNT.Approx.ApproxCacheObject[]
[APPROX] Constructing Approximation
[APPROX] Resolving approximation
[CTRL] Initiating iterator over current linear queries
[APPROX] # Conjunctions over output: 2
[CTRL] Processing linear query no. 423
[NNENUM] Running nnenum now...
[NNENUM] lb: [16.376852110707294, 0.09999999999999999, -0.6724629577858541]
[NNENUM] ub: [31.703236423477783, 7.4262139003490955, -0.36593527153044436]
[NNENUM] Creating LP Star...
[NNENUM] Checking feasibility
[NNENUM] Generating output Spec...
[NNENUM] Spec list length:  2
[NNENUM] Enumeration in progress... 

[NNENUM] Result: 
<nnenum.result.Result object at 0x7f94910dea90>
[NNENUM] Enumeration finished.
safe
[NNENUM] Filtering result using SMT solver...
[SMT] SMT filtered out 0 stars (out of 0; TO: 0).
[QUERY] Found all non-linear combinations. Count: 1
[QUERY] Found all non-linear combinations. Count: 1
[QUERY] Returning nonlinear disjunction
[CTRL] Considering conjunction with 5 input constraints and a disjunction of size 2
[APPROX] Checking cache: SNNT.Approx.ApproxCacheObject[]
[APPROX] Constructing Approximation
[APPROX] Resolving approximation
[CTRL] Initiating iterator over current linear queries
[APPROX] # Conjunctions over output: 2
[CTRL] Processing linear query no. 424
[NNENUM] Running nnenum now...
[NNENUM] lb: [16.376852110707294, 0.0, -0.6724629577858541]
[NNENUM] ub: [31.703236423477783, 0.09999999999999999, -0.36593527153044436]
[NNENUM] Creating LP Star...
[NNENUM] Checking feasibility
[NNENUM] Generating output Spec...
[NNENUM] Spec list length:  2
[NNENUM] Enumeration in progress... 

[NNENUM] Result: 
<nnenum.result.Result object at 0x7f94910fc400>
[NNENUM] Enumeration finished.
safe
[NNENUM] Filtering result using SMT solver...
[SMT] SMT filtered out 0 stars (out of 0; TO: 0).
[QUERY] Found all non-linear combinations. Count: 1
.[QUERY] Found all non-linear combinations. Count: 1
[QUERY] Returning nonlinear disjunction
[CTRL] Considering conjunction with 5 input constraints and a disjunction of size 2
[APPROX] Checking cache: SNNT.Approx.ApproxCacheObject[]
[APPROX] Constructing Approximation
[APPROX] Resolving approximation
[CTRL] Initiating iterator over current linear queries
[APPROX] # Conjunctions over output: 2
[CTRL] Processing linear query no. 425
[NNENUM] Running nnenum now...
[NNENUM] lb: [16.376852110707294, 0.0, -0.6724629577858541]
[NNENUM] ub: [31.703236423477783, 0.0, -0.36593527153044436]
[NNENUM] Creating LP Star...
[NNENUM] Checking feasibility
[NNENUM] Generating output Spec...
[NNENUM] Spec list length:  2
[NNENUM] Enumeration in progress... 

[NNENUM] Result: 
<nnenum.result.Result object at 0x7f94948f5910>
[NNENUM] Enumeration finished.
safe
[NNENUM] Filtering result using SMT solver...
[SMT] SMT filtered out 0 stars (out of 0; TO: 0).
[QUERY] Found all non-linear combinations. Count: 1
.[QUERY] Found all non-linear combinations. Count: 1
[QUERY] Returning nonlinear disjunction
[CTRL] Considering conjunction with 5 input constraints and a disjunction of size 2
[APPROX] Checking cache: SNNT.Approx.ApproxCacheObject[]
[APPROX] Constructing Approximation
[APPROX] Resolving approximation
[CTRL] Initiating iterator over current linear queries
[APPROX] # Conjunctions over output: 2
[CTRL] Processing linear query no. 426
[NNENUM] Running nnenum now...
[NNENUM] lb: [16.376852110707294, 0.0, -0.6724629577858541]
[NNENUM] ub: [31.703236423477783, 0.0, -0.36593527153044436]
[NNENUM] Creating LP Star...
[NNENUM] Checking feasibility
[NNENUM] Generating output Spec...
[NNENUM] Spec list length:  2
[NNENUM] Enumeration in progress... 

[NNENUM] Result: 
<nnenum.result.Result object at 0x7f94910d0820>
[NNENUM] Enumeration finished.
safe
[NNENUM] Filtering result using SMT solver...
[SMT] SMT filtered out 0 stars (out of 0; TO: 0).
[QUERY] Found all non-linear combinations. Count: 1
[QUERY] Found all non-linear combinations. Count: 1
[QUERY] Returning nonlinear disjunction
[CTRL] Considering conjunction with 5 input constraints and a disjunction of size 2
[APPROX] Checking cache: SNNT.Approx.ApproxCacheObject[]
[APPROX] Constructing Approximation
[APPROX] Resolving approximation
[CTRL] Initiating iterator over current linear queries
[APPROX] # Conjunctions over output: 2
[CTRL] Processing linear query no. 427
[NNENUM] Running nnenum now...
[NNENUM] lb: [16.376852110707294, -2.1, -0.6724629577858541]
[NNENUM] ub: [31.703236423477783, 0.0, -0.36593527153044436]
[NNENUM] Creating LP Star...
[NNENUM] Checking feasibility
[NNENUM] Generating output Spec...
[NNENUM] Spec list length:  2
[NNENUM] Enumeration in progress... 

[NNENUM] Result: 
<nnenum.result.Result object at 0x7f94910c0910>
[NNENUM] Enumeration finished.
safe
[NNENUM] Filtering result using SMT solver...
[SMT] SMT filtered out 0 stars (out of 0; TO: 0).
[QUERY] Found all non-linear combinations. Count: 1
[QUERY] Found all non-linear combinations. Count: 1
[QUERY] Returning nonlinear disjunction
[CTRL] Considering conjunction with 5 input constraints and a disjunction of size 2
[APPROX] Checking cache: SNNT.Approx.ApproxCacheObject[]
[APPROX] Constructing Approximation
[APPROX] Resolving approximation
[CTRL] Initiating iterator over current linear queries
[APPROX] # Conjunctions over output: 2
[CTRL] Processing linear query no. 428
[NNENUM] Running nnenum now...
[NNENUM] lb: [16.376852110707294, -17.837453728392095, -0.6724629577858541]
[NNENUM] ub: [31.703236423477783, -2.1, -0.36593527153044436]
[NNENUM] Creating LP Star...
[NNENUM] Checking feasibility
[NNENUM] Generating output Spec...
[NNENUM] Spec list length:  2
[NNENUM] Enumeration in progress... 
(0.0 sec) Q: 0, Sets: 0/1  (0.0%) CEs: 0 ETA: - (expected 1 stars)   
(0.1 sec) Q: 0, Sets: 11/13  (37.5%) CEs: 0 ETA: 0.2 sec (expected 29 stars)   

Total Stars: 13 (1 exact, 12 approx)
Unfinished Stars: 0
Runtime: 0.2 sec
Completed work frac: 1.0
Num Stars Copied Between Processes: 0
Num Lps During Enumeration: 87
Total Num Lps: 87

Result: network is SAFE

[NNENUM] Result: 
<nnenum.result.Result object at 0x7f94910d7070>
[NNENUM] Enumeration finished.
safe
[NNENUM] Found counter-example stars: 0
[NNENUM] Filtering result using SMT solver...
[SMT] SMT filtered out 0 stars (out of 0; TO: 0).
[QUERY] Found all non-linear combinations. Count: 1
[QUERY] Returning nonlinear disjunction
[CTRL] Considering conjunction with 5 input constraints and a disjunction of size 1
[APPROX] Checking cache: SNNT.Approx.ApproxCacheObject[]
[APPROX] Constructing Approximation
[APPROX] Resolving approximation
[CTRL] Initiating iterator over current linear queries
[APPROX] # Conjunctions over output: 1
[CTRL] Processing linear query no. 429
[NNENUM] Running nnenum now...
[NNENUM] lb: [16.376852110707294, -17.837453728392095, -0.6724629577858541]
[NNENUM] ub: [31.703236423477783, -2.1, -0.36593527153044436]
[NNENUM] Creating LP Star...
[NNENUM] Checking feasibility
[NNENUM] Generating output Spec...
[NNENUM] Spec list length:  1
[NNENUM] Enumeration in progress... 
(0.0 sec) Q: 0, Sets: 0/1  (0.0%) CEs: 0 ETA: - (expected 1 stars)   
(0.2 sec) Q: 0, Sets: 0/4  (0.0%) CEs: 0 ETA: - (expected 1 stars)   

Total Stars: 4 (2 exact, 2 approx)
Unfinished Stars: 0
Runtime: 0.2 sec
Completed work frac: 1.0
Num Stars Copied Between Processes: 0
Num Lps During Enumeration: 140
Total Num Lps: 140

Result: network is SAFE

[NNENUM] Result: 
<nnenum.result.Result object at 0x7f94910ec220>
[NNENUM] Enumeration finished.
safe
[NNENUM] Found counter-example stars: 0
[NNENUM] Filtering result using SMT solver...
[SMT] SMT filtered out 0 stars (out of 0; TO: 0).
[QUERY] Found all non-linear combinations. Count: 1
[QUERY] Returning nonlinear disjunction
[CTRL] Considering conjunction with 5 input constraints and a disjunction of size 1
[APPROX] Checking cache: SNNT.Approx.ApproxCacheObject[]
[APPROX] Constructing Approximation
[APPROX] Resolving approximation
[CTRL] Initiating iterator over current linear queries
[APPROX] # Conjunctions over output: 1
[CTRL] Processing linear query no. 430
[NNENUM] Running nnenum now...
[NNENUM] lb: [16.376852110707294, -17.837453728392095, -0.6724629577858541]
[NNENUM] ub: [31.703236423477783, -2.1, -0.36593527153044436]
[NNENUM] Creating LP Star...
[NNENUM] Checking feasibility
[NNENUM] Generating output Spec...
[NNENUM] Spec list length:  1
[NNENUM] Enumeration in progress... 
(0.0 sec) Q: 0, Sets: 0/1  (0.0%) CEs: 0 ETA: - (expected 1 stars)   

Total Stars: 3 (1 exact, 2 approx)
Unfinished Stars: 0
Runtime: 0.0 sec
Completed work frac: 1.0
Num Stars Copied Between Processes: 0
Num Lps During Enumeration: 113
Total Num Lps: 113

Result: network is SAFE

[NNENUM] Result: 
<nnenum.result.Result object at 0x7f94948f5a00>
[NNENUM] Enumeration finished.
safe
[NNENUM] Found counter-example stars: 0
[NNENUM] Filtering result using SMT solver...
[SMT] SMT filtered out 0 stars (out of 0; TO: 0).
.[QUERY] Found all non-linear combinations. Count: 1
[QUERY] Returning nonlinear disjunction
[CTRL] Considering conjunction with 5 input constraints and a disjunction of size 1
[APPROX] Checking cache: SNNT.Approx.ApproxCacheObject[]
[APPROX] Constructing Approximation
[APPROX] Resolving approximation
[CTRL] Initiating iterator over current linear queries
[APPROX] # Conjunctions over output: 1
[CTRL] Processing linear query no. 431
[NNENUM] Running nnenum now...
[NNENUM] lb: [16.376852110707294, -63.40647284695557, -0.6724629577858541]
[NNENUM] ub: [31.703236423477783, -17.837453728392095, -0.36593527153044436]
[NNENUM] Creating LP Star...
[NNENUM] Checking feasibility
[NNENUM] Generating output Spec...
[NNENUM] Spec list length:  1
[NNENUM] Enumeration in progress... 

[NNENUM] Result: 
<nnenum.result.Result object at 0x7f94910fc580>
[NNENUM] Enumeration finished.
safe
[NNENUM] Filtering result using SMT solver...
[SMT] SMT filtered out 0 stars (out of 0; TO: 0).
[QUERY] Found all non-linear combinations. Count: 2
[QUERY] Found all non-linear combinations. Count: 2
[QUERY] Found all non-linear combinations. Count: 2
[QUERY] Found all non-linear combinations. Count: 2
[QUERY] Found all non-linear combinations. Count: 2
[QUERY] Found all non-linear combinations. Count: 1
[QUERY] Found all non-linear combinations. Count: 1
[QUERY] Found all non-linear combinations. Count: 1
[QUERY] Found all non-linear combinations. Count: 1
[QUERY] Found all non-linear combinations. Count: 2
.[QUERY] Found all non-linear combinations. Count: 3
[QUERY] Returning nonlinear disjunction
[CTRL] Considering conjunction with 5 input constraints and a disjunction of size 11
[APPROX] Checking cache: SNNT.Approx.ApproxCacheObject[]
[APPROX] Constructing Approximation
[APPROX] Resolving approximation
[CTRL] Initiating iterator over current linear queries
[APPROX] # Conjunctions over output: 11
[CTRL] Processing linear query no. 432
[NNENUM] Running nnenum now...
[NNENUM] lb: [16.376852110707294, -63.40647284695557, -0.6724629577858541]
[NNENUM] ub: [31.703236423477783, -17.837453728392095, -0.36593527153044436]
[NNENUM] Creating LP Star...
[NNENUM] Checking feasibility
[NNENUM] Generating output Spec...
[NNENUM] Spec list length:  11
[NNENUM] Enumeration in progress... 
(0.2 sec) Q: 0, Sets: 0/1  (0.0%) CEs: 0 ETA: - (expected 1 stars)   

Total Stars: 7 (1 exact, 6 approx)
Unfinished Stars: 0
Runtime: 0.2 sec
Completed work frac: 1.0
Num Stars Copied Between Processes: 0
Num Lps During Enumeration: 61
Total Num Lps: 61

Result: network is SAFE

[NNENUM] Result: 
<nnenum.result.Result object at 0x7f94910e3250>
[NNENUM] Enumeration finished.
safe
[NNENUM] Found counter-example stars: 0
[NNENUM] Filtering result using SMT solver...
[SMT] SMT filtered out 0 stars (out of 0; TO: 0).
..[QUERY] Found all non-linear combinations. Count: 1
[QUERY] Returning nonlinear disjunction
[CTRL] Considering conjunction with 5 input constraints and a disjunction of size 1
[APPROX] Checking cache: SNNT.Approx.ApproxCacheObject[]
[APPROX] Constructing Approximation
[APPROX] Resolving approximation
[CTRL] Initiating iterator over current linear queries
[APPROX] # Conjunctions over output: 1
[CTRL] Processing linear query no. 433
[NNENUM] Running nnenum now...
[NNENUM] lb: [16.376852110707294, -63.40647284695557, -0.6724629577858541]
[NNENUM] ub: [31.703236423477783, -17.837453728392095, -0.36593527153044436]
[NNENUM] Creating LP Star...
[NNENUM] Checking feasibility
[NNENUM] Generating output Spec...
[NNENUM] Spec list length:  1
[NNENUM] Enumeration in progress... 

[NNENUM] Result: 
<nnenum.result.Result object at 0x7f94910d78b0>
[NNENUM] Enumeration finished.
safe
[NNENUM] Filtering result using SMT solver...
[SMT] SMT filtered out 0 stars (out of 0; TO: 0).
.[QUERY] Found all non-linear combinations. Count: 1
.[QUERY] Found all non-linear combinations. Count: 1
.[QUERY] Found all non-linear combinations. Count: 1
[QUERY] Found all non-linear combinations. Count: 1
.[QUERY] Found all non-linear combinations. Count: 1
[QUERY] Found all non-linear combinations. Count: 1
[QUERY] Found all non-linear combinations. Count: 2
[QUERY] Found all non-linear combinations. Count: 2
[QUERY] Found all non-linear combinations. Count: 4
[QUERY] Found all non-linear combinations. Count: 2
[QUERY] Returning nonlinear disjunction
[CTRL] Considering conjunction with 5 input constraints and a disjunction of size 10
[APPROX] Checking cache: SNNT.Approx.ApproxCacheObject[]
[APPROX] Constructing Approximation
[APPROX] Resolving approximation
[CTRL] Initiating iterator over current linear queries
[APPROX] # Conjunctions over output: 10
[CTRL] Processing linear query no. 434
[NNENUM] Running nnenum now...
[NNENUM] lb: [0.07999999999999999, 0.09999999999999999, -0.36593527153044436]
[NNENUM] ub: [16.376852110707294, 7.4262139003490955, -0.3170323642347779]
[NNENUM] Creating LP Star...
[NNENUM] Checking feasibility
[NNENUM] Generating output Spec...
[NNENUM] Spec list length:  10
[NNENUM] Enumeration in progress... 
(0.0 sec) Q: 0, Sets: 0/1  (0.0%) CEs: 0 ETA: - (expected 1 stars)   
(0.2 sec) Q: 0, Sets: 0/3  (0.0%) CEs: 0 ETA: - (expected 1 stars)   
(0.3 sec) Q: 0, Sets: 11/20  (12.793%) CEs: 0 ETA: 1.7 sec (expected 86 stars)   
(0.4 sec) Q: 0, Sets: 27/33  (21.094%) CEs: 0 ETA: 1.3 sec (expected 128 stars)   
(0.5 sec) Q: 0, Sets: 43/48  (22.949%) CEs: 0 ETA: 1.5 sec (expected 187 stars)   
(0.6 sec) Q: 0, Sets: 60/65  (24.023%) CEs: 0 ETA: 1.8 sec (expected 250 stars)   
Total Stars: 72 (6 exact, 66 approx)
Unfinished Stars: 0
Runtime: 0.6 sec
Completed work frac: 1.0
Num Stars Copied Between Processes: 0
Num Lps During Enumeration: 254
Total Num Lps: 254

Result: network is SAFE

[NNENUM] Result: 
<nnenum.result.Result object at 0x7f94910eaf10>
[NNENUM] Enumeration finished.
safe
[NNENUM] Found counter-example stars: 0
[NNENUM] Filtering result using SMT solver...
[SMT] SMT filtered out 0 stars (out of 0; TO: 0).
.[QUERY] Found all non-linear combinations. Count: 2
[QUERY] Found all non-linear combinations. Count: 1
.[QUERY] Found all non-linear combinations. Count: 1
[QUERY] Found all non-linear combinations. Count: 1
[QUERY] Found all non-linear combinations. Count: 1
[QUERY] Found all non-linear combinations. Count: 1
[QUERY] Found all non-linear combinations. Count: 1
[QUERY] Found all non-linear combinations. Count: 1
[QUERY] Found all non-linear combinations. Count: 1
[QUERY] Found all non-linear combinations. Count: 1
[QUERY] Returning nonlinear disjunction
[CTRL] Considering conjunction with 5 input constraints and a disjunction of size 10
[APPROX] Checking cache: SNNT.Approx.ApproxCacheObject[]
[APPROX] Constructing Approximation
[APPROX] Resolving approximation
[CTRL] Initiating iterator over current linear queries
[APPROX] # Conjunctions over output: 10
[CTRL] Processing linear query no. 435
[NNENUM] Running nnenum now...
[NNENUM] lb: [0.07999999999999999, 0.09999999999999999, -0.36593527153044436]
[NNENUM] ub: [16.376852110707294, 7.4262139003490955, -0.3170323642347779]
[NNENUM] Creating LP Star...
[NNENUM] Checking feasibility
[NNENUM] Generating output Spec...
[NNENUM] Spec list length:  10
[NNENUM] Enumeration in progress... 
(0.1 sec) Q: 0, Sets: 0/1  (0.0%) CEs: 0 ETA: - (expected 1 stars)   
(0.2 sec) Q: 0, Sets: 11/17  (3.125%) CEs: 0 ETA: 5.3 sec (expected 352 stars)   

Total Stars: 19 (4 exact, 15 approx)
Unfinished Stars: 0
Runtime: 0.2 sec
Completed work frac: 1.0
Num Stars Copied Between Processes: 0
Num Lps During Enumeration: 208
Total Num Lps: 208

Result: network is SAFE

[NNENUM] Result: 
<nnenum.result.Result object at 0x7f94910eac70>
[NNENUM] Enumeration finished.
safe
[NNENUM] Found counter-example stars: 0
[NNENUM] Filtering result using SMT solver...
[SMT] SMT filtered out 0 stars (out of 0; TO: 0).
[QUERY] Found all non-linear combinations. Count: 1
[QUERY] Found all non-linear combinations. Count: 1
[QUERY] Found all non-linear combinations. Count: 1
[QUERY] Found all non-linear combinations. Count: 1
[QUERY] Found all non-linear combinations. Count: 1
[QUERY] Found all non-linear combinations. Count: 2
[QUERY] Found all non-linear combinations. Count: 1
[QUERY] Found all non-linear combinations. Count: 1
[QUERY] Found all non-linear combinations. Count: 1
[QUERY] Found all non-linear combinations. Count: 1
[QUERY] Found all non-linear combinations. Count: 1
[QUERY] Returning nonlinear disjunction
[CTRL] Considering conjunction with 5 input constraints and a disjunction of size 11
[APPROX] Checking cache: SNNT.Approx.ApproxCacheObject[]
[APPROX] Constructing Approximation
[APPROX] Resolving approximation
[CTRL] Initiating iterator over current linear queries
[APPROX] # Conjunctions over output: 11
[CTRL] Processing linear query no. 436
[NNENUM] Running nnenum now...
[NNENUM] lb: [0.07999999999999999, 0.09999999999999999, -0.36593527153044436]
[NNENUM] ub: [16.376852110707294, 7.4262139003490955, -0.3170323642347779]
[NNENUM] Creating LP Star...
[NNENUM] Checking feasibility
[NNENUM] Generating output Spec...
[NNENUM] Spec list length:  11
[NNENUM] Enumeration in progress... 
(0.2 sec) Q: 0, Sets: 0/1  (0.0%) CEs: 0 ETA: - (expected 1 stars)   
(0.3 sec) Q: 0, Sets: 7/13  (1.562%) CEs: 0 ETA: 16.2 sec (expected 448 stars)   
(0.4 sec) Q: 0, Sets: 37/40  (61.719%) CEs: 0 ETA: 0.2 sec (expected 60 stars)   
(0.5 sec) Q: 0, Sets: 56/58  (81.25%) CEs: 0 ETA: 0.1 sec (expected 69 stars)   

Total Stars: 73 (5 exact, 68 approx)
Unfinished Stars: 0
Runtime: 0.5 sec
Completed work frac: 1.0
Num Stars Copied Between Processes: 0
Num Lps During Enumeration: 138
Total Num Lps: 138

Result: network is SAFE

[NNENUM] Result: 
<nnenum.result.Result object at 0x7f94910ec4c0>
[NNENUM] Enumeration finished.
safe
[NNENUM] Found counter-example stars: 0
[NNENUM] Filtering result using SMT solver...
[SMT] SMT filtered out 0 stars (out of 0; TO: 0).
[QUERY] Found all non-linear combinations. Count: 1
[QUERY] Found all non-linear combinations. Count: 2
[QUERY] Found all non-linear combinations. Count: 1
[QUERY] Found all non-linear combinations. Count: 1
[QUERY] Found all non-linear combinations. Count: 1
[QUERY] Found all non-linear combinations. Count: 1
[QUERY] Found all non-linear combinations. Count: 1
[QUERY] Found all non-linear combinations. Count: 1
[QUERY] Found all non-linear combinations. Count: 1
[QUERY] Found all non-linear combinations. Count: 1
[QUERY] Found all non-linear combinations. Count: 1
[QUERY] Returning nonlinear disjunction
[CTRL] Considering conjunction with 5 input constraints and a disjunction of size 11
[APPROX] Checking cache: SNNT.Approx.ApproxCacheObject[]
[APPROX] Constructing Approximation
[APPROX] Resolving approximation
[CTRL] Initiating iterator over current linear queries
[APPROX] # Conjunctions over output: 11
[CTRL] Processing linear query no. 437
[NNENUM] Running nnenum now...
[NNENUM] lb: [0.07999999999999999, 0.0, -0.36593527153044436]
[NNENUM] ub: [16.376852110707294, 0.09999999999999999, -0.3170323642347779]
[NNENUM] Creating LP Star...
[NNENUM] Checking feasibility
[NNENUM] Generating output Spec...
[NNENUM] Spec list length:  11
[NNENUM] Enumeration in progress... 
(0.0 sec) Q: 0, Sets: 0/1  (0.0%) CEs: 0 ETA: - (expected 1 stars)   

Total Stars: 5 (0 exact, 5 approx)
Unfinished Stars: 0
Runtime: 0.1 sec
Completed work frac: 1.0
Num Stars Copied Between Processes: 0
Num Lps During Enumeration: 0
Total Num Lps: 0

Result: network is SAFE

[NNENUM] Result: 
<nnenum.result.Result object at 0x7f94910ea220>
[NNENUM] Enumeration finished.
safe
[NNENUM] Found counter-example stars: 0
[NNENUM] Filtering result using SMT solver...
[SMT] SMT filtered out 0 stars (out of 0; TO: 0).
[QUERY] Found all non-linear combinations. Count: 1
[QUERY] Found all non-linear combinations. Count: 1
[QUERY] Found all non-linear combinations. Count: 1
[QUERY] Found all non-linear combinations. Count: 1
[QUERY] Found all non-linear combinations. Count: 1
[QUERY] Found all non-linear combinations. Count: 1
[QUERY] Found all non-linear combinations. Count: 1
[QUERY] Found all non-linear combinations. Count: 1
[QUERY] Found all non-linear combinations. Count: 1
[QUERY] Found all non-linear combinations. Count: 2
[QUERY] Found all non-linear combinations. Count: 1
[QUERY] Returning nonlinear disjunction
[CTRL] Considering conjunction with 5 input constraints and a disjunction of size 11
[APPROX] Checking cache: SNNT.Approx.ApproxCacheObject[]
[APPROX] Constructing Approximation
[APPROX] Resolving approximation
[CTRL] Initiating iterator over current linear queries
[APPROX] # Conjunctions over output: 11
[CTRL] Processing linear query no. 438
[NNENUM] Running nnenum now...
[NNENUM] lb: [0.07999999999999999, 0.0, -0.36593527153044436]
[NNENUM] ub: [16.376852110707294, 0.0, -0.3170323642347779]
[NNENUM] Creating LP Star...
[NNENUM] Checking feasibility
[NNENUM] Generating output Spec...
[NNENUM] Spec list length:  11
[NNENUM] Enumeration in progress... 
(0.0 sec) Q: 0, Sets: 0/1  (0.0%) CEs: 0 ETA: - (expected 1 stars)   
(0.2 sec) Q: 0, Sets: 0/2  (0.0%) CEs: 0 ETA: - (expected 1 stars)   

Total Stars: 4 (0 exact, 4 approx)
Unfinished Stars: 0
Runtime: 0.2 sec
Completed work frac: 1.0
Num Stars Copied Between Processes: 0
Num Lps During Enumeration: 0
Total Num Lps: 0

Result: network is SAFE

[NNENUM] Result: 
<nnenum.result.Result object at 0x7f94910e3a60>
[NNENUM] Enumeration finished.
safe
[NNENUM] Found counter-example stars: 0
[NNENUM] Filtering result using SMT solver...
[SMT] SMT filtered out 0 stars (out of 0; TO: 0).
[QUERY] Found all non-linear combinations. Count: 2
[QUERY] Found all non-linear combinations. Count: 2
[QUERY] Found all non-linear combinations. Count: 2
[QUERY] Found all non-linear combinations. Count: 2
[QUERY] Found all non-linear combinations. Count: 2
[QUERY] Found all non-linear combinations. Count: 2
[QUERY] Found all non-linear combinations. Count: 2
[QUERY] Found all non-linear combinations. Count: 2
[QUERY] Found all non-linear combinations. Count: 2
[QUERY] Found all non-linear combinations. Count: 2
[QUERY] Found all non-linear combinations. Count: 2
[QUERY] Found all non-linear combinations. Count: 2
[QUERY] Returning nonlinear disjunction
[CTRL] Considering conjunction with 5 input constraints and a disjunction of size 12
[APPROX] Checking cache: SNNT.Approx.ApproxCacheObject[]
[APPROX] Constructing Approximation
[APPROX] Resolving approximation
[CTRL] Initiating iterator over current linear queries
[APPROX] # Conjunctions over output: 12
[CTRL] Processing linear query no. 439
[NNENUM] Running nnenum now...
[NNENUM] lb: [0.0, 0.09999999999999999, -0.36593527153044436]
[NNENUM] ub: [0.07999999999999999, 7.4262139003490955, -0.3170323642347779]
[NNENUM] Creating LP Star...
[NNENUM] Checking feasibility
[NNENUM] Generating output Spec...
[NNENUM] Spec list length:  12
[NNENUM] Enumeration in progress... 
(0.1 sec) Q: 0, Sets: 0/1  (0.0%) CEs: 0 ETA: - (expected 1 stars)   

Total Stars: 8 (0 exact, 8 approx)
Unfinished Stars: 0
Runtime: 0.1 sec
Completed work frac: 1.0
Num Stars Copied Between Processes: 0
Num Lps During Enumeration: 0
Total Num Lps: 0

Result: network is SAFE

[NNENUM] Result: 
<nnenum.result.Result object at 0x7f94910ec7c0>
[NNENUM] Enumeration finished.
safe
[NNENUM] Found counter-example stars: 0
[NNENUM] Filtering result using SMT solver...
[SMT] SMT filtered out 0 stars (out of 0; TO: 0).
[QUERY] Found all non-linear combinations. Count: 1
[QUERY] Found all non-linear combinations. Count: 1
[QUERY] Found all non-linear combinations. Count: 1
[QUERY] Found all non-linear combinations. Count: 1
[QUERY] Found all non-linear combinations. Count: 1
[QUERY] Found all non-linear combinations. Count: 1
[QUERY] Returning nonlinear disjunction
[CTRL] Considering conjunction with 5 input constraints and a disjunction of size 6
[APPROX] Checking cache: SNNT.Approx.ApproxCacheObject[]
[APPROX] Constructing Approximation
[APPROX] Resolving approximation
[CTRL] Initiating iterator over current linear queries
[APPROX] # Conjunctions over output: 6
[CTRL] Processing linear query no. 440
[NNENUM] Running nnenum now...
[NNENUM] lb: [0.07999999999999999, 0.0, -0.36593527153044436]
[NNENUM] ub: [16.376852110707294, 0.09999999999999999, -0.3170323642347779]
[NNENUM] Creating LP Star...
[NNENUM] Checking feasibility
[NNENUM] Generating output Spec...
[NNENUM] Spec list length:  6
[NNENUM] Enumeration in progress... 

[NNENUM] Result: 
<nnenum.result.Result object at 0x7f94910c8040>
[NNENUM] Enumeration finished.
safe
[NNENUM] Filtering result using SMT solver...
[SMT] SMT filtered out 0 stars (out of 0; TO: 0).
[QUERY] Found all non-linear combinations. Count: 1
[QUERY] Found all non-linear combinations. Count: 1
[QUERY] Found all non-linear combinations. Count: 1
[QUERY] Found all non-linear combinations. Count: 1
[QUERY] Found all non-linear combinations. Count: 1
[QUERY] Found all non-linear combinations. Count: 1
[QUERY] Returning nonlinear disjunction
[CTRL] Considering conjunction with 5 input constraints and a disjunction of size 6
[APPROX] Checking cache: SNNT.Approx.ApproxCacheObject[]
[APPROX] Constructing Approximation
[APPROX] Resolving approximation
[CTRL] Initiating iterator over current linear queries
[APPROX] # Conjunctions over output: 6
[CTRL] Processing linear query no. 441
[NNENUM] Running nnenum now...
[NNENUM] lb: [0.07999999999999999, 0.0, -0.36593527153044436]
[NNENUM] ub: [16.376852110707294, 0.09999999999999999, -0.3170323642347779]
[NNENUM] Creating LP Star...
[NNENUM] Checking feasibility
[NNENUM] Generating output Spec...
[NNENUM] Spec list length:  6
[NNENUM] Enumeration in progress... 

[NNENUM] Result: 
<nnenum.result.Result object at 0x7f94910ec8b0>
[NNENUM] Enumeration finished.
safe
[NNENUM] Filtering result using SMT solver...
[SMT] SMT filtered out 0 stars (out of 0; TO: 0).
[QUERY] Found all non-linear combinations. Count: 1
[QUERY] Returning nonlinear disjunction
[CTRL] Considering conjunction with 5 input constraints and a disjunction of size 1
[APPROX] Checking cache: SNNT.Approx.ApproxCacheObject[]
[APPROX] Constructing Approximation
[APPROX] Resolving approximation
[CTRL] Initiating iterator over current linear queries
[APPROX] # Conjunctions over output: 1
[CTRL] Processing linear query no. 442
[NNENUM] Running nnenum now...
[NNENUM] lb: [31.703236423477783, 0.0, -0.36593527153044436]
[NNENUM] ub: [100.0, 0.0, -0.3170323642347779]
[NNENUM] Creating LP Star...
[NNENUM] Checking feasibility
[NNENUM] Generating output Spec...
[NNENUM] Spec list length:  1
[NNENUM] Enumeration in progress... 

[NNENUM] Result: 
<nnenum.result.Result object at 0x7f94910ecdf0>
[NNENUM] Enumeration finished.
safe
[NNENUM] Filtering result using SMT solver...
[SMT] SMT filtered out 0 stars (out of 0; TO: 0).
[QUERY] Found all non-linear combinations. Count: 1
[QUERY] Found all non-linear combinations. Count: 1
[QUERY] Returning nonlinear disjunction
[CTRL] Considering conjunction with 5 input constraints and a disjunction of size 2
[APPROX] Checking cache: SNNT.Approx.ApproxCacheObject[]
[APPROX] Constructing Approximation
[APPROX] Resolving approximation
[CTRL] Initiating iterator over current linear queries
[APPROX] # Conjunctions over output: 2
[CTRL] Processing linear query no. 443
[NNENUM] Running nnenum now...
[NNENUM] lb: [16.376852110707294, 0.0, -0.36593527153044436]
[NNENUM] ub: [31.703236423477783, 0.0, -0.3170323642347779]
[NNENUM] Creating LP Star...
[NNENUM] Checking feasibility
[NNENUM] Generating output Spec...
[NNENUM] Spec list length:  2
[NNENUM] Enumeration in progress... 

[NNENUM] Result: 
<nnenum.result.Result object at 0x7f94910f26d0>
[NNENUM] Enumeration finished.
safe
[NNENUM] Filtering result using SMT solver...
[SMT] SMT filtered out 0 stars (out of 0; TO: 0).
[QUERY] Found all non-linear combinations. Count: 1
[QUERY] Returning nonlinear disjunction
[CTRL] Considering conjunction with 5 input constraints and a disjunction of size 1
[APPROX] Checking cache: SNNT.Approx.ApproxCacheObject[]
[APPROX] Constructing Approximation
[APPROX] Resolving approximation
[CTRL] Initiating iterator over current linear queries
[APPROX] # Conjunctions over output: 1
[CTRL] Processing linear query no. 444
[NNENUM] Running nnenum now...
[NNENUM] lb: [31.703236423477783, 0.0, -0.36593527153044436]
[NNENUM] ub: [100.0, 0.09999999999999999, -0.3170323642347779]
[NNENUM] Creating LP Star...
[NNENUM] Checking feasibility
[NNENUM] Generating output Spec...
[NNENUM] Spec list length:  1
[NNENUM] Enumeration in progress... 

[NNENUM] Result: 
<nnenum.result.Result object at 0x7f94910ec0a0>
[NNENUM] Enumeration finished.
safe
[NNENUM] Filtering result using SMT solver...
[SMT] SMT filtered out 0 stars (out of 0; TO: 0).
[QUERY] Found all non-linear combinations. Count: 1
[QUERY] Found all non-linear combinations. Count: 1
[QUERY] Returning nonlinear disjunction
[CTRL] Considering conjunction with 5 input constraints and a disjunction of size 2
[APPROX] Checking cache: SNNT.Approx.ApproxCacheObject[]
[APPROX] Constructing Approximation
[APPROX] Resolving approximation
[CTRL] Initiating iterator over current linear queries
[APPROX] # Conjunctions over output: 2
[CTRL] Processing linear query no. 445
[NNENUM] Running nnenum now...
[NNENUM] lb: [16.376852110707294, 0.09999999999999999, -0.36593527153044436]
[NNENUM] ub: [31.703236423477783, 7.4262139003490955, -0.3170323642347779]
[NNENUM] Creating LP Star...
[NNENUM] Checking feasibility
[NNENUM] Generating output Spec...
[NNENUM] Spec list length:  2
[NNENUM] Enumeration in progress... 

[NNENUM] Result: 
<nnenum.result.Result object at 0x7f94948f53a0>
[NNENUM] Enumeration finished.
safe
[NNENUM] Filtering result using SMT solver...
[SMT] SMT filtered out 0 stars (out of 0; TO: 0).
[QUERY] Found all non-linear combinations. Count: 1
[QUERY] Returning nonlinear disjunction
[CTRL] Considering conjunction with 5 input constraints and a disjunction of size 1
[APPROX] Checking cache: SNNT.Approx.ApproxCacheObject[]
[APPROX] Constructing Approximation
[APPROX] Resolving approximation
[CTRL] Initiating iterator over current linear queries
[APPROX] # Conjunctions over output: 1
[CTRL] Processing linear query no. 446
[NNENUM] Running nnenum now...
[NNENUM] lb: [31.703236423477783, 0.09999999999999999, -0.36593527153044436]
[NNENUM] ub: [100.0, 7.4262139003490955, -0.3170323642347779]
[NNENUM] Creating LP Star...
[NNENUM] Checking feasibility
[NNENUM] Generating output Spec...
[NNENUM] Spec list length:  1
[NNENUM] Enumeration in progress... 

[NNENUM] Result: 
<nnenum.result.Result object at 0x7f94910d7910>
[NNENUM] Enumeration finished.
safe
[NNENUM] Filtering result using SMT solver...
[SMT] SMT filtered out 0 stars (out of 0; TO: 0).
..[QUERY] Found all non-linear combinations. Count: 1
[QUERY] Returning nonlinear disjunction
[CTRL] Considering conjunction with 5 input constraints and a disjunction of size 1
[APPROX] Checking cache: SNNT.Approx.ApproxCacheObject[]
[APPROX] Constructing Approximation
[APPROX] Resolving approximation
[CTRL] Initiating iterator over current linear queries
[APPROX] # Conjunctions over output: 1
[CTRL] Processing linear query no. 447
[NNENUM] Running nnenum now...
[NNENUM] lb: [16.376852110707294, -63.40647284695557, -0.36593527153044436]
[NNENUM] ub: [31.703236423477783, -17.837453728392095, -0.3170323642347779]
[NNENUM] Creating LP Star...
[NNENUM] Checking feasibility
[NNENUM] Generating output Spec...
[NNENUM] Spec list length:  1
[NNENUM] Enumeration in progress... 

[NNENUM] Result: 
<nnenum.result.Result object at 0x7f94910d0430>
[NNENUM] Enumeration finished.
safe
[NNENUM] Filtering result using SMT solver...
[SMT] SMT filtered out 0 stars (out of 0; TO: 0).
[QUERY] Found all non-linear combinations. Count: 1
[QUERY] Found all non-linear combinations. Count: 1
[QUERY] Found all non-linear combinations. Count: 1
[QUERY] Found all non-linear combinations. Count: 1
[QUERY] Found all non-linear combinations. Count: 1
[QUERY] Found all non-linear combinations. Count: 1
[QUERY] Found all non-linear combinations. Count: 1
[QUERY] Found all non-linear combinations. Count: 1
[QUERY] Found all non-linear combinations. Count: 1
[QUERY] Found all non-linear combinations. Count: 1
.[QUERY] Found all non-linear combinations. Count: 1
[QUERY] Returning nonlinear disjunction
[CTRL] Considering conjunction with 5 input constraints and a disjunction of size 11
[APPROX] Checking cache: SNNT.Approx.ApproxCacheObject[]
[APPROX] Constructing Approximation
[APPROX] Resolving approximation
[CTRL] Initiating iterator over current linear queries
[APPROX] # Conjunctions over output: 11
[CTRL] Processing linear query no. 448
[NNENUM] Running nnenum now...
[NNENUM] lb: [16.376852110707294, -134.49259155717084, -0.36593527153044436]
[NNENUM] ub: [31.703236423477783, -73.18705430608887, -0.3170323642347779]
[NNENUM] Creating LP Star...
[NNENUM] Checking feasibility
[NNENUM] Generating output Spec...
[NNENUM] Spec list length:  11
[NNENUM] Enumeration in progress... 

[NNENUM] Result: 
<nnenum.result.Result object at 0x7f94910d0970>
[NNENUM] Enumeration finished.
safe
[NNENUM] Filtering result using SMT solver...
[SMT] SMT filtered out 0 stars (out of 0; TO: 0).
[QUERY] Found all non-linear combinations. Count: 1
[QUERY] Found all non-linear combinations. Count: 1
[QUERY] Found all non-linear combinations. Count: 1
[QUERY] Found all non-linear combinations. Count: 1
[QUERY] Found all non-linear combinations. Count: 2
[QUERY] Found all non-linear combinations. Count: 2
[QUERY] Found all non-linear combinations. Count: 2
[QUERY] Found all non-linear combinations. Count: 2
[QUERY] Found all non-linear combinations. Count: 2
[QUERY] Found all non-linear combinations. Count: 2
[QUERY] Found all non-linear combinations. Count: 3
[QUERY] Returning nonlinear disjunction
[CTRL] Considering conjunction with 5 input constraints and a disjunction of size 11
[APPROX] Checking cache: SNNT.Approx.ApproxCacheObject[]
[APPROX] Constructing Approximation
[APPROX] Resolving approximation
[CTRL] Initiating iterator over current linear queries
[APPROX] # Conjunctions over output: 11
[CTRL] Processing linear query no. 449
[NNENUM] Running nnenum now...
[NNENUM] lb: [16.376852110707294, -63.40647284695557, -0.36593527153044436]
[NNENUM] ub: [31.703236423477783, -17.837453728392095, -0.3170323642347779]
[NNENUM] Creating LP Star...
[NNENUM] Checking feasibility
[NNENUM] Generating output Spec...
[NNENUM] Spec list length:  11
[NNENUM] Enumeration in progress... 
(0.0 sec) Q: 0, Sets: 0/1  (0.0%) CEs: 0 ETA: - (expected 1 stars)   

Total Stars: 7 (1 exact, 6 approx)
Unfinished Stars: 0
Runtime: 0.1 sec
Completed work frac: 1.0
Num Stars Copied Between Processes: 0
Num Lps During Enumeration: 61
Total Num Lps: 61

Result: network is SAFE

[NNENUM] Result: 
<nnenum.result.Result object at 0x7f94910d0100>
[NNENUM] Enumeration finished.
safe
[NNENUM] Found counter-example stars: 0
[NNENUM] Filtering result using SMT solver...
[SMT] SMT filtered out 0 stars (out of 0; TO: 0).
[QUERY] Found all non-linear combinations. Count: 1
[QUERY] Returning nonlinear disjunction
[CTRL] Considering conjunction with 5 input constraints and a disjunction of size 1
[APPROX] Checking cache: SNNT.Approx.ApproxCacheObject[]
[APPROX] Constructing Approximation
[APPROX] Resolving approximation
[CTRL] Initiating iterator over current linear queries
[APPROX] # Conjunctions over output: 1
[CTRL] Processing linear query no. 450
[NNENUM] Running nnenum now...
[NNENUM] lb: [16.376852110707294, -63.40647284695557, -0.36593527153044436]
[NNENUM] ub: [31.703236423477783, -17.837453728392095, -0.3170323642347779]
[NNENUM] Creating LP Star...
[NNENUM] Checking feasibility
[NNENUM] Generating output Spec...
[NNENUM] Spec list length:  1
[NNENUM] Enumeration in progress... 

[NNENUM] Result: 
<nnenum.result.Result object at 0x7f94910d0af0>
[NNENUM] Enumeration finished.
safe
[NNENUM] Filtering result using SMT solver...
[SMT] SMT filtered out 0 stars (out of 0; TO: 0).
[QUERY] Found all non-linear combinations. Count: 1
[QUERY] Found all non-linear combinations. Count: 1
[QUERY] Returning nonlinear disjunction
[CTRL] Considering conjunction with 5 input constraints and a disjunction of size 2
[APPROX] Checking cache: SNNT.Approx.ApproxCacheObject[]
[APPROX] Constructing Approximation
[APPROX] Resolving approximation
[CTRL] Initiating iterator over current linear queries
[APPROX] # Conjunctions over output: 2
[CTRL] Processing linear query no. 451
[NNENUM] Running nnenum now...
[NNENUM] lb: [16.376852110707294, 0.0, -0.36593527153044436]
[NNENUM] ub: [31.703236423477783, 0.0, -0.3170323642347779]
[NNENUM] Creating LP Star...
[NNENUM] Checking feasibility
[NNENUM] Generating output Spec...
[NNENUM] Spec list length:  2
[NNENUM] Enumeration in progress... 

[NNENUM] Result: 
<nnenum.result.Result object at 0x7f94910ec0d0>
[NNENUM] Enumeration finished.
safe
[NNENUM] Filtering result using SMT solver...
[SMT] SMT filtered out 0 stars (out of 0; TO: 0).
.[QUERY] Found all non-linear combinations. Count: 1
[QUERY] Returning nonlinear disjunction
[CTRL] Considering conjunction with 5 input constraints and a disjunction of size 1
[APPROX] Checking cache: SNNT.Approx.ApproxCacheObject[]
[APPROX] Constructing Approximation
[APPROX] Resolving approximation
[CTRL] Initiating iterator over current linear queries
[APPROX] # Conjunctions over output: 1
[CTRL] Processing linear query no. 452
[NNENUM] Running nnenum now...
[NNENUM] lb: [16.376852110707294, -17.837453728392095, -0.36593527153044436]
[NNENUM] ub: [31.703236423477783, -2.1, -0.3170323642347779]
[NNENUM] Creating LP Star...
[NNENUM] Checking feasibility
[NNENUM] Generating output Spec...
[NNENUM] Spec list length:  1
[NNENUM] Enumeration in progress... 
(0.2 sec) Q: 0, Sets: 0/1  (0.0%) CEs: 0 ETA: - (expected 1 stars)   

Total Stars: 3 (1 exact, 2 approx)
Unfinished Stars: 0
Runtime: 0.3 sec
Completed work frac: 1.0
Num Stars Copied Between Processes: 0
Num Lps During Enumeration: 113
Total Num Lps: 113

Result: network is SAFE

[NNENUM] Result: 
<nnenum.result.Result object at 0x7f94910d0d00>
[NNENUM] Enumeration finished.
safe
[NNENUM] Found counter-example stars: 0
[NNENUM] Filtering result using SMT solver...
[SMT] SMT filtered out 0 stars (out of 0; TO: 0).
.[QUERY] Found all non-linear combinations. Count: 1
[QUERY] Found all non-linear combinations. Count: 1
[QUERY] Returning nonlinear disjunction
[CTRL] Considering conjunction with 5 input constraints and a disjunction of size 2
[APPROX] Checking cache: SNNT.Approx.ApproxCacheObject[]
[APPROX] Constructing Approximation
[APPROX] Resolving approximation
[CTRL] Initiating iterator over current linear queries
[APPROX] # Conjunctions over output: 2
[CTRL] Processing linear query no. 453
[NNENUM] Running nnenum now...
[NNENUM] lb: [16.376852110707294, -2.1, -0.36593527153044436]
[NNENUM] ub: [31.703236423477783, 0.0, -0.3170323642347779]
[NNENUM] Creating LP Star...
[NNENUM] Checking feasibility
[NNENUM] Generating output Spec...
[NNENUM] Spec list length:  2
[NNENUM] Enumeration in progress... 

[NNENUM] Result: 
<nnenum.result.Result object at 0x7f94948d1df0>
[NNENUM] Enumeration finished.
safe
[NNENUM] Filtering result using SMT solver...
[SMT] SMT filtered out 0 stars (out of 0; TO: 0).
[QUERY] Found all non-linear combinations. Count: 1
[QUERY] Returning nonlinear disjunction
[CTRL] Considering conjunction with 5 input constraints and a disjunction of size 1
[APPROX] Checking cache: SNNT.Approx.ApproxCacheObject[]
[APPROX] Constructing Approximation
[APPROX] Resolving approximation
[CTRL] Initiating iterator over current linear queries
[APPROX] # Conjunctions over output: 1
[CTRL] Processing linear query no. 454
[NNENUM] Running nnenum now...
[NNENUM] lb: [16.376852110707294, -17.837453728392095, -0.36593527153044436]
[NNENUM] ub: [31.703236423477783, -2.1, -0.3170323642347779]
[NNENUM] Creating LP Star...
[NNENUM] Checking feasibility
[NNENUM] Generating output Spec...
[NNENUM] Spec list length:  1
[NNENUM] Enumeration in progress... 
(0.0 sec) Q: 0, Sets: 0/1  (0.0%) CEs: 0 ETA: - (expected 1 stars)   

Total Stars: 4 (2 exact, 2 approx)
Unfinished Stars: 0
Runtime: 0.1 sec
Completed work frac: 1.0
Num Stars Copied Between Processes: 0
Num Lps During Enumeration: 140
Total Num Lps: 140

Result: network is SAFE

[NNENUM] Result: 
<nnenum.result.Result object at 0x7f94910fceb0>
[NNENUM] Enumeration finished.
safe
[NNENUM] Found counter-example stars: 0
[NNENUM] Filtering result using SMT solver...
[SMT] SMT filtered out 0 stars (out of 0; TO: 0).
[QUERY] Found all non-linear combinations. Count: 1
[QUERY] Found all non-linear combinations. Count: 1
[QUERY] Returning nonlinear disjunction
[CTRL] Considering conjunction with 5 input constraints and a disjunction of size 2
[APPROX] Checking cache: SNNT.Approx.ApproxCacheObject[]
[APPROX] Constructing Approximation
[APPROX] Resolving approximation
[CTRL] Initiating iterator over current linear queries
[APPROX] # Conjunctions over output: 2
[CTRL] Processing linear query no. 455
[NNENUM] Running nnenum now...
[NNENUM] lb: [16.376852110707294, -17.837453728392095, -0.36593527153044436]
[NNENUM] ub: [31.703236423477783, -2.1, -0.3170323642347779]
[NNENUM] Creating LP Star...
[NNENUM] Checking feasibility
[NNENUM] Generating output Spec...
[NNENUM] Spec list length:  2
[NNENUM] Enumeration in progress... 
(0.3 sec) Q: 0, Sets: 0/1  (0.0%) CEs: 0 ETA: - (expected 1 stars)   
(0.4 sec) Q: 0, Sets: 13/13  (100.0%) CEs: 0 ETA: 0.0 sec (expected 13 stars)   

Total Stars: 13 (1 exact, 12 approx)
Unfinished Stars: 0
Runtime: 0.4 sec
Completed work frac: 1.0
Num Stars Copied Between Processes: 0
Num Lps During Enumeration: 87
Total Num Lps: 87

Result: network is SAFE

[NNENUM] Result: 
<nnenum.result.Result object at 0x7f94910cd550>
[NNENUM] Enumeration finished.
safe
[NNENUM] Found counter-example stars: 0
[NNENUM] Filtering result using SMT solver...
[SMT] SMT filtered out 0 stars (out of 0; TO: 0).
[QUERY] Found all non-linear combinations. Count: 1
[QUERY] Found all non-linear combinations. Count: 1
[QUERY] Found all non-linear combinations. Count: 1
[QUERY] Found all non-linear combinations. Count: 1
[QUERY] Returning nonlinear disjunction
[CTRL] Considering conjunction with 5 input constraints and a disjunction of size 4
[APPROX] Checking cache: SNNT.Approx.ApproxCacheObject[]
[APPROX] Constructing Approximation
[APPROX] Resolving approximation
[CTRL] Initiating iterator over current linear queries
[APPROX] # Conjunctions over output: 4
[CTRL] Processing linear query no. 456
[NNENUM] Running nnenum now...
[NNENUM] lb: [16.376852110707294, 0.09999999999999999, -0.08918726864196047]
[NNENUM] ub: [31.703236423477783, 7.4262139003490955, 0.0]
[NNENUM] Creating LP Star...
[NNENUM] Checking feasibility
[NNENUM] Generating output Spec...
[NNENUM] Spec list length:  4
[NNENUM] Enumeration in progress... 

[NNENUM] Result: 
<nnenum.result.Result object at 0x7f94910fc700>
[NNENUM] Enumeration finished.
safe
[NNENUM] Filtering result using SMT solver...
[SMT] SMT filtered out 0 stars (out of 0; TO: 0).
[QUERY] Found all non-linear combinations. Count: 1
[QUERY] Found all non-linear combinations. Count: 1
[QUERY] Found all non-linear combinations. Count: 1
[QUERY] Found all non-linear combinations. Count: 1
[QUERY] Found all non-linear combinations. Count: 1
[QUERY] Found all non-linear combinations. Count: 1
[QUERY] Found all non-linear combinations. Count: 1
[QUERY] Found all non-linear combinations. Count: 1
[QUERY] Found all non-linear combinations. Count: 1
[QUERY] Found all non-linear combinations. Count: 1
[QUERY] Found all non-linear combinations. Count: 1
[QUERY] Returning nonlinear disjunction
[CTRL] Considering conjunction with 5 input constraints and a disjunction of size 11
[APPROX] Checking cache: SNNT.Approx.ApproxCacheObject[]
[APPROX] Constructing Approximation
[APPROX] Resolving approximation
[CTRL] Initiating iterator over current linear queries
[APPROX] # Conjunctions over output: 11
[CTRL] Processing linear query no. 457
[NNENUM] Running nnenum now...
[NNENUM] lb: [16.376852110707294, -134.49259155717084, 0.037131069501745474]
[NNENUM] ub: [31.703236423477783, -73.18705430608887, 0.672462957785854]
[NNENUM] Creating LP Star...
[NNENUM] Checking feasibility
[NNENUM] Generating output Spec...
[NNENUM] Spec list length:  11
[NNENUM] Enumeration in progress... 

[NNENUM] Result: 
<nnenum.result.Result object at 0x7f94910d0c40>
[NNENUM] Enumeration finished.
safe
[NNENUM] Filtering result using SMT solver...
[SMT] SMT filtered out 0 stars (out of 0; TO: 0).
.[QUERY] Found all non-linear combinations. Count: 1
[QUERY] Found all non-linear combinations. Count: 1
[QUERY] Found all non-linear combinations. Count: 1
.[QUERY] Found all non-linear combinations. Count: 1
[QUERY] Returning nonlinear disjunction
[CTRL] Considering conjunction with 5 input constraints and a disjunction of size 4
[APPROX] Checking cache: SNNT.Approx.ApproxCacheObject[]
[APPROX] Constructing Approximation
[APPROX] Resolving approximation
[CTRL] Initiating iterator over current linear queries
[APPROX] # Conjunctions over output: 4
[CTRL] Processing linear query no. 458
[NNENUM] Running nnenum now...
[NNENUM] lb: [16.376852110707294, -17.837453728392095, 0.037131069501745474]
[NNENUM] ub: [31.703236423477783, -2.1, 0.672462957785854]
[NNENUM] Creating LP Star...
[NNENUM] Checking feasibility
[NNENUM] Generating output Spec...
[NNENUM] Spec list length:  4
[NNENUM] Enumeration in progress... 
(0.2 sec) Q: 0, Sets: 0/1  (0.0%) CEs: 0 ETA: - (expected 1 stars)   
(0.3 sec) Q: 0, Sets: 10/13  (31.25%) CEs: 0 ETA: 0.6 sec (expected 32 stars)   

Total Stars: 13 (1 exact, 12 approx)
Unfinished Stars: 0
Runtime: 0.4 sec
Completed work frac: 1.0
Num Stars Copied Between Processes: 0
Num Lps During Enumeration: 87
Total Num Lps: 87

Result: network is SAFE

[NNENUM] Result: 
<nnenum.result.Result object at 0x7f94910cdd90>
[NNENUM] Enumeration finished.
safe
[NNENUM] Found counter-example stars: 0
[NNENUM] Filtering result using SMT solver...
[SMT] SMT filtered out 0 stars (out of 0; TO: 0).
[QUERY] Found all non-linear combinations. Count: 2
[QUERY] Found all non-linear combinations. Count: 2
[QUERY] Found all non-linear combinations. Count: 2
[QUERY] Found all non-linear combinations. Count: 2
[QUERY] Found all non-linear combinations. Count: 2
[QUERY] Found all non-linear combinations. Count: 1
[QUERY] Found all non-linear combinations. Count: 1
[QUERY] Found all non-linear combinations. Count: 1
[QUERY] Found all non-linear combinations. Count: 1
[QUERY] Found all non-linear combinations. Count: 1
[QUERY] Found all non-linear combinations. Count: 2
[QUERY] Returning nonlinear disjunction
[CTRL] Considering conjunction with 5 input constraints and a disjunction of size 11
[APPROX] Checking cache: SNNT.Approx.ApproxCacheObject[]
[APPROX] Constructing Approximation
[APPROX] Resolving approximation
[CTRL] Initiating iterator over current linear queries
[APPROX] # Conjunctions over output: 11
[CTRL] Processing linear query no. 459
[NNENUM] Running nnenum now...
[NNENUM] lb: [16.376852110707294, -63.40647284695557, 0.037131069501745474]
[NNENUM] ub: [31.703236423477783, -17.837453728392095, 0.672462957785854]
[NNENUM] Creating LP Star...
[NNENUM] Checking feasibility
[NNENUM] Generating output Spec...
[NNENUM] Spec list length:  11
[NNENUM] Enumeration in progress... 
(0.0 sec) Q: 0, Sets: 0/1  (0.0%) CEs: 0 ETA: - (expected 1 stars)   

Total Stars: 7 (1 exact, 6 approx)
Unfinished Stars: 0
Runtime: 0.1 sec
Completed work frac: 1.0
Num Stars Copied Between Processes: 0
Num Lps During Enumeration: 61
Total Num Lps: 61

Result: network is SAFE

[NNENUM] Result: 
<nnenum.result.Result object at 0x7f94910fcc70>
[NNENUM] Enumeration finished.
safe
[NNENUM] Found counter-example stars: 0
[NNENUM] Filtering result using SMT solver...
[SMT] SMT filtered out 0 stars (out of 0; TO: 0).
[QUERY] Found all non-linear combinations. Count: 1
[QUERY] Found all non-linear combinations. Count: 1
[QUERY] Returning nonlinear disjunction
[CTRL] Considering conjunction with 5 input constraints and a disjunction of size 2
[APPROX] Checking cache: SNNT.Approx.ApproxCacheObject[]
[APPROX] Constructing Approximation
[APPROX] Resolving approximation
[CTRL] Initiating iterator over current linear queries
[APPROX] # Conjunctions over output: 2
[CTRL] Processing linear query no. 460
[NNENUM] Running nnenum now...
[NNENUM] lb: [16.376852110707294, -2.1, 0.037131069501745474]
[NNENUM] ub: [31.703236423477783, 0.0, 0.672462957785854]
[NNENUM] Creating LP Star...
[NNENUM] Checking feasibility
[NNENUM] Generating output Spec...
[NNENUM] Spec list length:  2
[NNENUM] Enumeration in progress... 

[NNENUM] Result: 
<nnenum.result.Result object at 0x7f94910fc1c0>
[NNENUM] Enumeration finished.
safe
[NNENUM] Filtering result using SMT solver...
[SMT] SMT filtered out 0 stars (out of 0; TO: 0).
[QUERY] Found all non-linear combinations. Count: 1
[QUERY] Returning nonlinear disjunction
[CTRL] Considering conjunction with 5 input constraints and a disjunction of size 1
[APPROX] Checking cache: SNNT.Approx.ApproxCacheObject[]
[APPROX] Constructing Approximation
[APPROX] Resolving approximation
[CTRL] Initiating iterator over current linear queries
[APPROX] # Conjunctions over output: 1
[CTRL] Processing linear query no. 461
[NNENUM] Running nnenum now...
[NNENUM] lb: [16.376852110707294, -63.40647284695557, 0.037131069501745474]
[NNENUM] ub: [31.703236423477783, -17.837453728392095, 0.672462957785854]
[NNENUM] Creating LP Star...
[NNENUM] Checking feasibility
[NNENUM] Generating output Spec...
[NNENUM] Spec list length:  1
[NNENUM] Enumeration in progress... 

[NNENUM] Result: 
<nnenum.result.Result object at 0x7f94910d0ac0>
[NNENUM] Enumeration finished.
safe
[NNENUM] Filtering result using SMT solver...
[SMT] SMT filtered out 0 stars (out of 0; TO: 0).
[QUERY] Found all non-linear combinations. Count: 1
[QUERY] Returning nonlinear disjunction
[CTRL] Considering conjunction with 5 input constraints and a disjunction of size 1
[APPROX] Checking cache: SNNT.Approx.ApproxCacheObject[]
[APPROX] Constructing Approximation
[APPROX] Resolving approximation
[CTRL] Initiating iterator over current linear queries
[APPROX] # Conjunctions over output: 1
[CTRL] Processing linear query no. 462
[NNENUM] Running nnenum now...
[NNENUM] lb: [16.376852110707294, -63.40647284695557, 0.037131069501745474]
[NNENUM] ub: [31.703236423477783, -17.837453728392095, 0.672462957785854]
[NNENUM] Creating LP Star...
[NNENUM] Checking feasibility
[NNENUM] Generating output Spec...
[NNENUM] Spec list length:  1
[NNENUM] Enumeration in progress... 

[NNENUM] Result: 
<nnenum.result.Result object at 0x7f94910eca30>
[NNENUM] Enumeration finished.
safe
[NNENUM] Filtering result using SMT solver...
[SMT] SMT filtered out 0 stars (out of 0; TO: 0).
.[QUERY] Found all non-linear combinations. Count: 1
[QUERY] Returning nonlinear disjunction
[CTRL] Considering conjunction with 5 input constraints and a disjunction of size 1
[APPROX] Checking cache: SNNT.Approx.ApproxCacheObject[]
[APPROX] Constructing Approximation
[APPROX] Resolving approximation
[CTRL] Initiating iterator over current linear queries
[APPROX] # Conjunctions over output: 1
[CTRL] Processing linear query no. 463
[NNENUM] Running nnenum now...
[NNENUM] lb: [16.376852110707294, -17.837453728392095, 0.037131069501745474]
[NNENUM] ub: [31.703236423477783, -2.1, 0.672462957785854]
[NNENUM] Creating LP Star...
[NNENUM] Checking feasibility
[NNENUM] Generating output Spec...
[NNENUM] Spec list length:  1
[NNENUM] Enumeration in progress... 
(0.3 sec) Q: 0, Sets: 0/1  (0.0%) CEs: 0 ETA: - (expected 1 stars)   

Total Stars: 4 (2 exact, 2 approx)
Unfinished Stars: 0
Runtime: 0.3 sec
Completed work frac: 1.0
Num Stars Copied Between Processes: 0
Num Lps During Enumeration: 140
Total Num Lps: 140

Result: network is SAFE

[NNENUM] Result: 
<nnenum.result.Result object at 0x7f94910c1d00>
[NNENUM] Enumeration finished.
safe
[NNENUM] Found counter-example stars: 0
[NNENUM] Filtering result using SMT solver...
[SMT] SMT filtered out 0 stars (out of 0; TO: 0).
[QUERY] Found all non-linear combinations. Count: 1
[QUERY] Found all non-linear combinations. Count: 1
[QUERY] Returning nonlinear disjunction
[CTRL] Considering conjunction with 5 input constraints and a disjunction of size 2
[APPROX] Checking cache: SNNT.Approx.ApproxCacheObject[]
[APPROX] Constructing Approximation
[APPROX] Resolving approximation
[CTRL] Initiating iterator over current linear queries
[APPROX] # Conjunctions over output: 2
[CTRL] Processing linear query no. 464
[NNENUM] Running nnenum now...
[NNENUM] lb: [16.376852110707294, 0.0, 0.037131069501745474]
[NNENUM] ub: [31.703236423477783, 0.0, 0.672462957785854]
[NNENUM] Creating LP Star...
[NNENUM] Checking feasibility
[NNENUM] Generating output Spec...
[NNENUM] Spec list length:  2
[NNENUM] Enumeration in progress... 

[NNENUM] Result: 
<nnenum.result.Result object at 0x7f94910fc3d0>
[NNENUM] Enumeration finished.
safe
[NNENUM] Filtering result using SMT solver...
[SMT] SMT filtered out 0 stars (out of 0; TO: 0).
[QUERY] Found all non-linear combinations. Count: 1
[QUERY] Found all non-linear combinations. Count: 1
[QUERY] Returning nonlinear disjunction
[CTRL] Considering conjunction with 5 input constraints and a disjunction of size 2
[APPROX] Checking cache: SNNT.Approx.ApproxCacheObject[]
[APPROX] Constructing Approximation
[APPROX] Resolving approximation
[CTRL] Initiating iterator over current linear queries
[APPROX] # Conjunctions over output: 2
[CTRL] Processing linear query no. 465
[NNENUM] Running nnenum now...
[NNENUM] lb: [16.376852110707294, 0.0, 0.037131069501745474]
[NNENUM] ub: [31.703236423477783, 0.0, 0.672462957785854]
[NNENUM] Creating LP Star...
[NNENUM] Checking feasibility
[NNENUM] Generating output Spec...
[NNENUM] Spec list length:  2
[NNENUM] Enumeration in progress... 

[NNENUM] Result: 
<nnenum.result.Result object at 0x7f94910d0ca0>
[NNENUM] Enumeration finished.
safe
[NNENUM] Filtering result using SMT solver...
[SMT] SMT filtered out 0 stars (out of 0; TO: 0).
[QUERY] Found all non-linear combinations. Count: 1
[QUERY] Found all non-linear combinations. Count: 1
[QUERY] Returning nonlinear disjunction
[CTRL] Considering conjunction with 5 input constraints and a disjunction of size 2
[APPROX] Checking cache: SNNT.Approx.ApproxCacheObject[]
[APPROX] Constructing Approximation
[APPROX] Resolving approximation
[CTRL] Initiating iterator over current linear queries
[APPROX] # Conjunctions over output: 2
[CTRL] Processing linear query no. 466
[NNENUM] Running nnenum now...
[NNENUM] lb: [16.376852110707294, 0.09999999999999999, 0.037131069501745474]
[NNENUM] ub: [31.703236423477783, 7.4262139003490955, 0.672462957785854]
[NNENUM] Creating LP Star...
[NNENUM] Checking feasibility
[NNENUM] Generating output Spec...
[NNENUM] Spec list length:  2
[NNENUM] Enumeration in progress... 

[NNENUM] Result: 
<nnenum.result.Result object at 0x7f94948f58b0>
[NNENUM] Enumeration finished.
safe
[NNENUM] Filtering result using SMT solver...
[SMT] SMT filtered out 0 stars (out of 0; TO: 0).
.[QUERY] Found all non-linear combinations. Count: 1
[QUERY] Returning nonlinear disjunction
[CTRL] Considering conjunction with 5 input constraints and a disjunction of size 1
[APPROX] Checking cache: SNNT.Approx.ApproxCacheObject[]
[APPROX] Constructing Approximation
[APPROX] Resolving approximation
[CTRL] Initiating iterator over current linear queries
[APPROX] # Conjunctions over output: 1
[CTRL] Processing linear query no. 467
[NNENUM] Running nnenum now...
[NNENUM] lb: [16.376852110707294, -17.837453728392095, 0.037131069501745474]
[NNENUM] ub: [31.703236423477783, -2.1, 0.672462957785854]
[NNENUM] Creating LP Star...
[NNENUM] Checking feasibility
[NNENUM] Generating output Spec...
[NNENUM] Spec list length:  1
[NNENUM] Enumeration in progress... 
(0.4 sec) Q: 0, Sets: 0/1  (0.0%) CEs: 0 ETA: - (expected 1 stars)   

Total Stars: 3 (1 exact, 2 approx)
Unfinished Stars: 0
Runtime: 0.4 sec
Completed work frac: 1.0
Num Stars Copied Between Processes: 0
Num Lps During Enumeration: 113
Total Num Lps: 113

Result: network is SAFE

[NNENUM] Result: 
<nnenum.result.Result object at 0x7f94910fccd0>
[NNENUM] Enumeration finished.
safe
[NNENUM] Found counter-example stars: 0
[NNENUM] Filtering result using SMT solver...
[SMT] SMT filtered out 0 stars (out of 0; TO: 0).
.[QUERY] Found all non-linear combinations. Count: 1
[QUERY] Found all non-linear combinations. Count: 1
[QUERY] Found all non-linear combinations. Count: 1
[QUERY] Found all non-linear combinations. Count: 1
[QUERY] Found all non-linear combinations. Count: 1
[QUERY] Found all non-linear combinations. Count: 1
[QUERY] Found all non-linear combinations. Count: 1
[QUERY] Found all non-linear combinations. Count: 1
[QUERY] Found all non-linear combinations. Count: 1
[QUERY] Returning nonlinear disjunction
[CTRL] Considering conjunction with 5 input constraints and a disjunction of size 9
[APPROX] Checking cache: SNNT.Approx.ApproxCacheObject[]
[APPROX] Constructing Approximation
[APPROX] Resolving approximation
[CTRL] Initiating iterator over current linear queries
[APPROX] # Conjunctions over output: 9
[CTRL] Processing linear query no. 468
[NNENUM] Running nnenum now...
[NNENUM] lb: [0.07999999999999999, 0.0, 0.037131069501745474]
[NNENUM] ub: [16.376852110707294, 0.09999999999999999, 0.672462957785854]
[NNENUM] Creating LP Star...
[NNENUM] Checking feasibility
[NNENUM] Generating output Spec...
[NNENUM] Spec list length:  9
[NNENUM] Enumeration in progress... 
(0.0 sec) Q: 0, Sets: 0/1  (0.0%) CEs: 0 ETA: - (expected 1 stars)   

Total Stars: 5 (0 exact, 5 approx)
Unfinished Stars: 0
Runtime: 0.1 sec
Completed work frac: 1.0
Num Stars Copied Between Processes: 0
Num Lps During Enumeration: 0
Total Num Lps: 0

Result: network is SAFE

[NNENUM] Result: 
<nnenum.result.Result object at 0x7f94910cdf70>
[NNENUM] Enumeration finished.
safe
[NNENUM] Found counter-example stars: 0
[NNENUM] Filtering result using SMT solver...
[SMT] SMT filtered out 0 stars (out of 0; TO: 0).
[QUERY] Found all non-linear combinations. Count: 1
[QUERY] Found all non-linear combinations. Count: 1
[QUERY] Found all non-linear combinations. Count: 1
[QUERY] Found all non-linear combinations. Count: 1
[QUERY] Found all non-linear combinations. Count: 1
[QUERY] Found all non-linear combinations. Count: 1
[QUERY] Found all non-linear combinations. Count: 1
[QUERY] Found all non-linear combinations. Count: 1
[QUERY] Found all non-linear combinations. Count: 1
[QUERY] Returning nonlinear disjunction
[CTRL] Considering conjunction with 5 input constraints and a disjunction of size 9
[APPROX] Checking cache: SNNT.Approx.ApproxCacheObject[]
[APPROX] Constructing Approximation
[APPROX] Resolving approximation
[CTRL] Initiating iterator over current linear queries
[APPROX] # Conjunctions over output: 9
[CTRL] Processing linear query no. 469
[NNENUM] Running nnenum now...
[NNENUM] lb: [0.07999999999999999, 0.0, 0.037131069501745474]
[NNENUM] ub: [16.376852110707294, 0.0, 0.672462957785854]
[NNENUM] Creating LP Star...
[NNENUM] Checking feasibility
[NNENUM] Generating output Spec...
[NNENUM] Spec list length:  9
[NNENUM] Enumeration in progress... 
(0.0 sec) Q: 0, Sets: 0/1  (0.0%) CEs: 0 ETA: - (expected 1 stars)   
(0.2 sec) Q: 0, Sets: 0/2  (0.0%) CEs: 0 ETA: - (expected 1 stars)   

Total Stars: 4 (0 exact, 4 approx)
Unfinished Stars: 0
Runtime: 0.2 sec
Completed work frac: 1.0
Num Stars Copied Between Processes: 0
Num Lps During Enumeration: 0
Total Num Lps: 0

Result: network is SAFE

[NNENUM] Result: 
<nnenum.result.Result object at 0x7f94910f2490>
[NNENUM] Enumeration finished.
safe
[NNENUM] Found counter-example stars: 0
[NNENUM] Filtering result using SMT solver...
[SMT] SMT filtered out 0 stars (out of 0; TO: 0).
.[QUERY] Found all non-linear combinations. Count: 1
[QUERY] Found all non-linear combinations. Count: 1
[QUERY] Found all non-linear combinations. Count: 1
[QUERY] Found all non-linear combinations. Count: 1
[QUERY] Found all non-linear combinations. Count: 1
[QUERY] Found all non-linear combinations. Count: 1
[QUERY] Found all non-linear combinations. Count: 1
[QUERY] Found all non-linear combinations. Count: 1
[QUERY] Found all non-linear combinations. Count: 1
[QUERY] Returning nonlinear disjunction
[CTRL] Considering conjunction with 5 input constraints and a disjunction of size 9
[APPROX] Checking cache: SNNT.Approx.ApproxCacheObject[]
[APPROX] Constructing Approximation
[APPROX] Resolving approximation
[CTRL] Initiating iterator over current linear queries
[APPROX] # Conjunctions over output: 9
[CTRL] Processing linear query no. 470
[NNENUM] Running nnenum now...
[NNENUM] lb: [0.07999999999999999, 0.09999999999999999, 0.037131069501745474]
[NNENUM] ub: [16.376852110707294, 7.4262139003490955, 0.672462957785854]
[NNENUM] Creating LP Star...
[NNENUM] Checking feasibility
[NNENUM] Generating output Spec...
[NNENUM] Spec list length:  9
[NNENUM] Enumeration in progress... 
(0.1 sec) Q: 0, Sets: 0/1  (0.0%) CEs: 0 ETA: - (expected 1 stars)   
(0.2 sec) Q: 0, Sets: 5/13  (1.27%) CEs: 0 ETA: 12.3 sec (expected 394 stars)   
(0.3 sec) Q: 0, Sets: 19/28  (50.391%) CEs: 0 ETA: 0.3 sec (expected 38 stars)   
(0.4 sec) Q: 0, Sets: 42/48  (63.818%) CEs: 0 ETA: 0.2 sec (expected 66 stars)   
(0.5 sec) Q: 0, Sets: 63/65  (87.5%) CEs: 0 ETA: 0.1 sec (expected 72 stars)   
Total Stars: 73 (5 exact, 68 approx)
Unfinished Stars: 0
Runtime: 0.5 sec
Completed work frac: 1.0
Num Stars Copied Between Processes: 0
Num Lps During Enumeration: 138
Total Num Lps: 138

Result: network is SAFE

[NNENUM] Result: 
<nnenum.result.Result object at 0x7f94910ea190>
[NNENUM] Enumeration finished.
safe
[NNENUM] Found counter-example stars: 0
[NNENUM] Filtering result using SMT solver...
[SMT] SMT filtered out 0 stars (out of 0; TO: 0).
[QUERY] Found all non-linear combinations. Count: 1
[QUERY] Found all non-linear combinations. Count: 1
[QUERY] Found all non-linear combinations. Count: 1
[QUERY] Found all non-linear combinations. Count: 1
[QUERY] Found all non-linear combinations. Count: 1
[QUERY] Found all non-linear combinations. Count: 1
[QUERY] Returning nonlinear disjunction
[CTRL] Considering conjunction with 5 input constraints and a disjunction of size 6
[APPROX] Checking cache: SNNT.Approx.ApproxCacheObject[]
[APPROX] Constructing Approximation
[APPROX] Resolving approximation
[CTRL] Initiating iterator over current linear queries
[APPROX] # Conjunctions over output: 6
[CTRL] Processing linear query no. 471
[NNENUM] Running nnenum now...
[NNENUM] lb: [0.07999999999999999, 0.0, 0.037131069501745474]
[NNENUM] ub: [16.376852110707294, 0.09999999999999999, 0.672462957785854]
[NNENUM] Creating LP Star...
[NNENUM] Checking feasibility
[NNENUM] Generating output Spec...
[NNENUM] Spec list length:  6
[NNENUM] Enumeration in progress... 

[NNENUM] Result: 
<nnenum.result.Result object at 0x7f94910fcb20>
[NNENUM] Enumeration finished.
safe
[NNENUM] Filtering result using SMT solver...
[SMT] SMT filtered out 0 stars (out of 0; TO: 0).
[QUERY] Found all non-linear combinations. Count: 1
[QUERY] Found all non-linear combinations. Count: 1
[QUERY] Found all non-linear combinations. Count: 1
[QUERY] Found all non-linear combinations. Count: 1
[QUERY] Found all non-linear combinations. Count: 1
[QUERY] Found all non-linear combinations. Count: 1
[QUERY] Returning nonlinear disjunction
[CTRL] Considering conjunction with 5 input constraints and a disjunction of size 6
[APPROX] Checking cache: SNNT.Approx.ApproxCacheObject[]
[APPROX] Constructing Approximation
[APPROX] Resolving approximation
[CTRL] Initiating iterator over current linear queries
[APPROX] # Conjunctions over output: 6
[CTRL] Processing linear query no. 472
[NNENUM] Running nnenum now...
[NNENUM] lb: [0.07999999999999999, 0.0, 0.037131069501745474]
[NNENUM] ub: [16.376852110707294, 0.09999999999999999, 0.672462957785854]
[NNENUM] Creating LP Star...
[NNENUM] Checking feasibility
[NNENUM] Generating output Spec...
[NNENUM] Spec list length:  6
[NNENUM] Enumeration in progress... 

[NNENUM] Result: 
<nnenum.result.Result object at 0x7f94948d1b20>
[NNENUM] Enumeration finished.
safe
[NNENUM] Filtering result using SMT solver...
[SMT] SMT filtered out 0 stars (out of 0; TO: 0).
[QUERY] Found all non-linear combinations. Count: 2
[QUERY] Found all non-linear combinations. Count: 2
[QUERY] Found all non-linear combinations. Count: 2
[QUERY] Found all non-linear combinations. Count: 2
[QUERY] Found all non-linear combinations. Count: 2
[QUERY] Found all non-linear combinations. Count: 2
[QUERY] Found all non-linear combinations. Count: 2
[QUERY] Found all non-linear combinations. Count: 2
[QUERY] Found all non-linear combinations. Count: 2
[QUERY] Found all non-linear combinations. Count: 2
[QUERY] Found all non-linear combinations. Count: 5
[QUERY] Returning nonlinear disjunction
[CTRL] Considering conjunction with 5 input constraints and a disjunction of size 11
[APPROX] Checking cache: SNNT.Approx.ApproxCacheObject[]
[APPROX] Constructing Approximation
[APPROX] Resolving approximation
[CTRL] Initiating iterator over current linear queries
[APPROX] # Conjunctions over output: 11
[CTRL] Processing linear query no. 473
[NNENUM] Running nnenum now...
[NNENUM] lb: [0.0, 0.09999999999999999, 0.037131069501745474]
[NNENUM] ub: [0.07999999999999999, 7.4262139003490955, 0.672462957785854]
[NNENUM] Creating LP Star...
[NNENUM] Checking feasibility
[NNENUM] Generating output Spec...
[NNENUM] Spec list length:  11
[NNENUM] Enumeration in progress... 
(0.2 sec) Q: 0, Sets: 0/1  (0.0%) CEs: 0 ETA: - (expected 1 stars)   

Total Stars: 8 (0 exact, 8 approx)
Unfinished Stars: 0
Runtime: 0.2 sec
Completed work frac: 1.0
Num Stars Copied Between Processes: 0
Num Lps During Enumeration: 0
Total Num Lps: 0

Result: network is SAFE

[NNENUM] Result: 
<nnenum.result.Result object at 0x7f94910fc880>
[NNENUM] Enumeration finished.
safe
[NNENUM] Found counter-example stars: 0
[NNENUM] Filtering result using SMT solver...
[SMT] SMT filtered out 0 stars (out of 0; TO: 0).
[QUERY] Found all non-linear combinations. Count: 5
.[QUERY] Found all non-linear combinations. Count: 1
[QUERY] Found all non-linear combinations. Count: 2
[QUERY] Found all non-linear combinations. Count: 1
[QUERY] Found all non-linear combinations. Count: 1
[QUERY] Found all non-linear combinations. Count: 1
[QUERY] Found all non-linear combinations. Count: 2
[QUERY] Found all non-linear combinations. Count: 1
[QUERY] Found all non-linear combinations. Count: 1
[QUERY] Returning nonlinear disjunction
[CTRL] Considering conjunction with 5 input constraints and a disjunction of size 9
[APPROX] Checking cache: SNNT.Approx.ApproxCacheObject[]
[APPROX] Constructing Approximation
[APPROX] Resolving approximation
[CTRL] Initiating iterator over current linear queries
[APPROX] # Conjunctions over output: 9
[CTRL] Processing linear query no. 474
[NNENUM] Running nnenum now...
[NNENUM] lb: [0.07999999999999999, 0.09999999999999999, 0.037131069501745474]
[NNENUM] ub: [16.376852110707294, 7.4262139003490955, 0.672462957785854]
[NNENUM] Creating LP Star...
[NNENUM] Checking feasibility
[NNENUM] Generating output Spec...
[NNENUM] Spec list length:  9
[NNENUM] Enumeration in progress... 
(0.1 sec) Q: 0, Sets: 0/1  (0.0%) CEs: 0 ETA: - (expected 1 stars)   
(0.2 sec) Q: 0, Sets: 5/11  (9.375%) CEs: 0 ETA: 1.5 sec (expected 53 stars)   
(0.3 sec) Q: 0, Sets: 24/28  (18.75%) CEs: 0 ETA: 1.1 sec (expected 128 stars)   
(0.4 sec) Q: 0, Sets: 41/47  (22.9%) CEs: 0 ETA: 1.2 sec (expected 179 stars)   
(0.5 sec) Q: 0, Sets: 61/66  (24.121%) CEs: 0 ETA: 1.4 sec (expected 253 stars)   
Total Stars: 72 (6 exact, 66 approx)
Unfinished Stars: 0
Runtime: 0.5 sec
Completed work frac: 1.0
Num Stars Copied Between Processes: 0
Num Lps During Enumeration: 254
Total Num Lps: 254

Result: network is SAFE

[NNENUM] Result: 
<nnenum.result.Result object at 0x7f94910dcc10>
[NNENUM] Enumeration finished.
safe
[NNENUM] Found counter-example stars: 0
[NNENUM] Filtering result using SMT solver...
[SMT] SMT filtered out 0 stars (out of 0; TO: 0).
[QUERY] Found all non-linear combinations. Count: 1
[QUERY] Found all non-linear combinations. Count: 1
.[QUERY] Found all non-linear combinations. Count: 1
[QUERY] Found all non-linear combinations. Count: 1
[QUERY] Found all non-linear combinations. Count: 1
[QUERY] Found all non-linear combinations. Count: 1
.[QUERY] Found all non-linear combinations. Count: 1
[QUERY] Found all non-linear combinations. Count: 1
[QUERY] Found all non-linear combinations. Count: 1
[QUERY] Returning nonlinear disjunction
[CTRL] Considering conjunction with 5 input constraints and a disjunction of size 9
[APPROX] Checking cache: SNNT.Approx.ApproxCacheObject[]
[APPROX] Constructing Approximation
[APPROX] Resolving approximation
[CTRL] Initiating iterator over current linear queries
[APPROX] # Conjunctions over output: 9
[CTRL] Processing linear query no. 475
[NNENUM] Running nnenum now...
[NNENUM] lb: [0.07999999999999999, 0.09999999999999999, 0.037131069501745474]
[NNENUM] ub: [16.376852110707294, 7.4262139003490955, 0.672462957785854]
[NNENUM] Creating LP Star...
[NNENUM] Checking feasibility
[NNENUM] Generating output Spec...
[NNENUM] Spec list length:  9
[NNENUM] Enumeration in progress... 
(0.0 sec) Q: 0, Sets: 0/1  (0.0%) CEs: 0 ETA: - (expected 1 stars)   

Total Stars: 19 (4 exact, 15 approx)
Unfinished Stars: 0
Runtime: 0.1 sec
Completed work frac: 1.0
Num Stars Copied Between Processes: 0
Num Lps During Enumeration: 208
Total Num Lps: 208

Result: network is SAFE

[NNENUM] Result: 
<nnenum.result.Result object at 0x7f94910f6160>
[NNENUM] Enumeration finished.
safe
[NNENUM] Found counter-example stars: 0
[NNENUM] Filtering result using SMT solver...
[SMT] SMT filtered out 0 stars (out of 0; TO: 0).
[QUERY] Found all non-linear combinations. Count: 1
[QUERY] Returning nonlinear disjunction
[CTRL] Considering conjunction with 5 input constraints and a disjunction of size 1
[APPROX] Checking cache: SNNT.Approx.ApproxCacheObject[]
[APPROX] Constructing Approximation
[APPROX] Resolving approximation
[CTRL] Initiating iterator over current linear queries
[APPROX] # Conjunctions over output: 1
[CTRL] Processing linear query no. 476
[NNENUM] Running nnenum now...
[NNENUM] lb: [31.703236423477783, 0.0, 0.037131069501745474]
[NNENUM] ub: [100.0, 0.09999999999999999, 0.672462957785854]
[NNENUM] Creating LP Star...
[NNENUM] Checking feasibility
[NNENUM] Generating output Spec...
[NNENUM] Spec list length:  1
[NNENUM] Enumeration in progress... 

[NNENUM] Result: 
<nnenum.result.Result object at 0x7f94910cd490>
[NNENUM] Enumeration finished.
safe
[NNENUM] Filtering result using SMT solver...
[SMT] SMT filtered out 0 stars (out of 0; TO: 0).
.[QUERY] Found all non-linear combinations. Count: 1
[QUERY] Found all non-linear combinations. Count: 1
[QUERY] Returning nonlinear disjunction
[CTRL] Considering conjunction with 5 input constraints and a disjunction of size 2
[APPROX] Checking cache: SNNT.Approx.ApproxCacheObject[]
[APPROX] Constructing Approximation
[APPROX] Resolving approximation
[CTRL] Initiating iterator over current linear queries
[APPROX] # Conjunctions over output: 2
[CTRL] Processing linear query no. 477
[NNENUM] Running nnenum now...
[NNENUM] lb: [31.703236423477783, 0.09999999999999999, 0.037131069501745474]
[NNENUM] ub: [100.0, 7.4262139003490955, 0.672462957785854]
[NNENUM] Creating LP Star...
[NNENUM] Checking feasibility
[NNENUM] Generating output Spec...
[NNENUM] Spec list length:  2
[NNENUM] Enumeration in progress... 

[NNENUM] Result: 
<nnenum.result.Result object at 0x7f94910ff160>
[NNENUM] Enumeration finished.
safe
[NNENUM] Filtering result using SMT solver...
[SMT] SMT filtered out 0 stars (out of 0; TO: 0).
[QUERY] Found all non-linear combinations. Count: 1
[QUERY] Returning nonlinear disjunction
[CTRL] Considering conjunction with 5 input constraints and a disjunction of size 1
[APPROX] Checking cache: SNNT.Approx.ApproxCacheObject[]
[APPROX] Constructing Approximation
[APPROX] Resolving approximation
[CTRL] Initiating iterator over current linear queries
[APPROX] # Conjunctions over output: 1
[CTRL] Processing linear query no. 478
[NNENUM] Running nnenum now...
[NNENUM] lb: [31.703236423477783, 0.0, 0.037131069501745474]
[NNENUM] ub: [100.0, 0.0, 0.672462957785854]
[NNENUM] Creating LP Star...
[NNENUM] Checking feasibility
[NNENUM] Generating output Spec...
[NNENUM] Spec list length:  1
[NNENUM] Enumeration in progress... 

[NNENUM] Result: 
<nnenum.result.Result object at 0x7f94910ff940>
[NNENUM] Enumeration finished.
safe
[NNENUM] Filtering result using SMT solver...
[SMT] SMT filtered out 0 stars (out of 0; TO: 0).
[QUERY] Found all non-linear combinations. Count: 1
[QUERY] Returning nonlinear disjunction
[CTRL] Considering conjunction with 5 input constraints and a disjunction of size 1
[APPROX] Checking cache: SNNT.Approx.ApproxCacheObject[]
[APPROX] Constructing Approximation
[APPROX] Resolving approximation
[CTRL] Initiating iterator over current linear queries
[APPROX] # Conjunctions over output: 1
[CTRL] Processing linear query no. 479
[NNENUM] Running nnenum now...
[NNENUM] lb: [31.703236423477783, 0.0, 0.037131069501745474]
[NNENUM] ub: [100.0, 0.0, 0.672462957785854]
[NNENUM] Creating LP Star...
[NNENUM] Checking feasibility
[NNENUM] Generating output Spec...
[NNENUM] Spec list length:  1
[NNENUM] Enumeration in progress... 

[NNENUM] Result: 
<nnenum.result.Result object at 0x7f94910c80d0>
[NNENUM] Enumeration finished.
safe
[NNENUM] Filtering result using SMT solver...
[SMT] SMT filtered out 0 stars (out of 0; TO: 0).
[QUERY] Found all non-linear combinations. Count: 2
[QUERY] Found all non-linear combinations. Count: 1
[QUERY] Found all non-linear combinations. Count: 1
[QUERY] Found all non-linear combinations. Count: 1
[QUERY] Found all non-linear combinations. Count: 1
[QUERY] Found all non-linear combinations. Count: 1
[QUERY] Found all non-linear combinations. Count: 2
[QUERY] Found all non-linear combinations. Count: 2
[QUERY] Found all non-linear combinations. Count: 2
[QUERY] Found all non-linear combinations. Count: 2
[QUERY] Found all non-linear combinations. Count: 2
.[QUERY] Found all non-linear combinations. Count: 1
[QUERY] Returning nonlinear disjunction
[CTRL] Considering conjunction with 5 input constraints and a disjunction of size 12
[APPROX] Checking cache: SNNT.Approx.ApproxCacheObject[]
[APPROX] Constructing Approximation
[APPROX] Resolving approximation
[CTRL] Initiating iterator over current linear queries
[APPROX] # Conjunctions over output: 12
[CTRL] Processing linear query no. 480
[NNENUM] Running nnenum now...
[NNENUM] lb: [31.703236423477783, -134.49259155717084, 0.037131069501745474]
[NNENUM] ub: [100.0, -73.18705430608887, 0.672462957785854]
[NNENUM] Creating LP Star...
[NNENUM] Checking feasibility
[NNENUM] Generating output Spec...
[NNENUM] Spec list length:  12
[NNENUM] Enumeration in progress... 

[NNENUM] Result: 
<nnenum.result.Result object at 0x7f94910ff040>
[NNENUM] Enumeration finished.
safe
[NNENUM] Filtering result using SMT solver...
[SMT] SMT filtered out 0 stars (out of 0; TO: 0).
[QUERY] Found all non-linear combinations. Count: 1
[QUERY] Found all non-linear combinations. Count: 1
[QUERY] Found all non-linear combinations. Count: 1
[QUERY] Found all non-linear combinations. Count: 1
[QUERY] Found all non-linear combinations. Count: 1
[QUERY] Found all non-linear combinations. Count: 1
[QUERY] Found all non-linear combinations. Count: 1
[QUERY] Found all non-linear combinations. Count: 1
[QUERY] Found all non-linear combinations. Count: 1
[QUERY] Found all non-linear combinations. Count: 1
[QUERY] Found all non-linear combinations. Count: 1
[QUERY] Found all non-linear combinations. Count: 1
[QUERY] Found all non-linear combinations. Count: 1
[QUERY] Returning nonlinear disjunction
[CTRL] Considering conjunction with 5 input constraints and a disjunction of size 13
[APPROX] Checking cache: SNNT.Approx.ApproxCacheObject[]
[APPROX] Constructing Approximation
[APPROX] Resolving approximation
[CTRL] Initiating iterator over current linear queries
[APPROX] # Conjunctions over output: 13
[CTRL] Processing linear query no. 481
[NNENUM] Running nnenum now...
[NNENUM] lb: [31.703236423477783, -200.0, 0.037131069501745474]
[NNENUM] ub: [100.0, -134.49259155717084, 0.672462957785854]
[NNENUM] Creating LP Star...
[NNENUM] Checking feasibility
[NNENUM] Generating output Spec...
[NNENUM] Spec list length:  13
[NNENUM] Enumeration in progress... 

[NNENUM] Result: 
<nnenum.result.Result object at 0x7f94910cddc0>
[NNENUM] Enumeration finished.
safe
[NNENUM] Filtering result using SMT solver...
[SMT] SMT filtered out 0 stars (out of 0; TO: 0).
[QUERY] Found all non-linear combinations. Count: 1
[QUERY] Found all non-linear combinations. Count: 1
[QUERY] Returning nonlinear disjunction
[CTRL] Considering conjunction with 5 input constraints and a disjunction of size 2
[APPROX] Checking cache: SNNT.Approx.ApproxCacheObject[]
[APPROX] Constructing Approximation
[APPROX] Resolving approximation
[CTRL] Initiating iterator over current linear queries
[APPROX] # Conjunctions over output: 2
[CTRL] Processing linear query no. 482
[NNENUM] Running nnenum now...
[NNENUM] lb: [31.703236423477783, -63.40647284695557, 0.037131069501745474]
[NNENUM] ub: [100.0, -17.837453728392095, 0.672462957785854]
[NNENUM] Creating LP Star...
[NNENUM] Checking feasibility
[NNENUM] Generating output Spec...
[NNENUM] Spec list length:  2
[NNENUM] Enumeration in progress... 
(0.2 sec) Q: 0, Sets: 0/1  (0.0%) CEs: 0 ETA: - (expected 1 stars)   

Total Stars: 8 (4 exact, 4 approx)
Unfinished Stars: 0
Runtime: 0.2 sec
Completed work frac: 1.0
Num Stars Copied Between Processes: 0
Num Lps During Enumeration: 233
Total Num Lps: 233

Result: network is SAFE

[NNENUM] Result: 
<nnenum.result.Result object at 0x7f94910e30d0>
[NNENUM] Enumeration finished.
safe
[NNENUM] Found counter-example stars: 0
[NNENUM] Filtering result using SMT solver...
[SMT] SMT filtered out 0 stars (out of 0; TO: 0).
[QUERY] Found all non-linear combinations. Count: 1
[QUERY] Returning nonlinear disjunction
[CTRL] Considering conjunction with 5 input constraints and a disjunction of size 1
[APPROX] Checking cache: SNNT.Approx.ApproxCacheObject[]
[APPROX] Constructing Approximation
[APPROX] Resolving approximation
[CTRL] Initiating iterator over current linear queries
[APPROX] # Conjunctions over output: 1
[CTRL] Processing linear query no. 483
[NNENUM] Running nnenum now...
[NNENUM] lb: [31.703236423477783, -63.40647284695557, 0.037131069501745474]
[NNENUM] ub: [100.0, -17.837453728392095, 0.672462957785854]
[NNENUM] Creating LP Star...
[NNENUM] Checking feasibility
[NNENUM] Generating output Spec...
[NNENUM] Spec list length:  1
[NNENUM] Enumeration in progress... 
(0.0 sec) Q: 0, Sets: 0/1  (0.0%) CEs: 0 ETA: - (expected 1 stars)   

Total Stars: 4 (1 exact, 3 approx)
Unfinished Stars: 0
Runtime: 0.1 sec
Completed work frac: 1.0
Num Stars Copied Between Processes: 0
Num Lps During Enumeration: 20
Total Num Lps: 20

Result: network is SAFE

[NNENUM] Result: 
<nnenum.result.Result object at 0x7f94910c1250>
[NNENUM] Enumeration finished.
safe
[NNENUM] Found counter-example stars: 0
[NNENUM] Filtering result using SMT solver...
[SMT] SMT filtered out 0 stars (out of 0; TO: 0).
[QUERY] Found all non-linear combinations. Count: 1
[QUERY] Returning nonlinear disjunction
[CTRL] Considering conjunction with 5 input constraints and a disjunction of size 1
[APPROX] Checking cache: SNNT.Approx.ApproxCacheObject[]
[APPROX] Constructing Approximation
[APPROX] Resolving approximation
[CTRL] Initiating iterator over current linear queries
[APPROX] # Conjunctions over output: 1
[CTRL] Processing linear query no. 484
[NNENUM] Running nnenum now...
[NNENUM] lb: [31.703236423477783, -134.49259155717084, 0.037131069501745474]
[NNENUM] ub: [100.0, -73.18705430608887, 0.672462957785854]
[NNENUM] Creating LP Star...
[NNENUM] Checking feasibility
[NNENUM] Generating output Spec...
[NNENUM] Spec list length:  1
[NNENUM] Enumeration in progress... 

[NNENUM] Result: 
<nnenum.result.Result object at 0x7f94910cd820>
[NNENUM] Enumeration finished.
safe
[NNENUM] Filtering result using SMT solver...
[SMT] SMT filtered out 0 stars (out of 0; TO: 0).
[QUERY] Found all non-linear combinations. Count: 1
[QUERY] Returning nonlinear disjunction
[CTRL] Considering conjunction with 5 input constraints and a disjunction of size 1
[APPROX] Checking cache: SNNT.Approx.ApproxCacheObject[]
[APPROX] Constructing Approximation
[APPROX] Resolving approximation
[CTRL] Initiating iterator over current linear queries
[APPROX] # Conjunctions over output: 1
[CTRL] Processing linear query no. 485
[NNENUM] Running nnenum now...
[NNENUM] lb: [31.703236423477783, -2.1, 0.037131069501745474]
[NNENUM] ub: [100.0, 0.0, 0.672462957785854]
[NNENUM] Creating LP Star...
[NNENUM] Checking feasibility
[NNENUM] Generating output Spec...
[NNENUM] Spec list length:  1
[NNENUM] Enumeration in progress... 

[NNENUM] Result: 
<nnenum.result.Result object at 0x7f94948d18b0>
[NNENUM] Enumeration finished.
safe
[NNENUM] Filtering result using SMT solver...
[SMT] SMT filtered out 0 stars (out of 0; TO: 0).
[QUERY] Found all non-linear combinations. Count: 1
[QUERY] Found all non-linear combinations. Count: 1
[QUERY] Returning nonlinear disjunction
[CTRL] Considering conjunction with 5 input constraints and a disjunction of size 2
[APPROX] Checking cache: SNNT.Approx.ApproxCacheObject[]
[APPROX] Constructing Approximation
[APPROX] Resolving approximation
[CTRL] Initiating iterator over current linear queries
[APPROX] # Conjunctions over output: 2
[CTRL] Processing linear query no. 486
[NNENUM] Running nnenum now...
[NNENUM] lb: [31.703236423477783, -63.40647284695557, 0.037131069501745474]
[NNENUM] ub: [100.0, -17.837453728392095, 0.672462957785854]
[NNENUM] Creating LP Star...
[NNENUM] Checking feasibility
[NNENUM] Generating output Spec...
[NNENUM] Spec list length:  2
[NNENUM] Enumeration in progress... 
(0.3 sec) Q: 0, Sets: 0/1  (0.0%) CEs: 0 ETA: - (expected 1 stars)   
(0.4 sec) Q: 0, Sets: 11/14  (21.875%) CEs: 0 ETA: 1.5 sec (expected 50 stars)   
(0.5 sec) Q: 0, Sets: 15/19  (28.125%) CEs: 0 ETA: 1.3 sec (expected 53 stars)   
Total Stars: 25 (2 exact, 23 approx)
Unfinished Stars: 0
Runtime: 0.6 sec
Completed work frac: 1.0
Num Stars Copied Between Processes: 0
Num Lps During Enumeration: 166
Total Num Lps: 166

Result: network is SAFE

[NNENUM] Result: 
<nnenum.result.Result object at 0x7f94910cd1c0>
[NNENUM] Enumeration finished.
safe
[NNENUM] Found counter-example stars: 0
[NNENUM] Filtering result using SMT solver...
[SMT] SMT filtered out 0 stars (out of 0; TO: 0).
.[QUERY] Found all non-linear combinations. Count: 1
[QUERY] Found all non-linear combinations. Count: 1
[QUERY] Found all non-linear combinations. Count: 1
[QUERY] Found all non-linear combinations. Count: 1
[QUERY] Found all non-linear combinations. Count: 1
[QUERY] Found all non-linear combinations. Count: 1
[QUERY] Returning nonlinear disjunction
[CTRL] Considering conjunction with 5 input constraints and a disjunction of size 6
[APPROX] Checking cache: SNNT.Approx.ApproxCacheObject[]
[APPROX] Constructing Approximation
[APPROX] Resolving approximation
[CTRL] Initiating iterator over current linear queries
[APPROX] # Conjunctions over output: 6
[CTRL] Processing linear query no. 487
[NNENUM] Running nnenum now...
[NNENUM] lb: [31.703236423477783, -17.837453728392095, 0.037131069501745474]
[NNENUM] ub: [100.0, -2.1, 0.672462957785854]
[NNENUM] Creating LP Star...
[NNENUM] Checking feasibility
[NNENUM] Generating output Spec...
[NNENUM] Spec list length:  6
[NNENUM] Enumeration in progress... 
(0.0 sec) Q: 0, Sets: 0/1  (0.0%) CEs: 0 ETA: - (expected 1 stars)   
(0.1 sec) Q: 0, Sets: 3/6  (34.375%) CEs: 0 ETA: 0.3 sec (expected 9 stars)   

Total Stars: 16 (1 exact, 15 approx)
Unfinished Stars: 0
Runtime: 0.2 sec
Completed work frac: 1.0
Num Stars Copied Between Processes: 0
Num Lps During Enumeration: 39
Total Num Lps: 39

Result: network is SAFE

[NNENUM] Result: 
<nnenum.result.Result object at 0x7f94910ff190>
[NNENUM] Enumeration finished.
safe
[NNENUM] Found counter-example stars: 0
[NNENUM] Filtering result using SMT solver...
[SMT] SMT filtered out 0 stars (out of 0; TO: 0).
[QUERY] Found all non-linear combinations. Count: 1
[QUERY] Returning nonlinear disjunction
[CTRL] Considering conjunction with 5 input constraints and a disjunction of size 1
[APPROX] Checking cache: SNNT.Approx.ApproxCacheObject[]
[APPROX] Constructing Approximation
[APPROX] Resolving approximation
[CTRL] Initiating iterator over current linear queries
[APPROX] # Conjunctions over output: 1
[CTRL] Processing linear query no. 488
[NNENUM] Running nnenum now...
[NNENUM] lb: [31.703236423477783, -134.49259155717084, 0.037131069501745474]
[NNENUM] ub: [100.0, -73.18705430608887, 0.672462957785854]
[NNENUM] Creating LP Star...
[NNENUM] Checking feasibility
[NNENUM] Generating output Spec...
[NNENUM] Spec list length:  1
[NNENUM] Enumeration in progress... 

[NNENUM] Result: 
<nnenum.result.Result object at 0x7f94910ff340>
[NNENUM] Enumeration finished.
safe
[NNENUM] Filtering result using SMT solver...
[SMT] SMT filtered out 0 stars (out of 0; TO: 0).
[QUERY] Found all non-linear combinations. Count: 1
[QUERY] Found all non-linear combinations. Count: 1
[QUERY] Found all non-linear combinations. Count: 1
[QUERY] Returning nonlinear disjunction
[CTRL] Considering conjunction with 5 input constraints and a disjunction of size 3
[APPROX] Checking cache: SNNT.Approx.ApproxCacheObject[]
[APPROX] Constructing Approximation
[APPROX] Resolving approximation
[CTRL] Initiating iterator over current linear queries
[APPROX] # Conjunctions over output: 3
[CTRL] Processing linear query no. 489
[NNENUM] Running nnenum now...
[NNENUM] lb: [0.07999999999999999, -17.837453728392095, 0.037131069501745474]
[NNENUM] ub: [16.376852110707294, -2.1, 0.672462957785854]
[NNENUM] Creating LP Star...
[NNENUM] Checking feasibility
[NNENUM] Generating output Spec...
[NNENUM] Spec list length:  3
[NNENUM] Enumeration in progress... 
(0.2 sec) Q: 0, Sets: 0/1  (0.0%) CEs: 0 ETA: - (expected 1 stars)   
(0.3 sec) Q: 0, Sets: 4/8  (28.125%) CEs: 0 ETA: 0.7 sec (expected 14 stars)   
(0.4 sec) Q: 0, Sets: 22/25  (59.375%) CEs: 0 ETA: 0.3 sec (expected 37 stars)   
(0.5 sec) Q: 0, Sets: 26/31  (87.5%) CEs: 0 ETA: 0.1 sec (expected 30 stars)   
(0.6 sec) Q: 0, Sets: 36/41  (90.82%) CEs: 0 ETA: 0.1 sec (expected 40 stars)   
Total Stars: 52 (7 exact, 45 approx)
Unfinished Stars: 0
Runtime: 0.6 sec
Completed work frac: 1.0
Num Stars Copied Between Processes: 0
Num Lps During Enumeration: 331
Total Num Lps: 331

Result: network is SAFE

[NNENUM] Result: 
<nnenum.result.Result object at 0x7f94910ec2b0>
[NNENUM] Enumeration finished.
safe
[NNENUM] Found counter-example stars: 0
[NNENUM] Filtering result using SMT solver...
[SMT] SMT filtered out 0 stars (out of 0; TO: 0).
.[QUERY] Found all non-linear combinations. Count: 1
[QUERY] Found all non-linear combinations. Count: 1
[QUERY] Found all non-linear combinations. Count: 1
[QUERY] Found all non-linear combinations. Count: 1
[QUERY] Found all non-linear combinations. Count: 1
[QUERY] Found all non-linear combinations. Count: 1
[QUERY] Found all non-linear combinations. Count: 1
[QUERY] Found all non-linear combinations. Count: 1
[QUERY] Found all non-linear combinations. Count: 1
[QUERY] Returning nonlinear disjunction
[CTRL] Considering conjunction with 5 input constraints and a disjunction of size 9
[APPROX] Checking cache: SNNT.Approx.ApproxCacheObject[]
[APPROX] Constructing Approximation
[APPROX] Resolving approximation
[CTRL] Initiating iterator over current linear queries
[APPROX] # Conjunctions over output: 9
[CTRL] Processing linear query no. 490
[NNENUM] Running nnenum now...
[NNENUM] lb: [0.07999999999999999, 0.0, 0.037131069501745474]
[NNENUM] ub: [16.376852110707294, 0.0, 0.672462957785854]
[NNENUM] Creating LP Star...
[NNENUM] Checking feasibility
[NNENUM] Generating output Spec...
[NNENUM] Spec list length:  9
[NNENUM] Enumeration in progress... 
(0.1 sec) Q: 0, Sets: 0/1  (0.0%) CEs: 0 ETA: - (expected 1 stars)   

Total Stars: 4 (0 exact, 4 approx)
Unfinished Stars: 0
Runtime: 0.1 sec
Completed work frac: 1.0
Num Stars Copied Between Processes: 0
Num Lps During Enumeration: 0
Total Num Lps: 0

Result: network is SAFE

[NNENUM] Result: 
<nnenum.result.Result object at 0x7f94910cdf10>
[NNENUM] Enumeration finished.
safe
[NNENUM] Found counter-example stars: 0
[NNENUM] Filtering result using SMT solver...
[SMT] SMT filtered out 0 stars (out of 0; TO: 0).
[QUERY] Found all non-linear combinations. Count: 1
[QUERY] Found all non-linear combinations. Count: 1
[QUERY] Found all non-linear combinations. Count: 1
[QUERY] Found all non-linear combinations. Count: 1
[QUERY] Found all non-linear combinations. Count: 1
[QUERY] Found all non-linear combinations. Count: 1
[QUERY] Found all non-linear combinations. Count: 1
[QUERY] Found all non-linear combinations. Count: 1
[QUERY] Found all non-linear combinations. Count: 1
[QUERY] Found all non-linear combinations. Count: 1
[QUERY] Found all non-linear combinations. Count: 1
[QUERY] Found all non-linear combinations. Count: 3
[QUERY] Found all non-linear combinations. Count: 3
[QUERY] Found all non-linear combinations. Count: 2
[QUERY] Returning nonlinear disjunction
[CTRL] Considering conjunction with 5 input constraints and a disjunction of size 14
[APPROX] Checking cache: SNNT.Approx.ApproxCacheObject[]
[APPROX] Constructing Approximation
[APPROX] Resolving approximation
[CTRL] Initiating iterator over current linear queries
[APPROX] # Conjunctions over output: 14
[CTRL] Processing linear query no. 491
[NNENUM] Running nnenum now...
[NNENUM] lb: [0.0, -17.837453728392095, 0.037131069501745474]
[NNENUM] ub: [0.07999999999999999, -2.1, 0.672462957785854]
[NNENUM] Creating LP Star...
[NNENUM] Checking feasibility
[NNENUM] Generating output Spec...
[NNENUM] Spec list length:  14
[NNENUM] Enumeration in progress... 

[NNENUM] Result: 
<nnenum.result.Result object at 0x7f94910d71f0>
[NNENUM] Enumeration finished.
safe
[NNENUM] Filtering result using SMT solver...
[SMT] SMT filtered out 0 stars (out of 0; TO: 0).
[QUERY] Found all non-linear combinations. Count: 1
[QUERY] Found all non-linear combinations. Count: 1
[QUERY] Found all non-linear combinations. Count: 1
[QUERY] Returning nonlinear disjunction
[CTRL] Considering conjunction with 5 input constraints and a disjunction of size 3
[APPROX] Checking cache: SNNT.Approx.ApproxCacheObject[]
[APPROX] Constructing Approximation
[APPROX] Resolving approximation
[CTRL] Initiating iterator over current linear queries
[APPROX] # Conjunctions over output: 3
[CTRL] Processing linear query no. 492
[NNENUM] Running nnenum now...
[NNENUM] lb: [0.07999999999999999, -17.837453728392095, 0.037131069501745474]
[NNENUM] ub: [16.376852110707294, -2.1, 0.672462957785854]
[NNENUM] Creating LP Star...
[NNENUM] Checking feasibility
[NNENUM] Generating output Spec...
[NNENUM] Spec list length:  3
[NNENUM] Enumeration in progress... 
(0.2 sec) Q: 0, Sets: 0/1  (0.0%) CEs: 0 ETA: - (expected 1 stars)   

Total Stars: 7 (4 exact, 3 approx)
Unfinished Stars: 0
Runtime: 0.2 sec
Completed work frac: 1.0
Num Stars Copied Between Processes: 0
Num Lps During Enumeration: 247
Total Num Lps: 247

Result: network is SAFE

[NNENUM] Result: 
<nnenum.result.Result object at 0x7f94948e7eb0>
[NNENUM] Enumeration finished.
safe
[NNENUM] Found counter-example stars: 0
[NNENUM] Filtering result using SMT solver...
[SMT] SMT filtered out 0 stars (out of 0; TO: 0).
[QUERY] Found all non-linear combinations. Count: 1
[QUERY] Found all non-linear combinations. Count: 1
[QUERY] Found all non-linear combinations. Count: 1
[QUERY] Found all non-linear combinations. Count: 2
.[QUERY] Found all non-linear combinations. Count: 1
.[QUERY] Found all non-linear combinations. Count: 1
[QUERY] Found all non-linear combinations. Count: 1
[QUERY] Found all non-linear combinations. Count: 1
[QUERY] Found all non-linear combinations. Count: 1
[QUERY] Found all non-linear combinations. Count: 1
[QUERY] Found all non-linear combinations. Count: 1
[QUERY] Returning nonlinear disjunction
[CTRL] Considering conjunction with 5 input constraints and a disjunction of size 11
[APPROX] Checking cache: SNNT.Approx.ApproxCacheObject[]
[APPROX] Constructing Approximation
[APPROX] Resolving approximation
[CTRL] Initiating iterator over current linear queries
[APPROX] # Conjunctions over output: 11
[CTRL] Processing linear query no. 493
[NNENUM] Running nnenum now...
[NNENUM] lb: [0.07999999999999999, -2.1, -0.08918726864196047]
[NNENUM] ub: [16.376852110707294, 0.0, 0.0]
[NNENUM] Creating LP Star...
[NNENUM] Checking feasibility
[NNENUM] Generating output Spec...
[NNENUM] Spec list length:  11
[NNENUM] Enumeration in progress... 
(0.1 sec) Q: 0, Sets: 0/1  (0.0%) CEs: 0 ETA: - (expected 1 stars)   
(0.2 sec) Q: 0, Sets: 4/11  (1.367%) CEs: 0 ETA: 12.2 sec (expected 293 stars)   

Total Stars: 28 (3 exact, 25 approx)
Unfinished Stars: 0
Runtime: 0.3 sec
Completed work frac: 1.0
Num Stars Copied Between Processes: 0
Num Lps During Enumeration: 93
Total Num Lps: 93

Result: network is SAFE

[NNENUM] Result: 
<nnenum.result.Result object at 0x7f94910ec310>
[NNENUM] Enumeration finished.
safe
[NNENUM] Found counter-example stars: 0
[NNENUM] Filtering result using SMT solver...
[SMT] SMT filtered out 0 stars (out of 0; TO: 0).
[QUERY] Found all non-linear combinations. Count: 1
[QUERY] Found all non-linear combinations. Count: 1
[QUERY] Found all non-linear combinations. Count: 1
[QUERY] Found all non-linear combinations. Count: 1
[QUERY] Found all non-linear combinations. Count: 1
[QUERY] Found all non-linear combinations. Count: 1
[QUERY] Found all non-linear combinations. Count: 1
[QUERY] Found all non-linear combinations. Count: 1
[QUERY] Found all non-linear combinations. Count: 2
[QUERY] Found all non-linear combinations. Count: 1
[QUERY] Found all non-linear combinations. Count: 1
[QUERY] Found all non-linear combinations. Count: 1
[QUERY] Returning nonlinear disjunction
[CTRL] Considering conjunction with 5 input constraints and a disjunction of size 12
[APPROX] Checking cache: SNNT.Approx.ApproxCacheObject[]
[APPROX] Constructing Approximation
[APPROX] Resolving approximation
[CTRL] Initiating iterator over current linear queries
[APPROX] # Conjunctions over output: 12
[CTRL] Processing linear query no. 494
[NNENUM] Running nnenum now...
[NNENUM] lb: [0.07999999999999999, -2.1, -0.08918726864196047]
[NNENUM] ub: [16.376852110707294, 0.0, 0.0]
[NNENUM] Creating LP Star...
[NNENUM] Checking feasibility
[NNENUM] Generating output Spec...
[NNENUM] Spec list length:  12
[NNENUM] Enumeration in progress... 
(0.1 sec) Q: 0, Sets: 0/1  (0.0%) CEs: 0 ETA: - (expected 1 stars)   
(0.2 sec) Q: 0, Sets: 4/14  (0.83%) CEs: 0 ETA: 19.2 sec (expected 482 stars)   
(0.3 sec) Q: 0, Sets: 17/26  (3.223%) CEs: 0 ETA: 7.8 sec (expected 528 stars)   
(0.4 sec) Q: 0, Sets: 30/38  (7.91%) CEs: 0 ETA: 4.2 sec (expected 379 stars)   
(0.5 sec) Q: 0, Sets: 46/53  (11.377%) CEs: 0 ETA: 3.6 sec (expected 404 stars)   
(0.6 sec) Q: 0, Sets: 65/68  (25.0%) CEs: 0 ETA: 1.7 sec (expected 260 stars)   
(0.7 sec) Q: 0, Sets: 79/82  (62.5%) CEs: 0 ETA: 0.4 sec (expected 126 stars)   
(0.8 sec) Q: 0, Sets: 91/96  (69.531%) CEs: 0 ETA: 0.3 sec (expected 131 stars)   
(0.9 sec) Q: 0, Sets: 104/112  (87.5%) CEs: 0 ETA: 0.1 sec (expected 119 stars)   
(1.0 sec) Q: 0, Sets: 123/127  (90.137%) CEs: 0 ETA: 0.1 sec (expected 136 stars)   
Total Stars: 136 (7 exact, 129 approx)
Unfinished Stars: 0
Runtime: 1.0 sec
Completed work frac: 1.0
Num Stars Copied Between Processes: 0
Num Lps During Enumeration: 126
Total Num Lps: 126

Result: network is SAFE

[NNENUM] Result: 
<nnenum.result.Result object at 0x7f94910fc9d0>
[NNENUM] Enumeration finished.
safe
[NNENUM] Found counter-example stars: 0
[NNENUM] Filtering result using SMT solver...
[SMT] SMT filtered out 0 stars (out of 0; TO: 0).
.[QUERY] Found all non-linear combinations. Count: 1
[QUERY] Found all non-linear combinations. Count: 1
..[QUERY] Found all non-linear combinations. Count: 1
.[QUERY] Found all non-linear combinations. Count: 1
[QUERY] Returning nonlinear disjunction
[CTRL] Considering conjunction with 5 input constraints and a disjunction of size 4
[APPROX] Checking cache: SNNT.Approx.ApproxCacheObject[]
[APPROX] Constructing Approximation
[APPROX] Resolving approximation
[CTRL] Initiating iterator over current linear queries
[APPROX] # Conjunctions over output: 4
[CTRL] Processing linear query no. 495
[NNENUM] Running nnenum now...
[NNENUM] lb: [0.07999999999999999, -17.837453728392095, -0.08918726864196047]
[NNENUM] ub: [16.376852110707294, -2.1, 0.0]
[NNENUM] Creating LP Star...
[NNENUM] Checking feasibility
[NNENUM] Generating output Spec...
[NNENUM] Spec list length:  4
[NNENUM] Enumeration in progress... 
(0.0 sec) Q: 0, Sets: 0/1  (0.0%) CEs: 0 ETA: - (expected 1 stars)   
(0.1 sec) Q: 0, Sets: 8/11  (37.5%) CEs: 0 ETA: 0.2 sec (expected 21 stars)   
(0.3 sec) Q: 0, Sets: 12/18  (50.0%) CEs: 0 ETA: 0.3 sec (expected 24 stars)   
(0.4 sec) Q: 0, Sets: 25/28  (59.375%) CEs: 0 ETA: 0.2 sec (expected 42 stars)   
(0.5 sec) Q: 0, Sets: 34/39  (89.941%) CEs: 0 ETA: 0.1 sec (expected 38 stars)   
(0.6 sec) Q: 0, Sets: 42/46  (91.602%) CEs: 0 ETA: 0.1 sec (expected 46 stars)   
Total Stars: 55 (7 exact, 48 approx)
Unfinished Stars: 0
Runtime: 0.6 sec
Completed work frac: 1.0
Num Stars Copied Between Processes: 0
Num Lps During Enumeration: 331
Total Num Lps: 331

Result: network is SAFE

[NNENUM] Result: 
<nnenum.result.Result object at 0x7f94910d0c40>
[NNENUM] Enumeration finished.
safe
[NNENUM] Found counter-example stars: 0
[NNENUM] Filtering result using SMT solver...
[SMT] SMT filtered out 0 stars (out of 0; TO: 0).
[QUERY] Found all non-linear combinations. Count: 1
[QUERY] Found all non-linear combinations. Count: 1
[QUERY] Found all non-linear combinations. Count: 1
[QUERY] Found all non-linear combinations. Count: 1
[QUERY] Found all non-linear combinations. Count: 1
[QUERY] Found all non-linear combinations. Count: 2
[QUERY] Found all non-linear combinations. Count: 2
[QUERY] Found all non-linear combinations. Count: 2
[QUERY] Found all non-linear combinations. Count: 2
[QUERY] Found all non-linear combinations. Count: 2
[QUERY] Found all non-linear combinations. Count: 2
[QUERY] Found all non-linear combinations. Count: 2
[QUERY] Found all non-linear combinations. Count: 2
[QUERY] Found all non-linear combinations. Count: 2
[QUERY] Found all non-linear combinations. Count: 2
[QUERY] Found all non-linear combinations. Count: 2
.[QUERY] Found all non-linear combinations. Count: 3
.[QUERY] Found all non-linear combinations. Count: 2
[QUERY] Found all non-linear combinations. Count: 2
[QUERY] Found all non-linear combinations. Count: 2
[QUERY] Returning nonlinear disjunction
[CTRL] Considering conjunction with 5 input constraints and a disjunction of size 20
[APPROX] Checking cache: SNNT.Approx.ApproxCacheObject[]
[APPROX] Constructing Approximation
[APPROX] Resolving approximation
[CTRL] Initiating iterator over current linear queries
[APPROX] # Conjunctions over output: 20
[CTRL] Processing linear query no. 496
[NNENUM] Running nnenum now...
[NNENUM] lb: [0.07999999999999999, -17.837453728392095, -0.08918726864196047]
[NNENUM] ub: [16.376852110707294, -2.1, 0.0]
[NNENUM] Creating LP Star...
[NNENUM] Checking feasibility
[NNENUM] Generating output Spec...
[NNENUM] Spec list length:  20
[NNENUM] Enumeration in progress... 
(0.1 sec) Q: 0, Sets: 0/1  (0.0%) CEs: 0 ETA: - (expected 1 stars)   
(0.2 sec) Q: 0, Sets: 11/17  (50.781%) CEs: 0 ETA: 0.2 sec (expected 22 stars)   
(0.3 sec) Q: 0, Sets: 19/23  (53.125%) CEs: 0 ETA: 0.2 sec (expected 36 stars)   
(0.4 sec) Q: 0, Sets: 24/27  (56.25%) CEs: 0 ETA: 0.3 sec (expected 43 stars)   
(0.5 sec) Q: 0, Sets: 35/40  (60.156%) CEs: 0 ETA: 0.3 sec (expected 58 stars)   
(0.6 sec) Q: 0, Sets: 51/53  (90.625%) CEs: 0 ETA: 0.1 sec (expected 56 stars)   
Total Stars: 64 (10 exact, 54 approx)
Unfinished Stars: 0
Runtime: 0.7 sec
Completed work frac: 1.0
Num Stars Copied Between Processes: 0
Num Lps During Enumeration: 328
Total Num Lps: 328

Result: network is SAFE

[NNENUM] Result: 
<nnenum.result.Result object at 0x7f94910fc580>
[NNENUM] Enumeration finished.
safe
[NNENUM] Found counter-example stars: 0
[NNENUM] Filtering result using SMT solver...
[SMT] SMT filtered out 0 stars (out of 0; TO: 0).
[QUERY] Found all non-linear combinations. Count: 1
[QUERY] Found all non-linear combinations. Count: 2
[QUERY] Found all non-linear combinations. Count: 1
[QUERY] Found all non-linear combinations. Count: 3
[QUERY] Found all non-linear combinations. Count: 3
[QUERY] Found all non-linear combinations. Count: 1
[QUERY] Found all non-linear combinations. Count: 1
[QUERY] Found all non-linear combinations. Count: 1
[QUERY] Found all non-linear combinations. Count: 1
[QUERY] Found all non-linear combinations. Count: 1
[QUERY] Found all non-linear combinations. Count: 1
[QUERY] Found all non-linear combinations. Count: 1
[QUERY] Found all non-linear combinations. Count: 1
[QUERY] Found all non-linear combinations. Count: 2
[QUERY] Found all non-linear combinations. Count: 1
[QUERY] Found all non-linear combinations. Count: 1
[QUERY] Found all non-linear combinations. Count: 2
[QUERY] Found all non-linear combinations. Count: 1
[QUERY] Found all non-linear combinations. Count: 1
[QUERY] Found all non-linear combinations. Count: 1
[QUERY] Found all non-linear combinations. Count: 1
[QUERY] Found all non-linear combinations. Count: 1
[QUERY] Found all non-linear combinations. Count: 1
[QUERY] Found all non-linear combinations. Count: 1
[QUERY] Returning nonlinear disjunction
[CTRL] Considering conjunction with 5 input constraints and a disjunction of size 24
[APPROX] Checking cache: SNNT.Approx.ApproxCacheObject[]
[APPROX] Constructing Approximation
[APPROX] Resolving approximation
[CTRL] Initiating iterator over current linear queries
[APPROX] # Conjunctions over output: 24
[CTRL] Processing linear query no. 497
[NNENUM] Running nnenum now...
[NNENUM] lb: [0.07999999999999999, -17.837453728392095, -0.08918726864196047]
[NNENUM] ub: [16.376852110707294, -2.1, 0.0]
[NNENUM] Creating LP Star...
[NNENUM] Checking feasibility
[NNENUM] Generating output Spec...
[NNENUM] Spec list length:  24
[NNENUM] Enumeration in progress... 
(0.0 sec) Q: 0, Sets: 0/1  (0.0%) CEs: 0 ETA: - (expected 1 stars)   

Total Stars: 3 (0 exact, 3 approx)
Unfinished Stars: 0
Runtime: 0.1 sec
Completed work frac: 1.0
Num Stars Copied Between Processes: 0
Num Lps During Enumeration: 0
Total Num Lps: 0

Result: network is SAFE

[NNENUM] Result: 
<nnenum.result.Result object at 0x7f94910e3610>
[NNENUM] Enumeration finished.
safe
[NNENUM] Found counter-example stars: 0
[NNENUM] Filtering result using SMT solver...
[SMT] SMT filtered out 0 stars (out of 0; TO: 0).
[QUERY] Found all non-linear combinations. Count: 1
[QUERY] Found all non-linear combinations. Count: 1
[QUERY] Found all non-linear combinations. Count: 1
[QUERY] Found all non-linear combinations. Count: 1
[QUERY] Found all non-linear combinations. Count: 1
[QUERY] Found all non-linear combinations. Count: 1
[QUERY] Found all non-linear combinations. Count: 1
[QUERY] Found all non-linear combinations. Count: 1
[QUERY] Found all non-linear combinations. Count: 1
[QUERY] Found all non-linear combinations. Count: 1
[QUERY] Found all non-linear combinations. Count: 1
[QUERY] Found all non-linear combinations. Count: 1
[QUERY] Found all non-linear combinations. Count: 3
[QUERY] Found all non-linear combinations. Count: 3
[QUERY] Found all non-linear combinations. Count: 2
[QUERY] Returning nonlinear disjunction
[CTRL] Considering conjunction with 5 input constraints and a disjunction of size 15
[APPROX] Checking cache: SNNT.Approx.ApproxCacheObject[]
[APPROX] Constructing Approximation
[APPROX] Resolving approximation
[CTRL] Initiating iterator over current linear queries
[APPROX] # Conjunctions over output: 15
[CTRL] Processing linear query no. 498
[NNENUM] Running nnenum now...
[NNENUM] lb: [0.0, -17.837453728392095, -0.08918726864196047]
[NNENUM] ub: [0.07999999999999999, -2.1, 0.0]
[NNENUM] Creating LP Star...
[NNENUM] Checking feasibility
[NNENUM] Generating output Spec...
[NNENUM] Spec list length:  15
[NNENUM] Enumeration in progress... 

[NNENUM] Result: 
<nnenum.result.Result object at 0x7f94910d7940>
[NNENUM] Enumeration finished.
safe
[NNENUM] Filtering result using SMT solver...
[SMT] SMT filtered out 0 stars (out of 0; TO: 0).
.[QUERY] Found all non-linear combinations. Count: 1
[QUERY] Found all non-linear combinations. Count: 1
[QUERY] Found all non-linear combinations. Count: 1
[QUERY] Found all non-linear combinations. Count: 1
[QUERY] Returning nonlinear disjunction
[CTRL] Considering conjunction with 5 input constraints and a disjunction of size 4
[APPROX] Checking cache: SNNT.Approx.ApproxCacheObject[]
[APPROX] Constructing Approximation
[APPROX] Resolving approximation
[CTRL] Initiating iterator over current linear queries
[APPROX] # Conjunctions over output: 4
[CTRL] Processing linear query no. 499
[NNENUM] Running nnenum now...
[NNENUM] lb: [0.07999999999999999, -17.837453728392095, -0.08918726864196047]
[NNENUM] ub: [16.376852110707294, -2.1, 0.0]
[NNENUM] Creating LP Star...
[NNENUM] Checking feasibility
[NNENUM] Generating output Spec...
[NNENUM] Spec list length:  4
[NNENUM] Enumeration in progress... 
(0.2 sec) Q: 0, Sets: 0/1  (0.0%) CEs: 0 ETA: - (expected 1 stars)   

Total Stars: 8 (5 exact, 3 approx)
Unfinished Stars: 0
Runtime: 0.2 sec
Completed work frac: 1.0
Num Stars Copied Between Processes: 0
Num Lps During Enumeration: 343
Total Num Lps: 343

Result: network is SAFE

[NNENUM] Result: 
<nnenum.result.Result object at 0x7f94910dceb0>
[NNENUM] Enumeration finished.
safe
[NNENUM] Found counter-example stars: 0
[NNENUM] Filtering result using SMT solver...
[SMT] SMT filtered out 0 stars (out of 0; TO: 0).
[CTRL] Saving current state of verification...
 ────────────────────────────────────────────────────────────────────────────────
                                        Time                    Allocations      
                               ───────────────────────   ────────────────────────
       Tot / % measured:             523s /  15.9%           35.6GiB /  47.1%    

 Section               ncalls     time    %tot     avg     alloc    %tot      avg
 ────────────────────────────────────────────────────────────────────────────────
 get_approx_query           1    83.3s  100.0%   83.3s   16.8GiB  100.0%  16.8GiB
   OVERT                   11    27.8s   33.3%   2.52s   3.26GiB   19.4%   304MiB
 query_iteration            0   0.00ns    0.0%    NaNh     0.00B    0.0%        -
   olnnv_query_proc...    497     300s  360.4%   604ms   7.57GiB   45.1%  15.6MiB
     nnv                  498     294s  352.4%   589ms   7.16GiB   42.7%  14.7MiB
       star_filter        498     171s  205.8%   344ms   6.95GiB   41.4%  14.3MiB
         z3_check       74.8k     167s  200.2%  2.23ms   6.60GiB   39.3%  92.6KiB
     status_backup          2    7.37s    8.8%   3.69s    409MiB    2.4%   205MiB
   next_query             498     106s  126.8%   212ms   8.62GiB   51.4%  17.7MiB
     check_infeasib...  8.38k    75.7s   90.8%  9.03ms   5.66GiB   33.7%   708KiB
       check_infeas...  8.38k    45.8s   54.9%  5.46ms   2.45GiB   14.6%   307KiB
         z3_check       6.51k    26.8s   32.2%  4.12ms   1.06GiB    6.3%   171KiB
         SMTprep        13.0k    17.3s   20.8%  1.33ms   1.33GiB    7.9%   107KiB
         feasibilit...  8.63k    833ms    1.0%  96.4μs   5.38MiB    0.0%     653B
         feasibilit...  5.65k    163ms    0.2%  28.8μs   8.07MiB    0.0%  1.46KiB
       check_infeas...  8.38k    29.9s   35.9%  3.57ms   3.20GiB   19.1%   401KiB
         SMTprep        23.7k    13.4s   16.0%   563μs   0.95GiB    5.7%  42.1KiB
         z3_check       11.9k    5.46s    6.5%   460μs   71.4MiB    0.4%  6.16KiB
         LP_create_...  7.61k    3.72s    4.5%   489μs    412MiB    2.4%  55.4KiB
         LP_populat...  7.61k    3.71s    4.4%   487μs   1.21GiB    7.2%   166KiB
         LP_check       7.61k    1.28s    1.5%   168μs    194MiB    1.1%  26.1KiB
         feasibilit...  16.8k    912ms    1.1%  54.4μs   5.56MiB    0.0%     348B
         LP_add_con...  7.61k    703ms    0.8%  92.5μs    334MiB    1.9%  45.0KiB
         feasibilit...  7.58k   10.1ms    0.0%  1.33μs   2.28MiB    0.0%     315B
     query_construc...  2.57k    14.6s   17.5%  5.66ms    857MiB    5.0%   341KiB
       z3_check         1.26k    7.09s    8.5%  5.63ms    318MiB    1.8%   258KiB
       SMTprep          2.52k    3.59s    4.3%  1.42ms    282MiB    1.6%   115KiB
       PicoSAT_solve    3.83k    899ms    1.1%   235μs    120KiB    0.0%    32.0B
       feasibility_...  1.26k    132ms    0.2%   105μs    818KiB    0.0%     665B
       atom_recovery    1.26k   93.5ms    0.1%  74.2μs   15.5MiB    0.1%  12.6KiB
         atom_compu...  1.26k   69.3ms    0.1%  55.1μs   14.6MiB    0.1%  11.9KiB
         bound_comp...  1.26k   19.9ms    0.0%  15.8μs    708KiB    0.0%     576B
       feasibility_...    865   4.17ms    0.0%  4.83μs   1.09MiB    0.0%  1.29KiB
     approx_resolution  8.38k    6.14s    7.4%   733μs   1.59GiB    9.5%   199KiB
     PicoSAT_solve      8.88k    1.47s    1.8%   165μs    278KiB    0.0%    32.0B
     atom_recovery      8.38k    734ms    0.9%  87.6μs    106MiB    0.6%  13.0KiB
       atom_computa...  8.38k    591ms    0.7%  70.5μs    100MiB    0.6%  12.3KiB
       bound_comput...  8.38k    120ms    0.1%  14.3μs   4.65MiB    0.0%     582B
     bound_atoms        8.38k    375ms    0.4%  44.7μs   96.8MiB    0.6%  11.8KiB
     check_infeasib...  16.8k   53.3ms    0.1%  3.18μs   41.6MiB    0.2%  2.54KiB
   boolean_skeleton         1    2.04s    2.5%   2.04s    160MiB    0.9%   160MiB
   olnnv_query_gen        498    1.80s    2.2%  3.62ms    277MiB    1.6%   570KiB
   legacy_approx          498    246ms    0.3%   495μs   18.6MiB    0.1%  38.2KiB
   smt_filter_creation    498    455μs    0.0%   914ns   15.6KiB    0.0%    32.0B
 ────────────────────────────────────────────────────────────────────────────────[QUERY] Found all non-linear combinations. Count: 2
[QUERY] Found all non-linear combinations. Count: 1
[QUERY] Found all non-linear combinations. Count: 1
[QUERY] Found all non-linear combinations. Count: 1
[QUERY] Found all non-linear combinations. Count: 1
[QUERY] Found all non-linear combinations. Count: 1
[QUERY] Found all non-linear combinations. Count: 1
[QUERY] Found all non-linear combinations. Count: 1
[QUERY] Found all non-linear combinations. Count: 1
[QUERY] Found all non-linear combinations. Count: 1
[QUERY] Found all non-linear combinations. Count: 1
[QUERY] Found all non-linear combinations. Count: 1
[QUERY] Returning nonlinear disjunction
[CTRL] Considering conjunction with 5 input constraints and a disjunction of size 12
[APPROX] Checking cache: SNNT.Approx.ApproxCacheObject[]
[APPROX] Constructing Approximation
[APPROX] Resolving approximation
[CTRL] Initiating iterator over current linear queries
[APPROX] # Conjunctions over output: 12
[CTRL] Processing linear query no. 500
[NNENUM] Running nnenum now...
[NNENUM] lb: [0.07999999999999999, 0.0, -0.08918726864196047]
[NNENUM] ub: [16.376852110707294, 0.0, 0.0]
[NNENUM] Creating LP Star...
[NNENUM] Checking feasibility
[NNENUM] Generating output Spec...
[NNENUM] Spec list length:  12
[NNENUM] Enumeration in progress... 
(0.1 sec) Q: 0, Sets: 0/1  (0.0%) CEs: 0 ETA: - (expected 1 stars)   

Total Stars: 4 (0 exact, 4 approx)
Unfinished Stars: 0
Runtime: 0.1 sec
Completed work frac: 1.0
Num Stars Copied Between Processes: 0
Num Lps During Enumeration: 0
Total Num Lps: 0

Result: network is SAFE

[NNENUM] Result: 
<nnenum.result.Result object at 0x7f94910c9730>
[NNENUM] Enumeration finished.
safe
[NNENUM] Found counter-example stars: 0
[NNENUM] Filtering result using SMT solver...
[SMT] SMT filtered out 0 stars (out of 0; TO: 0).
[QUERY] Found all non-linear combinations. Count: 1
[QUERY] Found all non-linear combinations. Count: 1
[QUERY] Found all non-linear combinations. Count: 1
[QUERY] Found all non-linear combinations. Count: 1
[QUERY] Found all non-linear combinations. Count: 1
[QUERY] Found all non-linear combinations. Count: 1
[QUERY] Found all non-linear combinations. Count: 3
[QUERY] Found all non-linear combinations. Count: 1
[QUERY] Found all non-linear combinations. Count: 1
[QUERY] Found all non-linear combinations. Count: 2
[QUERY] Found all non-linear combinations. Count: 1
[QUERY] Found all non-linear combinations. Count: 1
[QUERY] Found all non-linear combinations. Count: 1
[QUERY] Found all non-linear combinations. Count: 1
[QUERY] Found all non-linear combinations. Count: 1
[QUERY] Found all non-linear combinations. Count: 1
[QUERY] Found all non-linear combinations. Count: 1
[QUERY] Returning nonlinear disjunction
[CTRL] Considering conjunction with 5 input constraints and a disjunction of size 17
[APPROX] Checking cache: SNNT.Approx.ApproxCacheObject[]
[APPROX] Constructing Approximation
[APPROX] Resolving approximation
[CTRL] Initiating iterator over current linear queries
[APPROX] # Conjunctions over output: 17
[CTRL] Processing linear query no. 501
[NNENUM] Running nnenum now...
[NNENUM] lb: [0.07999999999999999, -2.1, -0.08918726864196047]
[NNENUM] ub: [16.376852110707294, 0.0, 0.0]
[NNENUM] Creating LP Star...
[NNENUM] Checking feasibility
[NNENUM] Generating output Spec...
[NNENUM] Spec list length:  17
[NNENUM] Enumeration in progress... 
(0.1 sec) Q: 0, Sets: 0/1  (0.0%) CEs: 0 ETA: - (expected 1 stars)   
(0.2 sec) Q: 0, Sets: 0/2  (0.0%) CEs: 0 ETA: - (expected 1 stars)   
(0.3 sec) Q: 0, Sets: 7/9  (71.875%) CEs: 5 ETA: 0.1 sec (expected 10 stars)   
(0.4 sec) Q: 0, Sets: 15/19  (83.203%) CEs: 10 ETA: 0.1 sec (expected 18 stars)   
(0.5 sec) Q: 0, Sets: 21/24  (85.156%) CEs: 16 ETA: 0.1 sec (expected 25 stars)   
(0.6 sec) Q: 0, Sets: 25/27  (87.109%) CEs: 23 ETA: 0.1 sec (expected 29 stars)   
Total Stars: 32 (30 exact, 2 approx)
Unfinished Stars: 0
Runtime: 0.7 sec
Completed work frac: 1.0
Num Stars Copied Between Processes: 0
Num Lps During Enumeration: 572
Total Num Lps: 572

Result: network is UNSAFE with confirmed counterexample in result.cinput and result.coutput
Input: [0.07999999821186066, -0.800000011920929, 0.0]
Output: [38.1334114074707]

[NNENUM] Result: 
<nnenum.result.Result object at 0x7f94910e5160>
[NNENUM] Enumeration finished.
unsafe
[NNENUM] Found counter-example stars: 27
[NNENUM] Filtering result using SMT solver...
[SMT] SMT filtered out 27 stars (out of 27; TO: 0).
[QUERY] Found all non-linear combinations. Count: 1
[QUERY] Found all non-linear combinations. Count: 1
[QUERY] Found all non-linear combinations. Count: 1
[QUERY] Found all non-linear combinations. Count: 1
[QUERY] Found all non-linear combinations. Count: 1
[QUERY] Found all non-linear combinations. Count: 1
[QUERY] Found all non-linear combinations. Count: 1
[QUERY] Found all non-linear combinations. Count: 1
[QUERY] Found all non-linear combinations. Count: 1
[QUERY] Found all non-linear combinations. Count: 1
[QUERY] Found all non-linear combinations. Count: 1
[QUERY] Found all non-linear combinations. Count: 1
[QUERY] Found all non-linear combinations. Count: 1
[QUERY] Found all non-linear combinations. Count: 1
[QUERY] Found all non-linear combinations. Count: 1
[QUERY] Returning nonlinear disjunction
[CTRL] Considering conjunction with 5 input constraints and a disjunction of size 15
[APPROX] Checking cache: SNNT.Approx.ApproxCacheObject[]
[APPROX] Constructing Approximation
[APPROX] Resolving approximation
[CTRL] Initiating iterator over current linear queries
[APPROX] # Conjunctions over output: 15
[CTRL] Processing linear query no. 502
[NNENUM] Running nnenum now...
[NNENUM] lb: [0.07999999999999999, -63.40647284695557, -0.08918726864196047]
[NNENUM] ub: [16.376852110707294, -17.837453728392095, 0.0]
[NNENUM] Creating LP Star...
[NNENUM] Checking feasibility
[NNENUM] Generating output Spec...
[NNENUM] Spec list length:  15
[NNENUM] Enumeration in progress... 

[NNENUM] Result: 
<nnenum.result.Result object at 0x7f94910cd640>
[NNENUM] Enumeration finished.
safe
[NNENUM] Filtering result using SMT solver...
[SMT] SMT filtered out 0 stars (out of 0; TO: 0).
.[QUERY] Found all non-linear combinations. Count: 1
[QUERY] Found all non-linear combinations. Count: 1
.[QUERY] Found all non-linear combinations. Count: 1
.[QUERY] Found all non-linear combinations. Count: 1
.[QUERY] Found all non-linear combinations. Count: 1
.[QUERY] Found all non-linear combinations. Count: 1
[QUERY] Found all non-linear combinations. Count: 2
[QUERY] Found all non-linear combinations. Count: 2
[QUERY] Found all non-linear combinations. Count: 2
[QUERY] Found all non-linear combinations. Count: 2
[QUERY] Found all non-linear combinations. Count: 2
.[QUERY] Found all non-linear combinations. Count: 3
[QUERY] Found all non-linear combinations. Count: 2
[QUERY] Found all non-linear combinations. Count: 1
[QUERY] Found all non-linear combinations. Count: 1
[QUERY] Found all non-linear combinations. Count: 1
[QUERY] Found all non-linear combinations. Count: 1
[QUERY] Found all non-linear combinations. Count: 1
[QUERY] Returning nonlinear disjunction
[CTRL] Considering conjunction with 5 input constraints and a disjunction of size 18
[APPROX] Checking cache: SNNT.Approx.ApproxCacheObject[]
[APPROX] Constructing Approximation
[APPROX] Resolving approximation
[CTRL] Initiating iterator over current linear queries
[APPROX] # Conjunctions over output: 18
[CTRL] Processing linear query no. 503
[NNENUM] Running nnenum now...
[NNENUM] lb: [0.07999999999999999, -63.40647284695557, -0.08918726864196047]
[NNENUM] ub: [16.376852110707294, -17.837453728392095, 0.0]
[NNENUM] Creating LP Star...
[NNENUM] Checking feasibility
[NNENUM] Generating output Spec...
[NNENUM] Spec list length:  18
[NNENUM] Enumeration in progress... 

[NNENUM] Result: 
<nnenum.result.Result object at 0x7f94910ecd00>
[NNENUM] Enumeration finished.
safe
[NNENUM] Filtering result using SMT solver...
[SMT] SMT filtered out 0 stars (out of 0; TO: 0).
[QUERY] Found all non-linear combinations. Count: 1
[QUERY] Found all non-linear combinations. Count: 1
[QUERY] Found all non-linear combinations. Count: 1
[QUERY] Found all non-linear combinations. Count: 1
..[QUERY] Found all non-linear combinations. Count: 1
[QUERY] Found all non-linear combinations. Count: 1
[QUERY] Found all non-linear combinations. Count: 1
.[QUERY] Found all non-linear combinations. Count: 1
[QUERY] Returning nonlinear disjunction
[CTRL] Considering conjunction with 5 input constraints and a disjunction of size 8
[APPROX] Checking cache: SNNT.Approx.ApproxCacheObject[]
[APPROX] Constructing Approximation
[APPROX] Resolving approximation
[CTRL] Initiating iterator over current linear queries
[APPROX] # Conjunctions over output: 8
[CTRL] Processing linear query no. 504
[NNENUM] Running nnenum now...
[NNENUM] lb: [31.703236423477783, -17.837453728392095, -0.08918726864196047]
[NNENUM] ub: [100.0, -2.1, 0.0]
[NNENUM] Creating LP Star...
[NNENUM] Checking feasibility
[NNENUM] Generating output Spec...
[NNENUM] Spec list length:  8
[NNENUM] Enumeration in progress... 
(0.2 sec) Q: 0, Sets: 0/1  (0.0%) CEs: 0 ETA: - (expected 1 stars)   
(0.3 sec) Q: 0, Sets: 3/6  (34.375%) CEs: 0 ETA: 0.5 sec (expected 9 stars)   

Total Stars: 16 (1 exact, 15 approx)
Unfinished Stars: 0
Runtime: 0.3 sec
Completed work frac: 1.0
Num Stars Copied Between Processes: 0
Num Lps During Enumeration: 39
Total Num Lps: 39

Result: network is SAFE

[NNENUM] Result: 
<nnenum.result.Result object at 0x7f94910ec4f0>
[NNENUM] Enumeration finished.
safe
[NNENUM] Found counter-example stars: 0
[NNENUM] Filtering result using SMT solver...
[SMT] SMT filtered out 0 stars (out of 0; TO: 0).
.[QUERY] Found all non-linear combinations. Count: 1
[QUERY] Found all non-linear combinations. Count: 1
..[QUERY] Found all non-linear combinations. Count: 1
[QUERY] Found all non-linear combinations. Count: 1
[QUERY] Found all non-linear combinations. Count: 1
[QUERY] Found all non-linear combinations. Count: 1
[QUERY] Returning nonlinear disjunction
[CTRL] Considering conjunction with 5 input constraints and a disjunction of size 6
[APPROX] Checking cache: SNNT.Approx.ApproxCacheObject[]
[APPROX] Constructing Approximation
[APPROX] Resolving approximation
[CTRL] Initiating iterator over current linear queries
[APPROX] # Conjunctions over output: 6
[CTRL] Processing linear query no. 505
[NNENUM] Running nnenum now...
[NNENUM] lb: [16.376852110707294, -17.837453728392095, -0.08918726864196047]
[NNENUM] ub: [31.703236423477783, -2.1, 0.0]
[NNENUM] Creating LP Star...
[NNENUM] Checking feasibility
[NNENUM] Generating output Spec...
[NNENUM] Spec list length:  6
[NNENUM] Enumeration in progress... 
(0.1 sec) Q: 0, Sets: 0/1  (0.0%) CEs: 0 ETA: - (expected 1 stars)   
(0.2 sec) Q: 0, Sets: 3/7  (9.375%) CEs: 0 ETA: 1.5 sec (expected 32 stars)   
(0.3 sec) Q: 0, Sets: 10/13  (31.25%) CEs: 0 ETA: 0.6 sec (expected 32 stars)   
Total Stars: 13 (1 exact, 12 approx)
Unfinished Stars: 0
Runtime: 0.3 sec
Completed work frac: 1.0
Num Stars Copied Between Processes: 0
Num Lps During Enumeration: 87
Total Num Lps: 87

Result: network is SAFE

[NNENUM] Result: 
<nnenum.result.Result object at 0x7f94910e3fd0>
[NNENUM] Enumeration finished.
safe
[NNENUM] Found counter-example stars: 0
[NNENUM] Filtering result using SMT solver...
[SMT] SMT filtered out 0 stars (out of 0; TO: 0).
.[QUERY] Found all non-linear combinations. Count: 1
[QUERY] Found all non-linear combinations. Count: 2
[QUERY] Found all non-linear combinations. Count: 2
[QUERY] Found all non-linear combinations. Count: 2
[QUERY] Found all non-linear combinations. Count: 2
[QUERY] Found all non-linear combinations. Count: 2
[QUERY] Found all non-linear combinations. Count: 2
[QUERY] Found all non-linear combinations. Count: 2
[QUERY] Found all non-linear combinations. Count: 2
[QUERY] Found all non-linear combinations. Count: 1
[QUERY] Found all non-linear combinations. Count: 1
[QUERY] Found all non-linear combinations. Count: 1
[QUERY] Found all non-linear combinations. Count: 1
[QUERY] Found all non-linear combinations. Count: 1
[QUERY] Found all non-linear combinations. Count: 1
[QUERY] Found all non-linear combinations. Count: 2
[QUERY] Returning nonlinear disjunction
[CTRL] Considering conjunction with 5 input constraints and a disjunction of size 16
[APPROX] Checking cache: SNNT.Approx.ApproxCacheObject[]
[APPROX] Constructing Approximation
[APPROX] Resolving approximation
[CTRL] Initiating iterator over current linear queries
[APPROX] # Conjunctions over output: 16
[CTRL] Processing linear query no. 506
[NNENUM] Running nnenum now...
[NNENUM] lb: [0.07999999999999999, -2.1, -0.08918726864196047]
[NNENUM] ub: [16.376852110707294, 0.0, 0.0]
[NNENUM] Creating LP Star...
[NNENUM] Checking feasibility
[NNENUM] Generating output Spec...
[NNENUM] Spec list length:  16
[NNENUM] Enumeration in progress... 
(0.2 sec) Q: 0, Sets: 0/1  (0.0%) CEs: 0 ETA: - (expected 1 stars)   
(0.3 sec) Q: 0, Sets: 4/12  (12.793%) CEs: 0 ETA: 1.7 sec (expected 31 stars)   
(0.4 sec) Q: 0, Sets: 15/24  (13.33%) CEs: 0 ETA: 2.3 sec (expected 113 stars)   
(0.5 sec) Q: 0, Sets: 26/35  (14.453%) CEs: 0 ETA: 2.7 sec (expected 180 stars)   
(0.6 sec) Q: 0, Sets: 42/47  (17.578%) CEs: 0 ETA: 2.6 sec (expected 239 stars)   
(0.7 sec) Q: 0, Sets: 66/69  (45.312%) CEs: 0 ETA: 0.8 sec (expected 146 stars)   
(0.8 sec) Q: 0, Sets: 72/76  (48.438%) CEs: 0 ETA: 0.8 sec (expected 149 stars)   
Total Stars: 84 (5 exact, 79 approx)
Unfinished Stars: 0
Runtime: 0.8 sec
Completed work frac: 1.0
Num Stars Copied Between Processes: 0
Num Lps During Enumeration: 126
Total Num Lps: 126

Result: network is SAFE

[NNENUM] Result: 
<nnenum.result.Result object at 0x7f94910e5c40>
[NNENUM] Enumeration finished.
safe
[NNENUM] Found counter-example stars: 0
[NNENUM] Filtering result using SMT solver...
[SMT] SMT filtered out 0 stars (out of 0; TO: 0).
[QUERY] Found all non-linear combinations. Count: 1
[QUERY] Found all non-linear combinations. Count: 1
[QUERY] Found all non-linear combinations. Count: 1
[QUERY] Found all non-linear combinations. Count: 1
[QUERY] Returning nonlinear disjunction
[CTRL] Considering conjunction with 5 input constraints and a disjunction of size 4
[APPROX] Checking cache: SNNT.Approx.ApproxCacheObject[]
[APPROX] Constructing Approximation
[APPROX] Resolving approximation
[CTRL] Initiating iterator over current linear queries
[APPROX] # Conjunctions over output: 4
[CTRL] Processing linear query no. 507
[NNENUM] Running nnenum now...
[NNENUM] lb: [16.376852110707294, -2.1, -0.08918726864196047]
[NNENUM] ub: [31.703236423477783, 0.0, 0.0]
[NNENUM] Creating LP Star...
[NNENUM] Checking feasibility
[NNENUM] Generating output Spec...
[NNENUM] Spec list length:  4
[NNENUM] Enumeration in progress... 

[NNENUM] Result: 
<nnenum.result.Result object at 0x7f94910ecac0>
[NNENUM] Enumeration finished.
safe
[NNENUM] Filtering result using SMT solver...
[SMT] SMT filtered out 0 stars (out of 0; TO: 0).
[QUERY] Found all non-linear combinations. Count: 1
[QUERY] Found all non-linear combinations. Count: 1
[QUERY] Found all non-linear combinations. Count: 1
[QUERY] Found all non-linear combinations. Count: 1
[QUERY] Found all non-linear combinations. Count: 1
[QUERY] Found all non-linear combinations. Count: 1
[QUERY] Found all non-linear combinations. Count: 1
[QUERY] Found all non-linear combinations. Count: 1
[QUERY] Found all non-linear combinations. Count: 1
[QUERY] Found all non-linear combinations. Count: 1
[QUERY] Found all non-linear combinations. Count: 1
[QUERY] Found all non-linear combinations. Count: 1
[QUERY] Returning nonlinear disjunction
[CTRL] Considering conjunction with 5 input constraints and a disjunction of size 12
[APPROX] Checking cache: SNNT.Approx.ApproxCacheObject[]
[APPROX] Constructing Approximation
[APPROX] Resolving approximation
[CTRL] Initiating iterator over current linear queries
[APPROX] # Conjunctions over output: 12
[CTRL] Processing linear query no. 508
[NNENUM] Running nnenum now...
[NNENUM] lb: [16.376852110707294, -134.49259155717084, -0.08918726864196047]
[NNENUM] ub: [31.703236423477783, -73.18705430608887, 0.0]
[NNENUM] Creating LP Star...
[NNENUM] Checking feasibility
[NNENUM] Generating output Spec...
[NNENUM] Spec list length:  12
[NNENUM] Enumeration in progress... 

[NNENUM] Result: 
<nnenum.result.Result object at 0x7f94910f21c0>
[NNENUM] Enumeration finished.
safe
[NNENUM] Filtering result using SMT solver...
[SMT] SMT filtered out 0 stars (out of 0; TO: 0).
[QUERY] Found all non-linear combinations. Count: 1
[QUERY] Found all non-linear combinations. Count: 1
[QUERY] Found all non-linear combinations. Count: 1
[QUERY] Found all non-linear combinations. Count: 1
[QUERY] Found all non-linear combinations. Count: 2
[QUERY] Found all non-linear combinations. Count: 1
[QUERY] Found all non-linear combinations. Count: 2
[QUERY] Found all non-linear combinations. Count: 2
[QUERY] Found all non-linear combinations. Count: 2
[QUERY] Found all non-linear combinations. Count: 2
[QUERY] Found all non-linear combinations. Count: 2
.[QUERY] Found all non-linear combinations. Count: 3
[QUERY] Returning nonlinear disjunction
[CTRL] Considering conjunction with 5 input constraints and a disjunction of size 12
[APPROX] Checking cache: SNNT.Approx.ApproxCacheObject[]
[APPROX] Constructing Approximation
[APPROX] Resolving approximation
[CTRL] Initiating iterator over current linear queries
[APPROX] # Conjunctions over output: 12
[CTRL] Processing linear query no. 509
[NNENUM] Running nnenum now...
[NNENUM] lb: [16.376852110707294, -63.40647284695557, -0.08918726864196047]
[NNENUM] ub: [31.703236423477783, -17.837453728392095, 0.0]
[NNENUM] Creating LP Star...
[NNENUM] Checking feasibility
[NNENUM] Generating output Spec...
[NNENUM] Spec list length:  12
[NNENUM] Enumeration in progress... 
(0.2 sec) Q: 0, Sets: 0/1  (0.0%) CEs: 0 ETA: - (expected 1 stars)   

Total Stars: 7 (1 exact, 6 approx)
Unfinished Stars: 0
Runtime: 0.2 sec
Completed work frac: 1.0
Num Stars Copied Between Processes: 0
Num Lps During Enumeration: 61
Total Num Lps: 61

Result: network is SAFE

[NNENUM] Result: 
<nnenum.result.Result object at 0x7f94910f2760>
[NNENUM] Enumeration finished.
safe
[NNENUM] Found counter-example stars: 0
[NNENUM] Filtering result using SMT solver...
[SMT] SMT filtered out 0 stars (out of 0; TO: 0).
..[QUERY] Found all non-linear combinations. Count: 1
[QUERY] Found all non-linear combinations. Count: 1
[QUERY] Returning nonlinear disjunction
[CTRL] Considering conjunction with 5 input constraints and a disjunction of size 2
[APPROX] Checking cache: SNNT.Approx.ApproxCacheObject[]
[APPROX] Constructing Approximation
[APPROX] Resolving approximation
[CTRL] Initiating iterator over current linear queries
[APPROX] # Conjunctions over output: 2
[CTRL] Processing linear query no. 510
[NNENUM] Running nnenum now...
[NNENUM] lb: [16.376852110707294, -63.40647284695557, -0.08918726864196047]
[NNENUM] ub: [31.703236423477783, -17.837453728392095, 0.0]
[NNENUM] Creating LP Star...
[NNENUM] Checking feasibility
[NNENUM] Generating output Spec...
[NNENUM] Spec list length:  2
[NNENUM] Enumeration in progress... 

[NNENUM] Result: 
<nnenum.result.Result object at 0x7f94910c0580>
[NNENUM] Enumeration finished.
safe
[NNENUM] Filtering result using SMT solver...
[SMT] SMT filtered out 0 stars (out of 0; TO: 0).
[QUERY] Found all non-linear combinations. Count: 1
[QUERY] Found all non-linear combinations. Count: 1
[QUERY] Returning nonlinear disjunction
[CTRL] Considering conjunction with 5 input constraints and a disjunction of size 2
[APPROX] Checking cache: SNNT.Approx.ApproxCacheObject[]
[APPROX] Constructing Approximation
[APPROX] Resolving approximation
[CTRL] Initiating iterator over current linear queries
[APPROX] # Conjunctions over output: 2
[CTRL] Processing linear query no. 511
[NNENUM] Running nnenum now...
[NNENUM] lb: [16.376852110707294, -63.40647284695557, -0.08918726864196047]
[NNENUM] ub: [31.703236423477783, -17.837453728392095, 0.0]
[NNENUM] Creating LP Star...
[NNENUM] Checking feasibility
[NNENUM] Generating output Spec...
[NNENUM] Spec list length:  2
[NNENUM] Enumeration in progress... 

[NNENUM] Result: 
<nnenum.result.Result object at 0x7f94910d07f0>
[NNENUM] Enumeration finished.
safe
[NNENUM] Filtering result using SMT solver...
[SMT] SMT filtered out 0 stars (out of 0; TO: 0).
.[QUERY] Found all non-linear combinations. Count: 1
[QUERY] Found all non-linear combinations. Count: 1
[QUERY] Returning nonlinear disjunction
[CTRL] Considering conjunction with 5 input constraints and a disjunction of size 2
[APPROX] Checking cache: SNNT.Approx.ApproxCacheObject[]
[APPROX] Constructing Approximation
[APPROX] Resolving approximation
[CTRL] Initiating iterator over current linear queries
[APPROX] # Conjunctions over output: 2
[CTRL] Processing linear query no. 512
[NNENUM] Running nnenum now...
[NNENUM] lb: [16.376852110707294, -17.837453728392095, -0.08918726864196047]
[NNENUM] ub: [31.703236423477783, -2.1, 0.0]
[NNENUM] Creating LP Star...
[NNENUM] Checking feasibility
[NNENUM] Generating output Spec...
[NNENUM] Spec list length:  2
[NNENUM] Enumeration in progress... 
(0.2 sec) Q: 0, Sets: 0/1  (0.0%) CEs: 0 ETA: - (expected 1 stars)   

Total Stars: 3 (1 exact, 2 approx)
Unfinished Stars: 0
Runtime: 0.2 sec
Completed work frac: 1.0
Num Stars Copied Between Processes: 0
Num Lps During Enumeration: 113
Total Num Lps: 113

Result: network is SAFE

[NNENUM] Result: 
<nnenum.result.Result object at 0x7f94910ecc10>
[NNENUM] Enumeration finished.
safe
[NNENUM] Found counter-example stars: 0
[NNENUM] Filtering result using SMT solver...
[SMT] SMT filtered out 0 stars (out of 0; TO: 0).
[QUERY] Found all non-linear combinations. Count: 1
[QUERY] Found all non-linear combinations. Count: 1
[QUERY] Found all non-linear combinations. Count: 1
[QUERY] Returning nonlinear disjunction
[CTRL] Considering conjunction with 5 input constraints and a disjunction of size 3
[APPROX] Checking cache: SNNT.Approx.ApproxCacheObject[]
[APPROX] Constructing Approximation
[APPROX] Resolving approximation
[CTRL] Initiating iterator over current linear queries
[APPROX] # Conjunctions over output: 3
[CTRL] Processing linear query no. 513
[NNENUM] Running nnenum now...
[NNENUM] lb: [16.376852110707294, 0.0, -0.08918726864196047]
[NNENUM] ub: [31.703236423477783, 0.0, 0.0]
[NNENUM] Creating LP Star...
[NNENUM] Checking feasibility
[NNENUM] Generating output Spec...
[NNENUM] Spec list length:  3
[NNENUM] Enumeration in progress... 

[NNENUM] Result: 
<nnenum.result.Result object at 0x7f94910ff2b0>
[NNENUM] Enumeration finished.
safe
[NNENUM] Filtering result using SMT solver...
[SMT] SMT filtered out 0 stars (out of 0; TO: 0).
[QUERY] Found all non-linear combinations. Count: 1
[QUERY] Found all non-linear combinations. Count: 1
[QUERY] Found all non-linear combinations. Count: 1
[QUERY] Returning nonlinear disjunction
[CTRL] Considering conjunction with 5 input constraints and a disjunction of size 3
[APPROX] Checking cache: SNNT.Approx.ApproxCacheObject[]
[APPROX] Constructing Approximation
[APPROX] Resolving approximation
[CTRL] Initiating iterator over current linear queries
[APPROX] # Conjunctions over output: 3
[CTRL] Processing linear query no. 514
[NNENUM] Running nnenum now...
[NNENUM] lb: [16.376852110707294, 0.0, -0.08918726864196047]
[NNENUM] ub: [31.703236423477783, 0.0, 0.0]
[NNENUM] Creating LP Star...
[NNENUM] Checking feasibility
[NNENUM] Generating output Spec...
[NNENUM] Spec list length:  3
[NNENUM] Enumeration in progress... 

[NNENUM] Result: 
<nnenum.result.Result object at 0x7f94910ff4f0>
[NNENUM] Enumeration finished.
safe
[NNENUM] Filtering result using SMT solver...
[SMT] SMT filtered out 0 stars (out of 0; TO: 0).
[QUERY] Found all non-linear combinations. Count: 1
[QUERY] Found all non-linear combinations. Count: 1
[QUERY] Returning nonlinear disjunction
[CTRL] Considering conjunction with 5 input constraints and a disjunction of size 2
[APPROX] Checking cache: SNNT.Approx.ApproxCacheObject[]
[APPROX] Constructing Approximation
[APPROX] Resolving approximation
[CTRL] Initiating iterator over current linear queries
[APPROX] # Conjunctions over output: 2
[CTRL] Processing linear query no. 515
[NNENUM] Running nnenum now...
[NNENUM] lb: [16.376852110707294, -17.837453728392095, -0.08918726864196047]
[NNENUM] ub: [31.703236423477783, -2.1, 0.0]
[NNENUM] Creating LP Star...
[NNENUM] Checking feasibility
[NNENUM] Generating output Spec...
[NNENUM] Spec list length:  2
[NNENUM] Enumeration in progress... 
(0.3 sec) Q: 0, Sets: 0/1  (0.0%) CEs: 0 ETA: - (expected 1 stars)   

Total Stars: 4 (2 exact, 2 approx)
Unfinished Stars: 0
Runtime: 0.3 sec
Completed work frac: 1.0
Num Stars Copied Between Processes: 0
Num Lps During Enumeration: 140
Total Num Lps: 140

Result: network is SAFE

[NNENUM] Result: 
<nnenum.result.Result object at 0x7f94910ec910>
[NNENUM] Enumeration finished.
safe
[NNENUM] Found counter-example stars: 0
[NNENUM] Filtering result using SMT solver...
[SMT] SMT filtered out 0 stars (out of 0; TO: 0).
[QUERY] Found all non-linear combinations. Count: 1
[QUERY] Found all non-linear combinations. Count: 1
[QUERY] Returning nonlinear disjunction
[CTRL] Considering conjunction with 5 input constraints and a disjunction of size 2
[APPROX] Checking cache: SNNT.Approx.ApproxCacheObject[]
[APPROX] Constructing Approximation
[APPROX] Resolving approximation
[CTRL] Initiating iterator over current linear queries
[APPROX] # Conjunctions over output: 2
[CTRL] Processing linear query no. 516
[NNENUM] Running nnenum now...
[NNENUM] lb: [31.703236423477783, -2.1, -0.08918726864196047]
[NNENUM] ub: [100.0, 0.0, 0.0]
[NNENUM] Creating LP Star...
[NNENUM] Checking feasibility
[NNENUM] Generating output Spec...
[NNENUM] Spec list length:  2
[NNENUM] Enumeration in progress... 

[NNENUM] Result: 
<nnenum.result.Result object at 0x7f94910c1d30>
[NNENUM] Enumeration finished.
safe
[NNENUM] Filtering result using SMT solver...
[SMT] SMT filtered out 0 stars (out of 0; TO: 0).
[QUERY] Found all non-linear combinations. Count: 2
[QUERY] Found all non-linear combinations. Count: 2
[QUERY] Found all non-linear combinations. Count: 2
[QUERY] Found all non-linear combinations. Count: 2
[QUERY] Found all non-linear combinations. Count: 2
[QUERY] Found all non-linear combinations. Count: 1
[QUERY] Found all non-linear combinations. Count: 1
[QUERY] Found all non-linear combinations. Count: 1
[QUERY] Found all non-linear combinations. Count: 1
[QUERY] Found all non-linear combinations. Count: 1
[QUERY] Found all non-linear combinations. Count: 2
.[QUERY] Found all non-linear combinations. Count: 1
.[QUERY] Found all non-linear combinations. Count: 3
[QUERY] Found all non-linear combinations. Count: 1
[QUERY] Returning nonlinear disjunction
[CTRL] Considering conjunction with 5 input constraints and a disjunction of size 14
[APPROX] Checking cache: SNNT.Approx.ApproxCacheObject[]
[APPROX] Constructing Approximation
[APPROX] Resolving approximation
[CTRL] Initiating iterator over current linear queries
[APPROX] # Conjunctions over output: 14
[CTRL] Processing linear query no. 517
[NNENUM] Running nnenum now...
[NNENUM] lb: [31.703236423477783, -134.49259155717084, -0.08918726864196047]
[NNENUM] ub: [100.0, -73.18705430608887, 0.0]
[NNENUM] Creating LP Star...
[NNENUM] Checking feasibility
[NNENUM] Generating output Spec...
[NNENUM] Spec list length:  14
[NNENUM] Enumeration in progress... 

[NNENUM] Result: 
<nnenum.result.Result object at 0x7f94910ecdf0>
[NNENUM] Enumeration finished.
safe
[NNENUM] Filtering result using SMT solver...
[SMT] SMT filtered out 0 stars (out of 0; TO: 0).
[QUERY] Found all non-linear combinations. Count: 1
.[QUERY] Found all non-linear combinations. Count: 1
[QUERY] Returning nonlinear disjunction
[CTRL] Considering conjunction with 5 input constraints and a disjunction of size 2
[APPROX] Checking cache: SNNT.Approx.ApproxCacheObject[]
[APPROX] Constructing Approximation
[APPROX] Resolving approximation
[CTRL] Initiating iterator over current linear queries
[APPROX] # Conjunctions over output: 2
[CTRL] Processing linear query no. 518
[NNENUM] Running nnenum now...
[NNENUM] lb: [31.703236423477783, -134.49259155717084, -0.08918726864196047]
[NNENUM] ub: [100.0, -73.18705430608887, 0.0]
[NNENUM] Creating LP Star...
[NNENUM] Checking feasibility
[NNENUM] Generating output Spec...
[NNENUM] Spec list length:  2
[NNENUM] Enumeration in progress... 

[NNENUM] Result: 
<nnenum.result.Result object at 0x7f94910ec3a0>
[NNENUM] Enumeration finished.
safe
[NNENUM] Filtering result using SMT solver...
[SMT] SMT filtered out 0 stars (out of 0; TO: 0).
[QUERY] Found all non-linear combinations. Count: 1
[QUERY] Found all non-linear combinations. Count: 1
[QUERY] Found all non-linear combinations. Count: 1
[QUERY] Returning nonlinear disjunction
[CTRL] Considering conjunction with 5 input constraints and a disjunction of size 3
[APPROX] Checking cache: SNNT.Approx.ApproxCacheObject[]
[APPROX] Constructing Approximation
[APPROX] Resolving approximation
[CTRL] Initiating iterator over current linear queries
[APPROX] # Conjunctions over output: 3
[CTRL] Processing linear query no. 519
[NNENUM] Running nnenum now...
[NNENUM] lb: [31.703236423477783, -134.49259155717084, -0.08918726864196047]
[NNENUM] ub: [100.0, -73.18705430608887, 0.0]
[NNENUM] Creating LP Star...
[NNENUM] Checking feasibility
[NNENUM] Generating output Spec...
[NNENUM] Spec list length:  3
[NNENUM] Enumeration in progress... 

[NNENUM] Result: 
<nnenum.result.Result object at 0x7f94910ffb80>
[NNENUM] Enumeration finished.
safe
[NNENUM] Filtering result using SMT solver...
[SMT] SMT filtered out 0 stars (out of 0; TO: 0).
[QUERY] Found all non-linear combinations. Count: 4
[QUERY] Found all non-linear combinations. Count: 2
[QUERY] Found all non-linear combinations. Count: 2
[QUERY] Found all non-linear combinations. Count: 2
.[QUERY] Found all non-linear combinations. Count: 1
.[QUERY] Found all non-linear combinations. Count: 1
.[QUERY] Found all non-linear combinations. Count: 1
[QUERY] Found all non-linear combinations. Count: 1
.[QUERY] Found all non-linear combinations. Count: 1
.[QUERY] Found all non-linear combinations. Count: 1
[QUERY] Found all non-linear combinations. Count: 5
[QUERY] Returning nonlinear disjunction
[CTRL] Considering conjunction with 5 input constraints and a disjunction of size 11
[APPROX] Checking cache: SNNT.Approx.ApproxCacheObject[]
[APPROX] Constructing Approximation
[APPROX] Resolving approximation
[CTRL] Initiating iterator over current linear queries
[APPROX] # Conjunctions over output: 11
[CTRL] Processing linear query no. 520
[NNENUM] Running nnenum now...
[NNENUM] lb: [0.07999999999999999, 0.09999999999999999, -0.08918726864196047]
[NNENUM] ub: [16.376852110707294, 7.4262139003490955, 0.0]
[NNENUM] Creating LP Star...
[NNENUM] Checking feasibility
[NNENUM] Generating output Spec...
[NNENUM] Spec list length:  11
[NNENUM] Enumeration in progress... 
(0.2 sec) Q: 0, Sets: 0/1  (0.0%) CEs: 0 ETA: - (expected 1 stars)   
(0.3 sec) Q: 0, Sets: 15/22  (13.086%) CEs: 0 ETA: 1.8 sec (expected 115 stars)   
(0.4 sec) Q: 0, Sets: 24/29  (18.75%) CEs: 0 ETA: 1.6 sec (expected 128 stars)   
(0.5 sec) Q: 0, Sets: 40/47  (22.876%) CEs: 0 ETA: 1.6 sec (expected 175 stars)   
(0.6 sec) Q: 0, Sets: 60/65  (24.023%) CEs: 0 ETA: 1.8 sec (expected 250 stars)   
Total Stars: 72 (6 exact, 66 approx)
Unfinished Stars: 0
Runtime: 0.6 sec
Completed work frac: 1.0
Num Stars Copied Between Processes: 0
Num Lps During Enumeration: 254
Total Num Lps: 254

Result: network is SAFE

[NNENUM] Result: 
<nnenum.result.Result object at 0x7f94948d18b0>
[NNENUM] Enumeration finished.
safe
[NNENUM] Found counter-example stars: 0
[NNENUM] Filtering result using SMT solver...
[SMT] SMT filtered out 0 stars (out of 0; TO: 0).
.[QUERY] Found all non-linear combinations. Count: 1
.[QUERY] Found all non-linear combinations. Count: 2
.[QUERY] Found all non-linear combinations. Count: 1
[QUERY] Found all non-linear combinations. Count: 1
[QUERY] Found all non-linear combinations. Count: 1
[QUERY] Found all non-linear combinations. Count: 1
[QUERY] Found all non-linear combinations. Count: 1
[QUERY] Found all non-linear combinations. Count: 1
[QUERY] Found all non-linear combinations. Count: 1
.[QUERY] Found all non-linear combinations. Count: 1
.[QUERY] Found all non-linear combinations. Count: 1
[QUERY] Returning nonlinear disjunction
[CTRL] Considering conjunction with 5 input constraints and a disjunction of size 11
[APPROX] Checking cache: SNNT.Approx.ApproxCacheObject[]
[APPROX] Constructing Approximation
[APPROX] Resolving approximation
[CTRL] Initiating iterator over current linear queries
[APPROX] # Conjunctions over output: 11
[CTRL] Processing linear query no. 521
[NNENUM] Running nnenum now...
[NNENUM] lb: [0.07999999999999999, 0.09999999999999999, -0.08918726864196047]
[NNENUM] ub: [16.376852110707294, 7.4262139003490955, 0.0]
[NNENUM] Creating LP Star...
[NNENUM] Checking feasibility
[NNENUM] Generating output Spec...
[NNENUM] Spec list length:  11
[NNENUM] Enumeration in progress... 
(0.0 sec) Q: 0, Sets: 0/1  (0.0%) CEs: 0 ETA: - (expected 1 stars)   
(0.1 sec) Q: 0, Sets: 6/13  (1.953%) CEs: 0 ETA: 7.5 sec (expected 307 stars)   

Total Stars: 19 (4 exact, 15 approx)
Unfinished Stars: 0
Runtime: 0.2 sec
Completed work frac: 1.0
Num Stars Copied Between Processes: 0
Num Lps During Enumeration: 208
Total Num Lps: 208

Result: network is SAFE

[NNENUM] Result: 
<nnenum.result.Result object at 0x7f94910fc5b0>
[NNENUM] Enumeration finished.
safe
[NNENUM] Found counter-example stars: 0
[NNENUM] Filtering result using SMT solver...
[SMT] SMT filtered out 0 stars (out of 0; TO: 0).
[QUERY] Found all non-linear combinations. Count: 5
[QUERY] Found all non-linear combinations. Count: 2
[QUERY] Found all non-linear combinations. Count: 2
[QUERY] Found all non-linear combinations. Count: 2
[QUERY] Found all non-linear combinations. Count: 2
[QUERY] Found all non-linear combinations. Count: 2
[QUERY] Found all non-linear combinations. Count: 2
[QUERY] Found all non-linear combinations. Count: 2
[QUERY] Found all non-linear combinations. Count: 2
[QUERY] Found all non-linear combinations. Count: 2
[QUERY] Found all non-linear combinations. Count: 2
[QUERY] Found all non-linear combinations. Count: 2
[QUERY] Found all non-linear combinations. Count: 2
[QUERY] Returning nonlinear disjunction
[CTRL] Considering conjunction with 5 input constraints and a disjunction of size 13
[APPROX] Checking cache: SNNT.Approx.ApproxCacheObject[]
[APPROX] Constructing Approximation
[APPROX] Resolving approximation
[CTRL] Initiating iterator over current linear queries
[APPROX] # Conjunctions over output: 13
[CTRL] Processing linear query no. 522
[NNENUM] Running nnenum now...
[NNENUM] lb: [0.0, 0.09999999999999999, -0.08918726864196047]
[NNENUM] ub: [0.07999999999999999, 7.4262139003490955, 0.0]
[NNENUM] Creating LP Star...
[NNENUM] Checking feasibility
[NNENUM] Generating output Spec...
[NNENUM] Spec list length:  13
[NNENUM] Enumeration in progress... 
(0.0 sec) Q: 0, Sets: 0/1  (0.0%) CEs: 0 ETA: - (expected 1 stars)   
(0.1 sec) Q: 0, Sets: 0/3  (0.0%) CEs: 0 ETA: - (expected 1 stars)   

Total Stars: 8 (0 exact, 8 approx)
Unfinished Stars: 0
Runtime: 0.2 sec
Completed work frac: 1.0
Num Stars Copied Between Processes: 0
Num Lps During Enumeration: 0
Total Num Lps: 0

Result: network is SAFE

[NNENUM] Result: 
<nnenum.result.Result object at 0x7f94910fa580>
[NNENUM] Enumeration finished.
safe
[NNENUM] Found counter-example stars: 0
[NNENUM] Filtering result using SMT solver...
[SMT] SMT filtered out 0 stars (out of 0; TO: 0).
[QUERY] Found all non-linear combinations. Count: 1
[QUERY] Found all non-linear combinations. Count: 1
[QUERY] Found all non-linear combinations. Count: 1
[QUERY] Found all non-linear combinations. Count: 1
[QUERY] Found all non-linear combinations. Count: 1
[QUERY] Found all non-linear combinations. Count: 1
[QUERY] Found all non-linear combinations. Count: 1
[QUERY] Found all non-linear combinations. Count: 1
[QUERY] Found all non-linear combinations. Count: 1
[QUERY] Found all non-linear combinations. Count: 1
[QUERY] Found all non-linear combinations. Count: 1
[QUERY] Found all non-linear combinations. Count: 1
[QUERY] Found all non-linear combinations. Count: 1
[QUERY] Found all non-linear combinations. Count: 1
[QUERY] Found all non-linear combinations. Count: 1
[QUERY] Returning nonlinear disjunction
[CTRL] Considering conjunction with 5 input constraints and a disjunction of size 15
[APPROX] Checking cache: SNNT.Approx.ApproxCacheObject[]
[APPROX] Constructing Approximation
[APPROX] Resolving approximation
[CTRL] Initiating iterator over current linear queries
[APPROX] # Conjunctions over output: 15
[CTRL] Processing linear query no. 523
[NNENUM] Running nnenum now...
[NNENUM] lb: [31.703236423477783, -200.0, -0.08918726864196047]
[NNENUM] ub: [100.0, -134.49259155717084, 0.0]
[NNENUM] Creating LP Star...
[NNENUM] Checking feasibility
[NNENUM] Generating output Spec...
[NNENUM] Spec list length:  15
[NNENUM] Enumeration in progress... 

[NNENUM] Result: 
<nnenum.result.Result object at 0x7f94910cd280>
[NNENUM] Enumeration finished.
safe
[NNENUM] Filtering result using SMT solver...
[SMT] SMT filtered out 0 stars (out of 0; TO: 0).
[QUERY] Found all non-linear combinations. Count: 1
[QUERY] Found all non-linear combinations. Count: 2
[QUERY] Found all non-linear combinations. Count: 1
[QUERY] Found all non-linear combinations. Count: 1
[QUERY] Found all non-linear combinations. Count: 1
[QUERY] Found all non-linear combinations. Count: 1
[QUERY] Found all non-linear combinations. Count: 1
[QUERY] Found all non-linear combinations. Count: 1
[QUERY] Found all non-linear combinations. Count: 1
[QUERY] Found all non-linear combinations. Count: 1
[QUERY] Found all non-linear combinations. Count: 1
[QUERY] Found all non-linear combinations. Count: 1
[QUERY] Returning nonlinear disjunction
[CTRL] Considering conjunction with 5 input constraints and a disjunction of size 12
[APPROX] Checking cache: SNNT.Approx.ApproxCacheObject[]
[APPROX] Constructing Approximation
[APPROX] Resolving approximation
[CTRL] Initiating iterator over current linear queries
[APPROX] # Conjunctions over output: 12
[CTRL] Processing linear query no. 524
[NNENUM] Running nnenum now...
[NNENUM] lb: [0.07999999999999999, 0.09999999999999999, -0.08918726864196047]
[NNENUM] ub: [16.376852110707294, 7.4262139003490955, 0.0]
[NNENUM] Creating LP Star...
[NNENUM] Checking feasibility
[NNENUM] Generating output Spec...
[NNENUM] Spec list length:  12
[NNENUM] Enumeration in progress... 
(0.1 sec) Q: 0, Sets: 0/1  (0.0%) CEs: 0 ETA: - (expected 1 stars)   
(0.2 sec) Q: 0, Sets: 0/2  (0.0%) CEs: 0 ETA: - (expected 1 stars)   
(0.3 sec) Q: 0, Sets: 7/13  (1.562%) CEs: 0 ETA: 16.7 sec (expected 448 stars)   
(0.4 sec) Q: 0, Sets: 24/33  (50.537%) CEs: 0 ETA: 0.4 sec (expected 47 stars)   
(0.5 sec) Q: 0, Sets: 46/49  (67.188%) CEs: 0 ETA: 0.2 sec (expected 68 stars)   
(0.6 sec) Q: 0, Sets: 63/67  (87.5%) CEs: 0 ETA: 0.1 sec (expected 72 stars)   
Total Stars: 73 (5 exact, 68 approx)
Unfinished Stars: 0
Runtime: 0.6 sec
Completed work frac: 1.0
Num Stars Copied Between Processes: 0
Num Lps During Enumeration: 138
Total Num Lps: 138

Result: network is SAFE

[NNENUM] Result: 
<nnenum.result.Result object at 0x7f94910d6a90>
[NNENUM] Enumeration finished.
safe
[NNENUM] Found counter-example stars: 0
[NNENUM] Filtering result using SMT solver...
[SMT] SMT filtered out 0 stars (out of 0; TO: 0).
[QUERY] Found all non-linear combinations. Count: 1
[QUERY] Found all non-linear combinations. Count: 1
[QUERY] Found all non-linear combinations. Count: 1
[QUERY] Found all non-linear combinations. Count: 1
[QUERY] Found all non-linear combinations. Count: 1
[QUERY] Found all non-linear combinations. Count: 1
[QUERY] Found all non-linear combinations. Count: 1
[QUERY] Returning nonlinear disjunction
[CTRL] Considering conjunction with 5 input constraints and a disjunction of size 7
[APPROX] Checking cache: SNNT.Approx.ApproxCacheObject[]
[APPROX] Constructing Approximation
[APPROX] Resolving approximation
[CTRL] Initiating iterator over current linear queries
[APPROX] # Conjunctions over output: 7
[CTRL] Processing linear query no. 525
[NNENUM] Running nnenum now...
[NNENUM] lb: [0.07999999999999999, 0.0, -0.08918726864196047]
[NNENUM] ub: [16.376852110707294, 0.09999999999999999, 0.0]
[NNENUM] Creating LP Star...
[NNENUM] Checking feasibility
[NNENUM] Generating output Spec...
[NNENUM] Spec list length:  7
[NNENUM] Enumeration in progress... 

[NNENUM] Result: 
<nnenum.result.Result object at 0x7f94910d7820>
[NNENUM] Enumeration finished.
safe
[NNENUM] Filtering result using SMT solver...
[SMT] SMT filtered out 0 stars (out of 0; TO: 0).
[QUERY] Found all non-linear combinations. Count: 1
[QUERY] Found all non-linear combinations. Count: 1
[QUERY] Found all non-linear combinations. Count: 1
[QUERY] Found all non-linear combinations. Count: 1
[QUERY] Found all non-linear combinations. Count: 1
[QUERY] Found all non-linear combinations. Count: 1
[QUERY] Found all non-linear combinations. Count: 1
[QUERY] Returning nonlinear disjunction
[CTRL] Considering conjunction with 5 input constraints and a disjunction of size 7
[APPROX] Checking cache: SNNT.Approx.ApproxCacheObject[]
[APPROX] Constructing Approximation
[APPROX] Resolving approximation
[CTRL] Initiating iterator over current linear queries
[APPROX] # Conjunctions over output: 7
[CTRL] Processing linear query no. 526
[NNENUM] Running nnenum now...
[NNENUM] lb: [0.07999999999999999, 0.0, -0.08918726864196047]
[NNENUM] ub: [16.376852110707294, 0.09999999999999999, 0.0]
[NNENUM] Creating LP Star...
[NNENUM] Checking feasibility
[NNENUM] Generating output Spec...
[NNENUM] Spec list length:  7
[NNENUM] Enumeration in progress... 

[NNENUM] Result: 
<nnenum.result.Result object at 0x7f94910fcb50>
[NNENUM] Enumeration finished.
safe
[NNENUM] Filtering result using SMT solver...
[SMT] SMT filtered out 0 stars (out of 0; TO: 0).
[QUERY] Found all non-linear combinations. Count: 1
[QUERY] Found all non-linear combinations. Count: 1
[QUERY] Found all non-linear combinations. Count: 1
[QUERY] Found all non-linear combinations. Count: 1
[QUERY] Found all non-linear combinations. Count: 1
[QUERY] Found all non-linear combinations. Count: 1
[QUERY] Found all non-linear combinations. Count: 1
[QUERY] Found all non-linear combinations. Count: 1
[QUERY] Found all non-linear combinations. Count: 1
[QUERY] Found all non-linear combinations. Count: 2
[QUERY] Found all non-linear combinations. Count: 1
[QUERY] Found all non-linear combinations. Count: 1
[QUERY] Returning nonlinear disjunction
[CTRL] Considering conjunction with 5 input constraints and a disjunction of size 12
[APPROX] Checking cache: SNNT.Approx.ApproxCacheObject[]
[APPROX] Constructing Approximation
[APPROX] Resolving approximation
[CTRL] Initiating iterator over current linear queries
[APPROX] # Conjunctions over output: 12
[CTRL] Processing linear query no. 527
[NNENUM] Running nnenum now...
[NNENUM] lb: [0.07999999999999999, 0.0, -0.08918726864196047]
[NNENUM] ub: [16.376852110707294, 0.09999999999999999, 0.0]
[NNENUM] Creating LP Star...
[NNENUM] Checking feasibility
[NNENUM] Generating output Spec...
[NNENUM] Spec list length:  12
[NNENUM] Enumeration in progress... 
(0.2 sec) Q: 0, Sets: 0/1  (0.0%) CEs: 0 ETA: - (expected 1 stars)   

Total Stars: 5 (0 exact, 5 approx)
Unfinished Stars: 0
Runtime: 0.2 sec
Completed work frac: 1.0
Num Stars Copied Between Processes: 0
Num Lps During Enumeration: 0
Total Num Lps: 0

Result: network is SAFE

[NNENUM] Result: 
<nnenum.result.Result object at 0x7f94910c0520>
[NNENUM] Enumeration finished.
safe
[NNENUM] Found counter-example stars: 0
[NNENUM] Filtering result using SMT solver...
[SMT] SMT filtered out 0 stars (out of 0; TO: 0).
[QUERY] Found all non-linear combinations. Count: 1
[QUERY] Found all non-linear combinations. Count: 1
[QUERY] Found all non-linear combinations. Count: 1
[QUERY] Returning nonlinear disjunction
[CTRL] Considering conjunction with 5 input constraints and a disjunction of size 3
[APPROX] Checking cache: SNNT.Approx.ApproxCacheObject[]
[APPROX] Constructing Approximation
[APPROX] Resolving approximation
[CTRL] Initiating iterator over current linear queries
[APPROX] # Conjunctions over output: 3
[CTRL] Processing linear query no. 528
[NNENUM] Running nnenum now...
[NNENUM] lb: [31.703236423477783, 0.09999999999999999, -0.08918726864196047]
[NNENUM] ub: [100.0, 7.4262139003490955, 0.0]
[NNENUM] Creating LP Star...
[NNENUM] Checking feasibility
[NNENUM] Generating output Spec...
[NNENUM] Spec list length:  3
[NNENUM] Enumeration in progress... 

[NNENUM] Result: 
<nnenum.result.Result object at 0x7f94910d0fd0>
[NNENUM] Enumeration finished.
safe
[NNENUM] Filtering result using SMT solver...
[SMT] SMT filtered out 0 stars (out of 0; TO: 0).
[QUERY] Found all non-linear combinations. Count: 1
[QUERY] Found all non-linear combinations. Count: 1
[QUERY] Returning nonlinear disjunction
[CTRL] Considering conjunction with 5 input constraints and a disjunction of size 2
[APPROX] Checking cache: SNNT.Approx.ApproxCacheObject[]
[APPROX] Constructing Approximation
[APPROX] Resolving approximation
[CTRL] Initiating iterator over current linear queries
[APPROX] # Conjunctions over output: 2
[CTRL] Processing linear query no. 529
[NNENUM] Running nnenum now...
[NNENUM] lb: [31.703236423477783, 0.0, -0.08918726864196047]
[NNENUM] ub: [100.0, 0.09999999999999999, 0.0]
[NNENUM] Creating LP Star...
[NNENUM] Checking feasibility
[NNENUM] Generating output Spec...
[NNENUM] Spec list length:  2
[NNENUM] Enumeration in progress... 

[NNENUM] Result: 
<nnenum.result.Result object at 0x7f94910cd220>
[NNENUM] Enumeration finished.
safe
[NNENUM] Filtering result using SMT solver...
[SMT] SMT filtered out 0 stars (out of 0; TO: 0).
[QUERY] Found all non-linear combinations. Count: 1
[QUERY] Found all non-linear combinations. Count: 1
[QUERY] Returning nonlinear disjunction
[CTRL] Considering conjunction with 5 input constraints and a disjunction of size 2
[APPROX] Checking cache: SNNT.Approx.ApproxCacheObject[]
[APPROX] Constructing Approximation
[APPROX] Resolving approximation
[CTRL] Initiating iterator over current linear queries
[APPROX] # Conjunctions over output: 2
[CTRL] Processing linear query no. 530
[NNENUM] Running nnenum now...
[NNENUM] lb: [31.703236423477783, 0.0, -0.08918726864196047]
[NNENUM] ub: [100.0, 0.0, 0.0]
[NNENUM] Creating LP Star...
[NNENUM] Checking feasibility
[NNENUM] Generating output Spec...
[NNENUM] Spec list length:  2
[NNENUM] Enumeration in progress... 

[NNENUM] Result: 
<nnenum.result.Result object at 0x7f94910ec0d0>
[NNENUM] Enumeration finished.
safe
[NNENUM] Filtering result using SMT solver...
[SMT] SMT filtered out 0 stars (out of 0; TO: 0).
[QUERY] Found all non-linear combinations. Count: 1
[QUERY] Found all non-linear combinations. Count: 1
[QUERY] Found all non-linear combinations. Count: 1
[QUERY] Found all non-linear combinations. Count: 1
[QUERY] Found all non-linear combinations. Count: 1
[QUERY] Found all non-linear combinations. Count: 1
[QUERY] Found all non-linear combinations. Count: 2
[QUERY] Found all non-linear combinations. Count: 1
[QUERY] Found all non-linear combinations. Count: 1
[QUERY] Found all non-linear combinations. Count: 1
[QUERY] Found all non-linear combinations. Count: 1
[QUERY] Found all non-linear combinations. Count: 1
[QUERY] Returning nonlinear disjunction
[CTRL] Considering conjunction with 5 input constraints and a disjunction of size 12
[APPROX] Checking cache: SNNT.Approx.ApproxCacheObject[]
[APPROX] Constructing Approximation
[APPROX] Resolving approximation
[CTRL] Initiating iterator over current linear queries
[APPROX] # Conjunctions over output: 12
[CTRL] Processing linear query no. 531
[NNENUM] Running nnenum now...
[NNENUM] lb: [0.07999999999999999, 0.0, -0.08918726864196047]
[NNENUM] ub: [16.376852110707294, 0.0, 0.0]
[NNENUM] Creating LP Star...
[NNENUM] Checking feasibility
[NNENUM] Generating output Spec...
[NNENUM] Spec list length:  12
[NNENUM] Enumeration in progress... 
(0.2 sec) Q: 0, Sets: 0/1  (0.0%) CEs: 0 ETA: - (expected 1 stars)   

Total Stars: 4 (0 exact, 4 approx)
Unfinished Stars: 0
Runtime: 0.2 sec
Completed work frac: 1.0
Num Stars Copied Between Processes: 0
Num Lps During Enumeration: 0
Total Num Lps: 0

Result: network is SAFE

[NNENUM] Result: 
<nnenum.result.Result object at 0x7f94910fc6d0>
[NNENUM] Enumeration finished.
safe
[NNENUM] Found counter-example stars: 0
[NNENUM] Filtering result using SMT solver...
[SMT] SMT filtered out 0 stars (out of 0; TO: 0).
[QUERY] Found all non-linear combinations. Count: 1
[QUERY] Found all non-linear combinations. Count: 1
[QUERY] Found all non-linear combinations. Count: 2
[QUERY] Returning nonlinear disjunction
[CTRL] Considering conjunction with 5 input constraints and a disjunction of size 3
[APPROX] Checking cache: SNNT.Approx.ApproxCacheObject[]
[APPROX] Constructing Approximation
[APPROX] Resolving approximation
[CTRL] Initiating iterator over current linear queries
[APPROX] # Conjunctions over output: 3
[CTRL] Processing linear query no. 532
[NNENUM] Running nnenum now...
[NNENUM] lb: [31.703236423477783, -63.40647284695557, -0.08918726864196047]
[NNENUM] ub: [100.0, -17.837453728392095, 0.0]
[NNENUM] Creating LP Star...
[NNENUM] Checking feasibility
[NNENUM] Generating output Spec...
[NNENUM] Spec list length:  3
[NNENUM] Enumeration in progress... 
(0.1 sec) Q: 0, Sets: 0/1  (0.0%) CEs: 0 ETA: - (expected 1 stars)   

Total Stars: 8 (4 exact, 4 approx)
Unfinished Stars: 0
Runtime: 0.1 sec
Completed work frac: 1.0
Num Stars Copied Between Processes: 0
Num Lps During Enumeration: 233
Total Num Lps: 233

Result: network is SAFE

[NNENUM] Result: 
<nnenum.result.Result object at 0x7f94910d6fd0>
[NNENUM] Enumeration finished.
safe
[NNENUM] Found counter-example stars: 0
[NNENUM] Filtering result using SMT solver...
[SMT] SMT filtered out 0 stars (out of 0; TO: 0).
[QUERY] Found all non-linear combinations. Count: 1
[QUERY] Found all non-linear combinations. Count: 1
[QUERY] Returning nonlinear disjunction
[CTRL] Considering conjunction with 5 input constraints and a disjunction of size 2
[APPROX] Checking cache: SNNT.Approx.ApproxCacheObject[]
[APPROX] Constructing Approximation
[APPROX] Resolving approximation
[CTRL] Initiating iterator over current linear queries
[APPROX] # Conjunctions over output: 2
[CTRL] Processing linear query no. 533
[NNENUM] Running nnenum now...
[NNENUM] lb: [31.703236423477783, -63.40647284695557, -0.08918726864196047]
[NNENUM] ub: [100.0, -17.837453728392095, 0.0]
[NNENUM] Creating LP Star...
[NNENUM] Checking feasibility
[NNENUM] Generating output Spec...
[NNENUM] Spec list length:  2
[NNENUM] Enumeration in progress... 
(0.0 sec) Q: 0, Sets: 0/1  (0.0%) CEs: 0 ETA: - (expected 1 stars)   
(0.2 sec) Q: 0, Sets: 1/3  (25.0%) CEs: 0 ETA: 0.5 sec (expected 4 stars)   

Total Stars: 4 (1 exact, 3 approx)
Unfinished Stars: 0
Runtime: 0.2 sec
Completed work frac: 1.0
Num Stars Copied Between Processes: 0
Num Lps During Enumeration: 20
Total Num Lps: 20

Result: network is SAFE

[NNENUM] Result: 
<nnenum.result.Result object at 0x7f94910e5820>
[NNENUM] Enumeration finished.
safe
[NNENUM] Found counter-example stars: 0
[NNENUM] Filtering result using SMT solver...
[SMT] SMT filtered out 0 stars (out of 0; TO: 0).
[QUERY] Found all non-linear combinations. Count: 1
[QUERY] Found all non-linear combinations. Count: 1
[QUERY] Found all non-linear combinations. Count: 1
[QUERY] Found all non-linear combinations. Count: 1
[QUERY] Returning nonlinear disjunction
[CTRL] Considering conjunction with 5 input constraints and a disjunction of size 4
[APPROX] Checking cache: SNNT.Approx.ApproxCacheObject[]
[APPROX] Constructing Approximation
[APPROX] Resolving approximation
[CTRL] Initiating iterator over current linear queries
[APPROX] # Conjunctions over output: 4
[CTRL] Processing linear query no. 534
[NNENUM] Running nnenum now...
[NNENUM] lb: [31.703236423477783, -63.40647284695557, -0.08918726864196047]
[NNENUM] ub: [100.0, -17.837453728392095, 0.0]
[NNENUM] Creating LP Star...
[NNENUM] Checking feasibility
[NNENUM] Generating output Spec...
[NNENUM] Spec list length:  4
[NNENUM] Enumeration in progress... 
(0.0 sec) Q: 0, Sets: 0/1  (0.0%) CEs: 0 ETA: - (expected 1 stars)   
(0.1 sec) Q: 0, Sets: 8/11  (12.5%) CEs: 0 ETA: 1.0 sec (expected 64 stars)   
(0.2 sec) Q: 0, Sets: 12/16  (23.438%) CEs: 0 ETA: 0.8 sec (expected 51 stars)   
(0.3 sec) Q: 0, Sets: 19/21  (37.5%) CEs: 0 ETA: 0.6 sec (expected 51 stars)   

Total Stars: 26 (2 exact, 24 approx)
Unfinished Stars: 0
Runtime: 0.4 sec
Completed work frac: 1.0
Num Stars Copied Between Processes: 0
Num Lps During Enumeration: 166
Total Num Lps: 166

Result: network is SAFE

[NNENUM] Result: 
<nnenum.result.Result object at 0x7f94910f2640>
[NNENUM] Enumeration finished.
safe
[NNENUM] Found counter-example stars: 0
[NNENUM] Filtering result using SMT solver...
[SMT] SMT filtered out 0 stars (out of 0; TO: 0).
[QUERY] Found all non-linear combinations. Count: 1
[QUERY] Found all non-linear combinations. Count: 1
.[QUERY] Found all non-linear combinations. Count: 1
[QUERY] Found all non-linear combinations. Count: 1
[QUERY] Returning nonlinear disjunction
[CTRL] Considering conjunction with 5 input constraints and a disjunction of size 4
[APPROX] Checking cache: SNNT.Approx.ApproxCacheObject[]
[APPROX] Constructing Approximation
[APPROX] Resolving approximation
[CTRL] Initiating iterator over current linear queries
[APPROX] # Conjunctions over output: 4
[CTRL] Processing linear query no. 535
[NNENUM] Running nnenum now...
[NNENUM] lb: [31.703236423477783, -73.18705430608887, -0.08918726864196047]
[NNENUM] ub: [100.0, -63.40647284695557, 0.0]
[NNENUM] Creating LP Star...
[NNENUM] Checking feasibility
[NNENUM] Generating output Spec...
[NNENUM] Spec list length:  4
[NNENUM] Enumeration in progress... 

[NNENUM] Result: 
<nnenum.result.Result object at 0x7f94910d0a00>
[NNENUM] Enumeration finished.
safe
[NNENUM] Filtering result using SMT solver...
[SMT] SMT filtered out 0 stars (out of 0; TO: 0).
.[QUERY] Found all non-linear combinations. Count: 3
[QUERY] Found all non-linear combinations. Count: 2
[QUERY] Found all non-linear combinations. Count: 2
[QUERY] Found all non-linear combinations. Count: 2
[QUERY] Found all non-linear combinations. Count: 2
[QUERY] Found all non-linear combinations. Count: 2
[QUERY] Found all non-linear combinations. Count: 1
[QUERY] Found all non-linear combinations. Count: 1
[QUERY] Found all non-linear combinations. Count: 1
[QUERY] Found all non-linear combinations. Count: 1
[QUERY] Found all non-linear combinations. Count: 2
[QUERY] Returning nonlinear disjunction
[CTRL] Considering conjunction with 5 input constraints and a disjunction of size 11
[APPROX] Checking cache: SNNT.Approx.ApproxCacheObject[]
[APPROX] Constructing Approximation
[APPROX] Resolving approximation
[CTRL] Initiating iterator over current linear queries
[APPROX] # Conjunctions over output: 11
[CTRL] Processing linear query no. 536
[NNENUM] Running nnenum now...
[NNENUM] lb: [31.703236423477783, -73.18705430608887, -0.08918726864196047]
[NNENUM] ub: [100.0, -63.40647284695557, 0.0]
[NNENUM] Creating LP Star...
[NNENUM] Checking feasibility
[NNENUM] Generating output Spec...
[NNENUM] Spec list length:  11
[NNENUM] Enumeration in progress... 

[NNENUM] Result: 
<nnenum.result.Result object at 0x7f94910dcac0>
[NNENUM] Enumeration finished.
safe
[NNENUM] Filtering result using SMT solver...
[SMT] SMT filtered out 0 stars (out of 0; TO: 0).
[QUERY] Found all non-linear combinations. Count: 1
[QUERY] Found all non-linear combinations. Count: 1
[QUERY] Returning nonlinear disjunction
[CTRL] Considering conjunction with 5 input constraints and a disjunction of size 2
[APPROX] Checking cache: SNNT.Approx.ApproxCacheObject[]
[APPROX] Constructing Approximation
[APPROX] Resolving approximation
[CTRL] Initiating iterator over current linear queries
[APPROX] # Conjunctions over output: 2
[CTRL] Processing linear query no. 537
[NNENUM] Running nnenum now...
[NNENUM] lb: [31.703236423477783, -73.18705430608887, -0.08918726864196047]
[NNENUM] ub: [100.0, -63.40647284695557, 0.0]
[NNENUM] Creating LP Star...
[NNENUM] Checking feasibility
[NNENUM] Generating output Spec...
[NNENUM] Spec list length:  2
[NNENUM] Enumeration in progress... 

[NNENUM] Result: 
<nnenum.result.Result object at 0x7f94910dcfa0>
[NNENUM] Enumeration finished.
safe
[NNENUM] Filtering result using SMT solver...
[SMT] SMT filtered out 0 stars (out of 0; TO: 0).
[QUERY] Found all non-linear combinations. Count: 1
[QUERY] Found all non-linear combinations. Count: 1
[QUERY] Returning nonlinear disjunction
[CTRL] Considering conjunction with 5 input constraints and a disjunction of size 2
[APPROX] Checking cache: SNNT.Approx.ApproxCacheObject[]
[APPROX] Constructing Approximation
[APPROX] Resolving approximation
[CTRL] Initiating iterator over current linear queries
[APPROX] # Conjunctions over output: 2
[CTRL] Processing linear query no. 538
[NNENUM] Running nnenum now...
[NNENUM] lb: [31.703236423477783, 0.0, -0.08918726864196047]
[NNENUM] ub: [100.0, 0.0, 0.0]
[NNENUM] Creating LP Star...
[NNENUM] Checking feasibility
[NNENUM] Generating output Spec...
[NNENUM] Spec list length:  2
[NNENUM] Enumeration in progress... 

[NNENUM] Result: 
<nnenum.result.Result object at 0x7f94910fa790>
[NNENUM] Enumeration finished.
safe
[NNENUM] Filtering result using SMT solver...
[SMT] SMT filtered out 0 stars (out of 0; TO: 0).
[QUERY] Found all non-linear combinations. Count: 1
[QUERY] Returning nonlinear disjunction
[CTRL] Considering conjunction with 5 input constraints and a disjunction of size 1
[APPROX] Checking cache: SNNT.Approx.ApproxCacheObject[]
[APPROX] Constructing Approximation
[APPROX] Resolving approximation
[CTRL] Initiating iterator over current linear queries
[APPROX] # Conjunctions over output: 1
[CTRL] Processing linear query no. 539
[NNENUM] Running nnenum now...
[NNENUM] lb: [31.703236423477783, -63.40647284695557, 0.672462957785854]
[NNENUM] ub: [100.0, -17.837453728392095, 1.0]
[NNENUM] Creating LP Star...
[NNENUM] Checking feasibility
[NNENUM] Generating output Spec...
[NNENUM] Spec list length:  1
[NNENUM] Enumeration in progress... 
(0.0 sec) Q: 0, Sets: 0/1  (0.0%) CEs: 0 ETA: - (expected 1 stars)   

Total Stars: 4 (1 exact, 3 approx)
Unfinished Stars: 0
Runtime: 0.1 sec
Completed work frac: 1.0
Num Stars Copied Between Processes: 0
Num Lps During Enumeration: 20
Total Num Lps: 20

Result: network is SAFE

[NNENUM] Result: 
<nnenum.result.Result object at 0x7f94948eb3a0>
[NNENUM] Enumeration finished.
safe
[NNENUM] Found counter-example stars: 0
[NNENUM] Filtering result using SMT solver...
[SMT] SMT filtered out 0 stars (out of 0; TO: 0).
[QUERY] Found all non-linear combinations. Count: 1
[QUERY] Found all non-linear combinations. Count: 1
[QUERY] Found all non-linear combinations. Count: 1
[QUERY] Found all non-linear combinations. Count: 1
[QUERY] Found all non-linear combinations. Count: 1
[QUERY] Found all non-linear combinations. Count: 1
[QUERY] Found all non-linear combinations. Count: 1
[QUERY] Found all non-linear combinations. Count: 1
[QUERY] Found all non-linear combinations. Count: 1
[QUERY] Found all non-linear combinations. Count: 1
[QUERY] Found all non-linear combinations. Count: 1
[QUERY] Found all non-linear combinations. Count: 1
[QUERY] Found all non-linear combinations. Count: 1
[QUERY] Returning nonlinear disjunction
[CTRL] Considering conjunction with 5 input constraints and a disjunction of size 13
[APPROX] Checking cache: SNNT.Approx.ApproxCacheObject[]
[APPROX] Constructing Approximation
[APPROX] Resolving approximation
[CTRL] Initiating iterator over current linear queries
[APPROX] # Conjunctions over output: 13
[CTRL] Processing linear query no. 540
[NNENUM] Running nnenum now...
[NNENUM] lb: [31.703236423477783, -200.0, 0.672462957785854]
[NNENUM] ub: [100.0, -134.49259155717084, 1.0]
[NNENUM] Creating LP Star...
[NNENUM] Checking feasibility
[NNENUM] Generating output Spec...
[NNENUM] Spec list length:  13
[NNENUM] Enumeration in progress... 

[NNENUM] Result: 
<nnenum.result.Result object at 0x7f94910cdd00>
[NNENUM] Enumeration finished.
safe
[NNENUM] Filtering result using SMT solver...
[SMT] SMT filtered out 0 stars (out of 0; TO: 0).
[QUERY] Found all non-linear combinations. Count: 1
[QUERY] Found all non-linear combinations. Count: 1
[QUERY] Found all non-linear combinations. Count: 1
[QUERY] Found all non-linear combinations. Count: 1
[QUERY] Found all non-linear combinations. Count: 1
[QUERY] Found all non-linear combinations. Count: 1
[QUERY] Returning nonlinear disjunction
[CTRL] Considering conjunction with 5 input constraints and a disjunction of size 6
[APPROX] Checking cache: SNNT.Approx.ApproxCacheObject[]
[APPROX] Constructing Approximation
[APPROX] Resolving approximation
[CTRL] Initiating iterator over current linear queries
[APPROX] # Conjunctions over output: 6
[CTRL] Processing linear query no. 541
[NNENUM] Running nnenum now...
[NNENUM] lb: [31.703236423477783, -17.837453728392095, 0.672462957785854]
[NNENUM] ub: [100.0, -2.1, 1.0]
[NNENUM] Creating LP Star...
[NNENUM] Checking feasibility
[NNENUM] Generating output Spec...
[NNENUM] Spec list length:  6
[NNENUM] Enumeration in progress... 
(0.0 sec) Q: 0, Sets: 0/1  (0.0%) CEs: 0 ETA: - (expected 1 stars)   
(0.2 sec) Q: 0, Sets: 1/3  (25.0%) CEs: 0 ETA: 0.5 sec (expected 4 stars)   
(0.3 sec) Q: 0, Sets: 5/7  (50.0%) CEs: 0 ETA: 0.3 sec (expected 10 stars)   
Total Stars: 16 (1 exact, 15 approx)
Unfinished Stars: 0
Runtime: 0.3 sec
Completed work frac: 1.0
Num Stars Copied Between Processes: 0
Num Lps During Enumeration: 39
Total Num Lps: 39

Result: network is SAFE

[NNENUM] Result: 
<nnenum.result.Result object at 0x7f94910e3910>
[NNENUM] Enumeration finished.
safe
[NNENUM] Found counter-example stars: 0
[NNENUM] Filtering result using SMT solver...
[SMT] SMT filtered out 0 stars (out of 0; TO: 0).
[QUERY] Found all non-linear combinations. Count: 1
[QUERY] Found all non-linear combinations. Count: 1
[QUERY] Returning nonlinear disjunction
[CTRL] Considering conjunction with 5 input constraints and a disjunction of size 2
[APPROX] Checking cache: SNNT.Approx.ApproxCacheObject[]
[APPROX] Constructing Approximation
[APPROX] Resolving approximation
[CTRL] Initiating iterator over current linear queries
[APPROX] # Conjunctions over output: 2
[CTRL] Processing linear query no. 542
[NNENUM] Running nnenum now...
[NNENUM] lb: [31.703236423477783, -63.40647284695557, 0.672462957785854]
[NNENUM] ub: [100.0, -17.837453728392095, 1.0]
[NNENUM] Creating LP Star...
[NNENUM] Checking feasibility
[NNENUM] Generating output Spec...
[NNENUM] Spec list length:  2
[NNENUM] Enumeration in progress... 
(0.0 sec) Q: 0, Sets: 0/1  (0.0%) CEs: 0 ETA: - (expected 1 stars)   

Total Stars: 8 (4 exact, 4 approx)
Unfinished Stars: 0
Runtime: 0.1 sec
Completed work frac: 1.0
Num Stars Copied Between Processes: 0
Num Lps During Enumeration: 233
Total Num Lps: 233

Result: network is SAFE

[NNENUM] Result: 
<nnenum.result.Result object at 0x7f94910f2280>
[NNENUM] Enumeration finished.
safe
[NNENUM] Found counter-example stars: 0
[NNENUM] Filtering result using SMT solver...
[SMT] SMT filtered out 0 stars (out of 0; TO: 0).
[QUERY] Found all non-linear combinations. Count: 1
[QUERY] Returning nonlinear disjunction
[CTRL] Considering conjunction with 5 input constraints and a disjunction of size 1
[APPROX] Checking cache: SNNT.Approx.ApproxCacheObject[]
[APPROX] Constructing Approximation
[APPROX] Resolving approximation
[CTRL] Initiating iterator over current linear queries
[APPROX] # Conjunctions over output: 1
[CTRL] Processing linear query no. 543
[NNENUM] Running nnenum now...
[NNENUM] lb: [31.703236423477783, -134.49259155717084, 0.672462957785854]
[NNENUM] ub: [100.0, -73.18705430608887, 1.0]
[NNENUM] Creating LP Star...
[NNENUM] Checking feasibility
[NNENUM] Generating output Spec...
[NNENUM] Spec list length:  1
[NNENUM] Enumeration in progress... 

[NNENUM] Result: 
<nnenum.result.Result object at 0x7f94910dce80>
[NNENUM] Enumeration finished.
safe
[NNENUM] Filtering result using SMT solver...
[SMT] SMT filtered out 0 stars (out of 0; TO: 0).
[QUERY] Found all non-linear combinations. Count: 1
[QUERY] Found all non-linear combinations. Count: 1
[QUERY] Returning nonlinear disjunction
[CTRL] Considering conjunction with 5 input constraints and a disjunction of size 2
[APPROX] Checking cache: SNNT.Approx.ApproxCacheObject[]
[APPROX] Constructing Approximation
[APPROX] Resolving approximation
[CTRL] Initiating iterator over current linear queries
[APPROX] # Conjunctions over output: 2
[CTRL] Processing linear query no. 544
[NNENUM] Running nnenum now...
[NNENUM] lb: [31.703236423477783, -63.40647284695557, 0.672462957785854]
[NNENUM] ub: [100.0, -17.837453728392095, 1.0]
[NNENUM] Creating LP Star...
[NNENUM] Checking feasibility
[NNENUM] Generating output Spec...
[NNENUM] Spec list length:  2
[NNENUM] Enumeration in progress... 
(0.2 sec) Q: 0, Sets: 0/1  (0.0%) CEs: 0 ETA: - (expected 1 stars)   
(0.3 sec) Q: 0, Sets: 11/14  (21.875%) CEs: 0 ETA: 0.9 sec (expected 50 stars)   
(0.4 sec) Q: 0, Sets: 15/19  (28.125%) CEs: 0 ETA: 0.9 sec (expected 53 stars)   
Total Stars: 25 (2 exact, 23 approx)
Unfinished Stars: 0
Runtime: 0.4 sec
Completed work frac: 1.0
Num Stars Copied Between Processes: 0
Num Lps During Enumeration: 166
Total Num Lps: 166

Result: network is SAFE

[NNENUM] Result: 
<nnenum.result.Result object at 0x7f949117f340>
[NNENUM] Enumeration finished.
safe
[NNENUM] Found counter-example stars: 0
[NNENUM] Filtering result using SMT solver...
[SMT] SMT filtered out 0 stars (out of 0; TO: 0).
[QUERY] Found all non-linear combinations. Count: 1
[QUERY] Returning nonlinear disjunction
[CTRL] Considering conjunction with 5 input constraints and a disjunction of size 1
[APPROX] Checking cache: SNNT.Approx.ApproxCacheObject[]
[APPROX] Constructing Approximation
[APPROX] Resolving approximation
[CTRL] Initiating iterator over current linear queries
[APPROX] # Conjunctions over output: 1
[CTRL] Processing linear query no. 545
[NNENUM] Running nnenum now...
[NNENUM] lb: [31.703236423477783, -134.49259155717084, 0.672462957785854]
[NNENUM] ub: [100.0, -73.18705430608887, 1.0]
[NNENUM] Creating LP Star...
[NNENUM] Checking feasibility
[NNENUM] Generating output Spec...
[NNENUM] Spec list length:  1
[NNENUM] Enumeration in progress... 

[NNENUM] Result: 
<nnenum.result.Result object at 0x7f94910cd310>
[NNENUM] Enumeration finished.
safe
[NNENUM] Filtering result using SMT solver...
[SMT] SMT filtered out 0 stars (out of 0; TO: 0).
[QUERY] Found all non-linear combinations. Count: 1
[QUERY] Found all non-linear combinations. Count: 1
[QUERY] Found all non-linear combinations. Count: 1
[QUERY] Found all non-linear combinations. Count: 1
[QUERY] Found all non-linear combinations. Count: 1
[QUERY] Found all non-linear combinations. Count: 1
[QUERY] Found all non-linear combinations. Count: 1
[QUERY] Found all non-linear combinations. Count: 1
[QUERY] Found all non-linear combinations. Count: 1
[QUERY] Found all non-linear combinations. Count: 1
[QUERY] Found all non-linear combinations. Count: 1
[QUERY] Returning nonlinear disjunction
[CTRL] Considering conjunction with 5 input constraints and a disjunction of size 11
[APPROX] Checking cache: SNNT.Approx.ApproxCacheObject[]
[APPROX] Constructing Approximation
[APPROX] Resolving approximation
[CTRL] Initiating iterator over current linear queries
[APPROX] # Conjunctions over output: 11
[CTRL] Processing linear query no. 546
[NNENUM] Running nnenum now...
[NNENUM] lb: [16.376852110707294, -134.49259155717084, 0.672462957785854]
[NNENUM] ub: [31.703236423477783, -73.18705430608887, 1.0]
[NNENUM] Creating LP Star...
[NNENUM] Checking feasibility
[NNENUM] Generating output Spec...
[NNENUM] Spec list length:  11
[NNENUM] Enumeration in progress... 

[NNENUM] Result: 
<nnenum.result.Result object at 0x7f94910dc850>
[NNENUM] Enumeration finished.
safe
[NNENUM] Filtering result using SMT solver...
[SMT] SMT filtered out 0 stars (out of 0; TO: 0).
[QUERY] Found all non-linear combinations. Count: 1
[QUERY] Returning nonlinear disjunction
[CTRL] Considering conjunction with 5 input constraints and a disjunction of size 1
[APPROX] Checking cache: SNNT.Approx.ApproxCacheObject[]
[APPROX] Constructing Approximation
[APPROX] Resolving approximation
[CTRL] Initiating iterator over current linear queries
[APPROX] # Conjunctions over output: 1
[CTRL] Processing linear query no. 547
[NNENUM] Running nnenum now...
[NNENUM] lb: [16.376852110707294, -17.837453728392095, 0.672462957785854]
[NNENUM] ub: [31.703236423477783, -2.1, 1.0]
[NNENUM] Creating LP Star...
[NNENUM] Checking feasibility
[NNENUM] Generating output Spec...
[NNENUM] Spec list length:  1
[NNENUM] Enumeration in progress... 
(0.2 sec) Q: 0, Sets: 0/1  (0.0%) CEs: 0 ETA: - (expected 1 stars)   

Total Stars: 3 (1 exact, 2 approx)
Unfinished Stars: 0
Runtime: 0.2 sec
Completed work frac: 1.0
Num Stars Copied Between Processes: 0
Num Lps During Enumeration: 113
Total Num Lps: 113

Result: network is SAFE

[NNENUM] Result: 
<nnenum.result.Result object at 0x7f949115a7f0>
[NNENUM] Enumeration finished.
safe
[NNENUM] Found counter-example stars: 0
[NNENUM] Filtering result using SMT solver...
[SMT] SMT filtered out 0 stars (out of 0; TO: 0).
[QUERY] Found all non-linear combinations. Count: 1
[QUERY] Returning nonlinear disjunction
[CTRL] Considering conjunction with 5 input constraints and a disjunction of size 1
[APPROX] Checking cache: SNNT.Approx.ApproxCacheObject[]
[APPROX] Constructing Approximation
[APPROX] Resolving approximation
[CTRL] Initiating iterator over current linear queries
[APPROX] # Conjunctions over output: 1
[CTRL] Processing linear query no. 548
[NNENUM] Running nnenum now...
[NNENUM] lb: [16.376852110707294, -63.40647284695557, 0.672462957785854]
[NNENUM] ub: [31.703236423477783, -17.837453728392095, 1.0]
[NNENUM] Creating LP Star...
[NNENUM] Checking feasibility
[NNENUM] Generating output Spec...
[NNENUM] Spec list length:  1
[NNENUM] Enumeration in progress... 

[NNENUM] Result: 
<nnenum.result.Result object at 0x7f94910fad30>
[NNENUM] Enumeration finished.
safe
[NNENUM] Filtering result using SMT solver...
[SMT] SMT filtered out 0 stars (out of 0; TO: 0).
[QUERY] Found all non-linear combinations. Count: 1
[QUERY] Returning nonlinear disjunction
[CTRL] Considering conjunction with 5 input constraints and a disjunction of size 1
[APPROX] Checking cache: SNNT.Approx.ApproxCacheObject[]
[APPROX] Constructing Approximation
[APPROX] Resolving approximation
[CTRL] Initiating iterator over current linear queries
[APPROX] # Conjunctions over output: 1
[CTRL] Processing linear query no. 549
[NNENUM] Running nnenum now...
[NNENUM] lb: [16.376852110707294, -63.40647284695557, 0.672462957785854]
[NNENUM] ub: [31.703236423477783, -17.837453728392095, 1.0]
[NNENUM] Creating LP Star...
[NNENUM] Checking feasibility
[NNENUM] Generating output Spec...
[NNENUM] Spec list length:  1
[NNENUM] Enumeration in progress... 

[NNENUM] Result: 
<nnenum.result.Result object at 0x7f94910fa7f0>
[NNENUM] Enumeration finished.
safe
[NNENUM] Filtering result using SMT solver...
[SMT] SMT filtered out 0 stars (out of 0; TO: 0).
[QUERY] Found all non-linear combinations. Count: 1
[QUERY] Returning nonlinear disjunction
[CTRL] Considering conjunction with 5 input constraints and a disjunction of size 1
[APPROX] Checking cache: SNNT.Approx.ApproxCacheObject[]
[APPROX] Constructing Approximation
[APPROX] Resolving approximation
[CTRL] Initiating iterator over current linear queries
[APPROX] # Conjunctions over output: 1
[CTRL] Processing linear query no. 550
[NNENUM] Running nnenum now...
[NNENUM] lb: [16.376852110707294, -17.837453728392095, 0.672462957785854]
[NNENUM] ub: [31.703236423477783, -2.1, 1.0]
[NNENUM] Creating LP Star...
[NNENUM] Checking feasibility
[NNENUM] Generating output Spec...
[NNENUM] Spec list length:  1
[NNENUM] Enumeration in progress... 
(0.3 sec) Q: 0, Sets: 0/1  (0.0%) CEs: 0 ETA: - (expected 1 stars)   

Total Stars: 4 (2 exact, 2 approx)
Unfinished Stars: 0
Runtime: 0.3 sec
Completed work frac: 1.0
Num Stars Copied Between Processes: 0
Num Lps During Enumeration: 140
Total Num Lps: 140

Result: network is SAFE

[NNENUM] Result: 
<nnenum.result.Result object at 0x7f94910ffe80>
[NNENUM] Enumeration finished.
safe
[NNENUM] Found counter-example stars: 0
[NNENUM] Filtering result using SMT solver...
[SMT] SMT filtered out 0 stars (out of 0; TO: 0).
[QUERY] Found all non-linear combinations. Count: 1
[QUERY] Found all non-linear combinations. Count: 1
[QUERY] Returning nonlinear disjunction
[CTRL] Considering conjunction with 5 input constraints and a disjunction of size 2
[APPROX] Checking cache: SNNT.Approx.ApproxCacheObject[]
[APPROX] Constructing Approximation
[APPROX] Resolving approximation
[CTRL] Initiating iterator over current linear queries
[APPROX] # Conjunctions over output: 2
[CTRL] Processing linear query no. 551
[NNENUM] Running nnenum now...
[NNENUM] lb: [16.376852110707294, -2.1, 0.672462957785854]
[NNENUM] ub: [31.703236423477783, 0.0, 1.0]
[NNENUM] Creating LP Star...
[NNENUM] Checking feasibility
[NNENUM] Generating output Spec...
[NNENUM] Spec list length:  2
[NNENUM] Enumeration in progress... 

[NNENUM] Result: 
<nnenum.result.Result object at 0x7f94910fce80>
[NNENUM] Enumeration finished.
safe
[NNENUM] Filtering result using SMT solver...
[SMT] SMT filtered out 0 stars (out of 0; TO: 0).
[QUERY] Found all non-linear combinations. Count: 1
[QUERY] Found all non-linear combinations. Count: 1
[QUERY] Found all non-linear combinations. Count: 1
[QUERY] Found all non-linear combinations. Count: 1
[QUERY] Returning nonlinear disjunction
[CTRL] Considering conjunction with 5 input constraints and a disjunction of size 4
[APPROX] Checking cache: SNNT.Approx.ApproxCacheObject[]
[APPROX] Constructing Approximation
[APPROX] Resolving approximation
[CTRL] Initiating iterator over current linear queries
[APPROX] # Conjunctions over output: 4
[CTRL] Processing linear query no. 552
[NNENUM] Running nnenum now...
[NNENUM] lb: [16.376852110707294, -17.837453728392095, 0.672462957785854]
[NNENUM] ub: [31.703236423477783, -2.1, 1.0]
[NNENUM] Creating LP Star...
[NNENUM] Checking feasibility
[NNENUM] Generating output Spec...
[NNENUM] Spec list length:  4
[NNENUM] Enumeration in progress... 
(0.0 sec) Q: 0, Sets: 0/1  (0.0%) CEs: 0 ETA: - (expected 1 stars)   
(0.2 sec) Q: 0, Sets: 0/4  (0.0%) CEs: 0 ETA: - (expected 1 stars)   
(0.3 sec) Q: 0, Sets: 10/13  (31.25%) CEs: 0 ETA: 0.7 sec (expected 32 stars)   
Total Stars: 13 (1 exact, 12 approx)
Unfinished Stars: 0
Runtime: 0.4 sec
Completed work frac: 1.0
Num Stars Copied Between Processes: 0
Num Lps During Enumeration: 87
Total Num Lps: 87

Result: network is SAFE

[NNENUM] Result: 
<nnenum.result.Result object at 0x7f94910ff7c0>
[NNENUM] Enumeration finished.
safe
[NNENUM] Found counter-example stars: 0
[NNENUM] Filtering result using SMT solver...
[SMT] SMT filtered out 0 stars (out of 0; TO: 0).
[QUERY] Found all non-linear combinations. Count: 1
[QUERY] Returning nonlinear disjunction
[CTRL] Considering conjunction with 5 input constraints and a disjunction of size 1
[APPROX] Checking cache: SNNT.Approx.ApproxCacheObject[]
[APPROX] Constructing Approximation
[APPROX] Resolving approximation
[CTRL] Initiating iterator over current linear queries
[APPROX] # Conjunctions over output: 1
[CTRL] Processing linear query no. 553
[NNENUM] Running nnenum now...
[NNENUM] lb: [0.07999999999999999, -17.837453728392095, -0.36593527153044436]
[NNENUM] ub: [16.376852110707294, -2.1, -0.3170323642347779]
[NNENUM] Creating LP Star...
[NNENUM] Checking feasibility
[NNENUM] Generating output Spec...
[NNENUM] Spec list length:  1
[NNENUM] Enumeration in progress... 
(0.0 sec) Q: 0, Sets: 0/1  (0.0%) CEs: 0 ETA: - (expected 1 stars)   

Total Stars: 8 (5 exact, 3 approx)
Unfinished Stars: 0
Runtime: 0.1 sec
Completed work frac: 1.0
Num Stars Copied Between Processes: 0
Num Lps During Enumeration: 343
Total Num Lps: 343

Result: network is SAFE

[NNENUM] Result: 
<nnenum.result.Result object at 0x7f94910ff160>
[NNENUM] Enumeration finished.
safe
[NNENUM] Found counter-example stars: 0
[NNENUM] Filtering result using SMT solver...
[SMT] SMT filtered out 0 stars (out of 0; TO: 0).
[QUERY] Found all non-linear combinations. Count: 1
[QUERY] Returning nonlinear disjunction
[CTRL] Considering conjunction with 5 input constraints and a disjunction of size 1
[APPROX] Checking cache: SNNT.Approx.ApproxCacheObject[]
[APPROX] Constructing Approximation
[APPROX] Resolving approximation
[CTRL] Initiating iterator over current linear queries
[APPROX] # Conjunctions over output: 1
[CTRL] Processing linear query no. 554
[NNENUM] Running nnenum now...
[NNENUM] lb: [0.07999999999999999, -17.837453728392095, -0.36593527153044436]
[NNENUM] ub: [16.376852110707294, -2.1, -0.3170323642347779]
[NNENUM] Creating LP Star...
[NNENUM] Checking feasibility
[NNENUM] Generating output Spec...
[NNENUM] Spec list length:  1
[NNENUM] Enumeration in progress... 
(0.1 sec) Q: 0, Sets: 0/1  (0.0%) CEs: 0 ETA: - (expected 1 stars)   
(0.2 sec) Q: 0, Sets: 1/4  (12.5%) CEs: 0 ETA: 1.2 sec (expected 8 stars)   
(0.3 sec) Q: 0, Sets: 8/11  (40.625%) CEs: 0 ETA: 0.4 sec (expected 20 stars)   
(0.4 sec) Q: 0, Sets: 27/29  (87.5%) CEs: 0 ETA: 0.1 sec (expected 31 stars)   
(0.5 sec) Q: 0, Sets: 39/43  (91.406%) CEs: 0 ETA: 0.0 sec (expected 43 stars)   
Total Stars: 53 (7 exact, 46 approx)
Unfinished Stars: 0
Runtime: 0.5 sec
Completed work frac: 1.0
Num Stars Copied Between Processes: 0
Num Lps During Enumeration: 331
Total Num Lps: 331

Result: network is SAFE

[NNENUM] Result: 
<nnenum.result.Result object at 0x7f94910fceb0>
[NNENUM] Enumeration finished.
safe
[NNENUM] Found counter-example stars: 0
[NNENUM] Filtering result using SMT solver...
[SMT] SMT filtered out 0 stars (out of 0; TO: 0).
[QUERY] Found all non-linear combinations. Count: 1
[QUERY] Found all non-linear combinations. Count: 1
[QUERY] Returning nonlinear disjunction
[CTRL] Considering conjunction with 5 input constraints and a disjunction of size 2
[APPROX] Checking cache: SNNT.Approx.ApproxCacheObject[]
[APPROX] Constructing Approximation
[APPROX] Resolving approximation
[CTRL] Initiating iterator over current linear queries
[APPROX] # Conjunctions over output: 2
[CTRL] Processing linear query no. 555
[NNENUM] Running nnenum now...
[NNENUM] lb: [31.703236423477783, -17.837453728392095, -0.36593527153044436]
[NNENUM] ub: [100.0, -2.1, -0.3170323642347779]
[NNENUM] Creating LP Star...
[NNENUM] Checking feasibility
[NNENUM] Generating output Spec...
[NNENUM] Spec list length:  2
[NNENUM] Enumeration in progress... 
(0.0 sec) Q: 0, Sets: 0/1  (0.0%) CEs: 0 ETA: - (expected 1 stars)   
(0.1 sec) Q: 0, Sets: 9/12  (81.25%) CEs: 0 ETA: 0.0 sec (expected 11 stars)   

Total Stars: 16 (1 exact, 15 approx)
Unfinished Stars: 0
Runtime: 0.2 sec
Completed work frac: 1.0
Num Stars Copied Between Processes: 0
Num Lps During Enumeration: 39
Total Num Lps: 39

Result: network is SAFE

[NNENUM] Result: 
<nnenum.result.Result object at 0x7f94910ff970>
[NNENUM] Enumeration finished.
safe
[NNENUM] Found counter-example stars: 0
[NNENUM] Filtering result using SMT solver...
[SMT] SMT filtered out 0 stars (out of 0; TO: 0).
[QUERY] Found all non-linear combinations. Count: 1
[QUERY] Returning nonlinear disjunction
[CTRL] Considering conjunction with 5 input constraints and a disjunction of size 1
[APPROX] Checking cache: SNNT.Approx.ApproxCacheObject[]
[APPROX] Constructing Approximation
[APPROX] Resolving approximation
[CTRL] Initiating iterator over current linear queries
[APPROX] # Conjunctions over output: 1
[CTRL] Processing linear query no. 556
[NNENUM] Running nnenum now...
[NNENUM] lb: [31.703236423477783, -2.1, -0.36593527153044436]
[NNENUM] ub: [100.0, 0.0, -0.3170323642347779]
[NNENUM] Creating LP Star...
[NNENUM] Checking feasibility
[NNENUM] Generating output Spec...
[NNENUM] Spec list length:  1
[NNENUM] Enumeration in progress... 

[NNENUM] Result: 
<nnenum.result.Result object at 0x7f94910d33d0>
[NNENUM] Enumeration finished.
safe
[NNENUM] Filtering result using SMT solver...
[SMT] SMT filtered out 0 stars (out of 0; TO: 0).
[QUERY] Found all non-linear combinations. Count: 1
[QUERY] Found all non-linear combinations. Count: 1
[QUERY] Found all non-linear combinations. Count: 1
[QUERY] Found all non-linear combinations. Count: 2
[QUERY] Found all non-linear combinations. Count: 1
[QUERY] Found all non-linear combinations. Count: 1
[QUERY] Found all non-linear combinations. Count: 1
[QUERY] Found all non-linear combinations. Count: 1
[QUERY] Found all non-linear combinations. Count: 1
[QUERY] Found all non-linear combinations. Count: 1
[QUERY] Found all non-linear combinations. Count: 1
[QUERY] Returning nonlinear disjunction
[CTRL] Considering conjunction with 5 input constraints and a disjunction of size 11
[APPROX] Checking cache: SNNT.Approx.ApproxCacheObject[]
[APPROX] Constructing Approximation
[APPROX] Resolving approximation
[CTRL] Initiating iterator over current linear queries
[APPROX] # Conjunctions over output: 11
[CTRL] Processing linear query no. 557
[NNENUM] Running nnenum now...
[NNENUM] lb: [0.07999999999999999, -2.1, -0.36593527153044436]
[NNENUM] ub: [16.376852110707294, 0.0, -0.3170323642347779]
[NNENUM] Creating LP Star...
[NNENUM] Checking feasibility
[NNENUM] Generating output Spec...
[NNENUM] Spec list length:  11
[NNENUM] Enumeration in progress... 
(0.2 sec) Q: 0, Sets: 0/1  (0.0%) CEs: 0 ETA: - (expected 1 stars)   
(0.3 sec) Q: 0, Sets: 9/19  (0.854%) CEs: 0 ETA: 31.0 sec (expected 1053 stars)   
(0.4 sec) Q: 0, Sets: 17/26  (3.223%) CEs: 0 ETA: 11.1 sec (expected 528 stars)   
(0.5 sec) Q: 0, Sets: 29/38  (7.812%) CEs: 0 ETA: 5.5 sec (expected 371 stars)   
(0.6 sec) Q: 0, Sets: 45/53  (11.328%) CEs: 0 ETA: 4.5 sec (expected 397 stars)   
(0.7 sec) Q: 0, Sets: 65/68  (25.0%) CEs: 0 ETA: 2.0 sec (expected 260 stars)   
(0.8 sec) Q: 0, Sets: 79/83  (62.5%) CEs: 0 ETA: 0.5 sec (expected 126 stars)   
(0.9 sec) Q: 0, Sets: 92/99  (69.58%) CEs: 0 ETA: 0.4 sec (expected 132 stars)   
(1.0 sec) Q: 0, Sets: 104/112  (87.5%) CEs: 0 ETA: 0.1 sec (expected 119 stars)   
(1.1 sec) Q: 0, Sets: 124/127  (90.234%) CEs: 0 ETA: 0.1 sec (expected 137 stars)   
Total Stars: 136 (7 exact, 129 approx)
Unfinished Stars: 0
Runtime: 1.1 sec
Completed work frac: 1.0
Num Stars Copied Between Processes: 0
Num Lps During Enumeration: 126
Total Num Lps: 126

Result: network is SAFE

[NNENUM] Result: 
<nnenum.result.Result object at 0x7f94910cdf40>
[NNENUM] Enumeration finished.
safe
[NNENUM] Found counter-example stars: 0
[NNENUM] Filtering result using SMT solver...
[SMT] SMT filtered out 0 stars (out of 0; TO: 0).
.[QUERY] Found all non-linear combinations. Count: 1
.[QUERY] Found all non-linear combinations. Count: 1
.[QUERY] Found all non-linear combinations. Count: 1
[QUERY] Found all non-linear combinations. Count: 1
[QUERY] Found all non-linear combinations. Count: 1
[QUERY] Found all non-linear combinations. Count: 1
[QUERY] Found all non-linear combinations. Count: 1
[QUERY] Found all non-linear combinations. Count: 2
.[QUERY] Found all non-linear combinations. Count: 1
[QUERY] Found all non-linear combinations. Count: 1
[QUERY] Returning nonlinear disjunction
[CTRL] Considering conjunction with 5 input constraints and a disjunction of size 10
[APPROX] Checking cache: SNNT.Approx.ApproxCacheObject[]
[APPROX] Constructing Approximation
[APPROX] Resolving approximation
[CTRL] Initiating iterator over current linear queries
[APPROX] # Conjunctions over output: 10
[CTRL] Processing linear query no. 558
[NNENUM] Running nnenum now...
[NNENUM] lb: [0.07999999999999999, -2.1, -0.36593527153044436]
[NNENUM] ub: [16.376852110707294, 0.0, -0.3170323642347779]
[NNENUM] Creating LP Star...
[NNENUM] Checking feasibility
[NNENUM] Generating output Spec...
[NNENUM] Spec list length:  10
[NNENUM] Enumeration in progress... 
(0.1 sec) Q: 0, Sets: 0/1  (0.0%) CEs: 0 ETA: - (expected 1 stars)   
(0.2 sec) Q: 0, Sets: 2/11  (1.172%) CEs: 0 ETA: 13.5 sec (expected 171 stars)   

Total Stars: 28 (3 exact, 25 approx)
Unfinished Stars: 0
Runtime: 0.2 sec
Completed work frac: 1.0
Num Stars Copied Between Processes: 0
Num Lps During Enumeration: 93
Total Num Lps: 93

Result: network is SAFE

[NNENUM] Result: 
<nnenum.result.Result object at 0x7f94910ff3d0>
[NNENUM] Enumeration finished.
safe
[NNENUM] Found counter-example stars: 0
[NNENUM] Filtering result using SMT solver...
[SMT] SMT filtered out 0 stars (out of 0; TO: 0).
[QUERY] Found all non-linear combinations. Count: 1
[QUERY] Found all non-linear combinations. Count: 2
[QUERY] Found all non-linear combinations. Count: 2
[QUERY] Found all non-linear combinations. Count: 2
[QUERY] Found all non-linear combinations. Count: 2
[QUERY] Found all non-linear combinations. Count: 2
[QUERY] Found all non-linear combinations. Count: 2
[QUERY] Found all non-linear combinations. Count: 2
[QUERY] Found all non-linear combinations. Count: 2
[QUERY] Found all non-linear combinations. Count: 2
[QUERY] Found all non-linear combinations. Count: 1
[QUERY] Found all non-linear combinations. Count: 2
[QUERY] Found all non-linear combinations. Count: 2
.[QUERY] Found all non-linear combinations. Count: 3
[QUERY] Found all non-linear combinations. Count: 2
[QUERY] Found all non-linear combinations. Count: 1
[QUERY] Found all non-linear combinations. Count: 1
[QUERY] Found all non-linear combinations. Count: 1
[QUERY] Returning nonlinear disjunction
[CTRL] Considering conjunction with 5 input constraints and a disjunction of size 18
[APPROX] Checking cache: SNNT.Approx.ApproxCacheObject[]
[APPROX] Constructing Approximation
[APPROX] Resolving approximation
[CTRL] Initiating iterator over current linear queries
[APPROX] # Conjunctions over output: 18
[CTRL] Processing linear query no. 559
[NNENUM] Running nnenum now...
[NNENUM] lb: [0.07999999999999999, -17.837453728392095, -0.36593527153044436]
[NNENUM] ub: [16.376852110707294, -2.1, -0.3170323642347779]
[NNENUM] Creating LP Star...
[NNENUM] Checking feasibility
[NNENUM] Generating output Spec...
[NNENUM] Spec list length:  18
[NNENUM] Enumeration in progress... 
(0.1 sec) Q: 0, Sets: 0/1  (0.0%) CEs: 0 ETA: - (expected 1 stars)   
(0.2 sec) Q: 0, Sets: 10/16  (50.0%) CEs: 0 ETA: 0.2 sec (expected 20 stars)   
(0.3 sec) Q: 0, Sets: 13/20  (51.172%) CEs: 0 ETA: 0.3 sec (expected 25 stars)   
(0.4 sec) Q: 0, Sets: 24/28  (56.25%) CEs: 0 ETA: 0.3 sec (expected 43 stars)   
(0.5 sec) Q: 0, Sets: 41/44  (61.719%) CEs: 0 ETA: 0.3 sec (expected 66 stars)   
(0.6 sec) Q: 0, Sets: 56/58  (97.656%) CEs: 0 ETA: 0.0 sec (expected 57 stars)   
Total Stars: 64 (10 exact, 54 approx)
Unfinished Stars: 0
Runtime: 0.6 sec
Completed work frac: 1.0
Num Stars Copied Between Processes: 0
Num Lps During Enumeration: 328
Total Num Lps: 328

Result: network is SAFE

[NNENUM] Result: 
<nnenum.result.Result object at 0x7f94910d7250>
[NNENUM] Enumeration finished.
safe
[NNENUM] Found counter-example stars: 0
[NNENUM] Filtering result using SMT solver...
[SMT] SMT filtered out 0 stars (out of 0; TO: 0).
[QUERY] Found all non-linear combinations. Count: 3
[QUERY] Found all non-linear combinations. Count: 3
[QUERY] Found all non-linear combinations. Count: 1
[QUERY] Found all non-linear combinations. Count: 1
[QUERY] Found all non-linear combinations. Count: 1
[QUERY] Found all non-linear combinations. Count: 1
[QUERY] Found all non-linear combinations. Count: 1
[QUERY] Found all non-linear combinations. Count: 1
[QUERY] Found all non-linear combinations. Count: 1
[QUERY] Found all non-linear combinations. Count: 1
[QUERY] Found all non-linear combinations. Count: 1
[QUERY] Found all non-linear combinations. Count: 1
[QUERY] Found all non-linear combinations. Count: 1
[QUERY] Found all non-linear combinations. Count: 1
[QUERY] Returning nonlinear disjunction
[CTRL] Considering conjunction with 5 input constraints and a disjunction of size 14
[APPROX] Checking cache: SNNT.Approx.ApproxCacheObject[]
[APPROX] Constructing Approximation
[APPROX] Resolving approximation
[CTRL] Initiating iterator over current linear queries
[APPROX] # Conjunctions over output: 14
[CTRL] Processing linear query no. 560
[NNENUM] Running nnenum now...
[NNENUM] lb: [0.0, -17.837453728392095, -0.36593527153044436]
[NNENUM] ub: [0.07999999999999999, -2.1, -0.3170323642347779]
[NNENUM] Creating LP Star...
[NNENUM] Checking feasibility
[NNENUM] Generating output Spec...
[NNENUM] Spec list length:  14
[NNENUM] Enumeration in progress... 

[NNENUM] Result: 
<nnenum.result.Result object at 0x7f94948f5d00>
[NNENUM] Enumeration finished.
safe
[NNENUM] Filtering result using SMT solver...
[SMT] SMT filtered out 0 stars (out of 0; TO: 0).
[QUERY] Found all non-linear combinations. Count: 1
[QUERY] Found all non-linear combinations. Count: 1
[QUERY] Found all non-linear combinations. Count: 1
[QUERY] Found all non-linear combinations. Count: 1
[QUERY] Found all non-linear combinations. Count: 1
[QUERY] Found all non-linear combinations. Count: 1
[QUERY] Found all non-linear combinations. Count: 2
[QUERY] Found all non-linear combinations. Count: 1
[QUERY] Found all non-linear combinations. Count: 1
[QUERY] Found all non-linear combinations. Count: 1
[QUERY] Found all non-linear combinations. Count: 1
[QUERY] Returning nonlinear disjunction
[CTRL] Considering conjunction with 5 input constraints and a disjunction of size 11
[APPROX] Checking cache: SNNT.Approx.ApproxCacheObject[]
[APPROX] Constructing Approximation
[APPROX] Resolving approximation
[CTRL] Initiating iterator over current linear queries
[APPROX] # Conjunctions over output: 11
[CTRL] Processing linear query no. 561
[NNENUM] Running nnenum now...
[NNENUM] lb: [0.07999999999999999, 0.0, -0.36593527153044436]
[NNENUM] ub: [16.376852110707294, 0.0, -0.3170323642347779]
[NNENUM] Creating LP Star...
[NNENUM] Checking feasibility
[NNENUM] Generating output Spec...
[NNENUM] Spec list length:  11
[NNENUM] Enumeration in progress... 
(0.1 sec) Q: 0, Sets: 0/1  (0.0%) CEs: 0 ETA: - (expected 1 stars)   
(0.2 sec) Q: 0, Sets: 0/2  (0.0%) CEs: 0 ETA: - (expected 1 stars)   

Total Stars: 4 (0 exact, 4 approx)
Unfinished Stars: 0
Runtime: 0.2 sec
Completed work frac: 1.0
Num Stars Copied Between Processes: 0
Num Lps During Enumeration: 0
Total Num Lps: 0

Result: network is SAFE

[NNENUM] Result: 
<nnenum.result.Result object at 0x7f94910e5610>
[NNENUM] Enumeration finished.
safe
[NNENUM] Found counter-example stars: 0
[NNENUM] Filtering result using SMT solver...
[SMT] SMT filtered out 0 stars (out of 0; TO: 0).
[QUERY] Found all non-linear combinations. Count: 1
[QUERY] Returning nonlinear disjunction
[CTRL] Considering conjunction with 5 input constraints and a disjunction of size 1
[APPROX] Checking cache: SNNT.Approx.ApproxCacheObject[]
[APPROX] Constructing Approximation
[APPROX] Resolving approximation
[CTRL] Initiating iterator over current linear queries
[APPROX] # Conjunctions over output: 1
[CTRL] Processing linear query no. 562
[NNENUM] Running nnenum now...
[NNENUM] lb: [31.703236423477783, 0.0, -0.36593527153044436]
[NNENUM] ub: [100.0, 0.0, -0.3170323642347779]
[NNENUM] Creating LP Star...
[NNENUM] Checking feasibility
[NNENUM] Generating output Spec...
[NNENUM] Spec list length:  1
[NNENUM] Enumeration in progress... 

[NNENUM] Result: 
<nnenum.result.Result object at 0x7f94910d07c0>
[NNENUM] Enumeration finished.
safe
[NNENUM] Filtering result using SMT solver...
[SMT] SMT filtered out 0 stars (out of 0; TO: 0).
[QUERY] Found all non-linear combinations. Count: 2
[QUERY] Found all non-linear combinations. Count: 1
.[QUERY] Found all non-linear combinations. Count: 1
[QUERY] Found all non-linear combinations. Count: 2
[QUERY] Found all non-linear combinations. Count: 2
[QUERY] Found all non-linear combinations. Count: 2
[QUERY] Found all non-linear combinations. Count: 2
[QUERY] Found all non-linear combinations. Count: 2
.[QUERY] Found all non-linear combinations. Count: 3
[QUERY] Found all non-linear combinations. Count: 1
[QUERY] Found all non-linear combinations. Count: 1
.[QUERY] Found all non-linear combinations. Count: 1
.[QUERY] Found all non-linear combinations. Count: 1
.[QUERY] Found all non-linear combinations. Count: 1
[QUERY] Found all non-linear combinations. Count: 1
[QUERY] Found all non-linear combinations. Count: 1
[QUERY] Found all non-linear combinations. Count: 1
[QUERY] Found all non-linear combinations. Count: 1
[QUERY] Returning nonlinear disjunction
[CTRL] Considering conjunction with 5 input constraints and a disjunction of size 18
[APPROX] Checking cache: SNNT.Approx.ApproxCacheObject[]
[APPROX] Constructing Approximation
[APPROX] Resolving approximation
[CTRL] Initiating iterator over current linear queries
[APPROX] # Conjunctions over output: 18
[CTRL] Processing linear query no. 563
[NNENUM] Running nnenum now...
[NNENUM] lb: [0.07999999999999999, -63.40647284695557, -0.36593527153044436]
[NNENUM] ub: [16.376852110707294, -17.837453728392095, -0.3170323642347779]
[NNENUM] Creating LP Star...
[NNENUM] Checking feasibility
[NNENUM] Generating output Spec...
[NNENUM] Spec list length:  18
[NNENUM] Enumeration in progress... 

[NNENUM] Result: 
<nnenum.result.Result object at 0x7f94910d7df0>
[NNENUM] Enumeration finished.
safe
[NNENUM] Filtering result using SMT solver...
[SMT] SMT filtered out 0 stars (out of 0; TO: 0).
[QUERY] Found all non-linear combinations. Count: 1
[QUERY] Found all non-linear combinations. Count: 1
[QUERY] Found all non-linear combinations. Count: 1
[QUERY] Found all non-linear combinations. Count: 1
[QUERY] Found all non-linear combinations. Count: 1
[QUERY] Found all non-linear combinations. Count: 1
[QUERY] Found all non-linear combinations. Count: 1
[QUERY] Found all non-linear combinations. Count: 1
[QUERY] Found all non-linear combinations. Count: 1
[QUERY] Found all non-linear combinations. Count: 1
[QUERY] Found all non-linear combinations. Count: 1
[QUERY] Found all non-linear combinations. Count: 1
[QUERY] Found all non-linear combinations. Count: 1
[QUERY] Returning nonlinear disjunction
[CTRL] Considering conjunction with 5 input constraints and a disjunction of size 13
[APPROX] Checking cache: SNNT.Approx.ApproxCacheObject[]
[APPROX] Constructing Approximation
[APPROX] Resolving approximation
[CTRL] Initiating iterator over current linear queries
[APPROX] # Conjunctions over output: 13
[CTRL] Processing linear query no. 564
[NNENUM] Running nnenum now...
[NNENUM] lb: [0.07999999999999999, -63.40647284695557, -0.36593527153044436]
[NNENUM] ub: [16.376852110707294, -17.837453728392095, -0.3170323642347779]
[NNENUM] Creating LP Star...
[NNENUM] Checking feasibility
[NNENUM] Generating output Spec...
[NNENUM] Spec list length:  13
[NNENUM] Enumeration in progress... 

[NNENUM] Result: 
<nnenum.result.Result object at 0x7f94910cd340>
[NNENUM] Enumeration finished.
safe
[NNENUM] Filtering result using SMT solver...
[SMT] SMT filtered out 0 stars (out of 0; TO: 0).
[QUERY] Found all non-linear combinations. Count: 2
[QUERY] Found all non-linear combinations. Count: 1
[QUERY] Found all non-linear combinations. Count: 1
[QUERY] Found all non-linear combinations. Count: 1
[QUERY] Found all non-linear combinations. Count: 1
[QUERY] Found all non-linear combinations. Count: 2
[QUERY] Found all non-linear combinations. Count: 2
[QUERY] Found all non-linear combinations. Count: 2
[QUERY] Found all non-linear combinations. Count: 2
[QUERY] Found all non-linear combinations. Count: 2
.[QUERY] Found all non-linear combinations. Count: 1
[QUERY] Found all non-linear combinations. Count: 3
.[QUERY] Found all non-linear combinations. Count: 1
[QUERY] Returning nonlinear disjunction
[CTRL] Considering conjunction with 5 input constraints and a disjunction of size 13
[APPROX] Checking cache: SNNT.Approx.ApproxCacheObject[]
[APPROX] Constructing Approximation
[APPROX] Resolving approximation
[CTRL] Initiating iterator over current linear queries
[APPROX] # Conjunctions over output: 13
[CTRL] Processing linear query no. 565
[NNENUM] Running nnenum now...
[NNENUM] lb: [31.703236423477783, -134.49259155717084, -0.36593527153044436]
[NNENUM] ub: [100.0, -73.18705430608887, -0.3170323642347779]
[NNENUM] Creating LP Star...
[NNENUM] Checking feasibility
[NNENUM] Generating output Spec...
[NNENUM] Spec list length:  13
[NNENUM] Enumeration in progress... 

[NNENUM] Result: 
<nnenum.result.Result object at 0x7f94910dc490>
[NNENUM] Enumeration finished.
safe
[NNENUM] Filtering result using SMT solver...
[SMT] SMT filtered out 0 stars (out of 0; TO: 0).
[QUERY] Found all non-linear combinations. Count: 1
[QUERY] Found all non-linear combinations. Count: 1
[QUERY] Returning nonlinear disjunction
[CTRL] Considering conjunction with 5 input constraints and a disjunction of size 2
[APPROX] Checking cache: SNNT.Approx.ApproxCacheObject[]
[APPROX] Constructing Approximation
[APPROX] Resolving approximation
[CTRL] Initiating iterator over current linear queries
[APPROX] # Conjunctions over output: 2
[CTRL] Processing linear query no. 566
[NNENUM] Running nnenum now...
[NNENUM] lb: [31.703236423477783, -134.49259155717084, -0.36593527153044436]
[NNENUM] ub: [100.0, -73.18705430608887, -0.3170323642347779]
[NNENUM] Creating LP Star...
[NNENUM] Checking feasibility
[NNENUM] Generating output Spec...
[NNENUM] Spec list length:  2
[NNENUM] Enumeration in progress... 

[NNENUM] Result: 
<nnenum.result.Result object at 0x7f94910dc160>
[NNENUM] Enumeration finished.
safe
[NNENUM] Filtering result using SMT solver...
[SMT] SMT filtered out 0 stars (out of 0; TO: 0).
[QUERY] Found all non-linear combinations. Count: 2
[QUERY] Found all non-linear combinations. Count: 1
[QUERY] Returning nonlinear disjunction
[CTRL] Considering conjunction with 5 input constraints and a disjunction of size 2
[APPROX] Checking cache: SNNT.Approx.ApproxCacheObject[]
[APPROX] Constructing Approximation
[APPROX] Resolving approximation
[CTRL] Initiating iterator over current linear queries
[APPROX] # Conjunctions over output: 2
[CTRL] Processing linear query no. 567
[NNENUM] Running nnenum now...
[NNENUM] lb: [31.703236423477783, -63.40647284695557, -0.36593527153044436]
[NNENUM] ub: [100.0, -17.837453728392095, -0.3170323642347779]
[NNENUM] Creating LP Star...
[NNENUM] Checking feasibility
[NNENUM] Generating output Spec...
[NNENUM] Spec list length:  2
[NNENUM] Enumeration in progress... 
(0.0 sec) Q: 0, Sets: 0/1  (0.0%) CEs: 0 ETA: - (expected 1 stars)   

Total Stars: 8 (4 exact, 4 approx)
Unfinished Stars: 0
Runtime: 0.1 sec
Completed work frac: 1.0
Num Stars Copied Between Processes: 0
Num Lps During Enumeration: 233
Total Num Lps: 233

Result: network is SAFE

[NNENUM] Result: 
<nnenum.result.Result object at 0x7f94910d6610>
[NNENUM] Enumeration finished.
safe
[NNENUM] Found counter-example stars: 0
[NNENUM] Filtering result using SMT solver...
[SMT] SMT filtered out 0 stars (out of 0; TO: 0).
[QUERY] Found all non-linear combinations. Count: 1
[QUERY] Returning nonlinear disjunction
[CTRL] Considering conjunction with 5 input constraints and a disjunction of size 1
[APPROX] Checking cache: SNNT.Approx.ApproxCacheObject[]
[APPROX] Constructing Approximation
[APPROX] Resolving approximation
[CTRL] Initiating iterator over current linear queries
[APPROX] # Conjunctions over output: 1
[CTRL] Processing linear query no. 568
[NNENUM] Running nnenum now...
[NNENUM] lb: [31.703236423477783, -63.40647284695557, -0.36593527153044436]
[NNENUM] ub: [100.0, -17.837453728392095, -0.3170323642347779]
[NNENUM] Creating LP Star...
[NNENUM] Checking feasibility
[NNENUM] Generating output Spec...
[NNENUM] Spec list length:  1
[NNENUM] Enumeration in progress... 
(0.0 sec) Q: 0, Sets: 0/1  (0.0%) CEs: 0 ETA: - (expected 1 stars)   
(0.2 sec) Q: 0, Sets: 1/3  (25.0%) CEs: 0 ETA: 0.5 sec (expected 4 stars)   

Total Stars: 4 (1 exact, 3 approx)
Unfinished Stars: 0
Runtime: 0.2 sec
Completed work frac: 1.0
Num Stars Copied Between Processes: 0
Num Lps During Enumeration: 20
Total Num Lps: 20

Result: network is SAFE

[NNENUM] Result: 
<nnenum.result.Result object at 0x7f94910f2df0>
[NNENUM] Enumeration finished.
safe
[NNENUM] Found counter-example stars: 0
[NNENUM] Filtering result using SMT solver...
[SMT] SMT filtered out 0 stars (out of 0; TO: 0).
[QUERY] Found all non-linear combinations. Count: 1
[QUERY] Found all non-linear combinations. Count: 1
[QUERY] Returning nonlinear disjunction
[CTRL] Considering conjunction with 5 input constraints and a disjunction of size 2
[APPROX] Checking cache: SNNT.Approx.ApproxCacheObject[]
[APPROX] Constructing Approximation
[APPROX] Resolving approximation
[CTRL] Initiating iterator over current linear queries
[APPROX] # Conjunctions over output: 2
[CTRL] Processing linear query no. 569
[NNENUM] Running nnenum now...
[NNENUM] lb: [31.703236423477783, -63.40647284695557, -0.36593527153044436]
[NNENUM] ub: [100.0, -17.837453728392095, -0.3170323642347779]
[NNENUM] Creating LP Star...
[NNENUM] Checking feasibility
[NNENUM] Generating output Spec...
[NNENUM] Spec list length:  2
[NNENUM] Enumeration in progress... 
(0.0 sec) Q: 0, Sets: 0/1  (0.0%) CEs: 0 ETA: - (expected 1 stars)   
(0.1 sec) Q: 0, Sets: 8/12  (12.5%) CEs: 0 ETA: 1.0 sec (expected 64 stars)   
(0.3 sec) Q: 0, Sets: 13/16  (24.219%) CEs: 0 ETA: 0.8 sec (expected 54 stars)   
(0.4 sec) Q: 0, Sets: 19/21  (37.5%) CEs: 0 ETA: 0.6 sec (expected 51 stars)   

Total Stars: 26 (2 exact, 24 approx)
Unfinished Stars: 0
Runtime: 0.4 sec
Completed work frac: 1.0
Num Stars Copied Between Processes: 0
Num Lps During Enumeration: 166
Total Num Lps: 166

Result: network is SAFE

[NNENUM] Result: 
<nnenum.result.Result object at 0x7f94910d6bb0>
[NNENUM] Enumeration finished.
safe
[NNENUM] Found counter-example stars: 0
[NNENUM] Filtering result using SMT solver...
[SMT] SMT filtered out 0 stars (out of 0; TO: 0).
[QUERY] Found all non-linear combinations. Count: 2
.[QUERY] Found all non-linear combinations. Count: 1
[QUERY] Found all non-linear combinations. Count: 2
[QUERY] Found all non-linear combinations. Count: 2
[QUERY] Found all non-linear combinations. Count: 2
[QUERY] Found all non-linear combinations. Count: 2
.[QUERY] Found all non-linear combinations. Count: 1
.[QUERY] Found all non-linear combinations. Count: 1
.[QUERY] Found all non-linear combinations. Count: 1
.[QUERY] Found all non-linear combinations. Count: 1
[QUERY] Found all non-linear combinations. Count: 1
[QUERY] Found all non-linear combinations. Count: 1
[QUERY] Found all non-linear combinations. Count: 1
[QUERY] Found all non-linear combinations. Count: 1
[QUERY] Found all non-linear combinations. Count: 1
[QUERY] Found all non-linear combinations. Count: 2
[QUERY] Returning nonlinear disjunction
[CTRL] Considering conjunction with 5 input constraints and a disjunction of size 16
[APPROX] Checking cache: SNNT.Approx.ApproxCacheObject[]
[APPROX] Constructing Approximation
[APPROX] Resolving approximation
[CTRL] Initiating iterator over current linear queries
[APPROX] # Conjunctions over output: 16
[CTRL] Processing linear query no. 570
[NNENUM] Running nnenum now...
[NNENUM] lb: [0.07999999999999999, -63.40647284695557, 0.037131069501745474]
[NNENUM] ub: [16.376852110707294, -17.837453728392095, 0.672462957785854]
[NNENUM] Creating LP Star...
[NNENUM] Checking feasibility
[NNENUM] Generating output Spec...
[NNENUM] Spec list length:  16
[NNENUM] Enumeration in progress... 

[NNENUM] Result: 
<nnenum.result.Result object at 0x7f94910faf70>
[NNENUM] Enumeration finished.
safe
[NNENUM] Filtering result using SMT solver...
[SMT] SMT filtered out 0 stars (out of 0; TO: 0).
[QUERY] Found all non-linear combinations. Count: 1
[QUERY] Found all non-linear combinations. Count: 1
[QUERY] Found all non-linear combinations. Count: 1
[QUERY] Found all non-linear combinations. Count: 1
[QUERY] Found all non-linear combinations. Count: 1
[QUERY] Found all non-linear combinations. Count: 1
[QUERY] Found all non-linear combinations. Count: 1
[QUERY] Found all non-linear combinations. Count: 1
[QUERY] Found all non-linear combinations. Count: 1
[QUERY] Found all non-linear combinations. Count: 1
[QUERY] Found all non-linear combinations. Count: 1
[QUERY] Found all non-linear combinations. Count: 1
[QUERY] Found all non-linear combinations. Count: 1
[QUERY] Found all non-linear combinations. Count: 1
[QUERY] Returning nonlinear disjunction
[CTRL] Considering conjunction with 5 input constraints and a disjunction of size 14
[APPROX] Checking cache: SNNT.Approx.ApproxCacheObject[]
[APPROX] Constructing Approximation
[APPROX] Resolving approximation
[CTRL] Initiating iterator over current linear queries
[APPROX] # Conjunctions over output: 14
[CTRL] Processing linear query no. 571
[NNENUM] Running nnenum now...
[NNENUM] lb: [0.07999999999999999, -63.40647284695557, 0.037131069501745474]
[NNENUM] ub: [16.376852110707294, -17.837453728392095, 0.672462957785854]
[NNENUM] Creating LP Star...
[NNENUM] Checking feasibility
[NNENUM] Generating output Spec...
[NNENUM] Spec list length:  14
[NNENUM] Enumeration in progress... 

[NNENUM] Result: 
<nnenum.result.Result object at 0x7f94910e3250>
[NNENUM] Enumeration finished.
safe
[NNENUM] Filtering result using SMT solver...
[SMT] SMT filtered out 0 stars (out of 0; TO: 0).
556.936735 seconds (1.58 G allocations: 37.011 GiB, 3.16% gc time, 13.60% compilation time: <1% of which was recompilation)
----------------------------------------------------------
# Unsafe Stars: 0
Saving final results in experiments/acc-floats/acc-2000000-64-64-64-64-retrain-100000-200000-0.9_FLOAT-1/results-fallback-approx-1-RERUN...
 ────────────────────────────────────────────────────────────────────────────────
                                        Time                    Allocations      
                               ───────────────────────   ────────────────────────
       Tot / % measured:             558s /  95.3%           37.1GiB /  94.1%    

 Section               ncalls     time    %tot     avg     alloc    %tot      avg
 ────────────────────────────────────────────────────────────────────────────────
 query_iteration            1     448s   84.3%    448s   18.1GiB   51.9%  18.1GiB
   olnnv_query_proc...    570     315s   59.3%   553ms   7.62GiB   21.8%  13.7MiB
     nnv                  570     308s   57.9%   540ms   7.21GiB   20.7%  13.0MiB
       star_filter        570     173s   32.5%   303ms   6.99GiB   20.0%  12.6MiB
         z3_check       75.3k     168s   31.6%  2.23ms   6.64GiB   19.0%  92.6KiB
     status_backup          2    7.37s    1.4%   3.69s    409MiB    1.1%   205MiB
   next_query             571     125s   23.5%   219ms   10.0GiB   28.7%  17.9MiB
     check_infeasib...  9.75k    88.8s   16.7%  9.11ms   6.54GiB   18.8%   704KiB
       check_infeas...  9.75k    53.9s   10.1%  5.53ms   2.87GiB    8.2%   308KiB
         z3_check       7.65k    31.3s    5.9%  4.09ms   1.23GiB    3.5%   169KiB
         SMTprep        15.3k    20.6s    3.9%  1.35ms   1.57GiB    4.5%   107KiB
         feasibilit...  10.1k    1.12s    0.2%   111μs   6.35MiB    0.0%     656B
         feasibilit...  6.59k    167ms    0.0%  25.4μs   9.10MiB    0.0%  1.41KiB
       check_infeas...  9.75k    34.9s    6.6%  3.58ms   3.68GiB   10.5%   395KiB
         SMTprep        27.3k    15.4s    2.9%   566μs   1.09GiB    3.1%  41.8KiB
         z3_check       13.6k    6.33s    1.2%   464μs   82.7MiB    0.2%  6.21KiB
         LP_populat...  8.76k    4.42s    0.8%   505μs   1.39GiB    4.0%   166KiB
         LP_create_...  8.76k    4.26s    0.8%   487μs    473MiB    1.3%  55.3KiB
         LP_check       8.76k    1.54s    0.3%   176μs    224MiB    0.6%  26.2KiB
         feasibilit...  19.5k    1.25s    0.2%  64.3μs   6.48MiB    0.0%     348B
         LP_add_con...  8.76k    876ms    0.2%   100μs    383MiB    1.1%  44.8KiB
         feasibilit...  8.73k   11.9ms    0.0%  1.37μs   2.60MiB    0.0%     312B
     query_construc...  3.06k    17.3s    3.2%  5.64ms   0.99GiB    2.8%   339KiB
       z3_check         1.43k    8.30s    1.6%  5.81ms    392MiB    1.1%   281KiB
       SMTprep          2.86k    4.07s    0.8%  1.42ms    319MiB    0.9%   114KiB
       PicoSAT_solve    4.49k    1.18s    0.2%   263μs    140KiB    0.0%    32.0B
       feasibility_...  1.43k    176ms    0.0%   123μs    929KiB    0.0%     666B
       atom_recovery    1.43k    107ms    0.0%  74.8μs   17.6MiB    0.0%  12.6KiB
         atom_compu...  1.43k   79.1ms    0.0%  55.4μs   16.6MiB    0.0%  11.9KiB
         bound_comp...  1.43k   22.9ms    0.0%  16.0μs    803KiB    0.0%     576B
       feasibility_...    985   4.81ms    0.0%  4.88μs   1.23MiB    0.0%  1.28KiB
     approx_resolution  9.75k    7.23s    1.4%   742μs   1.85GiB    5.3%   199KiB
     PicoSAT_solve      10.3k    1.92s    0.4%   186μs    322KiB    0.0%    32.0B
     atom_recovery      9.75k    845ms    0.2%  86.6μs    123MiB    0.3%  13.0KiB
       atom_computa...  9.75k    675ms    0.1%  69.2μs    116MiB    0.3%  12.2KiB
       bound_comput...  9.75k    143ms    0.0%  14.6μs   5.40MiB    0.0%     581B
     bound_atoms        9.75k    486ms    0.1%  49.9μs    113MiB    0.3%  11.9KiB
     check_infeasib...  19.5k   63.1ms    0.0%  3.24μs   48.4MiB    0.1%  2.54KiB
   boolean_skeleton         1    2.04s    0.4%   2.04s    160MiB    0.4%   160MiB
   olnnv_query_gen        570    1.99s    0.4%  3.49ms    314MiB    0.9%   564KiB
   legacy_approx          570    252ms    0.0%   443μs   19.0MiB    0.1%  34.1KiB
   smt_filter_creation    570    527μs    0.0%   925ns   17.8KiB    0.0%    32.0B
 get_approx_query           1    83.3s   15.7%   83.3s   16.8GiB   48.1%  16.8GiB
   OVERT                   11    27.8s    5.2%   2.52s   3.26GiB    9.3%   304MiB
 ──────────────────────────────────────────────────────────────────────────────── Done
